solid OpenSCAD_Model
  facet normal 0 0 -1
    outer loop
      vertex 0 0 0
      vertex 4.907077806337866 4.704656117647304 0
      vertex 5.026721861959966 4.44059605987538 0
    endloop
  endfacet
  facet normal 0 0 -1
    outer loop
      vertex 0 0 0
      vertex 5.66923908819056 3.4790010764868273 0
      vertex 5.867412973052243 3.2674129730522434 0
    endloop
  endfacet
  facet normal 0 0 -1
    outer loop
      vertex 0 0 0
      vertex 5.16338010455791 4.184926470588236 0
      vertex 5.316467342556739 3.938742166218307 0
    endloop
  endfacet
  facet normal 0 0 -1
    outer loop
      vertex 0 0 0
      vertex 5.316467342556739 3.938742166218307 0
      vertex 5.485328032900962 3.7030973457518077 0
    endloop
  endfacet
  facet normal 0 0 -1
    outer loop
      vertex 0 0 0
      vertex 5.026721861959966 4.44059605987538 0
      vertex 5.16338010455791 4.184926470588236 0
    endloop
  endfacet
  facet normal 0 0 -1
    outer loop
      vertex 0 0 0
      vertex 5.485328032900962 3.7030973457518077 0
      vertex 5.66923908819056 3.4790010764868273 0
    endloop
  endfacet
  facet normal 0 0 -1
    outer loop
      vertex 0 0 0
      vertex 5.867412973052243 3.2674129730522434 0
      vertex 6.079001076486827 3.0692390881905602 0
    endloop
  endfacet
  facet normal 0 0 -1
    outer loop
      vertex 0 0 0
      vertex 6.079001076486827 3.0692390881905602 0
      vertex 6.303097345751807 2.8853280329009623 0
    endloop
  endfacet
  facet normal 0 0 -1
    outer loop
      vertex 0 0 0
      vertex 6.303097345751807 2.8853280329009623 0
      vertex 6.538742166218307 2.7164673425567396 0
    endloop
  endfacet
  facet normal 0 0 -1
    outer loop
      vertex 0 0 0
      vertex 6.538742166218307 2.7164673425567396 0
      vertex 6.7849264705882355 2.5633801045579103 0
    endloop
  endfacet
  facet normal 0 0 -1
    outer loop
      vertex 0 0 0
      vertex 4.607753463399113 5.821749773436904 0
      vertex 4.654976974684218 5.535721183715315 0
    endloop
  endfacet
  facet normal 0 0 -1
    outer loop
      vertex 0 0 0
      vertex 4.720806541623796 5.253393568571554 0
      vertex 4.804960271905874 4.975975898197391 0
    endloop
  endfacet
  facet normal 0 0 -1
    outer loop
      vertex 0 0 0
      vertex 4.804960271905874 4.975975898197391 0
      vertex 4.907077806337866 4.704656117647304 0
    endloop
  endfacet
  facet normal 0 0 -1
    outer loop
      vertex 0 0 0
      vertex 4.654976974684218 5.535721183715315 0
      vertex 4.720806541623796 5.253393568571554 0
    endloop
  endfacet
  facet normal 0 0 -1
    outer loop
      vertex 0 0 0
      vertex 4.579338226093687 6.1102545194032265 0
      vertex 4.607753463399113 5.821749773436904 0
    endloop
  endfacet
  facet normal 0 0 -1
    outer loop
      vertex 0 0 0
      vertex 4.569852941176471 6.4 0
      vertex 4.579338226093687 6.1102545194032265 0
    endloop
  endfacet
  facet normal 0 0 -1
    outer loop
      vertex 0 0 0
      vertex 4.579338226093687 6.689745480596774 0
      vertex 4.569852941176471 6.4 0
    endloop
  endfacet
  facet normal 0 0 -1
    outer loop
      vertex 0 0 0
      vertex 4.607753463399113 6.978250226563096 0
      vertex 4.579338226093687 6.689745480596774 0
    endloop
  endfacet
  facet normal 0 0 -1
    outer loop
      vertex 0 0 0
      vertex 4.607753463399113 17.821749773436903 0
      vertex 4.607753463399113 6.978250226563096 0
    endloop
  endfacet
  facet normal 0 0 -1
    outer loop
      vertex 0 0 0
      vertex 7.304656117647304 2.3070778063378663 0
      vertex 7.575975898197391 2.204960271905874 0
    endloop
  endfacet
  facet normal 0 0 -1
    outer loop
      vertex 0 0 0
      vertex 7.575975898197391 2.204960271905874 0
      vertex 7.853393568571554 2.120806541623797 0
    endloop
  endfacet
  facet normal 0 0 -1
    outer loop
      vertex 0 0 0
      vertex 7.853393568571554 2.120806541623797 0
      vertex 8.135721183715313 2.0549769746842186 0
    endloop
  endfacet
  facet normal 0 0 -1
    outer loop
      vertex 0 0 0
      vertex 6.7849264705882355 2.5633801045579103 0
      vertex 7.04059605987538 2.426721861959966 0
    endloop
  endfacet
  facet normal 0 0 -1
    outer loop
      vertex 0 0 0
      vertex 7.04059605987538 2.426721861959966 0
      vertex 7.304656117647304 2.3070778063378663 0
    endloop
  endfacet
  facet normal 0.767388429109381 0.28882455298102716 -0.5724468328712689
    outer loop
      vertex 6.9877734748229 5.716941136230782 3.3000000000000003
      vertex 4.907077806337866 4.704656117647304 0
      vertex 4.804960271905874 4.975975898197391 0
    endloop
  endfacet
  facet normal 0.7846354211403058 0.23801655284376425 -0.5724468328712691
    outer loop
      vertex 6.9474076191357295 5.850009529157144 3.3000000000000003
      vertex 4.804960271905874 4.975975898197391 0
      vertex 4.720806541623796 5.253393568571554 0
    endloop
  endfacet
  facet normal 0.7985224838384885 0.1861893292862523 -0.5724468328712687
    outer loop
      vertex 6.915831279143135 5.9854330657157275 3.3000000000000003
      vertex 4.720806541623796 5.253393568571554 0
      vertex 4.654976974684218 5.535721183715315 0
    endloop
  endfacet
  facet normal 0.8089901506694717 0.13356481443643436 -0.5724468328712689
    outer loop
      vertex 6.893179669580653 6.122631841532391 3.3000000000000003
      vertex 4.654976974684218 5.535721183715315 0
      vertex 4.607753463399113 5.821749773436904 0
    endloop
  endfacet
  facet normal 0.8159935974768604 0.08036835454595866 -0.5724468328712691
    outer loop
      vertex 6.879549788117968 6.261018350385946 3.3000000000000003
      vertex 4.607753463399113 5.821749773436904 0
      vertex 4.579338226093687 6.1102545194032265 0
    endloop
  endfacet
  facet normal 0.6962964005750059 0.43298492592923415 -0.5724468328712691
    outer loop
      vertex 7.159696016958068 5.3375 3.3000000000000003
      vertex 5.316467342556739 3.938742166218307 0
      vertex 5.16338010455791 4.184926470588236 0
    endloop
  endfacet
  facet normal 0.633823614672945 0.5201655976884432 -0.5724468328712692
    outer loop
      vertex 7.314124151881125 5.106381963356469 3.3000000000000003
      vertex 5.66923908819056 3.4790010764868273 0
      vertex 5.485328032900962 3.7030973457518077 0
    endloop
  endfacet
  facet normal 0.6664870074674366 0.4775978354355829 -0.5724468328712693
    outer loop
      vertex 7.233127073857092 5.219413254833346 3.3000000000000003
      vertex 5.485328032900962 3.7030973457518077 0
      vertex 5.316467342556739 3.938742166218307 0
    endloop
  endfacet
  facet normal 0.5605059309947238 0.5984460918540543 -0.572446832871269
    outer loop
      vertex 7.497398089978587 4.897398089978587 3.3000000000000003
      vertex 6.079001076486827 3.0692390881905602 0
      vertex 5.867412973052243 3.2674129730522434 0
    endloop
  endfacet
  facet normal 0.5201655976884444 0.6338236146729441 -0.5724468328712693
    outer loop
      vertex 7.598890142912354 4.802340409107174 3.3000000000000003
      vertex 6.303097345751807 2.8853280329009623 0
      vertex 6.079001076486827 3.0692390881905602 0
    endloop
  endfacet
  facet normal 0.5984460918540535 0.5605059309947245 -0.5724468328712693
    outer loop
      vertex 7.402340409107174 4.998890142912354 3.3000000000000003
      vertex 5.867412973052243 3.2674129730522434 0
      vertex 5.66923908819056 3.4790010764868273 0
    endloop
  endfacet
  facet normal 0.7231241455979438 0.38651790849700246 -0.5724468328712691
    outer loop
      vertex 7.094145424243037 5.460136533284622 3.3000000000000003
      vertex 5.16338010455791 4.184926470588236 0
      vertex 5.026721861959966 4.44059605987538 0
    endloop
  endfacet
  facet normal 0.746855362013393 0.33839576204127775 -0.572446832871269
    outer loop
      vertex 7.036755993413516 5.586797706224185 3.3000000000000003
      vertex 5.026721861959966 4.44059605987538 0
      vertex 4.907077806337866 4.704656117647304 0
    endloop
  endfacet
  facet normal 0.8089901506694718 0.13356481443643303 -0.5724468328712687
    outer loop
      vertex 6.915831279143135 5.9854330657157275 3.3000000000000003
      vertex 4.654976974684218 5.535721183715315 0
      vertex 6.893179669580653 6.122631841532391 3.3000000000000003
    endloop
  endfacet
  facet normal 0.8159935974768608 0.08036835454595496 -0.5724468328712689
    outer loop
      vertex 6.879549788117968 6.261018350385946 3.3000000000000003
      vertex 6.893179669580653 6.122631841532391 3.3000000000000003
      vertex 4.607753463399113 5.821749773436904 0
    endloop
  endfacet
  facet normal 0.7673884291093778 0.2888245529810349 -0.5724468328712691
    outer loop
      vertex 6.9877734748229 5.716941136230782 3.3000000000000003
      vertex 7.036755993413516 5.586797706224185 3.3000000000000003
      vertex 4.907077806337866 4.704656117647304 0
    endloop
  endfacet
  facet normal 0.7468553620133954 0.33839576204127253 -0.5724468328712687
    outer loop
      vertex 7.094145424243037 5.460136533284622 3.3000000000000003
      vertex 5.026721861959966 4.44059605987538 0
      vertex 7.036755993413516 5.586797706224185 3.3000000000000003
    endloop
  endfacet
  facet normal 0.6962964005750049 0.4329849259292358 -0.5724468328712691
    outer loop
      vertex 7.159696016958068 5.3375 3.3000000000000003
      vertex 7.233127073857092 5.219413254833346 3.3000000000000003
      vertex 5.316467342556739 3.938742166218307 0
    endloop
  endfacet
  facet normal 0.7231241455979424 0.38651790849700524 -0.5724468328712691
    outer loop
      vertex 7.094145424243037 5.460136533284622 3.3000000000000003
      vertex 7.159696016958068 5.3375 3.3000000000000003
      vertex 5.16338010455791 4.184926470588236 0
    endloop
  endfacet
  facet normal 0.6664870074674379 0.4775978354355816 -0.5724468328712689
    outer loop
      vertex 7.233127073857092 5.219413254833346 3.3000000000000003
      vertex 7.314124151881125 5.106381963356469 3.3000000000000003
      vertex 5.485328032900962 3.7030973457518077 0
    endloop
  endfacet
  facet normal 0.784635421140307 0.23801655284376075 -0.5724468328712687
    outer loop
      vertex 6.9877734748229 5.716941136230782 3.3000000000000003
      vertex 4.804960271905874 4.975975898197391 0
      vertex 6.9474076191357295 5.850009529157144 3.3000000000000003
    endloop
  endfacet
  facet normal 0.7985224838384883 0.18618932928625287 -0.5724468328712691
    outer loop
      vertex 6.915831279143135 5.9854330657157275 3.3000000000000003
      vertex 6.9474076191357295 5.850009529157144 3.3000000000000003
      vertex 4.720806541623796 5.253393568571554 0
    endloop
  endfacet
  facet normal 0.3383957620412777 0.7468553620133933 -0.5724468328712689
    outer loop
      vertex 8.060136533284622 4.494145424243038 3.3000000000000003
      vertex 7.304656117647304 2.3070778063378663 0
      vertex 7.04059605987538 2.426721861959966 0
    endloop
  endfacet
  facet normal 0.2888245529810285 0.7673884291093803 -0.5724468328712691
    outer loop
      vertex 8.186797706224183 4.436755993413517 3.3000000000000003
      vertex 7.575975898197391 2.204960271905874 0
      vertex 7.304656117647304 2.3070778063378663 0
    endloop
  endfacet
  facet normal 0 0 -1
    outer loop
      vertex 0 0 0
      vertex 8.135721183715313 2.0549769746842186 0
      vertex 18 0 0
    endloop
  endfacet
  facet normal 0.23801655284376214 0.7846354211403066 -0.5724468328712687
    outer loop
      vertex 8.316941136230781 4.3877734748229 3.3000000000000003
      vertex 7.853393568571554 2.120806541623797 0
      vertex 7.575975898197391 2.204960271905874 0
    endloop
  endfacet
  facet normal 0.1861893292862536 0.7985224838384882 -0.5724468328712689
    outer loop
      vertex 8.450009529157143 4.34740761913573 3.3000000000000003
      vertex 8.135721183715313 2.0549769746842186 0
      vertex 7.853393568571554 2.120806541623797 0
    endloop
  endfacet
  facet normal 0.13356481443643473 0.8089901506694716 -0.5724468328712691
    outer loop
      vertex 8.585433065715728 4.3158312791431355 3.3000000000000003
      vertex 8.421749773436904 2.0077534633991125 0
      vertex 8.135721183715313 2.0549769746842186 0
    endloop
  endfacet
  facet normal 0.0803683545459554 0.8159935974768607 -0.572446832871269
    outer loop
      vertex 8.72263184153239 4.2931796695806534 3.3000000000000003
      vertex 8.710254519403227 1.9793382260936876 0
      vertex 8.421749773436904 2.0077534633991125 0
    endloop
  endfacet
  facet normal 0.026827745022940244 0.8195028344262376 -0.572446832871269
    outer loop
      vertex 8.861018350385946 4.2795497881179685 3.3000000000000003
      vertex 9 1.969852941176471 0
      vertex 8.710254519403227 1.9793382260936876 0
    endloop
  endfacet
  facet normal 0.47759783543558193 0.6664870074674375 -0.5724468328712691
    outer loop
      vertex 7.706381963356469 4.714124151881125 3.3000000000000003
      vertex 6.538742166218307 2.7164673425567396 0
      vertex 6.303097345751807 2.8853280329009623 0
    endloop
  endfacet
  facet normal 0.4329849259292351 0.6962964005750053 -0.5724468328712691
    outer loop
      vertex 7.8194132548333455 4.633127073857092 3.3000000000000003
      vertex 6.7849264705882355 2.5633801045579103 0
      vertex 6.538742166218307 2.7164673425567396 0
    endloop
  endfacet
  facet normal 0.3865179084970031 0.7231241455979436 -0.572446832871269
    outer loop
      vertex 7.9375 4.5596960169580685 3.3000000000000003
      vertex 7.04059605987538 2.426721861959966 0
      vertex 6.7849264705882355 2.5633801045579103 0
    endloop
  endfacet
  facet normal 0.6338236146729426 0.5201655976884464 -0.5724468328712691
    outer loop
      vertex 7.314124151881125 5.106381963356469 3.3000000000000003
      vertex 7.402340409107174 4.998890142912354 3.3000000000000003
      vertex 5.66923908819056 3.4790010764868273 0
    endloop
  endfacet
  facet normal 0.5984460918540532 0.560505930994725 -0.5724468328712692
    outer loop
      vertex 7.402340409107174 4.998890142912354 3.3000000000000003
      vertex 7.497398089978587 4.897398089978587 3.3000000000000003
      vertex 5.867412973052243 3.2674129730522434 0
    endloop
  endfacet
  facet normal 0.560505930994725 0.5984460918540532 -0.5724468328712691
    outer loop
      vertex 7.497398089978587 4.897398089978587 3.3000000000000003
      vertex 7.598890142912354 4.802340409107174 3.3000000000000003
      vertex 6.079001076486827 3.0692390881905602 0
    endloop
  endfacet
  facet normal 0.5201655976884464 0.6338236146729426 -0.5724468328712689
    outer loop
      vertex 7.598890142912354 4.802340409107174 3.3000000000000003
      vertex 7.706381963356469 4.714124151881125 3.3000000000000003
      vertex 6.303097345751807 2.8853280329009623 0
    endloop
  endfacet
  facet normal 0.38651790849700535 0.7231241455979425 -0.5724468328712689
    outer loop
      vertex 8.060136533284622 4.494145424243038 3.3000000000000003
      vertex 7.04059605987538 2.426721861959966 0
      vertex 7.9375 4.5596960169580685 3.3000000000000003
    endloop
  endfacet
  facet normal 0.3383957620412745 0.7468553620133945 -0.5724468328712691
    outer loop
      vertex 8.060136533284622 4.494145424243038 3.3000000000000003
      vertex 8.186797706224183 4.436755993413517 3.3000000000000003
      vertex 7.304656117647304 2.3070778063378663 0
    endloop
  endfacet
  facet normal 0.47759783543558154 0.6664870074674378 -0.5724468328712689
    outer loop
      vertex 7.706381963356469 4.714124151881125 3.3000000000000003
      vertex 7.8194132548333455 4.633127073857092 3.3000000000000003
      vertex 6.538742166218307 2.7164673425567396 0
    endloop
  endfacet
  facet normal 0.4329849259292358 0.6962964005750049 -0.5724468328712689
    outer loop
      vertex 7.8194132548333455 4.633127073857092 3.3000000000000003
      vertex 7.9375 4.5596960169580685 3.3000000000000003
      vertex 6.7849264705882355 2.5633801045579103 0
    endloop
  endfacet
  facet normal 0.2888245529810332 0.7673884291093787 -0.5724468328712689
    outer loop
      vertex 8.186797706224183 4.436755993413517 3.3000000000000003
      vertex 8.316941136230781 4.3877734748229 3.3000000000000003
      vertex 7.575975898197391 2.204960271905874 0
    endloop
  endfacet
  facet normal 0.23801655284376222 0.7846354211403066 -0.5724468328712689
    outer loop
      vertex 8.316941136230781 4.3877734748229 3.3000000000000003
      vertex 8.450009529157143 4.34740761913573 3.3000000000000003
      vertex 7.853393568571554 2.120806541623797 0
    endloop
  endfacet
  facet normal 0.18618932928625054 0.7985224838384888 -0.5724468328712691
    outer loop
      vertex 8.450009529157143 4.34740761913573 3.3000000000000003
      vertex 8.585433065715728 4.3158312791431355 3.3000000000000003
      vertex 8.135721183715313 2.0549769746842186 0
    endloop
  endfacet
  facet normal 0.1335648144364339 0.8089901506694717 -0.5724468328712691
    outer loop
      vertex 8.585433065715728 4.3158312791431355 3.3000000000000003
      vertex 8.72263184153239 4.2931796695806534 3.3000000000000003
      vertex 8.421749773436904 2.0077534633991125 0
    endloop
  endfacet
  facet normal 0.08036835454595496 0.8159935974768608 -0.5724468328712691
    outer loop
      vertex 8.72263184153239 4.2931796695806534 3.3000000000000003
      vertex 8.861018350385946 4.2795497881179685 3.3000000000000003
      vertex 8.710254519403227 1.9793382260936876 0
    endloop
  endfacet
  facet normal 0.026827745022941916 0.8195028344262377 -0.5724468328712691
    outer loop
      vertex 8.861018350385946 4.2795497881179685 3.3000000000000003
      vertex 9 4.275 3.3000000000000003
      vertex 9 1.969852941176471 0
    endloop
  endfacet
  facet normal 0.8195028344262377 0.02682774502293788 -0.572446832871269
    outer loop
      vertex 6.875 6.4 3.3000000000000003
      vertex 4.579338226093687 6.1102545194032265 0
      vertex 4.569852941176471 6.4 0
    endloop
  endfacet
  facet normal 0.8195028344262377 -0.02682774502293788 -0.572446832871269
    outer loop
      vertex 6.879549788117968 6.538981649614055 3.3000000000000003
      vertex 4.569852941176471 6.4 0
      vertex 4.579338226093687 6.689745480596774 0
    endloop
  endfacet
  facet normal 0.8159935974768604 -0.08036835454595866 -0.5724468328712689
    outer loop
      vertex 6.893179669580653 6.67736815846761 3.3000000000000003
      vertex 4.579338226093687 6.689745480596774 0
      vertex 4.607753463399113 6.978250226563096 0
    endloop
  endfacet
  facet normal 0.8089901506694719 -0.13356481443643367 -0.572446832871269
    outer loop
      vertex 6.915831279143135 6.814566934284273 3.3000000000000003
      vertex 4.607753463399113 6.978250226563096 0
      vertex 4.654976974684218 7.264278816284686 0
    endloop
  endfacet
  facet normal 0.7985224838384885 -0.1861893292862523 -0.5724468328712689
    outer loop
      vertex 6.9474076191357295 6.949990470842857 3.3000000000000003
      vertex 4.654976974684218 7.264278816284686 0
      vertex 4.720806541623796 7.5466064314284464 0
    endloop
  endfacet
  facet normal 0.7846354211403057 -0.2380165528437649 -0.5724468328712686
    outer loop
      vertex 6.9877734748229 7.083058863769219 3.3000000000000003
      vertex 4.720806541623796 7.5466064314284464 0
      vertex 4.804960271905874 7.8240241018026095 0
    endloop
  endfacet
  facet normal 0.7673884291093805 -0.2888245529810279 -0.5724468328712692
    outer loop
      vertex 7.036755993413516 7.213202293775816 3.3000000000000003
      vertex 4.804960271905874 7.8240241018026095 0
      vertex 4.907077806337866 8.095343882352696 0
    endloop
  endfacet
  facet normal 0.7468553620133926 -0.33839576204127875 -0.5724468328712689
    outer loop
      vertex 7.094145424243037 7.339863466715379 3.3000000000000003
      vertex 4.907077806337866 8.095343882352696 0
      vertex 5.026721861959966 8.359403940124619 0
    endloop
  endfacet
  facet normal 0.7231241455979446 -0.386517908497001 -0.5724468328712689
    outer loop
      vertex 7.159696016958068 7.4625 3.3000000000000003
      vertex 5.026721861959966 8.359403940124619 0
      vertex 5.16338010455791 8.615073529411765 0
    endloop
  endfacet
  facet normal 0.6962964005750046 -0.4329849259292358 -0.5724468328712691
    outer loop
      vertex 7.233127073857092 7.580586745166655 3.3000000000000003
      vertex 5.16338010455791 8.615073529411765 0
      vertex 5.316467342556739 8.861257833781693 0
    endloop
  endfacet
  facet normal 0.6664870074674378 -0.4775978354355818 -0.5724468328712686
    outer loop
      vertex 7.314124151881125 7.693618036643532 3.3000000000000003
      vertex 5.316467342556739 8.861257833781693 0
      vertex 5.485328032900962 9.096902654248193 0
    endloop
  endfacet
  facet normal 0.6338236146729441 -0.5201655976884444 -0.5724468328712693
    outer loop
      vertex 7.402340409107174 7.8011098570876465 3.3000000000000003
      vertex 5.485328032900962 9.096902654248193 0
      vertex 5.66923908819056 9.320998923513173 0
    endloop
  endfacet
  facet normal 0.5984460918540543 -0.5605059309947238 -0.572446832871269
    outer loop
      vertex 7.497398089978587 7.9026019100214135 3.3000000000000003
      vertex 5.66923908819056 9.320998923513173 0
      vertex 5.867412973052243 9.532587026947757 0
    endloop
  endfacet
  facet normal 0.5605059309947237 -0.5984460918540542 -0.5724468328712693
    outer loop
      vertex 7.598890142912354 7.997659590892827 3.3000000000000003
      vertex 5.867412973052243 9.532587026947757 0
      vertex 6.079001076486827 9.73076091180944 0
    endloop
  endfacet
  facet normal 0.5201655976884431 -0.6338236146729452 -0.5724468328712692
    outer loop
      vertex 7.706381963356469 8.085875848118874 3.3000000000000003
      vertex 6.079001076486827 9.73076091180944 0
      vertex 6.303097345751807 9.914671967099038 0
    endloop
  endfacet
  facet normal 0.8195028344262376 0.026827745022941912 -0.5724468328712691
    outer loop
      vertex 6.879549788117968 6.261018350385946 3.3000000000000003
      vertex 4.579338226093687 6.1102545194032265 0
      vertex 6.875 6.4 3.3000000000000003
    endloop
  endfacet
  facet normal 0.8195028344262377 -0.026827745022941916 -0.5724468328712689
    outer loop
      vertex 6.875 6.4 3.3000000000000003
      vertex 4.569852941176471 6.4 0
      vertex 6.879549788117968 6.538981649614055 3.3000000000000003
    endloop
  endfacet
  facet normal 0.8159935974768607 -0.08036835454595494 -0.572446832871269
    outer loop
      vertex 6.879549788117968 6.538981649614055 3.3000000000000003
      vertex 4.579338226093687 6.689745480596774 0
      vertex 6.893179669580653 6.67736815846761 3.3000000000000003
    endloop
  endfacet
  facet normal 0.8089901506694718 -0.13356481443643303 -0.5724468328712689
    outer loop
      vertex 6.893179669580653 6.67736815846761 3.3000000000000003
      vertex 4.607753463399113 6.978250226563096 0
      vertex 6.915831279143135 6.814566934284273 3.3000000000000003
    endloop
  endfacet
  facet normal 0.7985224838384883 -0.18618932928625287 -0.5724468328712689
    outer loop
      vertex 6.915831279143135 6.814566934284273 3.3000000000000003
      vertex 4.654976974684218 7.264278816284686 0
      vertex 6.9474076191357295 6.949990470842857 3.3000000000000003
    endloop
  endfacet
  facet normal 0.7846354211403069 -0.23801655284376072 -0.5724468328712691
    outer loop
      vertex 6.9474076191357295 6.949990470842857 3.3000000000000003
      vertex 4.720806541623796 7.5466064314284464 0
      vertex 6.9877734748229 7.083058863769219 3.3000000000000003
    endloop
  endfacet
  facet normal 0.7673884291093782 -0.28882455298103504 -0.5724468328712687
    outer loop
      vertex 6.9877734748229 7.083058863769219 3.3000000000000003
      vertex 4.804960271905874 7.8240241018026095 0
      vertex 7.036755993413516 7.213202293775816 3.3000000000000003
    endloop
  endfacet
  facet normal 0.7468553620133954 -0.33839576204127253 -0.5724468328712692
    outer loop
      vertex 7.036755993413516 7.213202293775816 3.3000000000000003
      vertex 4.907077806337866 8.095343882352696 0
      vertex 7.094145424243037 7.339863466715379 3.3000000000000003
    endloop
  endfacet
  facet normal 0.7231241455979425 -0.38651790849700535 -0.5724468328712686
    outer loop
      vertex 7.094145424243037 7.339863466715379 3.3000000000000003
      vertex 5.026721861959966 8.359403940124619 0
      vertex 7.159696016958068 7.4625 3.3000000000000003
    endloop
  endfacet
  facet normal 0.6962964005750049 -0.4329849259292358 -0.5724468328712689
    outer loop
      vertex 7.159696016958068 7.4625 3.3000000000000003
      vertex 5.16338010455791 8.615073529411765 0
      vertex 7.233127073857092 7.580586745166655 3.3000000000000003
    endloop
  endfacet
  facet normal 0.6664870074674378 -0.47759783543558154 -0.5724468328712689
    outer loop
      vertex 7.233127073857092 7.580586745166655 3.3000000000000003
      vertex 5.316467342556739 8.861257833781693 0
      vertex 7.314124151881125 7.693618036643532 3.3000000000000003
    endloop
  endfacet
  facet normal 0.6338236146729426 -0.5201655976884464 -0.5724468328712689
    outer loop
      vertex 7.314124151881125 7.693618036643532 3.3000000000000003
      vertex 5.485328032900962 9.096902654248193 0
      vertex 7.402340409107174 7.8011098570876465 3.3000000000000003
    endloop
  endfacet
  facet normal 0 0 -1
    outer loop
      vertex 4.607753463399113 6.978250226563096 0
      vertex 4.654976974684218 17.535721183715314 0
      vertex 4.654976974684218 7.264278816284686 0
    endloop
  endfacet
  facet normal 0 0 -1
    outer loop
      vertex 4.654976974684218 7.264278816284686 0
      vertex 4.720806541623796 17.253393568571553 0
      vertex 4.720806541623796 7.5466064314284464 0
    endloop
  endfacet
  facet normal 0 0 -1
    outer loop
      vertex 4.720806541623796 7.5466064314284464 0
      vertex 4.804960271905874 16.97597589819739 0
      vertex 4.804960271905874 7.8240241018026095 0
    endloop
  endfacet
  facet normal 0 0 -1
    outer loop
      vertex 4.804960271905874 7.8240241018026095 0
      vertex 4.907077806337866 16.704656117647303 0
      vertex 4.907077806337866 8.095343882352696 0
    endloop
  endfacet
  facet normal 0 0 -1
    outer loop
      vertex 4.907077806337866 8.095343882352696 0
      vertex 5.026721861959966 16.44059605987538 0
      vertex 5.026721861959966 8.359403940124619 0
    endloop
  endfacet
  facet normal 0 0 -1
    outer loop
      vertex 5.026721861959966 8.359403940124619 0
      vertex 5.16338010455791 16.184926470588234 0
      vertex 5.16338010455791 8.615073529411765 0
    endloop
  endfacet
  facet normal 0 0 -1
    outer loop
      vertex 5.16338010455791 8.615073529411765 0
      vertex 5.316467342556739 15.938742166218306 0
      vertex 5.316467342556739 8.861257833781693 0
    endloop
  endfacet
  facet normal 0 0 -1
    outer loop
      vertex 5.316467342556739 8.861257833781693 0
      vertex 5.485328032900962 15.703097345751805 0
      vertex 5.485328032900962 9.096902654248193 0
    endloop
  endfacet
  facet normal 0 0 -1
    outer loop
      vertex 5.485328032900962 9.096902654248193 0
      vertex 5.66923908819056 15.479001076486824 0
      vertex 5.66923908819056 9.320998923513173 0
    endloop
  endfacet
  facet normal 0 0 -1
    outer loop
      vertex 5.66923908819056 9.320998923513173 0
      vertex 5.867412973052243 15.267412973052242 0
      vertex 5.867412973052243 9.532587026947757 0
    endloop
  endfacet
  facet normal 0 0 -1
    outer loop
      vertex 6.079001076486827 9.73076091180944 0
      vertex 5.867412973052243 9.532587026947757 0
      vertex 6.079001076486827 15.069239088190558 0
    endloop
  endfacet
  facet normal 0 0 -1
    outer loop
      vertex 6.303097345751807 9.914671967099038 0
      vertex 6.079001076486827 9.73076091180944 0
      vertex 6.303097345751807 14.885328032900961 0
    endloop
  endfacet
  facet normal 0 0 -1
    outer loop
      vertex 6.538742166218307 10.083532657443262 0
      vertex 6.303097345751807 9.914671967099038 0
      vertex 6.538742166218307 14.716467342556736 0
    endloop
  endfacet
  facet normal 0 0 -1
    outer loop
      vertex 6.7849264705882355 10.236619895442091 0
      vertex 6.538742166218307 10.083532657443262 0
      vertex 6.7849264705882355 14.563380104557908 0
    endloop
  endfacet
  facet normal 0.5984460918540532 -0.560505930994725 -0.5724468328712691
    outer loop
      vertex 7.402340409107174 7.8011098570876465 3.3000000000000003
      vertex 5.66923908819056 9.320998923513173 0
      vertex 7.497398089978587 7.9026019100214135 3.3000000000000003
    endloop
  endfacet
  facet normal 0.560505930994725 -0.5984460918540532 -0.5724468328712692
    outer loop
      vertex 7.497398089978587 7.9026019100214135 3.3000000000000003
      vertex 5.867412973052243 9.532587026947757 0
      vertex 7.598890142912354 7.997659590892827 3.3000000000000003
    endloop
  endfacet
  facet normal 0.5201655976884433 -0.6338236146729451 -0.5724468328712691
    outer loop
      vertex 7.598890142912354 7.997659590892827 3.3000000000000003
      vertex 6.079001076486827 9.73076091180944 0
      vertex 7.706381963356469 8.085875848118874 3.3000000000000003
    endloop
  endfacet
  facet normal 0.4775978354355883 -0.6664870074674327 -0.5724468328712691
    outer loop
      vertex 7.706381963356469 8.085875848118874 3.3000000000000003
      vertex 6.303097345751807 9.914671967099038 0
      vertex 7.8194132548333455 8.16687292614291 3.3000000000000003
    endloop
  endfacet
  facet normal 0.4329849259292358 -0.6962964005750049 -0.572446832871269
    outer loop
      vertex 7.8194132548333455 8.16687292614291 3.3000000000000003
      vertex 6.538742166218307 10.083532657443262 0
      vertex 7.9375 8.240303983041933 3.3000000000000003
    endloop
  endfacet
  facet normal 0.3865179084969972 -0.7231241455979468 -0.5724468328712689
    outer loop
      vertex 7.9375 8.240303983041933 3.3000000000000003
      vertex 6.7849264705882355 10.236619895442091 0
      vertex 8.060136533284622 8.305854575756962 3.3000000000000003
    endloop
  endfacet
  facet normal 0.3383957620412787 -0.7468553620133923 -0.5724468328712692
    outer loop
      vertex 8.060136533284622 8.305854575756962 3.3000000000000003
      vertex 7.04059605987538 10.373278138040035 0
      vertex 8.186797706224183 8.363244006586484 3.3000000000000003
    endloop
  endfacet
  facet normal 0.2888245529810332 -0.7673884291093787 -0.572446832871269
    outer loop
      vertex 8.186797706224183 8.363244006586484 3.3000000000000003
      vertex 7.304656117647304 10.492922193662134 0
      vertex 8.316941136230781 8.4122265251771 3.3000000000000003
    endloop
  endfacet
  facet normal 0.23801655284376216 -0.7846354211403065 -0.572446832871269
    outer loop
      vertex 8.316941136230781 8.4122265251771 3.3000000000000003
      vertex 7.575975898197391 10.595039728094127 0
      vertex 8.450009529157143 8.452592380864271 3.3000000000000003
    endloop
  endfacet
  facet normal 0.1861893292862456 -0.7985224838384901 -0.5724468328712689
    outer loop
      vertex 8.450009529157143 8.452592380864271 3.3000000000000003
      vertex 7.853393568571554 10.679193458376204 0
      vertex 8.585433065715728 8.484168720856864 3.3000000000000003
    endloop
  endfacet
  facet normal 0.13356481443644405 -0.8089901506694698 -0.5724468328712691
    outer loop
      vertex 8.585433065715728 8.484168720856864 3.3000000000000003
      vertex 8.135721183715313 10.745023025315781 0
      vertex 8.72263184153239 8.506820330419348 3.3000000000000003
    endloop
  endfacet
  facet normal 0.08036835454594979 -0.8159935974768617 -0.5724468328712685
    outer loop
      vertex 8.72263184153239 8.506820330419348 3.3000000000000003
      vertex 8.421749773436904 10.792246536600887 0
      vertex 8.861018350385946 8.520450211882032 3.3000000000000003
    endloop
  endfacet
  facet normal 0.026827745022941916 -0.8195028344262377 -0.5724468328712691
    outer loop
      vertex 8.861018350385946 8.520450211882032 3.3000000000000003
      vertex 8.710254519403227 10.820661773906313 0
      vertex 9 8.525 3.3000000000000003
    endloop
  endfacet
  facet normal 0.47759783543558604 -0.6664870074674343 -0.5724468328712693
    outer loop
      vertex 7.8194132548333455 8.16687292614291 3.3000000000000003
      vertex 6.303097345751807 9.914671967099038 0
      vertex 6.538742166218307 10.083532657443262 0
    endloop
  endfacet
  facet normal 0.43298492592923415 -0.6962964005750059 -0.5724468328712691
    outer loop
      vertex 7.9375 8.240303983041933 3.3000000000000003
      vertex 6.538742166218307 10.083532657443262 0
      vertex 6.7849264705882355 10.236619895442091 0
    endloop
  endfacet
  facet normal 0.386517908497003 -0.7231241455979434 -0.5724468328712691
    outer loop
      vertex 8.060136533284622 8.305854575756962 3.3000000000000003
      vertex 6.7849264705882355 10.236619895442091 0
      vertex 7.04059605987538 10.373278138040035 0
    endloop
  endfacet
  facet normal 0.3383957620412732 -0.7468553620133951 -0.572446832871269
    outer loop
      vertex 8.186797706224183 8.363244006586484 3.3000000000000003
      vertex 7.04059605987538 10.373278138040035 0
      vertex 7.304656117647304 10.492922193662134 0
    endloop
  endfacet
  facet normal 0.2888245529810318 -0.7673884291093792 -0.572446832871269
    outer loop
      vertex 8.316941136230781 8.4122265251771 3.3000000000000003
      vertex 7.304656117647304 10.492922193662134 0
      vertex 7.575975898197391 10.595039728094127 0
    endloop
  endfacet
  facet normal 0 0 -1
    outer loop
      vertex 7.04059605987538 10.373278138040035 0
      vertex 6.7849264705882355 10.236619895442091 0
      vertex 7.04059605987538 14.426721861959965 0
    endloop
  endfacet
  facet normal 0 0 -1
    outer loop
      vertex 7.04059605987538 10.373278138040035 0
      vertex 7.304656117647304 14.307077806337864 0
      vertex 7.304656117647304 10.492922193662134 0
    endloop
  endfacet
  facet normal 0 0 -1
    outer loop
      vertex 7.304656117647304 10.492922193662134 0
      vertex 7.575975898197391 14.204960271905872 0
      vertex 7.575975898197391 10.595039728094127 0
    endloop
  endfacet
  facet normal 0.23801655284376214 -0.7846354211403066 -0.572446832871269
    outer loop
      vertex 8.450009529157143 8.452592380864271 3.3000000000000003
      vertex 7.575975898197391 10.595039728094127 0
      vertex 7.853393568571554 10.679193458376204 0
    endloop
  endfacet
  facet normal 0.18618932928624993 -0.798522483838489 -0.5724468328712691
    outer loop
      vertex 8.585433065715728 8.484168720856864 3.3000000000000003
      vertex 7.853393568571554 10.679193458376204 0
      vertex 8.135721183715313 10.745023025315781 0
    endloop
  endfacet
  facet normal 0.13356481443643328 -0.8089901506694721 -0.5724468328712686
    outer loop
      vertex 8.72263184153239 8.506820330419348 3.3000000000000003
      vertex 8.135721183715313 10.745023025315781 0
      vertex 8.421749773436904 10.792246536600887 0
    endloop
  endfacet
  facet normal 0.08036835454595843 -0.8159935974768606 -0.5724468328712689
    outer loop
      vertex 8.861018350385946 8.520450211882032 3.3000000000000003
      vertex 8.421749773436904 10.792246536600887 0
      vertex 8.710254519403227 10.820661773906313 0
    endloop
  endfacet
  facet normal 0.026827745022940247 -0.8195028344262377 -0.5724468328712689
    outer loop
      vertex 9 8.525 3.3000000000000003
      vertex 8.710254519403227 10.820661773906313 0
      vertex 9 10.83014705882353 0
    endloop
  endfacet
  facet normal 0 0 -1
    outer loop
      vertex 10.424024101802608 14.204960271905872 0
      vertex 7.853393568571554 10.679193458376204 0
      vertex 7.575975898197391 10.595039728094127 0
    endloop
  endfacet
  facet normal 0 0 -1
    outer loop
      vertex 10.424024101802608 14.204960271905872 0
      vertex 8.135721183715313 10.745023025315781 0
      vertex 7.853393568571554 10.679193458376204 0
    endloop
  endfacet
  facet normal 0 0 -1
    outer loop
      vertex 10.424024101802608 14.204960271905872 0
      vertex 8.421749773436904 10.792246536600887 0
      vertex 8.135721183715313 10.745023025315781 0
    endloop
  endfacet
  facet normal -1 0 0
    outer loop
      vertex 0 0 0
      vertex 0 0 10
      vertex 0 24.8 10
    endloop
  endfacet
  facet normal 0 0 1
    outer loop
      vertex 0 0 10
      vertex 6.9877734748229 5.716941136230782 10
      vertex 0 24.8 10
    endloop
  endfacet
  facet normal 0 -1 0
    outer loop
      vertex 0 0 0
      vertex 18 0 10
      vertex 0 0 10
    endloop
  endfacet
  facet normal 0.5280678506503688 0.8492021815265784 0
    outer loop
      vertex 7.8194132548333455 4.633127073857092 3.3000000000000003
      vertex 7.8194132548333455 4.633127073857092 10
      vertex 7.9375 4.5596960169580685 3.3000000000000003
    endloop
  endfacet
  facet normal 0.8819212643483533 0.471396736826001 0
    outer loop
      vertex 7.094145424243037 5.460136533284622 3.3000000000000003
      vertex 7.094145424243037 5.460136533284622 10
      vertex 7.159696016958068 5.3375 3.3000000000000003
    endloop
  endfacet
  facet normal 0.8128466845916171 0.5824776968677997 0
    outer loop
      vertex 7.233127073857092 5.219413254833346 3.3000000000000003
      vertex 7.233127073857092 5.219413254833346 10
      vertex 7.314124151881125 5.106381963356469 3.3000000000000003
    endloop
  endfacet
  facet normal 0.8492021815265784 0.5280678506503688 0
    outer loop
      vertex 7.159696016958068 5.3375 3.3000000000000003
      vertex 7.159696016958068 5.3375 10
      vertex 7.233127073857092 5.219413254833346 3.3000000000000003
    endloop
  endfacet
  facet normal 0.9569403357322095 0.29028467725446033 0
    outer loop
      vertex 6.9877734748229 5.716941136230782 3.3000000000000003
      vertex 6.9474076191357295 5.850009529157144 3.3000000000000003
      vertex 6.9474076191357295 5.850009529157144 10
    endloop
  endfacet
  facet normal 0.9359059267573225 0.3522500479212418 0
    outer loop
      vertex 6.9877734748229 5.716941136230782 3.3000000000000003
      vertex 6.9877734748229 5.716941136230782 10
      vertex 7.036755993413516 5.586797706224185 3.3000000000000003
    endloop
  endfacet
  facet normal 0.9738769792773339 0.22707626303437217 0
    outer loop
      vertex 6.915831279143135 5.9854330657157275 3.3000000000000003
      vertex 6.915831279143135 5.9854330657157275 10
      vertex 6.9474076191357295 5.850009529157144 3.3000000000000003
    endloop
  endfacet
  facet normal 0.9866433320848795 0.16289547339458582 0
    outer loop
      vertex 6.915831279143135 5.9854330657157275 3.3000000000000003
      vertex 6.893179669580653 6.122631841532391 3.3000000000000003
      vertex 6.893179669580653 6.122631841532391 10
    endloop
  endfacet
  facet normal 0.9108638249211783 0.41270702980438934 0
    outer loop
      vertex 7.094145424243037 5.460136533284622 3.3000000000000003
      vertex 7.036755993413516 5.586797706224185 3.3000000000000003
      vertex 7.036755993413516 5.586797706224185 10
    endloop
  endfacet
  facet normal 0.7298640726978364 0.6835923020228705 0
    outer loop
      vertex 7.402340409107174 4.998890142912354 3.3000000000000003
      vertex 7.402340409107174 4.998890142912354 10
      vertex 7.497398089978587 4.897398089978587 3.3000000000000003
    endloop
  endfacet
  facet normal 0.6835923020228705 0.7298640726978364 0
    outer loop
      vertex 7.497398089978587 4.897398089978587 3.3000000000000003
      vertex 7.497398089978587 4.897398089978587 10
      vertex 7.598890142912354 4.802340409107174 3.3000000000000003
    endloop
  endfacet
  facet normal 0.7730104533627339 0.6343932841636493 0
    outer loop
      vertex 7.314124151881125 5.106381963356469 3.3000000000000003
      vertex 7.314124151881125 5.106381963356469 10
      vertex 7.402340409107174 4.998890142912354 3.3000000000000003
    endloop
  endfacet
  facet normal 0.6343932841636493 0.7730104533627339 0
    outer loop
      vertex 7.598890142912354 4.802340409107174 3.3000000000000003
      vertex 7.598890142912354 4.802340409107174 10
      vertex 7.706381963356469 4.714124151881125 3.3000000000000003
    endloop
  endfacet
  facet normal 0.5824776968677997 0.8128466845916171 0
    outer loop
      vertex 7.706381963356469 4.714124151881125 3.3000000000000003
      vertex 7.706381963356469 4.714124151881125 10
      vertex 7.8194132548333455 4.633127073857092 3.3000000000000003
    endloop
  endfacet
  facet normal 0.471396736826001 0.8819212643483533 0
    outer loop
      vertex 8.060136533284622 4.494145424243038 3.3000000000000003
      vertex 7.9375 4.5596960169580685 3.3000000000000003
      vertex 7.9375 4.5596960169580685 10
    endloop
  endfacet
  facet normal 0.4127070298043917 0.9108638249211772 0
    outer loop
      vertex 8.060136533284622 4.494145424243038 3.3000000000000003
      vertex 8.060136533284622 4.494145424243038 10
      vertex 8.186797706224183 4.436755993413517 3.3000000000000003
    endloop
  endfacet
  facet normal 0.35225004792123976 0.9359059267573234 0
    outer loop
      vertex 8.186797706224183 4.436755993413517 3.3000000000000003
      vertex 8.186797706224183 4.436755993413517 10
      vertex 8.316941136230781 4.3877734748229 3.3000000000000003
    endloop
  endfacet
  facet normal 0.2902846772544621 0.9569403357322089 0
    outer loop
      vertex 8.316941136230781 4.3877734748229 3.3000000000000003
      vertex 8.316941136230781 4.3877734748229 10
      vertex 8.450009529157143 4.34740761913573 3.3000000000000003
    endloop
  endfacet
  facet normal 0.22707626303436937 0.9738769792773346 0
    outer loop
      vertex 8.450009529157143 4.34740761913573 3.3000000000000003
      vertex 8.450009529157143 4.34740761913573 10
      vertex 8.585433065715728 4.3158312791431355 3.3000000000000003
    endloop
  endfacet
  facet normal 0.16289547339458685 0.9866433320848793 0
    outer loop
      vertex 8.585433065715728 4.3158312791431355 3.3000000000000003
      vertex 8.585433065715728 4.3158312791431355 10
      vertex 8.72263184153239 4.2931796695806534 3.3000000000000003
    endloop
  endfacet
  facet normal 0.09801714032955809 0.9951847266721972 0
    outer loop
      vertex 8.72263184153239 4.2931796695806534 3.3000000000000003
      vertex 8.72263184153239 4.2931796695806534 10
      vertex 8.861018350385946 4.2795497881179685 3.3000000000000003
    endloop
  endfacet
  facet normal 0.03271908282178027 0.9994645874763655 0
    outer loop
      vertex 8.861018350385946 4.2795497881179685 3.3000000000000003
      vertex 8.861018350385946 4.2795497881179685 10
      vertex 9 4.275 3.3000000000000003
    endloop
  endfacet
  facet normal 0 0 1
    outer loop
      vertex 0 0 10
      vertex 7.9375 4.5596960169580685 10
      vertex 7.8194132548333455 4.633127073857092 10
    endloop
  endfacet
  facet normal 0 0 1
    outer loop
      vertex 0 0 10
      vertex 8.060136533284622 4.494145424243038 10
      vertex 7.9375 4.5596960169580685 10
    endloop
  endfacet
  facet normal 0 0 1
    outer loop
      vertex 0 0 10
      vertex 8.186797706224183 4.436755993413517 10
      vertex 8.060136533284622 4.494145424243038 10
    endloop
  endfacet
  facet normal 0 0 1
    outer loop
      vertex 0 0 10
      vertex 8.316941136230781 4.3877734748229 10
      vertex 8.186797706224183 4.436755993413517 10
    endloop
  endfacet
  facet normal 0 0 1
    outer loop
      vertex 0 0 10
      vertex 8.450009529157143 4.34740761913573 10
      vertex 8.316941136230781 4.3877734748229 10
    endloop
  endfacet
  facet normal 0 0 1
    outer loop
      vertex 0 0 10
      vertex 8.585433065715728 4.3158312791431355 10
      vertex 8.450009529157143 4.34740761913573 10
    endloop
  endfacet
  facet normal 0 0 1
    outer loop
      vertex 0 0 10
      vertex 8.72263184153239 4.2931796695806534 10
      vertex 8.585433065715728 4.3158312791431355 10
    endloop
  endfacet
  facet normal 0 0 1
    outer loop
      vertex 0 0 10
      vertex 8.861018350385946 4.2795497881179685 10
      vertex 8.72263184153239 4.2931796695806534 10
    endloop
  endfacet
  facet normal 0 0 1
    outer loop
      vertex 0 0 10
      vertex 9 4.275 10
      vertex 8.861018350385946 4.2795497881179685 10
    endloop
  endfacet
  facet normal 0 0 1
    outer loop
      vertex 0 0 10
      vertex 9.138981649614054 4.2795497881179685 10
      vertex 9 4.275 10
    endloop
  endfacet
  facet normal 0 0 1
    outer loop
      vertex 0 0 10
      vertex 9.27736815846761 4.2931796695806534 10
      vertex 9.138981649614054 4.2795497881179685 10
    endloop
  endfacet
  facet normal 0 0 1
    outer loop
      vertex 0 0 10
      vertex 9.414566934284272 4.3158312791431355 10
      vertex 9.27736815846761 4.2931796695806534 10
    endloop
  endfacet
  facet normal 0 0 1
    outer loop
      vertex 0 0 10
      vertex 9.549990470842857 4.34740761913573 10
      vertex 9.414566934284272 4.3158312791431355 10
    endloop
  endfacet
  facet normal 0 0 1
    outer loop
      vertex 0 0 10
      vertex 9.683058863769219 4.3877734748229 10
      vertex 9.549990470842857 4.34740761913573 10
    endloop
  endfacet
  facet normal 0 0 1
    outer loop
      vertex 0 0 10
      vertex 9.813202293775817 4.436755993413517 10
      vertex 9.683058863769219 4.3877734748229 10
    endloop
  endfacet
  facet normal 0 0 1
    outer loop
      vertex 0 0 10
      vertex 7.159696016958068 5.3375 10
      vertex 7.094145424243037 5.460136533284622 10
    endloop
  endfacet
  facet normal 0 0 1
    outer loop
      vertex 0 0 10
      vertex 7.036755993413516 5.586797706224185 10
      vertex 6.9877734748229 5.716941136230782 10
    endloop
  endfacet
  facet normal 0 0 1
    outer loop
      vertex 0 0 10
      vertex 7.094145424243037 5.460136533284622 10
      vertex 7.036755993413516 5.586797706224185 10
    endloop
  endfacet
  facet normal 0 0 1
    outer loop
      vertex 0 0 10
      vertex 7.314124151881125 5.106381963356469 10
      vertex 7.233127073857092 5.219413254833346 10
    endloop
  endfacet
  facet normal 0 0 1
    outer loop
      vertex 0 0 10
      vertex 7.402340409107174 4.998890142912354 10
      vertex 7.314124151881125 5.106381963356469 10
    endloop
  endfacet
  facet normal 0 0 1
    outer loop
      vertex 0 0 10
      vertex 7.598890142912354 4.802340409107174 10
      vertex 7.497398089978587 4.897398089978587 10
    endloop
  endfacet
  facet normal 0 0 1
    outer loop
      vertex 0 0 10
      vertex 7.497398089978587 4.897398089978587 10
      vertex 7.402340409107174 4.998890142912354 10
    endloop
  endfacet
  facet normal 0 0 1
    outer loop
      vertex 0 0 10
      vertex 7.233127073857092 5.219413254833346 10
      vertex 7.159696016958068 5.3375 10
    endloop
  endfacet
  facet normal 0 0 1
    outer loop
      vertex 0 0 10
      vertex 7.706381963356469 4.714124151881125 10
      vertex 7.598890142912354 4.802340409107174 10
    endloop
  endfacet
  facet normal 0 0 1
    outer loop
      vertex 0 0 10
      vertex 7.8194132548333455 4.633127073857092 10
      vertex 7.706381963356469 4.714124151881125 10
    endloop
  endfacet
  facet normal 0.8819212643483533 0.471396736826001 0
    outer loop
      vertex 7.159696016958068 5.3375 3.3000000000000003
      vertex 7.094145424243037 5.460136533284622 10
      vertex 7.159696016958068 5.3375 10
    endloop
  endfacet
  facet normal 0.8128466845916171 0.5824776968677997 0
    outer loop
      vertex 7.314124151881125 5.106381963356469 3.3000000000000003
      vertex 7.233127073857092 5.219413254833346 10
      vertex 7.314124151881125 5.106381963356469 10
    endloop
  endfacet
  facet normal 0.8492021815265784 0.5280678506503688 0
    outer loop
      vertex 7.233127073857092 5.219413254833346 3.3000000000000003
      vertex 7.159696016958068 5.3375 10
      vertex 7.233127073857092 5.219413254833346 10
    endloop
  endfacet
  facet normal 0.9359059267573225 0.3522500479212418 0
    outer loop
      vertex 7.036755993413516 5.586797706224185 3.3000000000000003
      vertex 6.9877734748229 5.716941136230782 10
      vertex 7.036755993413516 5.586797706224185 10
    endloop
  endfacet
  facet normal 0.9569403357322095 0.29028467725446033 0
    outer loop
      vertex 6.9877734748229 5.716941136230782 3.3000000000000003
      vertex 6.9474076191357295 5.850009529157144 10
      vertex 6.9877734748229 5.716941136230782 10
    endloop
  endfacet
  facet normal 0.9951847266721972 0.09801714032955809 0
    outer loop
      vertex 6.893179669580653 6.122631841532391 3.3000000000000003
      vertex 6.879549788117968 6.261018350385946 10
      vertex 6.893179669580653 6.122631841532391 10
    endloop
  endfacet
  facet normal 0.9738769792773339 0.22707626303437217 0
    outer loop
      vertex 6.9474076191357295 5.850009529157144 3.3000000000000003
      vertex 6.915831279143135 5.9854330657157275 10
      vertex 6.9474076191357295 5.850009529157144 10
    endloop
  endfacet
  facet normal 0.9866433320848795 0.16289547339458582 0
    outer loop
      vertex 6.915831279143135 5.9854330657157275 3.3000000000000003
      vertex 6.893179669580653 6.122631841532391 10
      vertex 6.915831279143135 5.9854330657157275 10
    endloop
  endfacet
  facet normal 0.9108638249211783 0.41270702980438934 0
    outer loop
      vertex 7.094145424243037 5.460136533284622 3.3000000000000003
      vertex 7.036755993413516 5.586797706224185 10
      vertex 7.094145424243037 5.460136533284622 10
    endloop
  endfacet
  facet normal 0.7730104533627339 0.6343932841636493 0
    outer loop
      vertex 7.402340409107174 4.998890142912354 3.3000000000000003
      vertex 7.314124151881125 5.106381963356469 10
      vertex 7.402340409107174 4.998890142912354 10
    endloop
  endfacet
  facet normal 0.6835923020228705 0.7298640726978364 0
    outer loop
      vertex 7.598890142912354 4.802340409107174 3.3000000000000003
      vertex 7.497398089978587 4.897398089978587 10
      vertex 7.598890142912354 4.802340409107174 10
    endloop
  endfacet
  facet normal 0.7298640726978364 0.6835923020228705 0
    outer loop
      vertex 7.497398089978587 4.897398089978587 3.3000000000000003
      vertex 7.402340409107174 4.998890142912354 10
      vertex 7.497398089978587 4.897398089978587 10
    endloop
  endfacet
  facet normal 0.6343932841636493 0.7730104533627339 0
    outer loop
      vertex 7.706381963356469 4.714124151881125 3.3000000000000003
      vertex 7.598890142912354 4.802340409107174 10
      vertex 7.706381963356469 4.714124151881125 10
    endloop
  endfacet
  facet normal 0.5824776968677997 0.8128466845916171 0
    outer loop
      vertex 7.8194132548333455 4.633127073857092 3.3000000000000003
      vertex 7.706381963356469 4.714124151881125 10
      vertex 7.8194132548333455 4.633127073857092 10
    endloop
  endfacet
  facet normal 0.5280678506503688 0.8492021815265784 0
    outer loop
      vertex 7.9375 4.5596960169580685 3.3000000000000003
      vertex 7.8194132548333455 4.633127073857092 10
      vertex 7.9375 4.5596960169580685 10
    endloop
  endfacet
  facet normal 0.4127070298043917 0.9108638249211772 0
    outer loop
      vertex 8.186797706224183 4.436755993413517 3.3000000000000003
      vertex 8.060136533284622 4.494145424243038 10
      vertex 8.186797706224183 4.436755993413517 10
    endloop
  endfacet
  facet normal 0.471396736826001 0.8819212643483533 0
    outer loop
      vertex 8.060136533284622 4.494145424243038 3.3000000000000003
      vertex 7.9375 4.5596960169580685 10
      vertex 8.060136533284622 4.494145424243038 10
    endloop
  endfacet
  facet normal 0.35225004792123976 0.9359059267573234 0
    outer loop
      vertex 8.316941136230781 4.3877734748229 3.3000000000000003
      vertex 8.186797706224183 4.436755993413517 10
      vertex 8.316941136230781 4.3877734748229 10
    endloop
  endfacet
  facet normal 0.2902846772544621 0.9569403357322089 0
    outer loop
      vertex 8.450009529157143 4.34740761913573 3.3000000000000003
      vertex 8.316941136230781 4.3877734748229 10
      vertex 8.450009529157143 4.34740761913573 10
    endloop
  endfacet
  facet normal 0.22707626303436937 0.9738769792773346 0
    outer loop
      vertex 8.585433065715728 4.3158312791431355 3.3000000000000003
      vertex 8.450009529157143 4.34740761913573 10
      vertex 8.585433065715728 4.3158312791431355 10
    endloop
  endfacet
  facet normal 0.16289547339458685 0.9866433320848793 0
    outer loop
      vertex 8.72263184153239 4.2931796695806534 3.3000000000000003
      vertex 8.585433065715728 4.3158312791431355 10
      vertex 8.72263184153239 4.2931796695806534 10
    endloop
  endfacet
  facet normal 0.09801714032955809 0.9951847266721972 0
    outer loop
      vertex 8.861018350385946 4.2795497881179685 3.3000000000000003
      vertex 8.72263184153239 4.2931796695806534 10
      vertex 8.861018350385946 4.2795497881179685 10
    endloop
  endfacet
  facet normal 0.03271908282178027 0.9994645874763655 0
    outer loop
      vertex 9 4.275 3.3000000000000003
      vertex 8.861018350385946 4.2795497881179685 10
      vertex 9 4.275 10
    endloop
  endfacet
  facet normal 0.9951847266721972 0.09801714032955809 0
    outer loop
      vertex 6.879549788117968 6.261018350385946 3.3000000000000003
      vertex 6.879549788117968 6.261018350385946 10
      vertex 6.893179669580653 6.122631841532391 3.3000000000000003
    endloop
  endfacet
  facet normal 0.9994645874763655 0.03271908282178027 0
    outer loop
      vertex 6.879549788117968 6.261018350385946 3.3000000000000003
      vertex 6.875 6.4 3.3000000000000003
      vertex 6.875 6.4 10
    endloop
  endfacet
  facet normal 0.9994645874763655 -0.03271908282178027 0
    outer loop
      vertex 6.875 6.4 3.3000000000000003
      vertex 6.879549788117968 6.538981649614055 3.3000000000000003
      vertex 6.879549788117968 6.538981649614055 10
    endloop
  endfacet
  facet normal 0.9951847266721972 -0.09801714032955809 0
    outer loop
      vertex 6.879549788117968 6.538981649614055 3.3000000000000003
      vertex 6.893179669580653 6.67736815846761 3.3000000000000003
      vertex 6.893179669580653 6.67736815846761 10
    endloop
  endfacet
  facet normal 0.9866433320848795 -0.16289547339458582 0
    outer loop
      vertex 6.893179669580653 6.67736815846761 3.3000000000000003
      vertex 6.915831279143135 6.814566934284273 3.3000000000000003
      vertex 6.915831279143135 6.814566934284273 10
    endloop
  endfacet
  facet normal 0.9738769792773339 -0.22707626303437217 0
    outer loop
      vertex 6.915831279143135 6.814566934284273 3.3000000000000003
      vertex 6.9474076191357295 6.949990470842857 3.3000000000000003
      vertex 6.9474076191357295 6.949990470842857 10
    endloop
  endfacet
  facet normal 0.9569403357322095 -0.29028467725446033 0
    outer loop
      vertex 6.9474076191357295 6.949990470842857 3.3000000000000003
      vertex 6.9877734748229 7.083058863769219 3.3000000000000003
      vertex 6.9877734748229 7.083058863769219 10
    endloop
  endfacet
  facet normal 0.9359059267573225 -0.3522500479212418 0
    outer loop
      vertex 6.9877734748229 7.083058863769219 3.3000000000000003
      vertex 7.036755993413516 7.213202293775816 3.3000000000000003
      vertex 7.036755993413516 7.213202293775816 10
    endloop
  endfacet
  facet normal 0.9108638249211783 -0.41270702980438934 0
    outer loop
      vertex 7.036755993413516 7.213202293775816 3.3000000000000003
      vertex 7.094145424243037 7.339863466715379 3.3000000000000003
      vertex 7.094145424243037 7.339863466715379 10
    endloop
  endfacet
  facet normal 0.8819212643483533 -0.471396736826001 0
    outer loop
      vertex 7.094145424243037 7.339863466715379 3.3000000000000003
      vertex 7.159696016958068 7.4625 3.3000000000000003
      vertex 7.159696016958068 7.4625 10
    endloop
  endfacet
  facet normal 0.8492021815265784 -0.5280678506503688 0
    outer loop
      vertex 7.159696016958068 7.4625 3.3000000000000003
      vertex 7.233127073857092 7.580586745166655 3.3000000000000003
      vertex 7.233127073857092 7.580586745166655 10
    endloop
  endfacet
  facet normal 0.8128466845916171 -0.5824776968677997 0
    outer loop
      vertex 7.233127073857092 7.580586745166655 3.3000000000000003
      vertex 7.314124151881125 7.693618036643532 3.3000000000000003
      vertex 7.314124151881125 7.693618036643532 10
    endloop
  endfacet
  facet normal 0.7730104533627339 -0.6343932841636493 0
    outer loop
      vertex 7.314124151881125 7.693618036643532 3.3000000000000003
      vertex 7.402340409107174 7.8011098570876465 3.3000000000000003
      vertex 7.402340409107174 7.8011098570876465 10
    endloop
  endfacet
  facet normal 0.7298640726978364 -0.6835923020228705 0
    outer loop
      vertex 7.402340409107174 7.8011098570876465 3.3000000000000003
      vertex 7.497398089978587 7.9026019100214135 3.3000000000000003
      vertex 7.497398089978587 7.9026019100214135 10
    endloop
  endfacet
  facet normal 0.6835923020228705 -0.7298640726978364 0
    outer loop
      vertex 7.497398089978587 7.9026019100214135 3.3000000000000003
      vertex 7.598890142912354 7.997659590892827 3.3000000000000003
      vertex 7.598890142912354 7.997659590892827 10
    endloop
  endfacet
  facet normal 0.6343932841636454 -0.7730104533627369 0
    outer loop
      vertex 7.598890142912354 7.997659590892827 3.3000000000000003
      vertex 7.706381963356469 8.085875848118874 3.3000000000000003
      vertex 7.706381963356469 8.085875848118874 10
    endloop
  endfacet
  facet normal 0.582477696867808 -0.812846684591611 0
    outer loop
      vertex 7.706381963356469 8.085875848118874 3.3000000000000003
      vertex 7.8194132548333455 8.16687292614291 3.3000000000000003
      vertex 7.8194132548333455 8.16687292614291 10
    endloop
  endfacet
  facet normal 0.5280678506503688 -0.8492021815265784 0
    outer loop
      vertex 7.8194132548333455 8.16687292614291 3.3000000000000003
      vertex 7.9375 8.240303983041933 3.3000000000000003
      vertex 7.9375 8.240303983041933 10
    endloop
  endfacet
  facet normal 0.471396736825991 -0.8819212643483586 0
    outer loop
      vertex 7.9375 8.240303983041933 3.3000000000000003
      vertex 8.060136533284622 8.305854575756962 3.3000000000000003
      vertex 8.060136533284622 8.305854575756962 10
    endloop
  endfacet
  facet normal 0.412707029804397 -0.9108638249211749 0
    outer loop
      vertex 8.060136533284622 8.305854575756962 3.3000000000000003
      vertex 8.186797706224183 8.363244006586484 3.3000000000000003
      vertex 8.186797706224183 8.363244006586484 10
    endloop
  endfacet
  facet normal 0.35225004792123976 -0.9359059267573234 0
    outer loop
      vertex 8.186797706224183 8.363244006586484 3.3000000000000003
      vertex 8.316941136230781 8.4122265251771 3.3000000000000003
      vertex 8.316941136230781 8.4122265251771 10
    endloop
  endfacet
  facet normal 0.2902846772544621 -0.9569403357322089 0
    outer loop
      vertex 8.316941136230781 8.4122265251771 3.3000000000000003
      vertex 8.450009529157143 8.452592380864271 3.3000000000000003
      vertex 8.450009529157143 8.452592380864271 10
    endloop
  endfacet
  facet normal 0.22707626303436332 -0.973876979277336 0
    outer loop
      vertex 8.450009529157143 8.452592380864271 3.3000000000000003
      vertex 8.585433065715728 8.484168720856864 3.3000000000000003
      vertex 8.585433065715728 8.484168720856864 10
    endloop
  endfacet
  facet normal 0.16289547339459928 -0.9866433320848772 0
    outer loop
      vertex 8.585433065715728 8.484168720856864 3.3000000000000003
      vertex 8.72263184153239 8.506820330419348 3.3000000000000003
      vertex 8.72263184153239 8.506820330419348 10
    endloop
  endfacet
  facet normal 0.09801714032955176 -0.9951847266721977 0
    outer loop
      vertex 8.72263184153239 8.506820330419348 3.3000000000000003
      vertex 8.861018350385946 8.520450211882032 3.3000000000000003
      vertex 8.861018350385946 8.520450211882032 10
    endloop
  endfacet
  facet normal 0.03271908282178027 -0.9994645874763655 0
    outer loop
      vertex 8.861018350385946 8.520450211882032 3.3000000000000003
      vertex 9 8.525 3.3000000000000003
      vertex 9 8.525 10
    endloop
  endfacet
  facet normal 0 0 1
    outer loop
      vertex 0 24.8 10
      vertex 6.915831279143135 5.9854330657157275 10
      vertex 6.893179669580653 6.122631841532391 10
    endloop
  endfacet
  facet normal 0 0 1
    outer loop
      vertex 0 24.8 10
      vertex 6.9474076191357295 5.850009529157144 10
      vertex 6.915831279143135 5.9854330657157275 10
    endloop
  endfacet
  facet normal 0 0 1
    outer loop
      vertex 0 24.8 10
      vertex 6.893179669580653 6.122631841532391 10
      vertex 6.879549788117968 6.261018350385946 10
    endloop
  endfacet
  facet normal 0 0 1
    outer loop
      vertex 0 24.8 10
      vertex 6.9877734748229 5.716941136230782 10
      vertex 6.9474076191357295 5.850009529157144 10
    endloop
  endfacet
  facet normal 0.9994645874763655 0.03271908282178027 0
    outer loop
      vertex 6.879549788117968 6.261018350385946 3.3000000000000003
      vertex 6.875 6.4 10
      vertex 6.879549788117968 6.261018350385946 10
    endloop
  endfacet
  facet normal 0.9994645874763655 -0.03271908282178027 0
    outer loop
      vertex 6.875 6.4 3.3000000000000003
      vertex 6.879549788117968 6.538981649614055 10
      vertex 6.875 6.4 10
    endloop
  endfacet
  facet normal 0.9951847266721972 -0.09801714032955809 0
    outer loop
      vertex 6.879549788117968 6.538981649614055 3.3000000000000003
      vertex 6.893179669580653 6.67736815846761 10
      vertex 6.879549788117968 6.538981649614055 10
    endloop
  endfacet
  facet normal 0.9866433320848795 -0.16289547339458582 0
    outer loop
      vertex 6.893179669580653 6.67736815846761 3.3000000000000003
      vertex 6.915831279143135 6.814566934284273 10
      vertex 6.893179669580653 6.67736815846761 10
    endloop
  endfacet
  facet normal 0.9738769792773339 -0.22707626303437217 0
    outer loop
      vertex 6.915831279143135 6.814566934284273 3.3000000000000003
      vertex 6.9474076191357295 6.949990470842857 10
      vertex 6.915831279143135 6.814566934284273 10
    endloop
  endfacet
  facet normal 0.9569403357322095 -0.29028467725446033 0
    outer loop
      vertex 6.9474076191357295 6.949990470842857 3.3000000000000003
      vertex 6.9877734748229 7.083058863769219 10
      vertex 6.9474076191357295 6.949990470842857 10
    endloop
  endfacet
  facet normal 0.9359059267573225 -0.3522500479212418 0
    outer loop
      vertex 6.9877734748229 7.083058863769219 3.3000000000000003
      vertex 7.036755993413516 7.213202293775816 10
      vertex 6.9877734748229 7.083058863769219 10
    endloop
  endfacet
  facet normal 0.9108638249211783 -0.41270702980438934 0
    outer loop
      vertex 7.036755993413516 7.213202293775816 3.3000000000000003
      vertex 7.094145424243037 7.339863466715379 10
      vertex 7.036755993413516 7.213202293775816 10
    endloop
  endfacet
  facet normal 0.8819212643483533 -0.471396736826001 0
    outer loop
      vertex 7.094145424243037 7.339863466715379 3.3000000000000003
      vertex 7.159696016958068 7.4625 10
      vertex 7.094145424243037 7.339863466715379 10
    endloop
  endfacet
  facet normal 0.8492021815265784 -0.5280678506503688 0
    outer loop
      vertex 7.159696016958068 7.4625 3.3000000000000003
      vertex 7.233127073857092 7.580586745166655 10
      vertex 7.159696016958068 7.4625 10
    endloop
  endfacet
  facet normal 0.8128466845916171 -0.5824776968677997 0
    outer loop
      vertex 7.233127073857092 7.580586745166655 3.3000000000000003
      vertex 7.314124151881125 7.693618036643532 10
      vertex 7.233127073857092 7.580586745166655 10
    endloop
  endfacet
  facet normal 0.7730104533627339 -0.6343932841636493 0
    outer loop
      vertex 7.314124151881125 7.693618036643532 3.3000000000000003
      vertex 7.402340409107174 7.8011098570876465 10
      vertex 7.314124151881125 7.693618036643532 10
    endloop
  endfacet
  facet normal 0.7298640726978364 -0.6835923020228705 0
    outer loop
      vertex 7.402340409107174 7.8011098570876465 3.3000000000000003
      vertex 7.497398089978587 7.9026019100214135 10
      vertex 7.402340409107174 7.8011098570876465 10
    endloop
  endfacet
  facet normal 0.6835923020228705 -0.7298640726978364 0
    outer loop
      vertex 7.497398089978587 7.9026019100214135 3.3000000000000003
      vertex 7.598890142912354 7.997659590892827 10
      vertex 7.497398089978587 7.9026019100214135 10
    endloop
  endfacet
  facet normal 0.6343932841636454 -0.7730104533627369 0
    outer loop
      vertex 7.598890142912354 7.997659590892827 3.3000000000000003
      vertex 7.706381963356469 8.085875848118874 10
      vertex 7.598890142912354 7.997659590892827 10
    endloop
  endfacet
  facet normal 0.582477696867808 -0.812846684591611 0
    outer loop
      vertex 7.706381963356469 8.085875848118874 3.3000000000000003
      vertex 7.8194132548333455 8.16687292614291 10
      vertex 7.706381963356469 8.085875848118874 10
    endloop
  endfacet
  facet normal 0.5280678506503688 -0.8492021815265784 0
    outer loop
      vertex 7.8194132548333455 8.16687292614291 3.3000000000000003
      vertex 7.9375 8.240303983041933 10
      vertex 7.8194132548333455 8.16687292614291 10
    endloop
  endfacet
  facet normal 0.471396736825991 -0.8819212643483586 0
    outer loop
      vertex 7.9375 8.240303983041933 3.3000000000000003
      vertex 8.060136533284622 8.305854575756962 10
      vertex 7.9375 8.240303983041933 10
    endloop
  endfacet
  facet normal 0.412707029804397 -0.9108638249211749 0
    outer loop
      vertex 8.060136533284622 8.305854575756962 3.3000000000000003
      vertex 8.186797706224183 8.363244006586484 10
      vertex 8.060136533284622 8.305854575756962 10
    endloop
  endfacet
  facet normal 0.35225004792123976 -0.9359059267573234 0
    outer loop
      vertex 8.186797706224183 8.363244006586484 3.3000000000000003
      vertex 8.316941136230781 8.4122265251771 10
      vertex 8.186797706224183 8.363244006586484 10
    endloop
  endfacet
  facet normal 0.2902846772544621 -0.9569403357322089 0
    outer loop
      vertex 8.316941136230781 8.4122265251771 3.3000000000000003
      vertex 8.450009529157143 8.452592380864271 10
      vertex 8.316941136230781 8.4122265251771 10
    endloop
  endfacet
  facet normal 0.22707626303436332 -0.973876979277336 0
    outer loop
      vertex 8.450009529157143 8.452592380864271 3.3000000000000003
      vertex 8.585433065715728 8.484168720856864 10
      vertex 8.450009529157143 8.452592380864271 10
    endloop
  endfacet
  facet normal 0.16289547339459928 -0.9866433320848772 0
    outer loop
      vertex 8.585433065715728 8.484168720856864 3.3000000000000003
      vertex 8.72263184153239 8.506820330419348 10
      vertex 8.585433065715728 8.484168720856864 10
    endloop
  endfacet
  facet normal 0.09801714032955176 -0.9951847266721977 0
    outer loop
      vertex 8.72263184153239 8.506820330419348 3.3000000000000003
      vertex 8.861018350385946 8.520450211882032 10
      vertex 8.72263184153239 8.506820330419348 10
    endloop
  endfacet
  facet normal 0.03271908282178027 -0.9994645874763655 0
    outer loop
      vertex 8.861018350385946 8.520450211882032 3.3000000000000003
      vertex 9 8.525 10
      vertex 8.861018350385946 8.520450211882032 10
    endloop
  endfacet
  facet normal 0 0 -1
    outer loop
      vertex 0 0 0
      vertex 0 24.8 0
      vertex 4.607753463399113 17.821749773436903 0
    endloop
  endfacet
  facet normal -1 0 0
    outer loop
      vertex 0 0 0
      vertex 0 24.8 10
      vertex 0 24.8 0
    endloop
  endfacet
  facet normal 0 0 -1
    outer loop
      vertex 0 24.8 0
      vertex 4.579338226093687 18.110254519403227 0
      vertex 4.607753463399113 17.821749773436903 0
    endloop
  endfacet
  facet normal 0 0 -1
    outer loop
      vertex 0 24.8 0
      vertex 4.569852941176471 18.4 0
      vertex 4.579338226093687 18.110254519403227 0
    endloop
  endfacet
  facet normal 0 0 -1
    outer loop
      vertex 0 24.8 0
      vertex 4.579338226093687 18.68974548059677 0
      vertex 4.569852941176471 18.4 0
    endloop
  endfacet
  facet normal 0 0 -1
    outer loop
      vertex 0 24.8 0
      vertex 4.607753463399113 18.978250226563095 0
      vertex 4.579338226093687 18.68974548059677 0
    endloop
  endfacet
  facet normal 0 0 -1
    outer loop
      vertex 0 24.8 0
      vertex 4.654976974684218 19.264278816284683 0
      vertex 4.607753463399113 18.978250226563095 0
    endloop
  endfacet
  facet normal 0 0 -1
    outer loop
      vertex 0 24.8 0
      vertex 4.720806541623796 19.546606431428444 0
      vertex 4.654976974684218 19.264278816284683 0
    endloop
  endfacet
  facet normal 0 0 -1
    outer loop
      vertex 0 24.8 0
      vertex 4.804960271905874 19.824024101802607 0
      vertex 4.720806541623796 19.546606431428444 0
    endloop
  endfacet
  facet normal 0 0 -1
    outer loop
      vertex 0 24.8 0
      vertex 4.907077806337866 20.095343882352694 0
      vertex 4.804960271905874 19.824024101802607 0
    endloop
  endfacet
  facet normal 0 0 -1
    outer loop
      vertex 0 24.8 0
      vertex 5.026721861959966 20.35940394012462 0
      vertex 4.907077806337866 20.095343882352694 0
    endloop
  endfacet
  facet normal 0 0 -1
    outer loop
      vertex 0 24.8 0
      vertex 5.16338010455791 20.615073529411763 0
      vertex 5.026721861959966 20.35940394012462 0
    endloop
  endfacet
  facet normal 0 0 -1
    outer loop
      vertex 0 24.8 0
      vertex 5.316467342556739 20.861257833781693 0
      vertex 5.16338010455791 20.615073529411763 0
    endloop
  endfacet
  facet normal 0 0 -1
    outer loop
      vertex 0 24.8 0
      vertex 5.485328032900962 21.09690265424819 0
      vertex 5.316467342556739 20.861257833781693 0
    endloop
  endfacet
  facet normal 0 0 -1
    outer loop
      vertex 0 24.8 0
      vertex 5.66923908819056 21.320998923513173 0
      vertex 5.485328032900962 21.09690265424819 0
    endloop
  endfacet
  facet normal 0 0 -1
    outer loop
      vertex 0 24.8 0
      vertex 5.867412973052243 21.532587026947756 0
      vertex 5.66923908819056 21.320998923513173 0
    endloop
  endfacet
  facet normal 0 0 -1
    outer loop
      vertex 0 24.8 0
      vertex 6.079001076486827 21.73076091180944 0
      vertex 5.867412973052243 21.532587026947756 0
    endloop
  endfacet
  facet normal 0 0 -1
    outer loop
      vertex 0 24.8 0
      vertex 6.303097345751807 21.914671967099036 0
      vertex 6.079001076486827 21.73076091180944 0
    endloop
  endfacet
  facet normal 0 0 -1
    outer loop
      vertex 0 24.8 0
      vertex 6.538742166218307 22.08353265744326 0
      vertex 6.303097345751807 21.914671967099036 0
    endloop
  endfacet
  facet normal 0 0 -1
    outer loop
      vertex 0 24.8 0
      vertex 6.7849264705882355 22.23661989544209 0
      vertex 6.538742166218307 22.08353265744326 0
    endloop
  endfacet
  facet normal 0 0 -1
    outer loop
      vertex 4.720806541623796 7.5466064314284464 0
      vertex 4.720806541623796 17.253393568571553 0
      vertex 4.804960271905874 16.97597589819739 0
    endloop
  endfacet
  facet normal 0 0 -1
    outer loop
      vertex 4.804960271905874 7.8240241018026095 0
      vertex 4.804960271905874 16.97597589819739 0
      vertex 4.907077806337866 16.704656117647303 0
    endloop
  endfacet
  facet normal 0 0 -1
    outer loop
      vertex 4.907077806337866 8.095343882352696 0
      vertex 4.907077806337866 16.704656117647303 0
      vertex 5.026721861959966 16.44059605987538 0
    endloop
  endfacet
  facet normal 0 0 -1
    outer loop
      vertex 5.026721861959966 8.359403940124619 0
      vertex 5.026721861959966 16.44059605987538 0
      vertex 5.16338010455791 16.184926470588234 0
    endloop
  endfacet
  facet normal 0 0 -1
    outer loop
      vertex 5.16338010455791 8.615073529411765 0
      vertex 5.16338010455791 16.184926470588234 0
      vertex 5.316467342556739 15.938742166218306 0
    endloop
  endfacet
  facet normal 0 0 -1
    outer loop
      vertex 5.316467342556739 8.861257833781693 0
      vertex 5.316467342556739 15.938742166218306 0
      vertex 5.485328032900962 15.703097345751805 0
    endloop
  endfacet
  facet normal 0 0 -1
    outer loop
      vertex 5.485328032900962 9.096902654248193 0
      vertex 5.485328032900962 15.703097345751805 0
      vertex 5.66923908819056 15.479001076486824 0
    endloop
  endfacet
  facet normal 0 0 -1
    outer loop
      vertex 4.607753463399113 6.978250226563096 0
      vertex 4.607753463399113 17.821749773436903 0
      vertex 4.654976974684218 17.535721183715314 0
    endloop
  endfacet
  facet normal 0 0 -1
    outer loop
      vertex 4.654976974684218 7.264278816284686 0
      vertex 4.654976974684218 17.535721183715314 0
      vertex 4.720806541623796 17.253393568571553 0
    endloop
  endfacet
  facet normal 0 0 -1
    outer loop
      vertex 5.66923908819056 9.320998923513173 0
      vertex 5.66923908819056 15.479001076486824 0
      vertex 5.867412973052243 15.267412973052242 0
    endloop
  endfacet
  facet normal 0 0 -1
    outer loop
      vertex 5.867412973052243 9.532587026947757 0
      vertex 5.867412973052243 15.267412973052242 0
      vertex 6.079001076486827 15.069239088190558 0
    endloop
  endfacet
  facet normal 0 0 -1
    outer loop
      vertex 6.079001076486827 9.73076091180944 0
      vertex 6.079001076486827 15.069239088190558 0
      vertex 6.303097345751807 14.885328032900961 0
    endloop
  endfacet
  facet normal 0 0 -1
    outer loop
      vertex 6.303097345751807 9.914671967099038 0
      vertex 6.303097345751807 14.885328032900961 0
      vertex 6.538742166218307 14.716467342556736 0
    endloop
  endfacet
  facet normal 0 0 -1
    outer loop
      vertex 6.538742166218307 10.083532657443262 0
      vertex 6.538742166218307 14.716467342556736 0
      vertex 6.7849264705882355 14.563380104557908 0
    endloop
  endfacet
  facet normal 0.7673884291093811 0.28882455298102705 -0.5724468328712687
    outer loop
      vertex 6.9877734748229 17.71694113623078 3.3000000000000003
      vertex 4.907077806337866 16.704656117647303 0
      vertex 4.804960271905874 16.97597589819739 0
    endloop
  endfacet
  facet normal 0.7846354211403058 0.23801655284376425 -0.5724468328712689
    outer loop
      vertex 6.9474076191357295 17.85000952915714 3.3000000000000003
      vertex 4.804960271905874 16.97597589819739 0
      vertex 4.720806541623796 17.253393568571553 0
    endloop
  endfacet
  facet normal 0.7985224838384886 0.1861893292862523 -0.5724468328712687
    outer loop
      vertex 6.915831279143135 17.985433065715725 3.3000000000000003
      vertex 4.720806541623796 17.253393568571553 0
      vertex 4.654976974684218 17.535721183715314 0
    endloop
  endfacet
  facet normal 0.8195028344262378 0.02682774502293813 -0.572446832871269
    outer loop
      vertex 6.875 18.4 3.3000000000000003
      vertex 4.579338226093687 18.110254519403227 0
      vertex 4.569852941176471 18.4 0
    endloop
  endfacet
  facet normal 0.8195028344262377 -0.026827745022938127 -0.5724468328712691
    outer loop
      vertex 6.879549788117968 18.53898164961405 3.3000000000000003
      vertex 4.569852941176471 18.4 0
      vertex 4.579338226093687 18.68974548059677 0
    endloop
  endfacet
  facet normal 0.8089901506694714 0.13356481443643478 -0.572446832871269
    outer loop
      vertex 6.893179669580653 18.12263184153239 3.3000000000000003
      vertex 4.654976974684218 17.535721183715314 0
      vertex 4.607753463399113 17.821749773436903 0
    endloop
  endfacet
  facet normal 0.8159935974768605 0.0803683545459579 -0.5724468328712691
    outer loop
      vertex 6.879549788117968 18.261018350385946 3.3000000000000003
      vertex 4.607753463399113 17.821749773436903 0
      vertex 4.579338226093687 18.110254519403227 0
    endloop
  endfacet
  facet normal 0.6338236146729459 0.5201655976884422 -0.5724468328712691
    outer loop
      vertex 7.314124151881125 17.106381963356466 3.3000000000000003
      vertex 5.66923908819056 15.479001076486824 0
      vertex 5.485328032900962 15.703097345751805 0
    endloop
  endfacet
  facet normal 0.6962964005750052 0.4329849259292352 -0.572446832871269
    outer loop
      vertex 7.159696016958068 17.3375 3.3000000000000003
      vertex 5.316467342556739 15.938742166218306 0
      vertex 5.16338010455791 16.184926470588234 0
    endloop
  endfacet
  facet normal 0.7231241455979435 0.3865179084970025 -0.5724468328712693
    outer loop
      vertex 7.094145424243037 17.460136533284622 3.3000000000000003
      vertex 5.16338010455791 16.184926470588234 0
      vertex 5.026721861959966 16.44059605987538 0
    endloop
  endfacet
  facet normal 0.7468553620133935 0.33839576204127675 -0.5724468328712689
    outer loop
      vertex 7.036755993413516 17.586797706224182 3.3000000000000003
      vertex 5.026721861959966 16.44059605987538 0
      vertex 4.907077806337866 16.704656117647303 0
    endloop
  endfacet
  facet normal 0.666487007467438 0.47759783543558115 -0.5724468328712691
    outer loop
      vertex 7.233127073857092 17.219413254833345 3.3000000000000003
      vertex 5.485328032900962 15.703097345751805 0
      vertex 5.316467342556739 15.938742166218306 0
    endloop
  endfacet
  facet normal 0.5984460918540518 0.5605059309947265 -0.5724468328712691
    outer loop
      vertex 7.402340409107174 16.99889014291235 3.3000000000000003
      vertex 5.867412973052243 15.267412973052242 0
      vertex 5.66923908819056 15.479001076486824 0
    endloop
  endfacet
  facet normal 0.5605059309947239 0.5984460918540544 -0.5724468328712687
    outer loop
      vertex 7.497398089978587 16.897398089978584 3.3000000000000003
      vertex 6.079001076486827 15.069239088190558 0
      vertex 5.867412973052243 15.267412973052242 0
    endloop
  endfacet
  facet normal 0.5201655976884431 0.6338236146729453 -0.5724468328712689
    outer loop
      vertex 7.598890142912354 16.80234040910717 3.3000000000000003
      vertex 6.303097345751807 14.885328032900961 0
      vertex 6.079001076486827 15.069239088190558 0
    endloop
  endfacet
  facet normal 0.6962964005750033 0.4329849259292381 -0.5724468328712691
    outer loop
      vertex 7.159696016958068 17.3375 3.3000000000000003
      vertex 7.233127073857092 17.219413254833345 3.3000000000000003
      vertex 5.316467342556739 15.938742166218306 0
    endloop
  endfacet
  facet normal 0.7231241455979448 0.38651790849700096 -0.572446832871269
    outer loop
      vertex 7.094145424243037 17.460136533284622 3.3000000000000003
      vertex 7.159696016958068 17.3375 3.3000000000000003
      vertex 5.16338010455791 16.184926470588234 0
    endloop
  endfacet
  facet normal 0.6664870074674435 0.4775978354355743 -0.5724468328712687
    outer loop
      vertex 7.233127073857092 17.219413254833345 3.3000000000000003
      vertex 7.314124151881125 17.106381963356466 3.3000000000000003
      vertex 5.485328032900962 15.703097345751805 0
    endloop
  endfacet
  facet normal 0.8089901506694721 0.13356481443643223 -0.5724468328712689
    outer loop
      vertex 6.915831279143135 17.985433065715725 3.3000000000000003
      vertex 4.654976974684218 17.535721183715314 0
      vertex 6.893179669580653 18.12263184153239 3.3000000000000003
    endloop
  endfacet
  facet normal 0.815993597476861 0.08036835454595394 -0.5724468328712689
    outer loop
      vertex 6.879549788117968 18.261018350385946 3.3000000000000003
      vertex 6.893179669580653 18.12263184153239 3.3000000000000003
      vertex 4.607753463399113 17.821749773436903 0
    endloop
  endfacet
  facet normal 0.8195028344262375 0.026827745022942252 -0.5724468328712692
    outer loop
      vertex 6.879549788117968 18.261018350385946 3.3000000000000003
      vertex 4.579338226093687 18.110254519403227 0
      vertex 6.875 18.4 3.3000000000000003
    endloop
  endfacet
  facet normal 0.8195028344262376 -0.026827745022942256 -0.5724468328712689
    outer loop
      vertex 6.875 18.4 3.3000000000000003
      vertex 4.569852941176471 18.4 0
      vertex 6.879549788117968 18.53898164961405 3.3000000000000003
    endloop
  endfacet
  facet normal 0.7673884291093784 0.28882455298103316 -0.572446832871269
    outer loop
      vertex 7.036755993413516 17.586797706224182 3.3000000000000003
      vertex 4.907077806337866 16.704656117647303 0
      vertex 6.9877734748229 17.71694113623078 3.3000000000000003
    endloop
  endfacet
  facet normal 0.7468553620133928 0.3383957620412784 -0.572446832871269
    outer loop
      vertex 7.094145424243037 17.460136533284622 3.3000000000000003
      vertex 5.026721861959966 16.44059605987538 0
      vertex 7.036755993413516 17.586797706224182 3.3000000000000003
    endloop
  endfacet
  facet normal 0.7846354211403066 0.23801655284376222 -0.5724468328712689
    outer loop
      vertex 6.9474076191357295 17.85000952915714 3.3000000000000003
      vertex 6.9877734748229 17.71694113623078 3.3000000000000003
      vertex 4.804960271905874 16.97597589819739 0
    endloop
  endfacet
  facet normal 0.7985224838384883 0.18618932928625287 -0.5724468328712689
    outer loop
      vertex 6.9474076191357295 17.85000952915714 3.3000000000000003
      vertex 4.720806541623796 17.253393568571553 0
      vertex 6.915831279143135 17.985433065715725 3.3000000000000003
    endloop
  endfacet
  facet normal 0 0 -1
    outer loop
      vertex 6.7849264705882355 10.236619895442091 0
      vertex 6.7849264705882355 14.563380104557908 0
      vertex 7.04059605987538 14.426721861959965 0
    endloop
  endfacet
  facet normal 0 0 -1
    outer loop
      vertex 7.04059605987538 10.373278138040035 0
      vertex 7.04059605987538 14.426721861959965 0
      vertex 7.304656117647304 14.307077806337864 0
    endloop
  endfacet
  facet normal 0 0 -1
    outer loop
      vertex 7.304656117647304 10.492922193662134 0
      vertex 7.304656117647304 14.307077806337864 0
      vertex 7.575975898197391 14.204960271905872 0
    endloop
  endfacet
  facet normal 0 0 -1
    outer loop
      vertex 7.575975898197391 10.595039728094127 0
      vertex 7.575975898197391 14.204960271905872 0
      vertex 7.853393568571554 14.120806541623795 0
    endloop
  endfacet
  facet normal 0 0 -1
    outer loop
      vertex 7.575975898197391 10.595039728094127 0
      vertex 7.853393568571554 14.120806541623795 0
      vertex 8.135721183715313 14.054976974684216 0
    endloop
  endfacet
  facet normal 0.4775978354355866 0.6664870074674345 -0.5724468328712687
    outer loop
      vertex 7.706381963356469 16.714124151881123 3.3000000000000003
      vertex 6.538742166218307 14.716467342556736 0
      vertex 6.303097345751807 14.885328032900961 0
    endloop
  endfacet
  facet normal 0.4329849259292346 0.6962964005750056 -0.572446832871269
    outer loop
      vertex 7.8194132548333455 16.63312707385709 3.3000000000000003
      vertex 6.7849264705882355 14.563380104557908 0
      vertex 6.538742166218307 14.716467342556736 0
    endloop
  endfacet
  facet normal 0.3865179084969989 0.7231241455979457 -0.5724468328712692
    outer loop
      vertex 7.9375 16.559696016958068 3.3000000000000003
      vertex 7.04059605987538 14.426721861959965 0
      vertex 6.7849264705882355 14.563380104557908 0
    endloop
  endfacet
  facet normal 0.338395762041282 0.7468553620133911 -0.5724468328712687
    outer loop
      vertex 8.060136533284622 16.494145424243037 3.3000000000000003
      vertex 7.304656117647304 14.307077806337864 0
      vertex 7.04059605987538 14.426721861959965 0
    endloop
  endfacet
  facet normal 0.2888245529810278 0.7673884291093807 -0.5724468328712689
    outer loop
      vertex 8.186797706224183 16.436755993413513 3.3000000000000003
      vertex 7.575975898197391 14.204960271905872 0
      vertex 7.304656117647304 14.307077806337864 0
    endloop
  endfacet
  facet normal 0 0 -1
    outer loop
      vertex 7.575975898197391 10.595039728094127 0
      vertex 8.135721183715313 14.054976974684216 0
      vertex 8.421749773436904 14.00775346339911 0
    endloop
  endfacet
  facet normal 0 0 -1
    outer loop
      vertex 7.575975898197391 10.595039728094127 0
      vertex 8.421749773436904 14.00775346339911 0
      vertex 8.710254519403227 13.979338226093684 0
    endloop
  endfacet
  facet normal 0 0 -1
    outer loop
      vertex 7.575975898197391 10.595039728094127 0
      vertex 8.710254519403227 13.979338226093684 0
      vertex 9 13.96985294117647 0
    endloop
  endfacet
  facet normal 0 0 -1
    outer loop
      vertex 7.575975898197391 10.595039728094127 0
      vertex 9 13.96985294117647 0
      vertex 9.289745480596773 13.979338226093684 0
    endloop
  endfacet
  facet normal 0 0 -1
    outer loop
      vertex 7.575975898197391 10.595039728094127 0
      vertex 9.289745480596773 13.979338226093684 0
      vertex 9.578250226563096 14.00775346339911 0
    endloop
  endfacet
  facet normal 0.23801655284376205 0.7846354211403063 -0.5724468328712691
    outer loop
      vertex 8.316941136230781 16.3877734748229 3.3000000000000003
      vertex 7.853393568571554 14.120806541623795 0
      vertex 7.575975898197391 14.204960271905872 0
    endloop
  endfacet
  facet normal 0.18618932928625423 0.7985224838384878 -0.5724468328712692
    outer loop
      vertex 8.450009529157143 16.34740761913573 3.3000000000000003
      vertex 8.135721183715313 14.054976974684216 0
      vertex 7.853393568571554 14.120806541623795 0
    endloop
  endfacet
  facet normal 0.13356481443643323 0.8089901506694717 -0.572446832871269
    outer loop
      vertex 8.585433065715728 16.315831279143133 3.3000000000000003
      vertex 8.421749773436904 14.00775346339911 0
      vertex 8.135721183715313 14.054976974684216 0
    endloop
  endfacet
  facet normal 0.08036835454595839 0.8159935974768603 -0.5724468328712692
    outer loop
      vertex 8.72263184153239 16.293179669580653 3.3000000000000003
      vertex 8.710254519403227 13.979338226093684 0
      vertex 8.421749773436904 14.00775346339911 0
    endloop
  endfacet
  facet normal 0.026827745022934925 0.819502834426238 -0.5724468328712687
    outer loop
      vertex 8.861018350385946 16.279549788117965 3.3000000000000003
      vertex 9 13.96985294117647 0
      vertex 8.710254519403227 13.979338226093684 0
    endloop
  endfacet
  facet normal 0.5605059309947251 0.5984460918540533 -0.5724468328712689
    outer loop
      vertex 7.497398089978587 16.897398089978584 3.3000000000000003
      vertex 7.598890142912354 16.80234040910717 3.3000000000000003
      vertex 6.079001076486827 15.069239088190558 0
    endloop
  endfacet
  facet normal 0.5201655976884433 0.6338236146729451 -0.5724468328712687
    outer loop
      vertex 7.598890142912354 16.80234040910717 3.3000000000000003
      vertex 7.706381963356469 16.714124151881123 3.3000000000000003
      vertex 6.303097345751807 14.885328032900961 0
    endloop
  endfacet
  facet normal 0.6338236146729403 0.5201655976884488 -0.5724468328712692
    outer loop
      vertex 7.314124151881125 17.106381963356466 3.3000000000000003
      vertex 7.402340409107174 16.99889014291235 3.3000000000000003
      vertex 5.66923908819056 15.479001076486824 0
    endloop
  endfacet
  facet normal 0.5984460918540557 0.5605059309947225 -0.5724468328712689
    outer loop
      vertex 7.497398089978587 16.897398089978584 3.3000000000000003
      vertex 5.867412973052243 15.267412973052242 0
      vertex 7.402340409107174 16.99889014291235 3.3000000000000003
    endloop
  endfacet
  facet normal 0.47759783543558154 0.6664870074674378 -0.5724468328712691
    outer loop
      vertex 7.706381963356469 16.714124151881123 3.3000000000000003
      vertex 7.8194132548333455 16.63312707385709 3.3000000000000003
      vertex 6.538742166218307 14.716467342556736 0
    endloop
  endfacet
  facet normal 0.43298492592922816 0.6962964005750094 -0.5724468328712694
    outer loop
      vertex 7.8194132548333455 16.63312707385709 3.3000000000000003
      vertex 7.9375 16.559696016958068 3.3000000000000003
      vertex 6.7849264705882355 14.563380104557908 0
    endloop
  endfacet
  facet normal 0.38651790849700535 0.7231241455979425 -0.5724468328712689
    outer loop
      vertex 7.9375 16.559696016958068 3.3000000000000003
      vertex 8.060136533284622 16.494145424243037 3.3000000000000003
      vertex 7.04059605987538 14.426721861959965 0
    endloop
  endfacet
  facet normal 0.33839576204128763 0.7468553620133889 -0.5724468328712687
    outer loop
      vertex 8.060136533284622 16.494145424243037 3.3000000000000003
      vertex 8.186797706224183 16.436755993413513 3.3000000000000003
      vertex 7.304656117647304 14.307077806337864 0
    endloop
  endfacet
  facet normal 0.28882455298101467 0.7673884291093852 -0.5724468328712693
    outer loop
      vertex 8.186797706224183 16.436755993413513 3.3000000000000003
      vertex 8.316941136230781 16.3877734748229 3.3000000000000003
      vertex 7.575975898197391 14.204960271905872 0
    endloop
  endfacet
  facet normal 0.23801655284376214 0.7846354211403063 -0.5724468328712693
    outer loop
      vertex 8.316941136230781 16.3877734748229 3.3000000000000003
      vertex 8.450009529157143 16.34740761913573 3.3000000000000003
      vertex 7.853393568571554 14.120806541623795 0
    endloop
  endfacet
  facet normal 0.1861893292862655 0.7985224838384855 -0.5724468328712689
    outer loop
      vertex 8.585433065715728 16.315831279143133 3.3000000000000003
      vertex 8.135721183715313 14.054976974684216 0
      vertex 8.450009529157143 16.34740761913573 3.3000000000000003
    endloop
  endfacet
  facet normal 0.13356481443642365 0.8089901506694731 -0.5724468328712694
    outer loop
      vertex 8.585433065715728 16.315831279143133 3.3000000000000003
      vertex 8.72263184153239 16.293179669580653 3.3000000000000003
      vertex 8.421749773436904 14.00775346339911 0
    endloop
  endfacet
  facet normal 0.08036835454597052 0.8159935974768594 -0.5724468328712686
    outer loop
      vertex 8.72263184153239 16.293179669580653 3.3000000000000003
      vertex 8.861018350385946 16.279549788117965 3.3000000000000003
      vertex 8.710254519403227 13.979338226093684 0
    endloop
  endfacet
  facet normal 0.02682774502293145 0.819502834426238 -0.572446832871269
    outer loop
      vertex 8.861018350385946 16.279549788117965 3.3000000000000003
      vertex 9 16.275 3.3000000000000003
      vertex 9 13.96985294117647 0
    endloop
  endfacet
  facet normal 0.8159935974768604 -0.08036835454595792 -0.5724468328712689
    outer loop
      vertex 6.893179669580653 18.67736815846761 3.3000000000000003
      vertex 4.579338226093687 18.68974548059677 0
      vertex 4.607753463399113 18.978250226563095 0
    endloop
  endfacet
  facet normal 0.8089901506694718 -0.13356481443643406 -0.572446832871269
    outer loop
      vertex 6.915831279143135 18.814566934284272 3.3000000000000003
      vertex 4.607753463399113 18.978250226563095 0
      vertex 4.654976974684218 19.264278816284683 0
    endloop
  endfacet
  facet normal 0.7985224838384885 -0.1861893292862523 -0.5724468328712687
    outer loop
      vertex 6.9474076191357295 18.949990470842856 3.3000000000000003
      vertex 4.654976974684218 19.264278816284683 0
      vertex 4.720806541623796 19.546606431428444 0
    endloop
  endfacet
  facet normal 0.7846354211403058 -0.238016552843765 -0.5724468328712687
    outer loop
      vertex 6.9877734748229 19.083058863769217 3.3000000000000003
      vertex 4.720806541623796 19.546606431428444 0
      vertex 4.804960271905874 19.824024101802607 0
    endloop
  endfacet
  facet normal 0.7673884291093809 -0.288824552981027 -0.572446832871269
    outer loop
      vertex 7.036755993413516 19.213202293775815 3.3000000000000003
      vertex 4.804960271905874 19.824024101802607 0
      vertex 4.907077806337866 20.095343882352694 0
    endloop
  endfacet
  facet normal 0.7468553620133934 -0.3383957620412767 -0.572446832871269
    outer loop
      vertex 7.094145424243037 19.339863466715375 3.3000000000000003
      vertex 4.907077806337866 20.095343882352694 0
      vertex 5.026721861959966 20.35940394012462 0
    endloop
  endfacet
  facet normal 0.7231241455979436 -0.3865179084970031 -0.572446832871269
    outer loop
      vertex 7.159696016958068 19.4625 3.3000000000000003
      vertex 5.026721861959966 20.35940394012462 0
      vertex 5.16338010455791 20.615073529411763 0
    endloop
  endfacet
  facet normal 0.6962964005750062 -0.43298492592923354 -0.5724468328712691
    outer loop
      vertex 7.233127073857092 19.580586745166652 3.3000000000000003
      vertex 5.16338010455791 20.615073529411763 0
      vertex 5.316467342556739 20.861257833781693 0
    endloop
  endfacet
  facet normal 0.6664870074674346 -0.47759783543558654 -0.5724468328712685
    outer loop
      vertex 7.314124151881125 19.69361803664353 3.3000000000000003
      vertex 5.316467342556739 20.861257833781693 0
      vertex 5.485328032900962 21.09690265424819 0
    endloop
  endfacet
  facet normal 0.6338236146729485 -0.5201655976884393 -0.572446832871269
    outer loop
      vertex 7.402340409107174 19.801109857087646 3.3000000000000003
      vertex 5.485328032900962 21.09690265424819 0
      vertex 5.66923908819056 21.320998923513173 0
    endloop
  endfacet
  facet normal 0.5984460918540518 -0.5605059309947265 -0.5724468328712691
    outer loop
      vertex 7.497398089978587 19.902601910021414 3.3000000000000003
      vertex 5.66923908819056 21.320998923513173 0
      vertex 5.867412973052243 21.532587026947756 0
    endloop
  endfacet
  facet normal 0.5605059309947267 -0.5984460918540517 -0.5724468328712692
    outer loop
      vertex 7.598890142912354 19.997659590892827 3.3000000000000003
      vertex 5.867412973052243 21.532587026947756 0
      vertex 6.079001076486827 21.73076091180944 0
    endloop
  endfacet
  facet normal 0.5201655976884398 -0.6338236146729479 -0.5724468328712689
    outer loop
      vertex 7.706381963356469 20.085875848118874 3.3000000000000003
      vertex 6.079001076486827 21.73076091180944 0
      vertex 6.303097345751807 21.914671967099036 0
    endloop
  endfacet
  facet normal 0.8159935974768607 -0.08036835454595392 -0.5724468328712691
    outer loop
      vertex 6.879549788117968 18.53898164961405 3.3000000000000003
      vertex 4.579338226093687 18.68974548059677 0
      vertex 6.893179669580653 18.67736815846761 3.3000000000000003
    endloop
  endfacet
  facet normal 0.8089901506694719 -0.1335648144364322 -0.572446832871269
    outer loop
      vertex 6.893179669580653 18.67736815846761 3.3000000000000003
      vertex 4.607753463399113 18.978250226563095 0
      vertex 6.915831279143135 18.814566934284272 3.3000000000000003
    endloop
  endfacet
  facet normal 0.7985224838384885 -0.1861893292862529 -0.5724468328712689
    outer loop
      vertex 6.915831279143135 18.814566934284272 3.3000000000000003
      vertex 4.654976974684218 19.264278816284683 0
      vertex 6.9474076191357295 18.949990470842856 3.3000000000000003
    endloop
  endfacet
  facet normal 0.7846354211403065 -0.23801655284376216 -0.5724468328712689
    outer loop
      vertex 6.9474076191357295 18.949990470842856 3.3000000000000003
      vertex 4.720806541623796 19.546606431428444 0
      vertex 6.9877734748229 19.083058863769217 3.3000000000000003
    endloop
  endfacet
  facet normal 0.7673884291093788 -0.28882455298103327 -0.5724468328712686
    outer loop
      vertex 6.9877734748229 19.083058863769217 3.3000000000000003
      vertex 4.804960271905874 19.824024101802607 0
      vertex 7.036755993413516 19.213202293775815 3.3000000000000003
    endloop
  endfacet
  facet normal 0.7468553620133928 -0.3383957620412784 -0.572446832871269
    outer loop
      vertex 7.036755993413516 19.213202293775815 3.3000000000000003
      vertex 4.907077806337866 20.095343882352694 0
      vertex 7.094145424243037 19.339863466715375 3.3000000000000003
    endloop
  endfacet
  facet normal 0.7231241455979447 -0.3865179084970009 -0.5724468328712691
    outer loop
      vertex 7.094145424243037 19.339863466715375 3.3000000000000003
      vertex 5.026721861959966 20.35940394012462 0
      vertex 7.159696016958068 19.4625 3.3000000000000003
    endloop
  endfacet
  facet normal 0.6962964005750035 -0.4329849259292382 -0.5724468328712689
    outer loop
      vertex 7.159696016958068 19.4625 3.3000000000000003
      vertex 5.16338010455791 20.615073529411763 0
      vertex 7.233127073857092 19.580586745166652 3.3000000000000003
    endloop
  endfacet
  facet normal 0.666487007467443 -0.47759783543557394 -0.5724468328712693
    outer loop
      vertex 7.233127073857092 19.580586745166652 3.3000000000000003
      vertex 5.316467342556739 20.861257833781693 0
      vertex 7.314124151881125 19.69361803664353 3.3000000000000003
    endloop
  endfacet
  facet normal 0.6338236146729407 -0.5201655976884492 -0.5724468328712685
    outer loop
      vertex 7.314124151881125 19.69361803664353 3.3000000000000003
      vertex 5.485328032900962 21.09690265424819 0
      vertex 7.402340409107174 19.801109857087646 3.3000000000000003
    endloop
  endfacet
  facet normal 0 0 -1
    outer loop
      vertex 0 24.8 0
      vertex 7.04059605987538 22.373278138040032 0
      vertex 6.7849264705882355 22.23661989544209 0
    endloop
  endfacet
  facet normal 0 0 -1
    outer loop
      vertex 0 24.8 0
      vertex 7.304656117647304 22.49292219366213 0
      vertex 7.04059605987538 22.373278138040032 0
    endloop
  endfacet
  facet normal 0 0 -1
    outer loop
      vertex 0 24.8 0
      vertex 7.575975898197391 22.595039728094125 0
      vertex 7.304656117647304 22.49292219366213 0
    endloop
  endfacet
  facet normal 0 0 -1
    outer loop
      vertex 0 24.8 0
      vertex 7.853393568571554 22.6791934583762 0
      vertex 7.575975898197391 22.595039728094125 0
    endloop
  endfacet
  facet normal 0 0 -1
    outer loop
      vertex 0 24.8 0
      vertex 8.135721183715313 22.74502302531578 0
      vertex 7.853393568571554 22.6791934583762 0
    endloop
  endfacet
  facet normal 0 0 -1
    outer loop
      vertex 0 24.8 0
      vertex 8.421749773436904 22.79224653660089 0
      vertex 8.135721183715313 22.74502302531578 0
    endloop
  endfacet
  facet normal 0 0 -1
    outer loop
      vertex 0 24.8 0
      vertex 8.710254519403227 22.820661773906313 0
      vertex 8.421749773436904 22.79224653660089 0
    endloop
  endfacet
  facet normal 0 0 -1
    outer loop
      vertex 0 24.8 0
      vertex 9 22.830147058823528 0
      vertex 8.710254519403227 22.820661773906313 0
    endloop
  endfacet
  facet normal 0 0 -1
    outer loop
      vertex 0 24.8 0
      vertex 9.289745480596773 22.820661773906313 0
      vertex 9 22.830147058823528 0
    endloop
  endfacet
  facet normal 0 0 -1
    outer loop
      vertex 0 24.8 0
      vertex 9.578250226563096 22.79224653660089 0
      vertex 9.289745480596773 22.820661773906313 0
    endloop
  endfacet
  facet normal 0 0 -1
    outer loop
      vertex 0 24.8 0
      vertex 9.864278816284687 22.74502302531578 0
      vertex 9.578250226563096 22.79224653660089 0
    endloop
  endfacet
  facet normal 0.47759783543558604 -0.6664870074674343 -0.5724468328712693
    outer loop
      vertex 7.8194132548333455 20.166872926142908 3.3000000000000003
      vertex 6.303097345751807 21.914671967099036 0
      vertex 6.538742166218307 22.08353265744326 0
    endloop
  endfacet
  facet normal 0.4329849259292346 -0.6962964005750053 -0.5724468328712694
    outer loop
      vertex 7.9375 20.24030398304193 3.3000000000000003
      vertex 6.538742166218307 22.08353265744326 0
      vertex 6.7849264705882355 22.23661989544209 0
    endloop
  endfacet
  facet normal 0.3865179084969989 -0.7231241455979457 -0.5724468328712691
    outer loop
      vertex 8.060136533284622 20.30585457575696 3.3000000000000003
      vertex 6.7849264705882355 22.23661989544209 0
      vertex 7.04059605987538 22.373278138040032 0
    endloop
  endfacet
  facet normal 0.5984460918540556 -0.5605059309947223 -0.5724468328712693
    outer loop
      vertex 7.402340409107174 19.801109857087646 3.3000000000000003
      vertex 5.66923908819056 21.320998923513173 0
      vertex 7.497398089978587 19.902601910021414 3.3000000000000003
    endloop
  endfacet
  facet normal 0.5605059309947251 -0.5984460918540533 -0.572446832871269
    outer loop
      vertex 7.497398089978587 19.902601910021414 3.3000000000000003
      vertex 5.867412973052243 21.532587026947756 0
      vertex 7.598890142912354 19.997659590892827 3.3000000000000003
    endloop
  endfacet
  facet normal 0.5201655976884433 -0.6338236146729451 -0.5724468328712691
    outer loop
      vertex 7.598890142912354 19.997659590892827 3.3000000000000003
      vertex 6.079001076486827 21.73076091180944 0
      vertex 7.706381963356469 20.085875848118874 3.3000000000000003
    endloop
  endfacet
  facet normal 0.4775978354355817 -0.666487007467438 -0.5724468328712687
    outer loop
      vertex 7.706381963356469 20.085875848118874 3.3000000000000003
      vertex 6.303097345751807 21.914671967099036 0
      vertex 7.8194132548333455 20.166872926142908 3.3000000000000003
    endloop
  endfacet
  facet normal 0.43298492592922827 -0.6962964005750095 -0.5724468328712687
    outer loop
      vertex 7.8194132548333455 20.166872926142908 3.3000000000000003
      vertex 6.538742166218307 22.08353265744326 0
      vertex 7.9375 20.24030398304193 3.3000000000000003
    endloop
  endfacet
  facet normal 0.3865179084970052 -0.7231241455979421 -0.5724468328712693
    outer loop
      vertex 7.9375 20.24030398304193 3.3000000000000003
      vertex 6.7849264705882355 22.23661989544209 0
      vertex 8.060136533284622 20.30585457575696 3.3000000000000003
    endloop
  endfacet
  facet normal 0.3383957620412875 -0.7468553620133886 -0.5724468328712691
    outer loop
      vertex 8.060136533284622 20.30585457575696 3.3000000000000003
      vertex 7.04059605987538 22.373278138040032 0
      vertex 8.186797706224183 20.363244006586484 3.3000000000000003
    endloop
  endfacet
  facet normal 0.28882455298101495 -0.767388429109386 -0.5724468328712684
    outer loop
      vertex 8.186797706224183 20.363244006586484 3.3000000000000003
      vertex 7.304656117647304 22.49292219366213 0
      vertex 8.316941136230781 20.412226525177097 3.3000000000000003
    endloop
  endfacet
  facet normal 0.23801655284376214 -0.7846354211403063 -0.5724468328712693
    outer loop
      vertex 8.316941136230781 20.412226525177097 3.3000000000000003
      vertex 7.575975898197391 22.595039728094125 0
      vertex 8.450009529157143 20.452592380864267 3.3000000000000003
    endloop
  endfacet
  facet normal 0.18618932928626541 -0.7985224838384852 -0.5724468328712691
    outer loop
      vertex 8.450009529157143 20.452592380864267 3.3000000000000003
      vertex 7.853393568571554 22.6791934583762 0
      vertex 8.585433065715728 20.484168720856864 3.3000000000000003
    endloop
  endfacet
  facet normal 0.1335648144364237 -0.8089901506694734 -0.5724468328712687
    outer loop
      vertex 8.585433065715728 20.484168720856864 3.3000000000000003
      vertex 8.135721183715313 22.74502302531578 0
      vertex 8.72263184153239 20.506820330419345 3.3000000000000003
    endloop
  endfacet
  facet normal 0.08036835454597047 -0.8159935974768587 -0.5724468328712697
    outer loop
      vertex 8.72263184153239 20.506820330419345 3.3000000000000003
      vertex 8.421749773436904 22.79224653660089 0
      vertex 8.861018350385946 20.520450211882032 3.3000000000000003
    endloop
  endfacet
  facet normal 0.026827745022931452 -0.8195028344262381 -0.5724468328712687
    outer loop
      vertex 8.861018350385946 20.520450211882032 3.3000000000000003
      vertex 8.710254519403227 22.820661773906313 0
      vertex 9 20.525 3.3000000000000003
    endloop
  endfacet
  facet normal 0.33839576204127775 -0.7468553620133934 -0.5724468328712684
    outer loop
      vertex 8.186797706224183 20.363244006586484 3.3000000000000003
      vertex 7.04059605987538 22.373278138040032 0
      vertex 7.304656117647304 22.49292219366213 0
    endloop
  endfacet
  facet normal 0.2888245529810317 -0.7673884291093789 -0.5724468328712691
    outer loop
      vertex 8.316941136230781 20.412226525177097 3.3000000000000003
      vertex 7.304656117647304 22.49292219366213 0
      vertex 7.575975898197391 22.595039728094125 0
    endloop
  endfacet
  facet normal 0.23801655284375722 -0.7846354211403079 -0.572446832871269
    outer loop
      vertex 8.450009529157143 20.452592380864267 3.3000000000000003
      vertex 7.575975898197391 22.595039728094125 0
      vertex 7.853393568571554 22.6791934583762 0
    endloop
  endfacet
  facet normal 0.18618932928626006 -0.7985224838384868 -0.5724468328712689
    outer loop
      vertex 8.585433065715728 20.484168720856864 3.3000000000000003
      vertex 7.853393568571554 22.6791934583762 0
      vertex 8.135721183715313 22.74502302531578 0
    endloop
  endfacet
  facet normal 0.13356481443643836 -0.8089901506694706 -0.5724468328712693
    outer loop
      vertex 8.72263184153239 20.506820330419345 3.3000000000000003
      vertex 8.135721183715313 22.74502302531578 0
      vertex 8.421749773436904 22.79224653660089 0
    endloop
  endfacet
  facet normal 0.0803683545459539 -0.815993597476861 -0.5724468328712689
    outer loop
      vertex 8.861018350385946 20.520450211882032 3.3000000000000003
      vertex 8.421749773436904 22.79224653660089 0
      vertex 8.710254519403227 22.820661773906313 0
    endloop
  endfacet
  facet normal 0.026827745022935685 -0.819502834426238 -0.572446832871269
    outer loop
      vertex 9 20.525 3.3000000000000003
      vertex 8.710254519403227 22.820661773906313 0
      vertex 9 22.830147058823528 0
    endloop
  endfacet
  facet normal 0 1 0
    outer loop
      vertex 0 24.8 0
      vertex 0 24.8 10
      vertex 18 24.8 0
    endloop
  endfacet
  facet normal 0.7298640726978395 0.6835923020228674 0
    outer loop
      vertex 7.497398089978587 16.897398089978584 3.3000000000000003
      vertex 7.402340409107174 16.99889014291235 3.3000000000000003
      vertex 7.402340409107174 16.99889014291235 10
    endloop
  endfacet
  facet normal 0.6835923020228705 0.7298640726978364 0
    outer loop
      vertex 7.497398089978587 16.897398089978584 3.3000000000000003
      vertex 7.497398089978587 16.897398089978584 10
      vertex 7.598890142912354 16.80234040910717 3.3000000000000003
    endloop
  endfacet
  facet normal 0.5280678506503595 0.8492021815265841 0
    outer loop
      vertex 7.8194132548333455 16.63312707385709 3.3000000000000003
      vertex 7.8194132548333455 16.63312707385709 10
      vertex 7.9375 16.559696016958068 3.3000000000000003
    endloop
  endfacet
  facet normal 0.6343932841636454 0.7730104533627369 0
    outer loop
      vertex 7.598890142912354 16.80234040910717 3.3000000000000003
      vertex 7.598890142912354 16.80234040910717 10
      vertex 7.706381963356469 16.714124151881123 3.3000000000000003
    endloop
  endfacet
  facet normal 0.5824776968677997 0.8128466845916171 0
    outer loop
      vertex 7.706381963356469 16.714124151881123 3.3000000000000003
      vertex 7.706381963356469 16.714124151881123 10
      vertex 7.8194132548333455 16.63312707385709 3.3000000000000003
    endloop
  endfacet
  facet normal 0.9569403357322089 0.2902846772544621 0
    outer loop
      vertex 6.9474076191357295 17.85000952915714 3.3000000000000003
      vertex 6.9474076191357295 17.85000952915714 10
      vertex 6.9877734748229 17.71694113623078 3.3000000000000003
    endloop
  endfacet
  facet normal 0.9359059267573234 0.35225004792123976 0
    outer loop
      vertex 7.036755993413516 17.586797706224182 3.3000000000000003
      vertex 6.9877734748229 17.71694113623078 3.3000000000000003
      vertex 6.9877734748229 17.71694113623078 10
    endloop
  endfacet
  facet normal 0.881921264348356 0.47139673682599564 0
    outer loop
      vertex 7.094145424243037 17.460136533284622 3.3000000000000003
      vertex 7.094145424243037 17.460136533284622 10
      vertex 7.159696016958068 17.3375 3.3000000000000003
    endloop
  endfacet
  facet normal 0.8128466845916236 0.5824776968677906 0
    outer loop
      vertex 7.233127073857092 17.219413254833345 3.3000000000000003
      vertex 7.233127073857092 17.219413254833345 10
      vertex 7.314124151881125 17.106381963356466 3.3000000000000003
    endloop
  endfacet
  facet normal 0.8492021815265767 0.5280678506503717 0
    outer loop
      vertex 7.159696016958068 17.3375 3.3000000000000003
      vertex 7.159696016958068 17.3375 10
      vertex 7.233127073857092 17.219413254833345 3.3000000000000003
    endloop
  endfacet
  facet normal 0.910863824921175 0.4127070298043965 0
    outer loop
      vertex 7.094145424243037 17.460136533284622 3.3000000000000003
      vertex 7.036755993413516 17.586797706224182 3.3000000000000003
      vertex 7.036755993413516 17.586797706224182 10
    endloop
  endfacet
  facet normal 0.9738769792773339 0.22707626303437217 0
    outer loop
      vertex 6.9474076191357295 17.85000952915714 3.3000000000000003
      vertex 6.915831279143135 17.985433065715725 3.3000000000000003
      vertex 6.915831279143135 17.985433065715725 10
    endloop
  endfacet
  facet normal 0.9866433320848796 0.16289547339458477 0
    outer loop
      vertex 6.915831279143135 17.985433065715725 3.3000000000000003
      vertex 6.893179669580653 18.12263184153239 3.3000000000000003
      vertex 6.893179669580653 18.12263184153239 10
    endloop
  endfacet
  facet normal 0.9951847266721972 0.09801714032955684 0
    outer loop
      vertex 6.879549788117968 18.261018350385946 3.3000000000000003
      vertex 6.879549788117968 18.261018350385946 10
      vertex 6.893179669580653 18.12263184153239 3.3000000000000003
    endloop
  endfacet
  facet normal 0.9994645874763655 0.032719082821780696 0
    outer loop
      vertex 6.879549788117968 18.261018350385946 3.3000000000000003
      vertex 6.875 18.4 3.3000000000000003
      vertex 6.875 18.4 10
    endloop
  endfacet
  facet normal 0.9994645874763655 -0.032719082821780696 0
    outer loop
      vertex 6.875 18.4 3.3000000000000003
      vertex 6.879549788117968 18.53898164961405 3.3000000000000003
      vertex 6.879549788117968 18.53898164961405 10
    endloop
  endfacet
  facet normal 0.7730104533627314 0.6343932841636524 0
    outer loop
      vertex 7.314124151881125 17.106381963356466 3.3000000000000003
      vertex 7.314124151881125 17.106381963356466 10
      vertex 7.402340409107174 16.99889014291235 3.3000000000000003
    endloop
  endfacet
  facet normal 0.471396736826001 0.8819212643483533 0
    outer loop
      vertex 7.9375 16.559696016958068 3.3000000000000003
      vertex 7.9375 16.559696016958068 10
      vertex 8.060136533284622 16.494145424243037 3.3000000000000003
    endloop
  endfacet
  facet normal 0.4127070298044076 0.91086382492117 0
    outer loop
      vertex 8.060136533284622 16.494145424243037 3.3000000000000003
      vertex 8.060136533284622 16.494145424243037 10
      vertex 8.186797706224183 16.436755993413513 3.3000000000000003
    endloop
  endfacet
  facet normal 0.35225004792121734 0.9359059267573318 0
    outer loop
      vertex 8.186797706224183 16.436755993413513 3.3000000000000003
      vertex 8.186797706224183 16.436755993413513 10
      vertex 8.316941136230781 16.3877734748229 3.3000000000000003
    endloop
  endfacet
  facet normal 0.2902846772544621 0.9569403357322089 0
    outer loop
      vertex 8.316941136230781 16.3877734748229 3.3000000000000003
      vertex 8.316941136230781 16.3877734748229 10
      vertex 8.450009529157143 16.34740761913573 3.3000000000000003
    endloop
  endfacet
  facet normal 0.22707626303438755 0.9738769792773303 0
    outer loop
      vertex 8.585433065715728 16.315831279143133 3.3000000000000003
      vertex 8.450009529157143 16.34740761913573 3.3000000000000003
      vertex 8.450009529157143 16.34740761913573 10
    endloop
  endfacet
  facet normal 0.1628954733945744 0.9866433320848813 0
    outer loop
      vertex 8.585433065715728 16.315831279143133 3.3000000000000003
      vertex 8.585433065715728 16.315831279143133 10
      vertex 8.72263184153239 16.293179669580653 3.3000000000000003
    endloop
  endfacet
  facet normal 0.09801714032957706 0.9951847266721953 0
    outer loop
      vertex 8.72263184153239 16.293179669580653 3.3000000000000003
      vertex 8.72263184153239 16.293179669580653 10
      vertex 8.861018350385946 16.279549788117965 3.3000000000000003
    endloop
  endfacet
  facet normal 0.03271908282176751 0.9994645874763659 0
    outer loop
      vertex 8.861018350385946 16.279549788117965 3.3000000000000003
      vertex 8.861018350385946 16.279549788117965 10
      vertex 9 16.275 3.3000000000000003
    endloop
  endfacet
  facet normal 0 0 1
    outer loop
      vertex 0 24.8 10
      vertex 6.879549788117968 6.261018350385946 10
      vertex 6.875 6.4 10
    endloop
  endfacet
  facet normal 0 0 1
    outer loop
      vertex 0 24.8 10
      vertex 6.875 6.4 10
      vertex 6.879549788117968 6.538981649614055 10
    endloop
  endfacet
  facet normal 0 0 1
    outer loop
      vertex 0 24.8 10
      vertex 6.879549788117968 6.538981649614055 10
      vertex 6.893179669580653 6.67736815846761 10
    endloop
  endfacet
  facet normal 0 0 1
    outer loop
      vertex 0 24.8 10
      vertex 6.893179669580653 6.67736815846761 10
      vertex 6.915831279143135 6.814566934284273 10
    endloop
  endfacet
  facet normal 0 0 1
    outer loop
      vertex 0 24.8 10
      vertex 6.915831279143135 6.814566934284273 10
      vertex 6.9474076191357295 6.949990470842857 10
    endloop
  endfacet
  facet normal 0 0 1
    outer loop
      vertex 0 24.8 10
      vertex 6.9474076191357295 6.949990470842857 10
      vertex 6.9877734748229 7.083058863769219 10
    endloop
  endfacet
  facet normal 0 0 1
    outer loop
      vertex 0 24.8 10
      vertex 6.9877734748229 7.083058863769219 10
      vertex 7.036755993413516 7.213202293775816 10
    endloop
  endfacet
  facet normal 0 0 1
    outer loop
      vertex 0 24.8 10
      vertex 7.036755993413516 7.213202293775816 10
      vertex 7.094145424243037 7.339863466715379 10
    endloop
  endfacet
  facet normal 0 0 1
    outer loop
      vertex 0 24.8 10
      vertex 7.094145424243037 7.339863466715379 10
      vertex 7.159696016958068 7.4625 10
    endloop
  endfacet
  facet normal 0 0 1
    outer loop
      vertex 0 24.8 10
      vertex 7.159696016958068 7.4625 10
      vertex 7.233127073857092 7.580586745166655 10
    endloop
  endfacet
  facet normal 0 0 1
    outer loop
      vertex 0 24.8 10
      vertex 7.233127073857092 7.580586745166655 10
      vertex 7.314124151881125 7.693618036643532 10
    endloop
  endfacet
  facet normal 0 0 1
    outer loop
      vertex 0 24.8 10
      vertex 7.314124151881125 7.693618036643532 10
      vertex 7.402340409107174 7.8011098570876465 10
    endloop
  endfacet
  facet normal 0 0 1
    outer loop
      vertex 0 24.8 10
      vertex 7.402340409107174 7.8011098570876465 10
      vertex 7.497398089978587 7.9026019100214135 10
    endloop
  endfacet
  facet normal 0 0 1
    outer loop
      vertex 0 24.8 10
      vertex 7.497398089978587 7.9026019100214135 10
      vertex 7.598890142912354 7.997659590892827 10
    endloop
  endfacet
  facet normal 0 0 1
    outer loop
      vertex 0 24.8 10
      vertex 7.598890142912354 7.997659590892827 10
      vertex 7.706381963356469 8.085875848118874 10
    endloop
  endfacet
  facet normal 0 0 1
    outer loop
      vertex 0 24.8 10
      vertex 7.706381963356469 8.085875848118874 10
      vertex 7.8194132548333455 8.16687292614291 10
    endloop
  endfacet
  facet normal 0 0 1
    outer loop
      vertex 0 24.8 10
      vertex 7.8194132548333455 8.16687292614291 10
      vertex 7.9375 8.240303983041933 10
    endloop
  endfacet
  facet normal 0 0 1
    outer loop
      vertex 0 24.8 10
      vertex 7.9375 8.240303983041933 10
      vertex 8.060136533284622 8.305854575756962 10
    endloop
  endfacet
  facet normal 0 0 1
    outer loop
      vertex 0 24.8 10
      vertex 8.060136533284622 8.305854575756962 10
      vertex 8.186797706224183 8.363244006586484 10
    endloop
  endfacet
  facet normal 0 0 1
    outer loop
      vertex 0 24.8 10
      vertex 8.186797706224183 8.363244006586484 10
      vertex 8.316941136230781 8.4122265251771 10
    endloop
  endfacet
  facet normal 0 0 1
    outer loop
      vertex 0 24.8 10
      vertex 8.316941136230781 8.4122265251771 10
      vertex 8.450009529157143 8.452592380864271 10
    endloop
  endfacet
  facet normal 0 0 1
    outer loop
      vertex 0 24.8 10
      vertex 8.450009529157143 8.452592380864271 10
      vertex 8.585433065715728 8.484168720856864 10
    endloop
  endfacet
  facet normal 0 0 1
    outer loop
      vertex 0 24.8 10
      vertex 8.585433065715728 8.484168720856864 10
      vertex 8.72263184153239 8.506820330419348 10
    endloop
  endfacet
  facet normal 0 0 1
    outer loop
      vertex 0 24.8 10
      vertex 8.72263184153239 8.506820330419348 10
      vertex 8.861018350385946 8.520450211882032 10
    endloop
  endfacet
  facet normal 0 0 1
    outer loop
      vertex 0 24.8 10
      vertex 8.861018350385946 8.520450211882032 10
      vertex 9 8.525 10
    endloop
  endfacet
  facet normal 0 0 1
    outer loop
      vertex 0 24.8 10
      vertex 9 8.525 10
      vertex 9.138981649614054 8.520450211882032 10
    endloop
  endfacet
  facet normal 0 0 1
    outer loop
      vertex 0 24.8 10
      vertex 9.138981649614054 8.520450211882032 10
      vertex 9.27736815846761 8.506820330419348 10
    endloop
  endfacet
  facet normal 0 0 1
    outer loop
      vertex 0 24.8 10
      vertex 9.27736815846761 8.506820330419348 10
      vertex 9.414566934284272 8.484168720856864 10
    endloop
  endfacet
  facet normal 0 0 1
    outer loop
      vertex 0 24.8 10
      vertex 9.414566934284272 8.484168720856864 10
      vertex 9.549990470842857 8.452592380864271 10
    endloop
  endfacet
  facet normal 0 0 1
    outer loop
      vertex 0 24.8 10
      vertex 9.549990470842857 8.452592380864271 10
      vertex 9.683058863769219 8.4122265251771 10
    endloop
  endfacet
  facet normal 0 0 1
    outer loop
      vertex 0 24.8 10
      vertex 9.683058863769219 8.4122265251771 10
      vertex 9.813202293775817 8.363244006586484 10
    endloop
  endfacet
  facet normal 0 0 1
    outer loop
      vertex 0 24.8 10
      vertex 9.813202293775817 8.363244006586484 10
      vertex 9.939863466715378 8.305854575756962 10
    endloop
  endfacet
  facet normal 0 0 1
    outer loop
      vertex 0 24.8 10
      vertex 10.0625 8.240303983041933 10
      vertex 10.180586745166654 8.16687292614291 10
    endloop
  endfacet
  facet normal 0 0 1
    outer loop
      vertex 0 24.8 10
      vertex 9.939863466715378 8.305854575756962 10
      vertex 10.0625 8.240303983041933 10
    endloop
  endfacet
  facet normal 0 0 1
    outer loop
      vertex 0 24.8 10
      vertex 10.180586745166654 8.16687292614291 10
      vertex 10.293618036643531 8.085875848118874 10
    endloop
  endfacet
  facet normal 0 0 1
    outer loop
      vertex 0 24.8 10
      vertex 10.293618036643531 8.085875848118874 10
      vertex 10.401109857087647 7.997659590892827 10
    endloop
  endfacet
  facet normal 0 0 1
    outer loop
      vertex 0 24.8 10
      vertex 10.401109857087647 7.997659590892827 10
      vertex 10.502601910021413 7.9026019100214135 10
    endloop
  endfacet
  facet normal 0 0 1
    outer loop
      vertex 0 24.8 10
      vertex 18 0 10
      vertex 7.497398089978587 16.897398089978584 10
    endloop
  endfacet
  facet normal 0.7730104533627314 0.6343932841636524 0
    outer loop
      vertex 7.402340409107174 16.99889014291235 3.3000000000000003
      vertex 7.314124151881125 17.106381963356466 10
      vertex 7.402340409107174 16.99889014291235 10
    endloop
  endfacet
  facet normal 0.6835923020228705 0.7298640726978364 0
    outer loop
      vertex 7.598890142912354 16.80234040910717 3.3000000000000003
      vertex 7.497398089978587 16.897398089978584 10
      vertex 7.598890142912354 16.80234040910717 10
    endloop
  endfacet
  facet normal 0.7298640726978395 0.6835923020228674 0
    outer loop
      vertex 7.497398089978587 16.897398089978584 3.3000000000000003
      vertex 7.402340409107174 16.99889014291235 10
      vertex 7.497398089978587 16.897398089978584 10
    endloop
  endfacet
  facet normal 0.5824776968677997 0.8128466845916171 0
    outer loop
      vertex 7.8194132548333455 16.63312707385709 3.3000000000000003
      vertex 7.706381963356469 16.714124151881123 10
      vertex 7.8194132548333455 16.63312707385709 10
    endloop
  endfacet
  facet normal 0.6343932841636454 0.7730104533627369 0
    outer loop
      vertex 7.706381963356469 16.714124151881123 3.3000000000000003
      vertex 7.598890142912354 16.80234040910717 10
      vertex 7.706381963356469 16.714124151881123 10
    endloop
  endfacet
  facet normal 0.9359059267573234 0.35225004792123976 0
    outer loop
      vertex 7.036755993413516 17.586797706224182 3.3000000000000003
      vertex 6.9877734748229 17.71694113623078 10
      vertex 7.036755993413516 17.586797706224182 10
    endloop
  endfacet
  facet normal 0.9569403357322089 0.2902846772544621 0
    outer loop
      vertex 6.9877734748229 17.71694113623078 3.3000000000000003
      vertex 6.9474076191357295 17.85000952915714 10
      vertex 6.9877734748229 17.71694113623078 10
    endloop
  endfacet
  facet normal 0.881921264348356 0.47139673682599564 0
    outer loop
      vertex 7.159696016958068 17.3375 3.3000000000000003
      vertex 7.094145424243037 17.460136533284622 10
      vertex 7.159696016958068 17.3375 10
    endloop
  endfacet
  facet normal 0.8128466845916236 0.5824776968677906 0
    outer loop
      vertex 7.314124151881125 17.106381963356466 3.3000000000000003
      vertex 7.233127073857092 17.219413254833345 10
      vertex 7.314124151881125 17.106381963356466 10
    endloop
  endfacet
  facet normal 0.8492021815265767 0.5280678506503717 0
    outer loop
      vertex 7.233127073857092 17.219413254833345 3.3000000000000003
      vertex 7.159696016958068 17.3375 10
      vertex 7.233127073857092 17.219413254833345 10
    endloop
  endfacet
  facet normal 0.910863824921175 0.4127070298043965 0
    outer loop
      vertex 7.094145424243037 17.460136533284622 3.3000000000000003
      vertex 7.036755993413516 17.586797706224182 10
      vertex 7.094145424243037 17.460136533284622 10
    endloop
  endfacet
  facet normal 0.9951847266721972 0.09801714032955684 0
    outer loop
      vertex 6.893179669580653 18.12263184153239 3.3000000000000003
      vertex 6.879549788117968 18.261018350385946 10
      vertex 6.893179669580653 18.12263184153239 10
    endloop
  endfacet
  facet normal 0.9738769792773339 0.22707626303437217 0
    outer loop
      vertex 6.9474076191357295 17.85000952915714 3.3000000000000003
      vertex 6.915831279143135 17.985433065715725 10
      vertex 6.9474076191357295 17.85000952915714 10
    endloop
  endfacet
  facet normal 0.9866433320848796 0.16289547339458477 0
    outer loop
      vertex 6.915831279143135 17.985433065715725 3.3000000000000003
      vertex 6.893179669580653 18.12263184153239 10
      vertex 6.915831279143135 17.985433065715725 10
    endloop
  endfacet
  facet normal 0.9994645874763655 0.032719082821780696 0
    outer loop
      vertex 6.879549788117968 18.261018350385946 3.3000000000000003
      vertex 6.875 18.4 10
      vertex 6.879549788117968 18.261018350385946 10
    endloop
  endfacet
  facet normal 0.9994645874763655 -0.032719082821780696 0
    outer loop
      vertex 6.875 18.4 3.3000000000000003
      vertex 6.879549788117968 18.53898164961405 10
      vertex 6.875 18.4 10
    endloop
  endfacet
  facet normal 0.9951847266721972 -0.09801714032955684 0
    outer loop
      vertex 6.879549788117968 18.53898164961405 3.3000000000000003
      vertex 6.893179669580653 18.67736815846761 10
      vertex 6.879549788117968 18.53898164961405 10
    endloop
  endfacet
  facet normal 0.5280678506503595 0.8492021815265841 0
    outer loop
      vertex 7.9375 16.559696016958068 3.3000000000000003
      vertex 7.8194132548333455 16.63312707385709 10
      vertex 7.9375 16.559696016958068 10
    endloop
  endfacet
  facet normal 0.4127070298044076 0.91086382492117 0
    outer loop
      vertex 8.186797706224183 16.436755993413513 3.3000000000000003
      vertex 8.060136533284622 16.494145424243037 10
      vertex 8.186797706224183 16.436755993413513 10
    endloop
  endfacet
  facet normal 0.471396736826001 0.8819212643483533 0
    outer loop
      vertex 8.060136533284622 16.494145424243037 3.3000000000000003
      vertex 7.9375 16.559696016958068 10
      vertex 8.060136533284622 16.494145424243037 10
    endloop
  endfacet
  facet normal 0.35225004792121734 0.9359059267573318 0
    outer loop
      vertex 8.316941136230781 16.3877734748229 3.3000000000000003
      vertex 8.186797706224183 16.436755993413513 10
      vertex 8.316941136230781 16.3877734748229 10
    endloop
  endfacet
  facet normal 0.2902846772544621 0.9569403357322089 0
    outer loop
      vertex 8.450009529157143 16.34740761913573 3.3000000000000003
      vertex 8.316941136230781 16.3877734748229 10
      vertex 8.450009529157143 16.34740761913573 10
    endloop
  endfacet
  facet normal 0.22707626303438755 0.9738769792773303 0
    outer loop
      vertex 8.585433065715728 16.315831279143133 3.3000000000000003
      vertex 8.450009529157143 16.34740761913573 10
      vertex 8.585433065715728 16.315831279143133 10
    endloop
  endfacet
  facet normal 0.1628954733945744 0.9866433320848813 0
    outer loop
      vertex 8.72263184153239 16.293179669580653 3.3000000000000003
      vertex 8.585433065715728 16.315831279143133 10
      vertex 8.72263184153239 16.293179669580653 10
    endloop
  endfacet
  facet normal 0.09801714032957706 0.9951847266721953 0
    outer loop
      vertex 8.861018350385946 16.279549788117965 3.3000000000000003
      vertex 8.72263184153239 16.293179669580653 10
      vertex 8.861018350385946 16.279549788117965 10
    endloop
  endfacet
  facet normal 0.03271908282176751 0.9994645874763659 0
    outer loop
      vertex 9 16.275 3.3000000000000003
      vertex 8.861018350385946 16.279549788117965 10
      vertex 9 16.275 10
    endloop
  endfacet
  facet normal 0.9951847266721972 -0.09801714032955684 0
    outer loop
      vertex 6.879549788117968 18.53898164961405 3.3000000000000003
      vertex 6.893179669580653 18.67736815846761 3.3000000000000003
      vertex 6.893179669580653 18.67736815846761 10
    endloop
  endfacet
  facet normal 0.9866433320848796 -0.16289547339458477 0
    outer loop
      vertex 6.893179669580653 18.67736815846761 3.3000000000000003
      vertex 6.915831279143135 18.814566934284272 3.3000000000000003
      vertex 6.915831279143135 18.814566934284272 10
    endloop
  endfacet
  facet normal 0.9738769792773339 -0.22707626303437217 0
    outer loop
      vertex 6.915831279143135 18.814566934284272 3.3000000000000003
      vertex 6.9474076191357295 18.949990470842856 3.3000000000000003
      vertex 6.9474076191357295 18.949990470842856 10
    endloop
  endfacet
  facet normal 0.9569403357322089 -0.2902846772544621 0
    outer loop
      vertex 6.9474076191357295 18.949990470842856 3.3000000000000003
      vertex 6.9877734748229 19.083058863769217 3.3000000000000003
      vertex 6.9877734748229 19.083058863769217 10
    endloop
  endfacet
  facet normal 0.9359059267573234 -0.35225004792123976 0
    outer loop
      vertex 6.9877734748229 19.083058863769217 3.3000000000000003
      vertex 7.036755993413516 19.213202293775815 3.3000000000000003
      vertex 7.036755993413516 19.213202293775815 10
    endloop
  endfacet
  facet normal 0.910863824921175 -0.4127070298043965 0
    outer loop
      vertex 7.036755993413516 19.213202293775815 3.3000000000000003
      vertex 7.094145424243037 19.339863466715375 3.3000000000000003
      vertex 7.094145424243037 19.339863466715375 10
    endloop
  endfacet
  facet normal 0.881921264348356 -0.47139673682599564 0
    outer loop
      vertex 7.094145424243037 19.339863466715375 3.3000000000000003
      vertex 7.159696016958068 19.4625 3.3000000000000003
      vertex 7.159696016958068 19.4625 10
    endloop
  endfacet
  facet normal 0.8492021815265767 -0.5280678506503717 0
    outer loop
      vertex 7.159696016958068 19.4625 3.3000000000000003
      vertex 7.233127073857092 19.580586745166652 3.3000000000000003
      vertex 7.233127073857092 19.580586745166652 10
    endloop
  endfacet
  facet normal 0.8128466845916236 -0.5824776968677906 0
    outer loop
      vertex 7.233127073857092 19.580586745166652 3.3000000000000003
      vertex 7.314124151881125 19.69361803664353 3.3000000000000003
      vertex 7.314124151881125 19.69361803664353 10
    endloop
  endfacet
  facet normal 0.7730104533627314 -0.6343932841636524 0
    outer loop
      vertex 7.314124151881125 19.69361803664353 3.3000000000000003
      vertex 7.402340409107174 19.801109857087646 3.3000000000000003
      vertex 7.402340409107174 19.801109857087646 10
    endloop
  endfacet
  facet normal 0.7298640726978395 -0.6835923020228674 0
    outer loop
      vertex 7.402340409107174 19.801109857087646 3.3000000000000003
      vertex 7.497398089978587 19.902601910021414 3.3000000000000003
      vertex 7.497398089978587 19.902601910021414 10
    endloop
  endfacet
  facet normal 0.6835923020228705 -0.7298640726978364 0
    outer loop
      vertex 7.497398089978587 19.902601910021414 3.3000000000000003
      vertex 7.598890142912354 19.997659590892827 3.3000000000000003
      vertex 7.598890142912354 19.997659590892827 10
    endloop
  endfacet
  facet normal 0.6343932841636454 -0.7730104533627369 0
    outer loop
      vertex 7.598890142912354 19.997659590892827 3.3000000000000003
      vertex 7.706381963356469 20.085875848118874 3.3000000000000003
      vertex 7.706381963356469 20.085875848118874 10
    endloop
  endfacet
  facet normal 0.5824776968677997 -0.8128466845916171 0
    outer loop
      vertex 7.706381963356469 20.085875848118874 3.3000000000000003
      vertex 7.8194132548333455 20.166872926142908 3.3000000000000003
      vertex 7.8194132548333455 20.166872926142908 10
    endloop
  endfacet
  facet normal 0.5280678506503595 -0.8492021815265841 0
    outer loop
      vertex 7.8194132548333455 20.166872926142908 3.3000000000000003
      vertex 7.9375 20.24030398304193 3.3000000000000003
      vertex 7.9375 20.24030398304193 10
    endloop
  endfacet
  facet normal 0.471396736826001 -0.8819212643483533 0
    outer loop
      vertex 7.9375 20.24030398304193 3.3000000000000003
      vertex 8.060136533284622 20.30585457575696 3.3000000000000003
      vertex 8.060136533284622 20.30585457575696 10
    endloop
  endfacet
  facet normal 0.4127070298044076 -0.91086382492117 0
    outer loop
      vertex 8.060136533284622 20.30585457575696 3.3000000000000003
      vertex 8.186797706224183 20.363244006586484 3.3000000000000003
      vertex 8.186797706224183 20.363244006586484 10
    endloop
  endfacet
  facet normal 0.35225004792121734 -0.9359059267573318 0
    outer loop
      vertex 8.186797706224183 20.363244006586484 3.3000000000000003
      vertex 8.316941136230781 20.412226525177097 3.3000000000000003
      vertex 8.316941136230781 20.412226525177097 10
    endloop
  endfacet
  facet normal 0.2902846772544621 -0.9569403357322089 0
    outer loop
      vertex 8.316941136230781 20.412226525177097 3.3000000000000003
      vertex 8.450009529157143 20.452592380864267 3.3000000000000003
      vertex 8.450009529157143 20.452592380864267 10
    endloop
  endfacet
  facet normal 0.22707626303438755 -0.9738769792773303 0
    outer loop
      vertex 8.450009529157143 20.452592380864267 3.3000000000000003
      vertex 8.585433065715728 20.484168720856864 3.3000000000000003
      vertex 8.585433065715728 20.484168720856864 10
    endloop
  endfacet
  facet normal 0.1628954733945744 -0.9866433320848813 0
    outer loop
      vertex 8.585433065715728 20.484168720856864 3.3000000000000003
      vertex 8.72263184153239 20.506820330419345 3.3000000000000003
      vertex 8.72263184153239 20.506820330419345 10
    endloop
  endfacet
  facet normal 0.09801714032957706 -0.9951847266721953 0
    outer loop
      vertex 8.72263184153239 20.506820330419345 3.3000000000000003
      vertex 8.861018350385946 20.520450211882032 3.3000000000000003
      vertex 8.861018350385946 20.520450211882032 10
    endloop
  endfacet
  facet normal 0.03271908282176751 -0.9994645874763659 0
    outer loop
      vertex 8.861018350385946 20.520450211882032 3.3000000000000003
      vertex 9 20.525 3.3000000000000003
      vertex 9 20.525 10
    endloop
  endfacet
  facet normal 0 0 1
    outer loop
      vertex 0 24.8 10
      vertex 7.094145424243037 17.460136533284622 10
      vertex 7.036755993413516 17.586797706224182 10
    endloop
  endfacet
  facet normal 0 0 1
    outer loop
      vertex 0 24.8 10
      vertex 7.159696016958068 17.3375 10
      vertex 7.094145424243037 17.460136533284622 10
    endloop
  endfacet
  facet normal 0 0 1
    outer loop
      vertex 0 24.8 10
      vertex 7.036755993413516 17.586797706224182 10
      vertex 6.9877734748229 17.71694113623078 10
    endloop
  endfacet
  facet normal 0 0 1
    outer loop
      vertex 0 24.8 10
      vertex 6.9877734748229 17.71694113623078 10
      vertex 6.9474076191357295 17.85000952915714 10
    endloop
  endfacet
  facet normal 0 0 1
    outer loop
      vertex 0 24.8 10
      vertex 7.314124151881125 17.106381963356466 10
      vertex 7.233127073857092 17.219413254833345 10
    endloop
  endfacet
  facet normal 0 0 1
    outer loop
      vertex 0 24.8 10
      vertex 7.402340409107174 16.99889014291235 10
      vertex 7.314124151881125 17.106381963356466 10
    endloop
  endfacet
  facet normal 0 0 1
    outer loop
      vertex 0 24.8 10
      vertex 7.497398089978587 16.897398089978584 10
      vertex 7.402340409107174 16.99889014291235 10
    endloop
  endfacet
  facet normal 0 0 1
    outer loop
      vertex 0 24.8 10
      vertex 7.233127073857092 17.219413254833345 10
      vertex 7.159696016958068 17.3375 10
    endloop
  endfacet
  facet normal 0 0 1
    outer loop
      vertex 0 24.8 10
      vertex 6.9474076191357295 17.85000952915714 10
      vertex 6.915831279143135 17.985433065715725 10
    endloop
  endfacet
  facet normal 0 0 1
    outer loop
      vertex 0 24.8 10
      vertex 6.915831279143135 17.985433065715725 10
      vertex 6.893179669580653 18.12263184153239 10
    endloop
  endfacet
  facet normal 0 0 1
    outer loop
      vertex 0 24.8 10
      vertex 6.893179669580653 18.12263184153239 10
      vertex 6.879549788117968 18.261018350385946 10
    endloop
  endfacet
  facet normal 0 0 1
    outer loop
      vertex 0 24.8 10
      vertex 6.879549788117968 18.261018350385946 10
      vertex 6.875 18.4 10
    endloop
  endfacet
  facet normal 0 0 1
    outer loop
      vertex 0 24.8 10
      vertex 6.875 18.4 10
      vertex 6.879549788117968 18.53898164961405 10
    endloop
  endfacet
  facet normal 0 0 1
    outer loop
      vertex 0 24.8 10
      vertex 6.879549788117968 18.53898164961405 10
      vertex 6.893179669580653 18.67736815846761 10
    endloop
  endfacet
  facet normal 0 0 1
    outer loop
      vertex 0 24.8 10
      vertex 6.893179669580653 18.67736815846761 10
      vertex 6.915831279143135 18.814566934284272 10
    endloop
  endfacet
  facet normal 0 0 1
    outer loop
      vertex 0 24.8 10
      vertex 6.915831279143135 18.814566934284272 10
      vertex 6.9474076191357295 18.949990470842856 10
    endloop
  endfacet
  facet normal 0 0 1
    outer loop
      vertex 0 24.8 10
      vertex 6.9474076191357295 18.949990470842856 10
      vertex 6.9877734748229 19.083058863769217 10
    endloop
  endfacet
  facet normal 0 0 1
    outer loop
      vertex 0 24.8 10
      vertex 6.9877734748229 19.083058863769217 10
      vertex 7.036755993413516 19.213202293775815 10
    endloop
  endfacet
  facet normal 0 0 1
    outer loop
      vertex 0 24.8 10
      vertex 7.036755993413516 19.213202293775815 10
      vertex 7.094145424243037 19.339863466715375 10
    endloop
  endfacet
  facet normal 0 0 1
    outer loop
      vertex 0 24.8 10
      vertex 7.094145424243037 19.339863466715375 10
      vertex 7.159696016958068 19.4625 10
    endloop
  endfacet
  facet normal 0 0 1
    outer loop
      vertex 0 24.8 10
      vertex 7.159696016958068 19.4625 10
      vertex 7.233127073857092 19.580586745166652 10
    endloop
  endfacet
  facet normal 0 0 1
    outer loop
      vertex 0 24.8 10
      vertex 7.233127073857092 19.580586745166652 10
      vertex 7.314124151881125 19.69361803664353 10
    endloop
  endfacet
  facet normal 0 0 1
    outer loop
      vertex 0 24.8 10
      vertex 7.314124151881125 19.69361803664353 10
      vertex 7.402340409107174 19.801109857087646 10
    endloop
  endfacet
  facet normal 0 0 1
    outer loop
      vertex 0 24.8 10
      vertex 7.402340409107174 19.801109857087646 10
      vertex 7.497398089978587 19.902601910021414 10
    endloop
  endfacet
  facet normal 0 0 1
    outer loop
      vertex 0 24.8 10
      vertex 7.497398089978587 19.902601910021414 10
      vertex 7.598890142912354 19.997659590892827 10
    endloop
  endfacet
  facet normal 0 0 1
    outer loop
      vertex 0 24.8 10
      vertex 7.598890142912354 19.997659590892827 10
      vertex 7.706381963356469 20.085875848118874 10
    endloop
  endfacet
  facet normal 0 0 1
    outer loop
      vertex 0 24.8 10
      vertex 7.706381963356469 20.085875848118874 10
      vertex 7.8194132548333455 20.166872926142908 10
    endloop
  endfacet
  facet normal 0 0 1
    outer loop
      vertex 0 24.8 10
      vertex 7.8194132548333455 20.166872926142908 10
      vertex 7.9375 20.24030398304193 10
    endloop
  endfacet
  facet normal 0 0 1
    outer loop
      vertex 0 24.8 10
      vertex 7.9375 20.24030398304193 10
      vertex 8.060136533284622 20.30585457575696 10
    endloop
  endfacet
  facet normal 0 0 1
    outer loop
      vertex 0 24.8 10
      vertex 8.060136533284622 20.30585457575696 10
      vertex 8.186797706224183 20.363244006586484 10
    endloop
  endfacet
  facet normal 0 0 1
    outer loop
      vertex 0 24.8 10
      vertex 8.186797706224183 20.363244006586484 10
      vertex 8.316941136230781 20.412226525177097 10
    endloop
  endfacet
  facet normal 0 0 1
    outer loop
      vertex 0 24.8 10
      vertex 8.316941136230781 20.412226525177097 10
      vertex 8.450009529157143 20.452592380864267 10
    endloop
  endfacet
  facet normal 0 0 1
    outer loop
      vertex 0 24.8 10
      vertex 8.450009529157143 20.452592380864267 10
      vertex 8.585433065715728 20.484168720856864 10
    endloop
  endfacet
  facet normal 0 0 1
    outer loop
      vertex 0 24.8 10
      vertex 8.585433065715728 20.484168720856864 10
      vertex 8.72263184153239 20.506820330419345 10
    endloop
  endfacet
  facet normal 0 0 1
    outer loop
      vertex 0 24.8 10
      vertex 8.72263184153239 20.506820330419345 10
      vertex 8.861018350385946 20.520450211882032 10
    endloop
  endfacet
  facet normal 0 0 1
    outer loop
      vertex 0 24.8 10
      vertex 8.861018350385946 20.520450211882032 10
      vertex 9 20.525 10
    endloop
  endfacet
  facet normal 0 0 1
    outer loop
      vertex 0 24.8 10
      vertex 9 20.525 10
      vertex 9.138981649614054 20.520450211882032 10
    endloop
  endfacet
  facet normal 0 0 1
    outer loop
      vertex 0 24.8 10
      vertex 9.138981649614054 20.520450211882032 10
      vertex 9.27736815846761 20.506820330419345 10
    endloop
  endfacet
  facet normal 0 0 1
    outer loop
      vertex 0 24.8 10
      vertex 9.27736815846761 20.506820330419345 10
      vertex 9.414566934284272 20.484168720856864 10
    endloop
  endfacet
  facet normal 0 0 1
    outer loop
      vertex 0 24.8 10
      vertex 9.414566934284272 20.484168720856864 10
      vertex 9.549990470842857 20.452592380864267 10
    endloop
  endfacet
  facet normal 0 0 1
    outer loop
      vertex 0 24.8 10
      vertex 9.549990470842857 20.452592380864267 10
      vertex 9.683058863769219 20.412226525177097 10
    endloop
  endfacet
  facet normal 0 0 1
    outer loop
      vertex 0 24.8 10
      vertex 9.683058863769219 20.412226525177097 10
      vertex 9.813202293775817 20.363244006586484 10
    endloop
  endfacet
  facet normal 0.9866433320848796 -0.16289547339458477 0
    outer loop
      vertex 6.893179669580653 18.67736815846761 3.3000000000000003
      vertex 6.915831279143135 18.814566934284272 10
      vertex 6.893179669580653 18.67736815846761 10
    endloop
  endfacet
  facet normal 0.9738769792773339 -0.22707626303437217 0
    outer loop
      vertex 6.915831279143135 18.814566934284272 3.3000000000000003
      vertex 6.9474076191357295 18.949990470842856 10
      vertex 6.915831279143135 18.814566934284272 10
    endloop
  endfacet
  facet normal 0.9569403357322089 -0.2902846772544621 0
    outer loop
      vertex 6.9474076191357295 18.949990470842856 3.3000000000000003
      vertex 6.9877734748229 19.083058863769217 10
      vertex 6.9474076191357295 18.949990470842856 10
    endloop
  endfacet
  facet normal 0.9359059267573234 -0.35225004792123976 0
    outer loop
      vertex 6.9877734748229 19.083058863769217 3.3000000000000003
      vertex 7.036755993413516 19.213202293775815 10
      vertex 6.9877734748229 19.083058863769217 10
    endloop
  endfacet
  facet normal 0.910863824921175 -0.4127070298043965 0
    outer loop
      vertex 7.036755993413516 19.213202293775815 3.3000000000000003
      vertex 7.094145424243037 19.339863466715375 10
      vertex 7.036755993413516 19.213202293775815 10
    endloop
  endfacet
  facet normal 0.881921264348356 -0.47139673682599564 0
    outer loop
      vertex 7.094145424243037 19.339863466715375 3.3000000000000003
      vertex 7.159696016958068 19.4625 10
      vertex 7.094145424243037 19.339863466715375 10
    endloop
  endfacet
  facet normal 0.8492021815265767 -0.5280678506503717 0
    outer loop
      vertex 7.159696016958068 19.4625 3.3000000000000003
      vertex 7.233127073857092 19.580586745166652 10
      vertex 7.159696016958068 19.4625 10
    endloop
  endfacet
  facet normal 0.8128466845916236 -0.5824776968677906 0
    outer loop
      vertex 7.233127073857092 19.580586745166652 3.3000000000000003
      vertex 7.314124151881125 19.69361803664353 10
      vertex 7.233127073857092 19.580586745166652 10
    endloop
  endfacet
  facet normal 0.7730104533627314 -0.6343932841636524 0
    outer loop
      vertex 7.314124151881125 19.69361803664353 3.3000000000000003
      vertex 7.402340409107174 19.801109857087646 10
      vertex 7.314124151881125 19.69361803664353 10
    endloop
  endfacet
  facet normal 0.7298640726978395 -0.6835923020228674 0
    outer loop
      vertex 7.402340409107174 19.801109857087646 3.3000000000000003
      vertex 7.497398089978587 19.902601910021414 10
      vertex 7.402340409107174 19.801109857087646 10
    endloop
  endfacet
  facet normal 0.6835923020228705 -0.7298640726978364 0
    outer loop
      vertex 7.497398089978587 19.902601910021414 3.3000000000000003
      vertex 7.598890142912354 19.997659590892827 10
      vertex 7.497398089978587 19.902601910021414 10
    endloop
  endfacet
  facet normal 0.6343932841636454 -0.7730104533627369 0
    outer loop
      vertex 7.598890142912354 19.997659590892827 3.3000000000000003
      vertex 7.706381963356469 20.085875848118874 10
      vertex 7.598890142912354 19.997659590892827 10
    endloop
  endfacet
  facet normal 0.5824776968677997 -0.8128466845916171 0
    outer loop
      vertex 7.706381963356469 20.085875848118874 3.3000000000000003
      vertex 7.8194132548333455 20.166872926142908 10
      vertex 7.706381963356469 20.085875848118874 10
    endloop
  endfacet
  facet normal 0.5280678506503595 -0.8492021815265841 0
    outer loop
      vertex 7.8194132548333455 20.166872926142908 3.3000000000000003
      vertex 7.9375 20.24030398304193 10
      vertex 7.8194132548333455 20.166872926142908 10
    endloop
  endfacet
  facet normal 0.471396736826001 -0.8819212643483533 0
    outer loop
      vertex 7.9375 20.24030398304193 3.3000000000000003
      vertex 8.060136533284622 20.30585457575696 10
      vertex 7.9375 20.24030398304193 10
    endloop
  endfacet
  facet normal 0.4127070298044076 -0.91086382492117 0
    outer loop
      vertex 8.060136533284622 20.30585457575696 3.3000000000000003
      vertex 8.186797706224183 20.363244006586484 10
      vertex 8.060136533284622 20.30585457575696 10
    endloop
  endfacet
  facet normal 0.35225004792121734 -0.9359059267573318 0
    outer loop
      vertex 8.186797706224183 20.363244006586484 3.3000000000000003
      vertex 8.316941136230781 20.412226525177097 10
      vertex 8.186797706224183 20.363244006586484 10
    endloop
  endfacet
  facet normal 0.2902846772544621 -0.9569403357322089 0
    outer loop
      vertex 8.316941136230781 20.412226525177097 3.3000000000000003
      vertex 8.450009529157143 20.452592380864267 10
      vertex 8.316941136230781 20.412226525177097 10
    endloop
  endfacet
  facet normal 0.22707626303438755 -0.9738769792773303 0
    outer loop
      vertex 8.450009529157143 20.452592380864267 3.3000000000000003
      vertex 8.585433065715728 20.484168720856864 10
      vertex 8.450009529157143 20.452592380864267 10
    endloop
  endfacet
  facet normal 0.1628954733945744 -0.9866433320848813 0
    outer loop
      vertex 8.585433065715728 20.484168720856864 3.3000000000000003
      vertex 8.72263184153239 20.506820330419345 10
      vertex 8.585433065715728 20.484168720856864 10
    endloop
  endfacet
  facet normal 0.09801714032957706 -0.9951847266721953 0
    outer loop
      vertex 8.72263184153239 20.506820330419345 3.3000000000000003
      vertex 8.861018350385946 20.520450211882032 10
      vertex 8.72263184153239 20.506820330419345 10
    endloop
  endfacet
  facet normal 0.03271908282176751 -0.9994645874763659 0
    outer loop
      vertex 8.861018350385946 20.520450211882032 3.3000000000000003
      vertex 9 20.525 10
      vertex 8.861018350385946 20.520450211882032 10
    endloop
  endfacet
  facet normal -0.026827745022940244 0.8195028344262376 -0.5724468328712689
    outer loop
      vertex 9 4.275 3.3000000000000003
      vertex 9.289745480596773 1.9793382260936876 0
      vertex 9 1.969852941176471 0
    endloop
  endfacet
  facet normal -0.08036835454595616 0.8159935974768607 -0.572446832871269
    outer loop
      vertex 9.138981649614054 4.2795497881179685 3.3000000000000003
      vertex 9.578250226563096 2.0077534633991125 0
      vertex 9.289745480596773 1.9793382260936876 0
    endloop
  endfacet
  facet normal -0.13356481443643545 0.8089901506694713 -0.5724468328712689
    outer loop
      vertex 9.27736815846761 4.2931796695806534 3.3000000000000003
      vertex 9.864278816284687 2.0549769746842186 0
      vertex 9.578250226563096 2.0077534633991125 0
    endloop
  endfacet
  facet normal -0.18618932928625298 0.7985224838384881 -0.5724468328712691
    outer loop
      vertex 9.414566934284272 4.3158312791431355 3.3000000000000003
      vertex 10.146606431428447 2.120806541623797 0
      vertex 9.864278816284687 2.0549769746842186 0
    endloop
  endfacet
  facet normal -0.23801655284376355 0.784635421140306 -0.5724468328712689
    outer loop
      vertex 9.549990470842857 4.34740761913573 3.3000000000000003
      vertex 10.424024101802608 2.204960271905874 0
      vertex 10.146606431428447 2.120806541623797 0
    endloop
  endfacet
  facet normal -0.28882455298102844 0.7673884291093807 -0.5724468328712687
    outer loop
      vertex 9.683058863769219 4.3877734748229 3.3000000000000003
      vertex 10.695343882352695 2.3070778063378663 0
      vertex 10.424024101802608 2.204960271905874 0
    endloop
  endfacet
  facet normal -0.33839576204127675 0.7468553620133935 -0.5724468328712689
    outer loop
      vertex 9.813202293775817 4.436755993413517 3.3000000000000003
      vertex 10.95940394012462 2.426721861959966 0
      vertex 10.695343882352695 2.3070778063378663 0
    endloop
  endfacet
  facet normal -0.38651790849700246 0.7231241455979438 -0.5724468328712691
    outer loop
      vertex 9.939863466715378 4.494145424243038 3.3000000000000003
      vertex 11.215073529411764 2.5633801045579103 0
      vertex 10.95940394012462 2.426721861959966 0
    endloop
  endfacet
  facet normal -0.4329849259292363 0.6962964005750045 -0.5724468328712687
    outer loop
      vertex 10.0625 4.5596960169580685 3.3000000000000003
      vertex 11.461257833781692 2.7164673425567396 0
      vertex 11.215073529411764 2.5633801045579103 0
    endloop
  endfacet
  facet normal -0.47759783543558065 0.6664870074674384 -0.5724468328712691
    outer loop
      vertex 10.180586745166654 4.633127073857092 3.3000000000000003
      vertex 11.696902654248193 2.8853280329009623 0
      vertex 11.461257833781692 2.7164673425567396 0
    endloop
  endfacet
  facet normal -0.026827745022941912 0.8195028344262376 -0.572446832871269
    outer loop
      vertex 9 4.275 3.3000000000000003
      vertex 9.138981649614054 4.2795497881179685 3.3000000000000003
      vertex 9.289745480596773 1.9793382260936876 0
    endloop
  endfacet
  facet normal -0.08036835454595496 0.8159935974768608 -0.572446832871269
    outer loop
      vertex 9.138981649614054 4.2795497881179685 3.3000000000000003
      vertex 9.27736815846761 4.2931796695806534 3.3000000000000003
      vertex 9.578250226563096 2.0077534633991125 0
    endloop
  endfacet
  facet normal -0.1335648144364339 0.8089901506694717 -0.572446832871269
    outer loop
      vertex 9.27736815846761 4.2931796695806534 3.3000000000000003
      vertex 9.414566934284272 4.3158312791431355 3.3000000000000003
      vertex 9.864278816284687 2.0549769746842186 0
    endloop
  endfacet
  facet normal -0.18618932928625054 0.7985224838384888 -0.5724468328712689
    outer loop
      vertex 9.414566934284272 4.3158312791431355 3.3000000000000003
      vertex 9.549990470842857 4.34740761913573 3.3000000000000003
      vertex 10.146606431428447 2.120806541623797 0
    endloop
  endfacet
  facet normal -0.23801655284376222 0.7846354211403066 -0.5724468328712689
    outer loop
      vertex 9.549990470842857 4.34740761913573 3.3000000000000003
      vertex 9.683058863769219 4.3877734748229 3.3000000000000003
      vertex 10.424024101802608 2.204960271905874 0
    endloop
  endfacet
  facet normal -0.2888245529810332 0.7673884291093787 -0.572446832871269
    outer loop
      vertex 9.683058863769219 4.3877734748229 3.3000000000000003
      vertex 9.813202293775817 4.436755993413517 3.3000000000000003
      vertex 10.695343882352695 2.3070778063378663 0
    endloop
  endfacet
  facet normal -0.3383957620412745 0.7468553620133945 -0.5724468328712687
    outer loop
      vertex 9.813202293775817 4.436755993413517 3.3000000000000003
      vertex 9.939863466715378 4.494145424243038 3.3000000000000003
      vertex 10.95940394012462 2.426721861959966 0
    endloop
  endfacet
  facet normal -0.38651790849700524 0.7231241455979424 -0.5724468328712691
    outer loop
      vertex 9.939863466715378 4.494145424243038 3.3000000000000003
      vertex 10.0625 4.5596960169580685 3.3000000000000003
      vertex 11.215073529411764 2.5633801045579103 0
    endloop
  endfacet
  facet normal -0.4329849259292381 0.6962964005750033 -0.572446832871269
    outer loop
      vertex 10.0625 4.5596960169580685 3.3000000000000003
      vertex 10.180586745166654 4.633127073857092 3.3000000000000003
      vertex 11.461257833781692 2.7164673425567396 0
    endloop
  endfacet
  facet normal -0.47759783543557915 0.6664870074674397 -0.572446832871269
    outer loop
      vertex 10.180586745166654 4.633127073857092 3.3000000000000003
      vertex 10.293618036643531 4.714124151881125 3.3000000000000003
      vertex 11.696902654248193 2.8853280329009623 0
    endloop
  endfacet
  facet normal -0.5201655976884437 0.6338236146729447 -0.5724468328712692
    outer loop
      vertex 10.293618036643531 4.714124151881125 3.3000000000000003
      vertex 10.401109857087647 4.802340409107174 3.3000000000000003
      vertex 11.920998923513174 3.0692390881905602 0
    endloop
  endfacet
  facet normal -0.5605059309947276 0.5984460918540507 -0.5724468328712693
    outer loop
      vertex 10.401109857087647 4.802340409107174 3.3000000000000003
      vertex 10.502601910021413 4.897398089978587 3.3000000000000003
      vertex 12.132587026947757 3.2674129730522434 0
    endloop
  endfacet
  facet normal -0.5984460918540532 0.560505930994725 -0.5724468328712692
    outer loop
      vertex 10.502601910021413 4.897398089978587 3.3000000000000003
      vertex 10.597659590892826 4.998890142912354 3.3000000000000003
      vertex 12.33076091180944 3.4790010764868273 0
    endloop
  endfacet
  facet normal 0 0 -1
    outer loop
      vertex 18 0 0
      vertex 8.135721183715313 2.0549769746842186 0
      vertex 8.421749773436904 2.0077534633991125 0
    endloop
  endfacet
  facet normal 0 0 -1
    outer loop
      vertex 18 0 0
      vertex 8.421749773436904 2.0077534633991125 0
      vertex 8.710254519403227 1.9793382260936876 0
    endloop
  endfacet
  facet normal 0 0 -1
    outer loop
      vertex 18 0 0
      vertex 8.710254519403227 1.9793382260936876 0
      vertex 9 1.969852941176471 0
    endloop
  endfacet
  facet normal 0 0 -1
    outer loop
      vertex 18 0 0
      vertex 9 1.969852941176471 0
      vertex 9.289745480596773 1.9793382260936876 0
    endloop
  endfacet
  facet normal 0 0 -1
    outer loop
      vertex 18 0 0
      vertex 9.289745480596773 1.9793382260936876 0
      vertex 9.578250226563096 2.0077534633991125 0
    endloop
  endfacet
  facet normal 0 0 -1
    outer loop
      vertex 18 0 0
      vertex 9.578250226563096 2.0077534633991125 0
      vertex 9.864278816284687 2.0549769746842186 0
    endloop
  endfacet
  facet normal 0 0 -1
    outer loop
      vertex 18 0 0
      vertex 9.864278816284687 2.0549769746842186 0
      vertex 10.146606431428447 2.120806541623797 0
    endloop
  endfacet
  facet normal 0 0 -1
    outer loop
      vertex 18 0 0
      vertex 10.146606431428447 2.120806541623797 0
      vertex 10.424024101802608 2.204960271905874 0
    endloop
  endfacet
  facet normal 0 0 -1
    outer loop
      vertex 18 0 0
      vertex 10.424024101802608 2.204960271905874 0
      vertex 10.695343882352695 2.3070778063378663 0
    endloop
  endfacet
  facet normal 0 0 -1
    outer loop
      vertex 18 0 0
      vertex 10.695343882352695 2.3070778063378663 0
      vertex 10.95940394012462 2.426721861959966 0
    endloop
  endfacet
  facet normal 0 0 -1
    outer loop
      vertex 18 0 0
      vertex 10.95940394012462 2.426721861959966 0
      vertex 11.215073529411764 2.5633801045579103 0
    endloop
  endfacet
  facet normal -0.520165597688442 0.6338236146729465 -0.5724468328712689
    outer loop
      vertex 10.293618036643531 4.714124151881125 3.3000000000000003
      vertex 11.920998923513174 3.0692390881905602 0
      vertex 11.696902654248193 2.8853280329009623 0
    endloop
  endfacet
  facet normal -0.5605059309947265 0.5984460918540518 -0.5724468328712691
    outer loop
      vertex 10.401109857087647 4.802340409107174 3.3000000000000003
      vertex 12.132587026947757 3.2674129730522434 0
      vertex 11.920998923513174 3.0692390881905602 0
    endloop
  endfacet
  facet normal -0.5984460918540541 0.5605059309947242 -0.5724468328712691
    outer loop
      vertex 10.502601910021413 4.897398089978587 3.3000000000000003
      vertex 12.33076091180944 3.4790010764868273 0
      vertex 12.132587026947757 3.2674129730522434 0
    endloop
  endfacet
  facet normal -0.6338236146729461 0.520165597688442 -0.5724468328712691
    outer loop
      vertex 10.597659590892826 4.998890142912354 3.3000000000000003
      vertex 12.514671967099037 3.7030973457518077 0
      vertex 12.33076091180944 3.4790010764868273 0
    endloop
  endfacet
  facet normal -0.6664870074674345 0.47759783543558637 -0.572446832871269
    outer loop
      vertex 10.685875848118874 5.106381963356469 3.3000000000000003
      vertex 12.683532657443262 3.938742166218307 0
      vertex 12.514671967099037 3.7030973457518077 0
    endloop
  endfacet
  facet normal -0.6962964005750056 0.4329849259292346 -0.572446832871269
    outer loop
      vertex 10.76687292614291 5.219413254833346 3.3000000000000003
      vertex 12.836619895442091 4.184926470588236 0
      vertex 12.683532657443262 3.938742166218307 0
    endloop
  endfacet
  facet normal -0.7231241455979458 0.386517908496999 -0.5724468328712687
    outer loop
      vertex 10.840303983041933 5.3375 3.3000000000000003
      vertex 12.973278138040033 4.44059605987538 0
      vertex 12.836619895442091 4.184926470588236 0
    endloop
  endfacet
  facet normal -0.7468553620133911 0.338395762041282 -0.5724468328712687
    outer loop
      vertex 10.905854575756962 5.460136533284622 3.3000000000000003
      vertex 13.092922193662135 4.704656117647304 0
      vertex 12.973278138040033 4.44059605987538 0
    endloop
  endfacet
  facet normal -0.7673884291093809 0.288824552981027 -0.5724468328712692
    outer loop
      vertex 10.963244006586484 5.586797706224185 3.3000000000000003
      vertex 13.195039728094127 4.975975898197391 0
      vertex 13.092922193662135 4.704656117647304 0
    endloop
  endfacet
  facet normal -0.7846354211403066 0.23801655284376214 -0.572446832871269
    outer loop
      vertex 11.0122265251771 5.716941136230782 3.3000000000000003
      vertex 13.279193458376204 5.253393568571554 0
      vertex 13.195039728094127 4.975975898197391 0
    endloop
  endfacet
  facet normal -0.7985224838384878 0.18618932928625442 -0.572446832871269
    outer loop
      vertex 11.05259238086427 5.850009529157144 3.3000000000000003
      vertex 13.345023025315783 5.535721183715315 0
      vertex 13.279193458376204 5.253393568571554 0
    endloop
  endfacet
  facet normal -0.8089901506694719 0.13356481443643367 -0.572446832871269
    outer loop
      vertex 11.084168720856866 5.9854330657157275 3.3000000000000003
      vertex 13.392246536600888 5.821749773436904 0
      vertex 13.345023025315783 5.535721183715315 0
    endloop
  endfacet
  facet normal -0.8159935974768602 0.08036835454595864 -0.5724468328712692
    outer loop
      vertex 11.106820330419346 6.122631841532391 3.3000000000000003
      vertex 13.420661773906314 6.1102545194032265 0
      vertex 13.392246536600888 5.821749773436904 0
    endloop
  endfacet
  facet normal -0.6338236146729451 0.5201655976884433 -0.572446832871269
    outer loop
      vertex 10.597659590892826 4.998890142912354 3.3000000000000003
      vertex 10.685875848118874 5.106381963356469 3.3000000000000003
      vertex 12.514671967099037 3.7030973457518077 0
    endloop
  endfacet
  facet normal -0.666487007467433 0.4775978354355884 -0.5724468328712689
    outer loop
      vertex 10.685875848118874 5.106381963356469 3.3000000000000003
      vertex 10.76687292614291 5.219413254833346 3.3000000000000003
      vertex 12.683532657443262 3.938742166218307 0
    endloop
  endfacet
  facet normal -0.6962964005750049 0.4329849259292358 -0.5724468328712689
    outer loop
      vertex 10.76687292614291 5.219413254833346 3.3000000000000003
      vertex 10.840303983041933 5.3375 3.3000000000000003
      vertex 12.836619895442091 4.184926470588236 0
    endloop
  endfacet
  facet normal -0.7231241455979466 0.3865179084969971 -0.5724468328712689
    outer loop
      vertex 10.840303983041933 5.3375 3.3000000000000003
      vertex 10.905854575756962 5.460136533284622 3.3000000000000003
      vertex 12.973278138040033 4.44059605987538 0
    endloop
  endfacet
  facet normal -0.7468553620133933 0.3383957620412768 -0.5724468328712692
    outer loop
      vertex 10.905854575756962 5.460136533284622 3.3000000000000003
      vertex 10.963244006586484 5.586797706224185 3.3000000000000003
      vertex 13.092922193662135 4.704656117647304 0
    endloop
  endfacet
  facet normal -0.7673884291093781 0.288824552981035 -0.5724468328712689
    outer loop
      vertex 10.963244006586484 5.586797706224185 3.3000000000000003
      vertex 11.0122265251771 5.716941136230782 3.3000000000000003
      vertex 13.195039728094127 4.975975898197391 0
    endloop
  endfacet
  facet normal -0.7846354211403069 0.23801655284376072 -0.5724468328712691
    outer loop
      vertex 11.0122265251771 5.716941136230782 3.3000000000000003
      vertex 11.05259238086427 5.850009529157144 3.3000000000000003
      vertex 13.279193458376204 5.253393568571554 0
    endloop
  endfacet
  facet normal -0.7985224838384872 0.18618932928625784 -0.5724468328712689
    outer loop
      vertex 11.05259238086427 5.850009529157144 3.3000000000000003
      vertex 11.084168720856866 5.9854330657157275 3.3000000000000003
      vertex 13.345023025315783 5.535721183715315 0
    endloop
  endfacet
  facet normal -0.8089901506694731 0.1335648144364228 -0.5724468328712693
    outer loop
      vertex 11.084168720856866 5.9854330657157275 3.3000000000000003
      vertex 11.106820330419346 6.122631841532391 3.3000000000000003
      vertex 13.392246536600888 5.821749773436904 0
    endloop
  endfacet
  facet normal -0.8159935974768602 0.08036835454596013 -0.5724468328712692
    outer loop
      vertex 11.106820330419346 6.122631841532391 3.3000000000000003
      vertex 11.120450211882032 6.261018350385946 3.3000000000000003
      vertex 13.420661773906314 6.1102545194032265 0
    endloop
  endfacet
  facet normal 0 -1 0
    outer loop
      vertex 0 0 0
      vertex 18 0 0
      vertex 18 0 10
    endloop
  endfacet
  facet normal -0.026827745022941916 -0.8195028344262377 -0.5724468328712689
    outer loop
      vertex 9 8.525 3.3000000000000003
      vertex 9 10.83014705882353 0
      vertex 9.138981649614054 8.520450211882032 3.3000000000000003
    endloop
  endfacet
  facet normal -0.08036835454594975 -0.8159935974768612 -0.572446832871269
    outer loop
      vertex 9.138981649614054 8.520450211882032 3.3000000000000003
      vertex 9.289745480596773 10.820661773906313 0
      vertex 9.27736815846761 8.506820330419348 3.3000000000000003
    endloop
  endfacet
  facet normal -0.13356481443644416 -0.8089901506694704 -0.5724468328712685
    outer loop
      vertex 9.27736815846761 8.506820330419348 3.3000000000000003
      vertex 9.578250226563096 10.792246536600887 0
      vertex 9.414566934284272 8.484168720856864 3.3000000000000003
    endloop
  endfacet
  facet normal -0.18618932928624557 -0.7985224838384899 -0.5724468328712692
    outer loop
      vertex 9.549990470842857 8.452592380864271 3.3000000000000003
      vertex 9.414566934284272 8.484168720856864 3.3000000000000003
      vertex 9.864278816284687 10.745023025315781 0
    endloop
  endfacet
  facet normal -0.23801655284376216 -0.7846354211403065 -0.572446832871269
    outer loop
      vertex 9.549990470842857 8.452592380864271 3.3000000000000003
      vertex 10.146606431428447 10.679193458376204 0
      vertex 9.683058863769219 8.4122265251771 3.3000000000000003
    endloop
  endfacet
  facet normal -0.28882455298103327 -0.7673884291093788 -0.5724468328712689
    outer loop
      vertex 9.683058863769219 8.4122265251771 3.3000000000000003
      vertex 10.424024101802608 10.595039728094127 0
      vertex 9.813202293775817 8.363244006586484 3.3000000000000003
    endloop
  endfacet
  facet normal -0.3383957620412789 -0.7468553620133928 -0.5724468328712687
    outer loop
      vertex 9.813202293775817 8.363244006586484 3.3000000000000003
      vertex 10.695343882352695 10.492922193662134 0
      vertex 9.939863466715378 8.305854575756962 3.3000000000000003
    endloop
  endfacet
  facet normal -0.386517908496997 -0.7231241455979465 -0.5724468328712692
    outer loop
      vertex 9.939863466715378 8.305854575756962 3.3000000000000003
      vertex 10.95940394012462 10.373278138040035 0
      vertex 10.0625 8.240303983041933 3.3000000000000003
    endloop
  endfacet
  facet normal -0.4329849259292382 -0.6962964005750035 -0.5724468328712689
    outer loop
      vertex 10.0625 8.240303983041933 3.3000000000000003
      vertex 11.215073529411764 10.236619895442091 0
      vertex 10.180586745166654 8.16687292614291 3.3000000000000003
    endloop
  endfacet
  facet normal -0.477597835435586 -0.6664870074674347 -0.572446832871269
    outer loop
      vertex 10.180586745166654 8.16687292614291 3.3000000000000003
      vertex 11.461257833781692 10.083532657443262 0
      vertex 10.293618036643531 8.085875848118874 3.3000000000000003
    endloop
  endfacet
  facet normal -0.5984460918540532 -0.560505930994725 -0.5724468328712692
    outer loop
      vertex 10.597659590892826 7.8011098570876465 3.3000000000000003
      vertex 10.502601910021413 7.9026019100214135 3.3000000000000003
      vertex 12.132587026947757 9.532587026947757 0
    endloop
  endfacet
  facet normal -0.6338236146729451 -0.5201655976884433 -0.5724468328712691
    outer loop
      vertex 10.597659590892826 7.8011098570876465 3.3000000000000003
      vertex 12.33076091180944 9.320998923513173 0
      vertex 10.685875848118874 7.693618036643532 3.3000000000000003
    endloop
  endfacet
  facet normal -0.5201655976884407 -0.6338236146729473 -0.5724468328712691
    outer loop
      vertex 10.293618036643531 8.085875848118874 3.3000000000000003
      vertex 11.696902654248193 9.914671967099038 0
      vertex 10.401109857087647 7.997659590892827 3.3000000000000003
    endloop
  endfacet
  facet normal -0.5605059309947276 -0.5984460918540507 -0.5724468328712691
    outer loop
      vertex 10.401109857087647 7.997659590892827 3.3000000000000003
      vertex 11.920998923513174 9.73076091180944 0
      vertex 10.502601910021413 7.9026019100214135 3.3000000000000003
    endloop
  endfacet
  facet normal -0.026827745022940244 -0.8195028344262376 -0.5724468328712689
    outer loop
      vertex 9.138981649614054 8.520450211882032 3.3000000000000003
      vertex 9 10.83014705882353 0
      vertex 9.289745480596773 10.820661773906313 0
    endloop
  endfacet
  facet normal -0.08036835454595843 -0.8159935974768606 -0.5724468328712686
    outer loop
      vertex 9.27736815846761 8.506820330419348 3.3000000000000003
      vertex 9.289745480596773 10.820661773906313 0
      vertex 9.578250226563096 10.792246536600887 0
    endloop
  endfacet
  facet normal -0.13356481443643323 -0.8089901506694717 -0.572446832871269
    outer loop
      vertex 9.414566934284272 8.484168720856864 3.3000000000000003
      vertex 9.578250226563096 10.792246536600887 0
      vertex 9.864278816284687 10.745023025315781 0
    endloop
  endfacet
  facet normal -0.1861893292862494 -0.798522483838489 -0.572446832871269
    outer loop
      vertex 9.549990470842857 8.452592380864271 3.3000000000000003
      vertex 9.864278816284687 10.745023025315781 0
      vertex 10.146606431428447 10.679193458376204 0
    endloop
  endfacet
  facet normal -0.23801655284376358 -0.784635421140306 -0.572446832871269
    outer loop
      vertex 9.683058863769219 8.4122265251771 3.3000000000000003
      vertex 10.146606431428447 10.679193458376204 0
      vertex 10.424024101802608 10.595039728094127 0
    endloop
  endfacet
  facet normal 0 0 -1
    outer loop
      vertex 10.424024101802608 14.204960271905872 0
      vertex 8.710254519403227 10.820661773906313 0
      vertex 8.421749773436904 10.792246536600887 0
    endloop
  endfacet
  facet normal 0 0 -1
    outer loop
      vertex 10.424024101802608 14.204960271905872 0
      vertex 9 10.83014705882353 0
      vertex 8.710254519403227 10.820661773906313 0
    endloop
  endfacet
  facet normal 0 0 -1
    outer loop
      vertex 10.424024101802608 14.204960271905872 0
      vertex 9.289745480596773 10.820661773906313 0
      vertex 9 10.83014705882353 0
    endloop
  endfacet
  facet normal 0 0 -1
    outer loop
      vertex 10.424024101802608 14.204960271905872 0
      vertex 9.578250226563096 10.792246536600887 0
      vertex 9.289745480596773 10.820661773906313 0
    endloop
  endfacet
  facet normal 0 0 -1
    outer loop
      vertex 10.424024101802608 14.204960271905872 0
      vertex 9.864278816284687 10.745023025315781 0
      vertex 9.578250226563096 10.792246536600887 0
    endloop
  endfacet
  facet normal -0.2888245529810317 -0.7673884291093793 -0.5724468328712687
    outer loop
      vertex 9.813202293775817 8.363244006586484 3.3000000000000003
      vertex 10.424024101802608 10.595039728094127 0
      vertex 10.695343882352695 10.492922193662134 0
    endloop
  endfacet
  facet normal -0.33839576204127225 -0.7468553620133954 -0.5724468328712691
    outer loop
      vertex 9.939863466715378 8.305854575756962 3.3000000000000003
      vertex 10.695343882352695 10.492922193662134 0
      vertex 10.95940394012462 10.373278138040035 0
    endloop
  endfacet
  facet normal -0.3865179084970031 -0.7231241455979436 -0.572446832871269
    outer loop
      vertex 10.0625 8.240303983041933 3.3000000000000003
      vertex 10.95940394012462 10.373278138040035 0
      vertex 11.215073529411764 10.236619895442091 0
    endloop
  endfacet
  facet normal -0.43298492592923565 -0.6962964005750051 -0.5724468328712689
    outer loop
      vertex 10.180586745166654 8.16687292614291 3.3000000000000003
      vertex 11.215073529411764 10.236619895442091 0
      vertex 11.461257833781692 10.083532657443262 0
    endloop
  endfacet
  facet normal -0.47759783543558476 -0.6664870074674356 -0.572446832871269
    outer loop
      vertex 10.293618036643531 8.085875848118874 3.3000000000000003
      vertex 11.461257833781692 10.083532657443262 0
      vertex 11.696902654248193 9.914671967099038 0
    endloop
  endfacet
  facet normal 0 0 -1
    outer loop
      vertex 10.424024101802608 14.204960271905872 0
      vertex 10.146606431428447 10.679193458376204 0
      vertex 9.864278816284687 10.745023025315781 0
    endloop
  endfacet
  facet normal 0 0 -1
    outer loop
      vertex 10.424024101802608 14.204960271905872 0
      vertex 10.424024101802608 10.595039728094127 0
      vertex 10.146606431428447 10.679193458376204 0
    endloop
  endfacet
  facet normal 0 0 -1
    outer loop
      vertex 10.695343882352695 10.492922193662134 0
      vertex 10.424024101802608 10.595039728094127 0
      vertex 10.695343882352695 14.307077806337864 0
    endloop
  endfacet
  facet normal 0 0 -1
    outer loop
      vertex 10.695343882352695 10.492922193662134 0
      vertex 10.95940394012462 14.426721861959965 0
      vertex 10.95940394012462 10.373278138040035 0
    endloop
  endfacet
  facet normal 0 0 -1
    outer loop
      vertex 10.95940394012462 10.373278138040035 0
      vertex 11.215073529411764 14.563380104557908 0
      vertex 11.215073529411764 10.236619895442091 0
    endloop
  endfacet
  facet normal -0.5201655976884404 -0.6338236146729475 -0.572446832871269
    outer loop
      vertex 10.401109857087647 7.997659590892827 3.3000000000000003
      vertex 11.696902654248193 9.914671967099038 0
      vertex 11.920998923513174 9.73076091180944 0
    endloop
  endfacet
  facet normal -0.5605059309947261 -0.5984460918540523 -0.5724468328712691
    outer loop
      vertex 10.502601910021413 7.9026019100214135 3.3000000000000003
      vertex 11.920998923513174 9.73076091180944 0
      vertex 12.132587026947757 9.532587026947757 0
    endloop
  endfacet
  facet normal -0.5984460918540542 -0.5605059309947237 -0.5724468328712693
    outer loop
      vertex 10.597659590892826 7.8011098570876465 3.3000000000000003
      vertex 12.132587026947757 9.532587026947757 0
      vertex 12.33076091180944 9.320998923513173 0
    endloop
  endfacet
  facet normal -0.6664870074674356 -0.47759783543558476 -0.572446832871269
    outer loop
      vertex 10.76687292614291 7.580586745166655 3.3000000000000003
      vertex 12.514671967099037 9.096902654248193 0
      vertex 12.683532657443262 8.861257833781693 0
    endloop
  endfacet
  facet normal -0.7468553620133906 -0.33839576204128297 -0.5724468328712689
    outer loop
      vertex 10.963244006586484 7.213202293775816 3.3000000000000003
      vertex 12.973278138040033 8.359403940124619 0
      vertex 13.092922193662135 8.095343882352696 0
    endloop
  endfacet
  facet normal -0.723124145597947 -0.3865179084969968 -0.5724468328712687
    outer loop
      vertex 10.905854575756962 7.339863466715379 3.3000000000000003
      vertex 12.836619895442091 8.615073529411765 0
      vertex 12.973278138040033 8.359403940124619 0
    endloop
  endfacet
  facet normal -0.6962964005750052 -0.4329849259292352 -0.572446832871269
    outer loop
      vertex 10.840303983041933 7.4625 3.3000000000000003
      vertex 12.683532657443262 8.861257833781693 0
      vertex 12.836619895442091 8.615073529411765 0
    endloop
  endfacet
  facet normal -0.6338236146729452 -0.5201655976884431 -0.5724468328712692
    outer loop
      vertex 10.685875848118874 7.693618036643532 3.3000000000000003
      vertex 12.33076091180944 9.320998923513173 0
      vertex 12.514671967099037 9.096902654248193 0
    endloop
  endfacet
  facet normal -0.8159935974768602 -0.08036835454595864 -0.5724468328712692
    outer loop
      vertex 11.120450211882032 6.538981649614055 3.3000000000000003
      vertex 13.392246536600888 6.978250226563096 0
      vertex 13.420661773906314 6.689745480596774 0
    endloop
  endfacet
  facet normal -0.8089901506694714 -0.13356481443643434 -0.5724468328712691
    outer loop
      vertex 11.106820330419346 6.67736815846761 3.3000000000000003
      vertex 13.345023025315783 7.264278816284686 0
      vertex 13.392246536600888 6.978250226563096 0
    endloop
  endfacet
  facet normal -0.8195028344262377 0.026827745022935598 -0.5724468328712692
    outer loop
      vertex 11.120450211882032 6.261018350385946 3.3000000000000003
      vertex 13.430147058823529 6.4 0
      vertex 13.420661773906314 6.1102545194032265 0
    endloop
  endfacet
  facet normal -0.819502834426238 -0.0268277450229356 -0.5724468328712691
    outer loop
      vertex 11.125 6.4 3.3000000000000003
      vertex 13.420661773906314 6.689745480596774 0
      vertex 13.430147058823529 6.4 0
    endloop
  endfacet
  facet normal -0.798522483838488 -0.18618932928625448 -0.5724468328712689
    outer loop
      vertex 11.084168720856866 6.814566934284273 3.3000000000000003
      vertex 13.279193458376204 7.5466064314284464 0
      vertex 13.345023025315783 7.264278816284686 0
    endloop
  endfacet
  facet normal -0.7846354211403064 -0.23801655284376214 -0.572446832871269
    outer loop
      vertex 11.05259238086427 6.949990470842857 3.3000000000000003
      vertex 13.195039728094127 7.8240241018026095 0
      vertex 13.279193458376204 7.5466064314284464 0
    endloop
  endfacet
  facet normal -0.7673884291093804 -0.2888245529810286 -0.5724468328712689
    outer loop
      vertex 11.0122265251771 7.083058863769219 3.3000000000000003
      vertex 13.092922193662135 8.095343882352696 0
      vertex 13.195039728094127 7.8240241018026095 0
    endloop
  endfacet
  facet normal -0.798522483838487 -0.1861893292862578 -0.5724468328712691
    outer loop
      vertex 11.084168720856866 6.814566934284273 3.3000000000000003
      vertex 11.05259238086427 6.949990470842857 3.3000000000000003
      vertex 13.279193458376204 7.5466064314284464 0
    endloop
  endfacet
  facet normal -0.7846354211403069 -0.23801655284376072 -0.572446832871269
    outer loop
      vertex 11.0122265251771 7.083058863769219 3.3000000000000003
      vertex 13.195039728094127 7.8240241018026095 0
      vertex 11.05259238086427 6.949990470842857 3.3000000000000003
    endloop
  endfacet
  facet normal -0.7468553620133936 -0.33839576204127697 -0.5724468328712687
    outer loop
      vertex 10.963244006586484 7.213202293775816 3.3000000000000003
      vertex 10.905854575756962 7.339863466715379 3.3000000000000003
      vertex 12.973278138040033 8.359403940124619 0
    endloop
  endfacet
  facet normal -0.7673884291093778 -0.2888245529810349 -0.5724468328712692
    outer loop
      vertex 11.0122265251771 7.083058863769219 3.3000000000000003
      vertex 10.963244006586484 7.213202293775816 3.3000000000000003
      vertex 13.092922193662135 8.095343882352696 0
    endloop
  endfacet
  facet normal -0.8195028344262377 0.026827745022941916 -0.572446832871269
    outer loop
      vertex 11.120450211882032 6.261018350385946 3.3000000000000003
      vertex 11.125 6.4 3.3000000000000003
      vertex 13.430147058823529 6.4 0
    endloop
  endfacet
  facet normal -0.8195028344262374 -0.026827745022941905 -0.5724468328712692
    outer loop
      vertex 11.125 6.4 3.3000000000000003
      vertex 11.120450211882032 6.538981649614055 3.3000000000000003
      vertex 13.420661773906314 6.689745480596774 0
    endloop
  endfacet
  facet normal -0.8159935974768601 -0.08036835454596011 -0.5724468328712692
    outer loop
      vertex 11.106820330419346 6.67736815846761 3.3000000000000003
      vertex 13.392246536600888 6.978250226563096 0
      vertex 11.120450211882032 6.538981649614055 3.3000000000000003
    endloop
  endfacet
  facet normal -0.8089901506694738 -0.1335648144364229 -0.5724468328712687
    outer loop
      vertex 11.106820330419346 6.67736815846761 3.3000000000000003
      vertex 11.084168720856866 6.814566934284273 3.3000000000000003
      vertex 13.345023025315783 7.264278816284686 0
    endloop
  endfacet
  facet normal -0.6664870074674327 -0.4775978354355883 -0.5724468328712691
    outer loop
      vertex 10.685875848118874 7.693618036643532 3.3000000000000003
      vertex 12.514671967099037 9.096902654248193 0
      vertex 10.76687292614291 7.580586745166655 3.3000000000000003
    endloop
  endfacet
  facet normal -0.7231241455979468 -0.3865179084969972 -0.5724468328712689
    outer loop
      vertex 10.840303983041933 7.4625 3.3000000000000003
      vertex 12.836619895442091 8.615073529411765 0
      vertex 10.905854575756962 7.339863466715379 3.3000000000000003
    endloop
  endfacet
  facet normal -0.6962964005750049 -0.4329849259292358 -0.5724468328712689
    outer loop
      vertex 10.76687292614291 7.580586745166655 3.3000000000000003
      vertex 12.683532657443262 8.861257833781693 0
      vertex 10.840303983041933 7.4625 3.3000000000000003
    endloop
  endfacet
  facet normal 0 0 -1
    outer loop
      vertex 11.461257833781692 10.083532657443262 0
      vertex 11.215073529411764 10.236619895442091 0
      vertex 11.461257833781692 14.716467342556736 0
    endloop
  endfacet
  facet normal 0 0 -1
    outer loop
      vertex 11.696902654248193 9.914671967099038 0
      vertex 11.461257833781692 10.083532657443262 0
      vertex 11.696902654248193 14.885328032900961 0
    endloop
  endfacet
  facet normal 0 0 -1
    outer loop
      vertex 11.696902654248193 9.914671967099038 0
      vertex 11.920998923513174 15.069239088190558 0
      vertex 11.920998923513174 9.73076091180944 0
    endloop
  endfacet
  facet normal 0 0 -1
    outer loop
      vertex 11.920998923513174 9.73076091180944 0
      vertex 12.132587026947757 15.267412973052242 0
      vertex 12.132587026947757 9.532587026947757 0
    endloop
  endfacet
  facet normal 0 0 -1
    outer loop
      vertex 12.33076091180944 9.320998923513173 0
      vertex 12.132587026947757 9.532587026947757 0
      vertex 12.33076091180944 15.479001076486824 0
    endloop
  endfacet
  facet normal 0 0 -1
    outer loop
      vertex 13.345023025315783 7.264278816284686 0
      vertex 13.279193458376204 7.5466064314284464 0
      vertex 13.345023025315783 17.535721183715314 0
    endloop
  endfacet
  facet normal 0 0 -1
    outer loop
      vertex 13.392246536600888 6.978250226563096 0
      vertex 13.345023025315783 7.264278816284686 0
      vertex 13.392246536600888 17.821749773436903 0
    endloop
  endfacet
  facet normal 0 0 -1
    outer loop
      vertex 12.33076091180944 9.320998923513173 0
      vertex 12.514671967099037 15.703097345751805 0
      vertex 12.514671967099037 9.096902654248193 0
    endloop
  endfacet
  facet normal 0 0 -1
    outer loop
      vertex 12.514671967099037 9.096902654248193 0
      vertex 12.683532657443262 15.938742166218306 0
      vertex 12.683532657443262 8.861257833781693 0
    endloop
  endfacet
  facet normal 0 0 -1
    outer loop
      vertex 12.683532657443262 8.861257833781693 0
      vertex 12.836619895442091 16.184926470588234 0
      vertex 12.836619895442091 8.615073529411765 0
    endloop
  endfacet
  facet normal 0 0 -1
    outer loop
      vertex 12.836619895442091 8.615073529411765 0
      vertex 12.973278138040033 16.44059605987538 0
      vertex 12.973278138040033 8.359403940124619 0
    endloop
  endfacet
  facet normal 0 0 -1
    outer loop
      vertex 12.973278138040033 8.359403940124619 0
      vertex 13.092922193662135 16.704656117647303 0
      vertex 13.092922193662135 8.095343882352696 0
    endloop
  endfacet
  facet normal 0 0 -1
    outer loop
      vertex 13.195039728094127 7.8240241018026095 0
      vertex 13.092922193662135 8.095343882352696 0
      vertex 13.195039728094127 16.97597589819739 0
    endloop
  endfacet
  facet normal 0 0 -1
    outer loop
      vertex 13.279193458376204 7.5466064314284464 0
      vertex 13.195039728094127 7.8240241018026095 0
      vertex 13.279193458376204 17.253393568571553 0
    endloop
  endfacet
  facet normal 0 0 -1
    outer loop
      vertex 18 0 0
      vertex 11.215073529411764 2.5633801045579103 0
      vertex 11.461257833781692 2.7164673425567396 0
    endloop
  endfacet
  facet normal 0 0 -1
    outer loop
      vertex 18 0 0
      vertex 11.461257833781692 2.7164673425567396 0
      vertex 11.696902654248193 2.8853280329009623 0
    endloop
  endfacet
  facet normal 0 0 -1
    outer loop
      vertex 18 0 0
      vertex 11.696902654248193 2.8853280329009623 0
      vertex 11.920998923513174 3.0692390881905602 0
    endloop
  endfacet
  facet normal 0 0 -1
    outer loop
      vertex 18 0 0
      vertex 11.920998923513174 3.0692390881905602 0
      vertex 12.132587026947757 3.2674129730522434 0
    endloop
  endfacet
  facet normal 0 0 -1
    outer loop
      vertex 18 0 0
      vertex 12.132587026947757 3.2674129730522434 0
      vertex 12.33076091180944 3.4790010764868273 0
    endloop
  endfacet
  facet normal 0 0 -1
    outer loop
      vertex 18 0 0
      vertex 12.33076091180944 3.4790010764868273 0
      vertex 12.514671967099037 3.7030973457518077 0
    endloop
  endfacet
  facet normal 0 0 -1
    outer loop
      vertex 18 0 0
      vertex 12.514671967099037 3.7030973457518077 0
      vertex 12.683532657443262 3.938742166218307 0
    endloop
  endfacet
  facet normal 0 0 -1
    outer loop
      vertex 18 0 0
      vertex 12.683532657443262 3.938742166218307 0
      vertex 12.836619895442091 4.184926470588236 0
    endloop
  endfacet
  facet normal 0 0 -1
    outer loop
      vertex 18 0 0
      vertex 12.836619895442091 4.184926470588236 0
      vertex 12.973278138040033 4.44059605987538 0
    endloop
  endfacet
  facet normal 0 0 -1
    outer loop
      vertex 18 0 0
      vertex 12.973278138040033 4.44059605987538 0
      vertex 13.092922193662135 4.704656117647304 0
    endloop
  endfacet
  facet normal 0 0 -1
    outer loop
      vertex 18 0 0
      vertex 13.092922193662135 4.704656117647304 0
      vertex 13.195039728094127 4.975975898197391 0
    endloop
  endfacet
  facet normal 0 0 -1
    outer loop
      vertex 18 0 0
      vertex 13.195039728094127 4.975975898197391 0
      vertex 13.279193458376204 5.253393568571554 0
    endloop
  endfacet
  facet normal 0 0 -1
    outer loop
      vertex 18 0 0
      vertex 13.279193458376204 5.253393568571554 0
      vertex 13.345023025315783 5.535721183715315 0
    endloop
  endfacet
  facet normal 0 0 -1
    outer loop
      vertex 18 0 0
      vertex 13.345023025315783 5.535721183715315 0
      vertex 13.392246536600888 5.821749773436904 0
    endloop
  endfacet
  facet normal 0 0 -1
    outer loop
      vertex 18 0 0
      vertex 13.392246536600888 5.821749773436904 0
      vertex 13.420661773906314 6.1102545194032265 0
    endloop
  endfacet
  facet normal 0 0 -1
    outer loop
      vertex 18 0 0
      vertex 13.420661773906314 6.1102545194032265 0
      vertex 13.430147058823529 6.4 0
    endloop
  endfacet
  facet normal 0 0 -1
    outer loop
      vertex 18 0 0
      vertex 13.430147058823529 6.4 0
      vertex 13.420661773906314 6.689745480596774 0
    endloop
  endfacet
  facet normal 0 0 -1
    outer loop
      vertex 18 0 0
      vertex 13.420661773906314 6.689745480596774 0
      vertex 13.392246536600888 6.978250226563096 0
    endloop
  endfacet
  facet normal 0 0 -1
    outer loop
      vertex 18 0 0
      vertex 13.392246536600888 6.978250226563096 0
      vertex 13.392246536600888 17.821749773436903 0
    endloop
  endfacet
  facet normal 1 0 0
    outer loop
      vertex 18 0 0
      vertex 18 24.8 0
      vertex 18 0 10
    endloop
  endfacet
  facet normal -0.03271908282178027 0.9994645874763655 0
    outer loop
      vertex 9 4.275 3.3000000000000003
      vertex 9 4.275 10
      vertex 9.138981649614054 4.2795497881179685 3.3000000000000003
    endloop
  endfacet
  facet normal -0.09801714032955809 0.9951847266721972 0
    outer loop
      vertex 9.138981649614054 4.2795497881179685 3.3000000000000003
      vertex 9.138981649614054 4.2795497881179685 10
      vertex 9.27736815846761 4.2931796695806534 3.3000000000000003
    endloop
  endfacet
  facet normal -0.16289547339458685 0.9866433320848793 0
    outer loop
      vertex 9.27736815846761 4.2931796695806534 3.3000000000000003
      vertex 9.27736815846761 4.2931796695806534 10
      vertex 9.414566934284272 4.3158312791431355 3.3000000000000003
    endloop
  endfacet
  facet normal -0.22707626303436937 0.9738769792773346 0
    outer loop
      vertex 9.414566934284272 4.3158312791431355 3.3000000000000003
      vertex 9.414566934284272 4.3158312791431355 10
      vertex 9.549990470842857 4.34740761913573 3.3000000000000003
    endloop
  endfacet
  facet normal -0.2902846772544621 0.9569403357322089 0
    outer loop
      vertex 9.549990470842857 4.34740761913573 3.3000000000000003
      vertex 9.549990470842857 4.34740761913573 10
      vertex 9.683058863769219 4.3877734748229 3.3000000000000003
    endloop
  endfacet
  facet normal -0.35225004792123976 0.9359059267573234 0
    outer loop
      vertex 9.683058863769219 4.3877734748229 3.3000000000000003
      vertex 9.683058863769219 4.3877734748229 10
      vertex 9.813202293775817 4.436755993413517 3.3000000000000003
    endloop
  endfacet
  facet normal -0.4127070298043917 0.9108638249211772 0
    outer loop
      vertex 9.813202293775817 4.436755993413517 3.3000000000000003
      vertex 9.813202293775817 4.436755993413517 10
      vertex 9.939863466715378 4.494145424243038 3.3000000000000003
    endloop
  endfacet
  facet normal -0.471396736826001 0.8819212643483533 0
    outer loop
      vertex 9.939863466715378 4.494145424243038 3.3000000000000003
      vertex 9.939863466715378 4.494145424243038 10
      vertex 10.0625 4.5596960169580685 3.3000000000000003
    endloop
  endfacet
  facet normal -0.5280678506503717 0.8492021815265767 0
    outer loop
      vertex 10.0625 4.5596960169580685 3.3000000000000003
      vertex 10.0625 4.5596960169580685 10
      vertex 10.180586745166654 4.633127073857092 3.3000000000000003
    endloop
  endfacet
  facet normal -0.5824776968677966 0.8128466845916192 0
    outer loop
      vertex 10.180586745166654 4.633127073857092 3.3000000000000003
      vertex 10.180586745166654 4.633127073857092 10
      vertex 10.293618036643531 4.714124151881125 3.3000000000000003
    endloop
  endfacet
  facet normal -0.6343932841636462 0.7730104533627365 0
    outer loop
      vertex 10.293618036643531 4.714124151881125 3.3000000000000003
      vertex 10.293618036643531 4.714124151881125 10
      vertex 10.401109857087647 4.802340409107174 3.3000000000000003
    endloop
  endfacet
  facet normal -0.6835923020228737 0.7298640726978335 0
    outer loop
      vertex 10.401109857087647 4.802340409107174 3.3000000000000003
      vertex 10.401109857087647 4.802340409107174 10
      vertex 10.502601910021413 4.897398089978587 3.3000000000000003
    endloop
  endfacet
  facet normal -0.7298640726978364 0.6835923020228705 0
    outer loop
      vertex 10.502601910021413 4.897398089978587 3.3000000000000003
      vertex 10.502601910021413 4.897398089978587 10
      vertex 10.597659590892826 4.998890142912354 3.3000000000000003
    endloop
  endfacet
  facet normal -0.7730104533627369 0.6343932841636454 0
    outer loop
      vertex 10.597659590892826 4.998890142912354 3.3000000000000003
      vertex 10.597659590892826 4.998890142912354 10
      vertex 10.685875848118874 5.106381963356469 3.3000000000000003
    endloop
  endfacet
  facet normal -0.812846684591611 0.582477696867808 0
    outer loop
      vertex 10.685875848118874 5.106381963356469 3.3000000000000003
      vertex 10.685875848118874 5.106381963356469 10
      vertex 10.76687292614291 5.219413254833346 3.3000000000000003
    endloop
  endfacet
  facet normal -0.8492021815265784 0.5280678506503688 0
    outer loop
      vertex 10.76687292614291 5.219413254833346 3.3000000000000003
      vertex 10.76687292614291 5.219413254833346 10
      vertex 10.840303983041933 5.3375 3.3000000000000003
    endloop
  endfacet
  facet normal -0.8819212643483586 0.471396736825991 0
    outer loop
      vertex 10.840303983041933 5.3375 3.3000000000000003
      vertex 10.840303983041933 5.3375 10
      vertex 10.905854575756962 5.460136533284622 3.3000000000000003
    endloop
  endfacet
  facet normal -0.910863824921176 0.4127070298043946 0
    outer loop
      vertex 10.905854575756962 5.460136533284622 3.3000000000000003
      vertex 10.905854575756962 5.460136533284622 10
      vertex 10.963244006586484 5.586797706224185 3.3000000000000003
    endloop
  endfacet
  facet normal -0.9359059267573225 0.3522500479212418 0
    outer loop
      vertex 10.963244006586484 5.586797706224185 3.3000000000000003
      vertex 10.963244006586484 5.586797706224185 10
      vertex 11.0122265251771 5.716941136230782 3.3000000000000003
    endloop
  endfacet
  facet normal -0.9569403357322095 0.29028467725446033 0
    outer loop
      vertex 11.0122265251771 5.716941136230782 3.3000000000000003
      vertex 11.0122265251771 5.716941136230782 10
      vertex 11.05259238086427 5.850009529157144 3.3000000000000003
    endloop
  endfacet
  facet normal -0.9738769792773324 0.22707626303437822 0
    outer loop
      vertex 11.05259238086427 5.850009529157144 3.3000000000000003
      vertex 11.05259238086427 5.850009529157144 10
      vertex 11.084168720856866 5.9854330657157275 3.3000000000000003
    endloop
  endfacet
  facet normal -0.9866433320848815 0.1628954733945734 0
    outer loop
      vertex 11.084168720856866 5.9854330657157275 3.3000000000000003
      vertex 11.084168720856866 5.9854330657157275 10
      vertex 11.106820330419346 6.122631841532391 3.3000000000000003
    endloop
  endfacet
  facet normal -0.9951847266721965 0.09801714032956442 0
    outer loop
      vertex 11.106820330419346 6.122631841532391 3.3000000000000003
      vertex 11.106820330419346 6.122631841532391 10
      vertex 11.120450211882032 6.261018350385946 3.3000000000000003
    endloop
  endfacet
  facet normal 0 0 1
    outer loop
      vertex 0 0 10
      vertex 18 0 10
      vertex 9.813202293775817 4.436755993413517 10
    endloop
  endfacet
  facet normal -0.03271908282178027 0.9994645874763655 0
    outer loop
      vertex 9.138981649614054 4.2795497881179685 3.3000000000000003
      vertex 9 4.275 10
      vertex 9.138981649614054 4.2795497881179685 10
    endloop
  endfacet
  facet normal -0.09801714032955809 0.9951847266721972 0
    outer loop
      vertex 9.27736815846761 4.2931796695806534 3.3000000000000003
      vertex 9.138981649614054 4.2795497881179685 10
      vertex 9.27736815846761 4.2931796695806534 10
    endloop
  endfacet
  facet normal -0.16289547339458685 0.9866433320848793 0
    outer loop
      vertex 9.414566934284272 4.3158312791431355 3.3000000000000003
      vertex 9.27736815846761 4.2931796695806534 10
      vertex 9.414566934284272 4.3158312791431355 10
    endloop
  endfacet
  facet normal -0.22707626303436937 0.9738769792773346 0
    outer loop
      vertex 9.549990470842857 4.34740761913573 3.3000000000000003
      vertex 9.414566934284272 4.3158312791431355 10
      vertex 9.549990470842857 4.34740761913573 10
    endloop
  endfacet
  facet normal -0.2902846772544621 0.9569403357322089 0
    outer loop
      vertex 9.683058863769219 4.3877734748229 3.3000000000000003
      vertex 9.549990470842857 4.34740761913573 10
      vertex 9.683058863769219 4.3877734748229 10
    endloop
  endfacet
  facet normal -0.35225004792123976 0.9359059267573234 0
    outer loop
      vertex 9.813202293775817 4.436755993413517 3.3000000000000003
      vertex 9.683058863769219 4.3877734748229 10
      vertex 9.813202293775817 4.436755993413517 10
    endloop
  endfacet
  facet normal -0.4127070298043917 0.9108638249211772 0
    outer loop
      vertex 9.939863466715378 4.494145424243038 3.3000000000000003
      vertex 9.813202293775817 4.436755993413517 10
      vertex 9.939863466715378 4.494145424243038 10
    endloop
  endfacet
  facet normal -0.471396736826001 0.8819212643483533 0
    outer loop
      vertex 10.0625 4.5596960169580685 3.3000000000000003
      vertex 9.939863466715378 4.494145424243038 10
      vertex 10.0625 4.5596960169580685 10
    endloop
  endfacet
  facet normal -0.5280678506503717 0.8492021815265767 0
    outer loop
      vertex 10.180586745166654 4.633127073857092 3.3000000000000003
      vertex 10.0625 4.5596960169580685 10
      vertex 10.180586745166654 4.633127073857092 10
    endloop
  endfacet
  facet normal -0.5824776968677966 0.8128466845916192 0
    outer loop
      vertex 10.293618036643531 4.714124151881125 3.3000000000000003
      vertex 10.180586745166654 4.633127073857092 10
      vertex 10.293618036643531 4.714124151881125 10
    endloop
  endfacet
  facet normal -0.6343932841636462 0.7730104533627365 0
    outer loop
      vertex 10.401109857087647 4.802340409107174 3.3000000000000003
      vertex 10.293618036643531 4.714124151881125 10
      vertex 10.401109857087647 4.802340409107174 10
    endloop
  endfacet
  facet normal -0.6835923020228737 0.7298640726978335 0
    outer loop
      vertex 10.502601910021413 4.897398089978587 3.3000000000000003
      vertex 10.401109857087647 4.802340409107174 10
      vertex 10.502601910021413 4.897398089978587 10
    endloop
  endfacet
  facet normal -0.7298640726978364 0.6835923020228705 0
    outer loop
      vertex 10.597659590892826 4.998890142912354 3.3000000000000003
      vertex 10.502601910021413 4.897398089978587 10
      vertex 10.597659590892826 4.998890142912354 10
    endloop
  endfacet
  facet normal -0.7730104533627369 0.6343932841636454 0
    outer loop
      vertex 10.685875848118874 5.106381963356469 3.3000000000000003
      vertex 10.597659590892826 4.998890142912354 10
      vertex 10.685875848118874 5.106381963356469 10
    endloop
  endfacet
  facet normal -0.812846684591611 0.582477696867808 0
    outer loop
      vertex 10.76687292614291 5.219413254833346 3.3000000000000003
      vertex 10.685875848118874 5.106381963356469 10
      vertex 10.76687292614291 5.219413254833346 10
    endloop
  endfacet
  facet normal -0.8492021815265784 0.5280678506503688 0
    outer loop
      vertex 10.840303983041933 5.3375 3.3000000000000003
      vertex 10.76687292614291 5.219413254833346 10
      vertex 10.840303983041933 5.3375 10
    endloop
  endfacet
  facet normal -0.8819212643483586 0.471396736825991 0
    outer loop
      vertex 10.905854575756962 5.460136533284622 3.3000000000000003
      vertex 10.840303983041933 5.3375 10
      vertex 10.905854575756962 5.460136533284622 10
    endloop
  endfacet
  facet normal -0.910863824921176 0.4127070298043946 0
    outer loop
      vertex 10.963244006586484 5.586797706224185 3.3000000000000003
      vertex 10.905854575756962 5.460136533284622 10
      vertex 10.963244006586484 5.586797706224185 10
    endloop
  endfacet
  facet normal -0.9359059267573225 0.3522500479212418 0
    outer loop
      vertex 11.0122265251771 5.716941136230782 3.3000000000000003
      vertex 10.963244006586484 5.586797706224185 10
      vertex 11.0122265251771 5.716941136230782 10
    endloop
  endfacet
  facet normal -0.9569403357322095 0.29028467725446033 0
    outer loop
      vertex 11.05259238086427 5.850009529157144 3.3000000000000003
      vertex 11.0122265251771 5.716941136230782 10
      vertex 11.05259238086427 5.850009529157144 10
    endloop
  endfacet
  facet normal -0.9738769792773324 0.22707626303437822 0
    outer loop
      vertex 11.084168720856866 5.9854330657157275 3.3000000000000003
      vertex 11.05259238086427 5.850009529157144 10
      vertex 11.084168720856866 5.9854330657157275 10
    endloop
  endfacet
  facet normal -0.9866433320848815 0.1628954733945734 0
    outer loop
      vertex 11.106820330419346 6.122631841532391 3.3000000000000003
      vertex 11.084168720856866 5.9854330657157275 10
      vertex 11.106820330419346 6.122631841532391 10
    endloop
  endfacet
  facet normal 0 0 1
    outer loop
      vertex 18 0 10
      vertex 9.939863466715378 4.494145424243038 10
      vertex 9.813202293775817 4.436755993413517 10
    endloop
  endfacet
  facet normal 0 0 1
    outer loop
      vertex 18 0 10
      vertex 10.0625 4.5596960169580685 10
      vertex 9.939863466715378 4.494145424243038 10
    endloop
  endfacet
  facet normal 0 0 1
    outer loop
      vertex 18 0 10
      vertex 10.180586745166654 4.633127073857092 10
      vertex 10.0625 4.5596960169580685 10
    endloop
  endfacet
  facet normal 0 0 1
    outer loop
      vertex 18 0 10
      vertex 10.293618036643531 4.714124151881125 10
      vertex 10.180586745166654 4.633127073857092 10
    endloop
  endfacet
  facet normal 0 0 1
    outer loop
      vertex 18 0 10
      vertex 10.401109857087647 4.802340409107174 10
      vertex 10.293618036643531 4.714124151881125 10
    endloop
  endfacet
  facet normal 0 0 1
    outer loop
      vertex 18 0 10
      vertex 10.502601910021413 4.897398089978587 10
      vertex 10.401109857087647 4.802340409107174 10
    endloop
  endfacet
  facet normal 0 0 1
    outer loop
      vertex 18 0 10
      vertex 10.597659590892826 4.998890142912354 10
      vertex 10.502601910021413 4.897398089978587 10
    endloop
  endfacet
  facet normal 0 0 1
    outer loop
      vertex 18 0 10
      vertex 10.685875848118874 5.106381963356469 10
      vertex 10.597659590892826 4.998890142912354 10
    endloop
  endfacet
  facet normal 0 0 1
    outer loop
      vertex 18 0 10
      vertex 10.76687292614291 5.219413254833346 10
      vertex 10.685875848118874 5.106381963356469 10
    endloop
  endfacet
  facet normal 0 0 1
    outer loop
      vertex 18 0 10
      vertex 10.840303983041933 5.3375 10
      vertex 10.76687292614291 5.219413254833346 10
    endloop
  endfacet
  facet normal 0 0 1
    outer loop
      vertex 18 0 10
      vertex 10.905854575756962 5.460136533284622 10
      vertex 10.840303983041933 5.3375 10
    endloop
  endfacet
  facet normal 0 0 1
    outer loop
      vertex 18 0 10
      vertex 10.963244006586484 5.586797706224185 10
      vertex 10.905854575756962 5.460136533284622 10
    endloop
  endfacet
  facet normal 0 0 1
    outer loop
      vertex 18 0 10
      vertex 11.0122265251771 5.716941136230782 10
      vertex 10.963244006586484 5.586797706224185 10
    endloop
  endfacet
  facet normal 0 0 1
    outer loop
      vertex 18 0 10
      vertex 11.05259238086427 5.850009529157144 10
      vertex 11.0122265251771 5.716941136230782 10
    endloop
  endfacet
  facet normal 0 0 1
    outer loop
      vertex 18 0 10
      vertex 11.084168720856866 5.9854330657157275 10
      vertex 11.05259238086427 5.850009529157144 10
    endloop
  endfacet
  facet normal 0 0 1
    outer loop
      vertex 18 0 10
      vertex 11.106820330419346 6.122631841532391 10
      vertex 11.084168720856866 5.9854330657157275 10
    endloop
  endfacet
  facet normal 0 0 1
    outer loop
      vertex 18 0 10
      vertex 11.120450211882032 6.261018350385946 10
      vertex 11.106820330419346 6.122631841532391 10
    endloop
  endfacet
  facet normal 0 0 1
    outer loop
      vertex 18 0 10
      vertex 11.125 6.4 10
      vertex 11.120450211882032 6.261018350385946 10
    endloop
  endfacet
  facet normal 0 0 1
    outer loop
      vertex 18 0 10
      vertex 11.120450211882032 6.538981649614055 10
      vertex 11.125 6.4 10
    endloop
  endfacet
  facet normal 0 0 1
    outer loop
      vertex 18 0 10
      vertex 11.106820330419346 6.67736815846761 10
      vertex 11.120450211882032 6.538981649614055 10
    endloop
  endfacet
  facet normal 0 0 1
    outer loop
      vertex 18 0 10
      vertex 11.084168720856866 6.814566934284273 10
      vertex 11.106820330419346 6.67736815846761 10
    endloop
  endfacet
  facet normal 0 0 1
    outer loop
      vertex 18 0 10
      vertex 11.05259238086427 6.949990470842857 10
      vertex 11.084168720856866 6.814566934284273 10
    endloop
  endfacet
  facet normal 0 0 1
    outer loop
      vertex 18 0 10
      vertex 10.76687292614291 7.580586745166655 10
      vertex 10.840303983041933 7.4625 10
    endloop
  endfacet
  facet normal 0 0 1
    outer loop
      vertex 18 0 10
      vertex 10.502601910021413 7.9026019100214135 10
      vertex 10.597659590892826 7.8011098570876465 10
    endloop
  endfacet
  facet normal 0 0 1
    outer loop
      vertex 18 0 10
      vertex 10.597659590892826 7.8011098570876465 10
      vertex 10.685875848118874 7.693618036643532 10
    endloop
  endfacet
  facet normal 0 0 1
    outer loop
      vertex 18 0 10
      vertex 10.685875848118874 7.693618036643532 10
      vertex 10.76687292614291 7.580586745166655 10
    endloop
  endfacet
  facet normal 0 0 1
    outer loop
      vertex 18 0 10
      vertex 11.0122265251771 7.083058863769219 10
      vertex 11.05259238086427 6.949990470842857 10
    endloop
  endfacet
  facet normal 0 0 1
    outer loop
      vertex 18 0 10
      vertex 10.963244006586484 7.213202293775816 10
      vertex 11.0122265251771 7.083058863769219 10
    endloop
  endfacet
  facet normal 0 0 1
    outer loop
      vertex 18 0 10
      vertex 10.840303983041933 7.4625 10
      vertex 10.905854575756962 7.339863466715379 10
    endloop
  endfacet
  facet normal 0 0 1
    outer loop
      vertex 18 0 10
      vertex 10.905854575756962 7.339863466715379 10
      vertex 10.963244006586484 7.213202293775816 10
    endloop
  endfacet
  facet normal -0.03271908282178027 -0.9994645874763655 0
    outer loop
      vertex 9 8.525 3.3000000000000003
      vertex 9.138981649614054 8.520450211882032 3.3000000000000003
      vertex 9.138981649614054 8.520450211882032 10
    endloop
  endfacet
  facet normal -0.09801714032955176 -0.9951847266721977 0
    outer loop
      vertex 9.138981649614054 8.520450211882032 3.3000000000000003
      vertex 9.27736815846761 8.506820330419348 3.3000000000000003
      vertex 9.27736815846761 8.506820330419348 10
    endloop
  endfacet
  facet normal -0.16289547339459928 -0.9866433320848772 0
    outer loop
      vertex 9.27736815846761 8.506820330419348 3.3000000000000003
      vertex 9.414566934284272 8.484168720856864 3.3000000000000003
      vertex 9.414566934284272 8.484168720856864 10
    endloop
  endfacet
  facet normal -0.22707626303436332 -0.973876979277336 0
    outer loop
      vertex 9.549990470842857 8.452592380864271 3.3000000000000003
      vertex 9.549990470842857 8.452592380864271 10
      vertex 9.414566934284272 8.484168720856864 3.3000000000000003
    endloop
  endfacet
  facet normal -0.2902846772544621 -0.9569403357322089 0
    outer loop
      vertex 9.549990470842857 8.452592380864271 3.3000000000000003
      vertex 9.683058863769219 8.4122265251771 3.3000000000000003
      vertex 9.683058863769219 8.4122265251771 10
    endloop
  endfacet
  facet normal -0.35225004792123976 -0.9359059267573234 0
    outer loop
      vertex 9.683058863769219 8.4122265251771 3.3000000000000003
      vertex 9.813202293775817 8.363244006586484 3.3000000000000003
      vertex 9.813202293775817 8.363244006586484 10
    endloop
  endfacet
  facet normal -0.412707029804397 -0.9108638249211749 0
    outer loop
      vertex 9.813202293775817 8.363244006586484 3.3000000000000003
      vertex 9.939863466715378 8.305854575756962 3.3000000000000003
      vertex 9.939863466715378 8.305854575756962 10
    endloop
  endfacet
  facet normal -0.471396736825991 -0.8819212643483586 0
    outer loop
      vertex 9.939863466715378 8.305854575756962 3.3000000000000003
      vertex 10.0625 8.240303983041933 3.3000000000000003
      vertex 10.0625 8.240303983041933 10
    endloop
  endfacet
  facet normal -0.7730104533627369 -0.6343932841636454 0
    outer loop
      vertex 10.597659590892826 7.8011098570876465 3.3000000000000003
      vertex 10.685875848118874 7.693618036643532 3.3000000000000003
      vertex 10.685875848118874 7.693618036643532 10
    endloop
  endfacet
  facet normal -0.9994645874763655 0.03271908282178027 0
    outer loop
      vertex 11.120450211882032 6.261018350385946 3.3000000000000003
      vertex 11.120450211882032 6.261018350385946 10
      vertex 11.125 6.4 3.3000000000000003
    endloop
  endfacet
  facet normal -0.9994645874763655 -0.03271908282178027 0
    outer loop
      vertex 11.125 6.4 3.3000000000000003
      vertex 11.125 6.4 10
      vertex 11.120450211882032 6.538981649614055 3.3000000000000003
    endloop
  endfacet
  facet normal -0.9951847266721965 -0.09801714032956442 0
    outer loop
      vertex 11.106820330419346 6.67736815846761 3.3000000000000003
      vertex 11.120450211882032 6.538981649614055 3.3000000000000003
      vertex 11.120450211882032 6.538981649614055 10
    endloop
  endfacet
  facet normal -0.9866433320848815 -0.1628954733945734 0
    outer loop
      vertex 11.106820330419346 6.67736815846761 3.3000000000000003
      vertex 11.106820330419346 6.67736815846761 10
      vertex 11.084168720856866 6.814566934284273 3.3000000000000003
    endloop
  endfacet
  facet normal -0.9738769792773324 -0.22707626303437822 0
    outer loop
      vertex 11.084168720856866 6.814566934284273 3.3000000000000003
      vertex 11.084168720856866 6.814566934284273 10
      vertex 11.05259238086427 6.949990470842857 3.3000000000000003
    endloop
  endfacet
  facet normal -0.910863824921176 -0.4127070298043946 0
    outer loop
      vertex 10.963244006586484 7.213202293775816 3.3000000000000003
      vertex 10.963244006586484 7.213202293775816 10
      vertex 10.905854575756962 7.339863466715379 3.3000000000000003
    endloop
  endfacet
  facet normal -0.8492021815265784 -0.5280678506503688 0
    outer loop
      vertex 10.76687292614291 7.580586745166655 3.3000000000000003
      vertex 10.840303983041933 7.4625 3.3000000000000003
      vertex 10.840303983041933 7.4625 10
    endloop
  endfacet
  facet normal -0.812846684591611 -0.582477696867808 0
    outer loop
      vertex 10.685875848118874 7.693618036643532 3.3000000000000003
      vertex 10.76687292614291 7.580586745166655 3.3000000000000003
      vertex 10.76687292614291 7.580586745166655 10
    endloop
  endfacet
  facet normal -0.8819212643483586 -0.471396736825991 0
    outer loop
      vertex 10.840303983041933 7.4625 3.3000000000000003
      vertex 10.905854575756962 7.339863466715379 3.3000000000000003
      vertex 10.905854575756962 7.339863466715379 10
    endloop
  endfacet
  facet normal -0.9359059267573225 -0.3522500479212418 0
    outer loop
      vertex 11.0122265251771 7.083058863769219 3.3000000000000003
      vertex 11.0122265251771 7.083058863769219 10
      vertex 10.963244006586484 7.213202293775816 3.3000000000000003
    endloop
  endfacet
  facet normal -0.9569403357322095 -0.29028467725446033 0
    outer loop
      vertex 11.0122265251771 7.083058863769219 3.3000000000000003
      vertex 11.05259238086427 6.949990470842857 3.3000000000000003
      vertex 11.05259238086427 6.949990470842857 10
    endloop
  endfacet
  facet normal -0.582477696867805 -0.8128466845916131 0
    outer loop
      vertex 10.180586745166654 8.16687292614291 3.3000000000000003
      vertex 10.293618036643531 8.085875848118874 3.3000000000000003
      vertex 10.293618036643531 8.085875848118874 10
    endloop
  endfacet
  facet normal -0.6343932841636423 -0.7730104533627395 0
    outer loop
      vertex 10.293618036643531 8.085875848118874 3.3000000000000003
      vertex 10.401109857087647 7.997659590892827 3.3000000000000003
      vertex 10.401109857087647 7.997659590892827 10
    endloop
  endfacet
  facet normal -0.5280678506503717 -0.8492021815265767 0
    outer loop
      vertex 10.0625 8.240303983041933 3.3000000000000003
      vertex 10.180586745166654 8.16687292614291 3.3000000000000003
      vertex 10.180586745166654 8.16687292614291 10
    endloop
  endfacet
  facet normal -0.6835923020228737 -0.7298640726978335 0
    outer loop
      vertex 10.401109857087647 7.997659590892827 3.3000000000000003
      vertex 10.502601910021413 7.9026019100214135 3.3000000000000003
      vertex 10.502601910021413 7.9026019100214135 10
    endloop
  endfacet
  facet normal -0.7298640726978364 -0.6835923020228705 0
    outer loop
      vertex 10.597659590892826 7.8011098570876465 3.3000000000000003
      vertex 10.597659590892826 7.8011098570876465 10
      vertex 10.502601910021413 7.9026019100214135 3.3000000000000003
    endloop
  endfacet
  facet normal -0.03271908282178027 -0.9994645874763655 0
    outer loop
      vertex 9 8.525 3.3000000000000003
      vertex 9.138981649614054 8.520450211882032 10
      vertex 9 8.525 10
    endloop
  endfacet
  facet normal -0.09801714032955176 -0.9951847266721977 0
    outer loop
      vertex 9.138981649614054 8.520450211882032 3.3000000000000003
      vertex 9.27736815846761 8.506820330419348 10
      vertex 9.138981649614054 8.520450211882032 10
    endloop
  endfacet
  facet normal -0.16289547339459928 -0.9866433320848772 0
    outer loop
      vertex 9.27736815846761 8.506820330419348 3.3000000000000003
      vertex 9.414566934284272 8.484168720856864 10
      vertex 9.27736815846761 8.506820330419348 10
    endloop
  endfacet
  facet normal -0.22707626303436332 -0.973876979277336 0
    outer loop
      vertex 9.414566934284272 8.484168720856864 3.3000000000000003
      vertex 9.549990470842857 8.452592380864271 10
      vertex 9.414566934284272 8.484168720856864 10
    endloop
  endfacet
  facet normal -0.2902846772544621 -0.9569403357322089 0
    outer loop
      vertex 9.549990470842857 8.452592380864271 3.3000000000000003
      vertex 9.683058863769219 8.4122265251771 10
      vertex 9.549990470842857 8.452592380864271 10
    endloop
  endfacet
  facet normal -0.35225004792123976 -0.9359059267573234 0
    outer loop
      vertex 9.683058863769219 8.4122265251771 3.3000000000000003
      vertex 9.813202293775817 8.363244006586484 10
      vertex 9.683058863769219 8.4122265251771 10
    endloop
  endfacet
  facet normal -0.471396736825991 -0.8819212643483586 0
    outer loop
      vertex 9.939863466715378 8.305854575756962 3.3000000000000003
      vertex 10.0625 8.240303983041933 10
      vertex 9.939863466715378 8.305854575756962 10
    endloop
  endfacet
  facet normal -0.412707029804397 -0.9108638249211749 0
    outer loop
      vertex 9.813202293775817 8.363244006586484 3.3000000000000003
      vertex 9.939863466715378 8.305854575756962 10
      vertex 9.813202293775817 8.363244006586484 10
    endloop
  endfacet
  facet normal -0.5280678506503717 -0.8492021815265767 0
    outer loop
      vertex 10.0625 8.240303983041933 3.3000000000000003
      vertex 10.180586745166654 8.16687292614291 10
      vertex 10.0625 8.240303983041933 10
    endloop
  endfacet
  facet normal -0.9951847266721965 0.09801714032956442 0
    outer loop
      vertex 11.120450211882032 6.261018350385946 3.3000000000000003
      vertex 11.106820330419346 6.122631841532391 10
      vertex 11.120450211882032 6.261018350385946 10
    endloop
  endfacet
  facet normal -0.9994645874763655 0.03271908282178027 0
    outer loop
      vertex 11.125 6.4 3.3000000000000003
      vertex 11.120450211882032 6.261018350385946 10
      vertex 11.125 6.4 10
    endloop
  endfacet
  facet normal -0.9994645874763655 -0.03271908282178027 0
    outer loop
      vertex 11.120450211882032 6.538981649614055 3.3000000000000003
      vertex 11.125 6.4 10
      vertex 11.120450211882032 6.538981649614055 10
    endloop
  endfacet
  facet normal -0.9866433320848815 -0.1628954733945734 0
    outer loop
      vertex 11.084168720856866 6.814566934284273 3.3000000000000003
      vertex 11.106820330419346 6.67736815846761 10
      vertex 11.084168720856866 6.814566934284273 10
    endloop
  endfacet
  facet normal -0.9738769792773324 -0.22707626303437822 0
    outer loop
      vertex 11.05259238086427 6.949990470842857 3.3000000000000003
      vertex 11.084168720856866 6.814566934284273 10
      vertex 11.05259238086427 6.949990470842857 10
    endloop
  endfacet
  facet normal -0.9951847266721965 -0.09801714032956442 0
    outer loop
      vertex 11.106820330419346 6.67736815846761 3.3000000000000003
      vertex 11.120450211882032 6.538981649614055 10
      vertex 11.106820330419346 6.67736815846761 10
    endloop
  endfacet
  facet normal -0.910863824921176 -0.4127070298043946 0
    outer loop
      vertex 10.905854575756962 7.339863466715379 3.3000000000000003
      vertex 10.963244006586484 7.213202293775816 10
      vertex 10.905854575756962 7.339863466715379 10
    endloop
  endfacet
  facet normal -0.8492021815265784 -0.5280678506503688 0
    outer loop
      vertex 10.76687292614291 7.580586745166655 3.3000000000000003
      vertex 10.840303983041933 7.4625 10
      vertex 10.76687292614291 7.580586745166655 10
    endloop
  endfacet
  facet normal -0.812846684591611 -0.582477696867808 0
    outer loop
      vertex 10.685875848118874 7.693618036643532 3.3000000000000003
      vertex 10.76687292614291 7.580586745166655 10
      vertex 10.685875848118874 7.693618036643532 10
    endloop
  endfacet
  facet normal -0.8819212643483586 -0.471396736825991 0
    outer loop
      vertex 10.840303983041933 7.4625 3.3000000000000003
      vertex 10.905854575756962 7.339863466715379 10
      vertex 10.840303983041933 7.4625 10
    endloop
  endfacet
  facet normal -0.9569403357322095 -0.29028467725446033 0
    outer loop
      vertex 11.0122265251771 7.083058863769219 3.3000000000000003
      vertex 11.05259238086427 6.949990470842857 10
      vertex 11.0122265251771 7.083058863769219 10
    endloop
  endfacet
  facet normal -0.9359059267573225 -0.3522500479212418 0
    outer loop
      vertex 10.963244006586484 7.213202293775816 3.3000000000000003
      vertex 11.0122265251771 7.083058863769219 10
      vertex 10.963244006586484 7.213202293775816 10
    endloop
  endfacet
  facet normal -0.6343932841636423 -0.7730104533627395 0
    outer loop
      vertex 10.293618036643531 8.085875848118874 3.3000000000000003
      vertex 10.401109857087647 7.997659590892827 10
      vertex 10.293618036643531 8.085875848118874 10
    endloop
  endfacet
  facet normal -0.582477696867805 -0.8128466845916131 0
    outer loop
      vertex 10.180586745166654 8.16687292614291 3.3000000000000003
      vertex 10.293618036643531 8.085875848118874 10
      vertex 10.180586745166654 8.16687292614291 10
    endloop
  endfacet
  facet normal -0.7298640726978364 -0.6835923020228705 0
    outer loop
      vertex 10.502601910021413 7.9026019100214135 3.3000000000000003
      vertex 10.597659590892826 7.8011098570876465 10
      vertex 10.502601910021413 7.9026019100214135 10
    endloop
  endfacet
  facet normal -0.6835923020228737 -0.7298640726978335 0
    outer loop
      vertex 10.401109857087647 7.997659590892827 3.3000000000000003
      vertex 10.502601910021413 7.9026019100214135 10
      vertex 10.401109857087647 7.997659590892827 10
    endloop
  endfacet
  facet normal -0.7730104533627369 -0.6343932841636454 0
    outer loop
      vertex 10.597659590892826 7.8011098570876465 3.3000000000000003
      vertex 10.685875848118874 7.693618036643532 10
      vertex 10.597659590892826 7.8011098570876465 10
    endloop
  endfacet
  facet normal 0 0 1
    outer loop
      vertex 0 24.8 10
      vertex 10.502601910021413 7.9026019100214135 10
      vertex 18 0 10
    endloop
  endfacet
  facet normal 0 0 1
    outer loop
      vertex 18 0 10
      vertex 7.598890142912354 16.80234040910717 10
      vertex 7.497398089978587 16.897398089978584 10
    endloop
  endfacet
  facet normal 0 0 1
    outer loop
      vertex 18 0 10
      vertex 7.706381963356469 16.714124151881123 10
      vertex 7.598890142912354 16.80234040910717 10
    endloop
  endfacet
  facet normal 0 0 1
    outer loop
      vertex 18 0 10
      vertex 7.8194132548333455 16.63312707385709 10
      vertex 7.706381963356469 16.714124151881123 10
    endloop
  endfacet
  facet normal 0 0 1
    outer loop
      vertex 18 0 10
      vertex 8.060136533284622 16.494145424243037 10
      vertex 7.9375 16.559696016958068 10
    endloop
  endfacet
  facet normal 0 0 1
    outer loop
      vertex 18 0 10
      vertex 7.9375 16.559696016958068 10
      vertex 7.8194132548333455 16.63312707385709 10
    endloop
  endfacet
  facet normal 0 0 1
    outer loop
      vertex 18 0 10
      vertex 8.186797706224183 16.436755993413513 10
      vertex 8.060136533284622 16.494145424243037 10
    endloop
  endfacet
  facet normal 0 0 1
    outer loop
      vertex 18 0 10
      vertex 8.316941136230781 16.3877734748229 10
      vertex 8.186797706224183 16.436755993413513 10
    endloop
  endfacet
  facet normal 0 0 1
    outer loop
      vertex 18 0 10
      vertex 8.450009529157143 16.34740761913573 10
      vertex 8.316941136230781 16.3877734748229 10
    endloop
  endfacet
  facet normal 0 0 1
    outer loop
      vertex 18 0 10
      vertex 8.585433065715728 16.315831279143133 10
      vertex 8.450009529157143 16.34740761913573 10
    endloop
  endfacet
  facet normal 0 0 1
    outer loop
      vertex 18 0 10
      vertex 8.72263184153239 16.293179669580653 10
      vertex 8.585433065715728 16.315831279143133 10
    endloop
  endfacet
  facet normal 0 0 1
    outer loop
      vertex 18 0 10
      vertex 8.861018350385946 16.279549788117965 10
      vertex 8.72263184153239 16.293179669580653 10
    endloop
  endfacet
  facet normal 0 0 1
    outer loop
      vertex 18 0 10
      vertex 9 16.275 10
      vertex 8.861018350385946 16.279549788117965 10
    endloop
  endfacet
  facet normal 0 0 1
    outer loop
      vertex 18 0 10
      vertex 9.138981649614054 16.279549788117965 10
      vertex 9 16.275 10
    endloop
  endfacet
  facet normal 0 0 1
    outer loop
      vertex 18 0 10
      vertex 9.27736815846761 16.293179669580653 10
      vertex 9.138981649614054 16.279549788117965 10
    endloop
  endfacet
  facet normal 0 0 1
    outer loop
      vertex 18 0 10
      vertex 9.414566934284272 16.315831279143133 10
      vertex 9.27736815846761 16.293179669580653 10
    endloop
  endfacet
  facet normal 0 0 1
    outer loop
      vertex 18 0 10
      vertex 9.549990470842857 16.34740761913573 10
      vertex 9.414566934284272 16.315831279143133 10
    endloop
  endfacet
  facet normal 0 0 1
    outer loop
      vertex 18 0 10
      vertex 9.683058863769219 16.3877734748229 10
      vertex 9.549990470842857 16.34740761913573 10
    endloop
  endfacet
  facet normal 0 0 1
    outer loop
      vertex 18 0 10
      vertex 9.813202293775817 16.436755993413513 10
      vertex 9.683058863769219 16.3877734748229 10
    endloop
  endfacet
  facet normal 0 0 1
    outer loop
      vertex 18 0 10
      vertex 9.939863466715378 16.494145424243037 10
      vertex 9.813202293775817 16.436755993413513 10
    endloop
  endfacet
  facet normal 0 0 1
    outer loop
      vertex 18 0 10
      vertex 10.0625 16.559696016958068 10
      vertex 9.939863466715378 16.494145424243037 10
    endloop
  endfacet
  facet normal 0 0 1
    outer loop
      vertex 18 0 10
      vertex 10.180586745166654 16.63312707385709 10
      vertex 10.0625 16.559696016958068 10
    endloop
  endfacet
  facet normal 0 0 1
    outer loop
      vertex 18 0 10
      vertex 10.293618036643531 16.714124151881123 10
      vertex 10.180586745166654 16.63312707385709 10
    endloop
  endfacet
  facet normal 0 0 1
    outer loop
      vertex 18 0 10
      vertex 10.401109857087647 16.80234040910717 10
      vertex 10.293618036643531 16.714124151881123 10
    endloop
  endfacet
  facet normal 0 0 1
    outer loop
      vertex 18 0 10
      vertex 10.502601910021413 16.897398089978584 10
      vertex 10.401109857087647 16.80234040910717 10
    endloop
  endfacet
  facet normal 0 0 1
    outer loop
      vertex 18 0 10
      vertex 10.597659590892826 16.99889014291235 10
      vertex 10.502601910021413 16.897398089978584 10
    endloop
  endfacet
  facet normal 0 0 1
    outer loop
      vertex 18 0 10
      vertex 10.685875848118874 17.106381963356466 10
      vertex 10.597659590892826 16.99889014291235 10
    endloop
  endfacet
  facet normal 0 0 1
    outer loop
      vertex 18 0 10
      vertex 10.76687292614291 17.219413254833345 10
      vertex 10.685875848118874 17.106381963356466 10
    endloop
  endfacet
  facet normal 0 0 1
    outer loop
      vertex 18 0 10
      vertex 10.840303983041933 17.3375 10
      vertex 10.76687292614291 17.219413254833345 10
    endloop
  endfacet
  facet normal 0 0 1
    outer loop
      vertex 18 0 10
      vertex 10.905854575756962 17.460136533284622 10
      vertex 10.840303983041933 17.3375 10
    endloop
  endfacet
  facet normal 0 0 1
    outer loop
      vertex 18 0 10
      vertex 10.963244006586484 17.586797706224182 10
      vertex 10.905854575756962 17.460136533284622 10
    endloop
  endfacet
  facet normal 0 0 1
    outer loop
      vertex 18 0 10
      vertex 11.0122265251771 17.71694113623078 10
      vertex 10.963244006586484 17.586797706224182 10
    endloop
  endfacet
  facet normal 0 0 1
    outer loop
      vertex 18 0 10
      vertex 11.05259238086427 17.85000952915714 10
      vertex 11.0122265251771 17.71694113623078 10
    endloop
  endfacet
  facet normal 0 0 1
    outer loop
      vertex 18 0 10
      vertex 11.084168720856866 17.985433065715725 10
      vertex 11.05259238086427 17.85000952915714 10
    endloop
  endfacet
  facet normal 0 0 1
    outer loop
      vertex 18 0 10
      vertex 11.106820330419346 18.12263184153239 10
      vertex 11.084168720856866 17.985433065715725 10
    endloop
  endfacet
  facet normal 0 0 1
    outer loop
      vertex 18 0 10
      vertex 11.120450211882032 18.261018350385946 10
      vertex 11.106820330419346 18.12263184153239 10
    endloop
  endfacet
  facet normal 0 0 1
    outer loop
      vertex 18 0 10
      vertex 11.125 18.4 10
      vertex 11.120450211882032 18.261018350385946 10
    endloop
  endfacet
  facet normal 0 0 -1
    outer loop
      vertex 7.575975898197391 10.595039728094127 0
      vertex 9.578250226563096 14.00775346339911 0
      vertex 9.864278816284687 14.054976974684216 0
    endloop
  endfacet
  facet normal 0 0 -1
    outer loop
      vertex 7.575975898197391 10.595039728094127 0
      vertex 9.864278816284687 14.054976974684216 0
      vertex 10.146606431428447 14.120806541623795 0
    endloop
  endfacet
  facet normal 0 0 -1
    outer loop
      vertex 7.575975898197391 10.595039728094127 0
      vertex 10.146606431428447 14.120806541623795 0
      vertex 10.424024101802608 14.204960271905872 0
    endloop
  endfacet
  facet normal -0.026827745022935685 0.819502834426238 -0.572446832871269
    outer loop
      vertex 9 16.275 3.3000000000000003
      vertex 9.289745480596773 13.979338226093684 0
      vertex 9 13.96985294117647 0
    endloop
  endfacet
  facet normal -0.08036835454595843 0.8159935974768606 -0.5724468328712689
    outer loop
      vertex 9.138981649614054 16.279549788117965 3.3000000000000003
      vertex 9.578250226563096 14.00775346339911 0
      vertex 9.289745480596773 13.979338226093684 0
    endloop
  endfacet
  facet normal -0.13356481443643395 0.8089901506694714 -0.5724468328712693
    outer loop
      vertex 9.27736815846761 16.293179669580653 3.3000000000000003
      vertex 9.864278816284687 14.054976974684216 0
      vertex 9.578250226563096 14.00775346339911 0
    endloop
  endfacet
  facet normal -0.18618932928625448 0.798522483838488 -0.5724468328712691
    outer loop
      vertex 9.414566934284272 16.315831279143133 3.3000000000000003
      vertex 10.146606431428447 14.120806541623795 0
      vertex 9.864278816284687 14.054976974684216 0
    endloop
  endfacet
  facet normal -0.23801655284376344 0.7846354211403058 -0.5724468328712692
    outer loop
      vertex 9.549990470842857 16.34740761913573 3.3000000000000003
      vertex 10.424024101802608 14.204960271905872 0
      vertex 10.146606431428447 14.120806541623795 0
    endloop
  endfacet
  facet normal 0 0 -1
    outer loop
      vertex 10.424024101802608 10.595039728094127 0
      vertex 10.424024101802608 14.204960271905872 0
      vertex 10.695343882352695 14.307077806337864 0
    endloop
  endfacet
  facet normal 0 0 -1
    outer loop
      vertex 10.695343882352695 10.492922193662134 0
      vertex 10.695343882352695 14.307077806337864 0
      vertex 10.95940394012462 14.426721861959965 0
    endloop
  endfacet
  facet normal 0 0 -1
    outer loop
      vertex 10.95940394012462 10.373278138040035 0
      vertex 10.95940394012462 14.426721861959965 0
      vertex 11.215073529411764 14.563380104557908 0
    endloop
  endfacet
  facet normal -0.28882455298102694 0.7673884291093808 -0.5724468328712692
    outer loop
      vertex 9.683058863769219 16.3877734748229 3.3000000000000003
      vertex 10.695343882352695 14.307077806337864 0
      vertex 10.424024101802608 14.204960271905872 0
    endloop
  endfacet
  facet normal -0.3383957620412806 0.7468553620133919 -0.5724468328712689
    outer loop
      vertex 9.813202293775817 16.436755993413513 3.3000000000000003
      vertex 10.95940394012462 14.426721861959965 0
      vertex 10.695343882352695 14.307077806337864 0
    endloop
  endfacet
  facet normal -0.3865179084969989 0.7231241455979457 -0.5724468328712691
    outer loop
      vertex 9.939863466715378 16.494145424243037 3.3000000000000003
      vertex 11.215073529411764 14.563380104557908 0
      vertex 10.95940394012462 14.426721861959965 0
    endloop
  endfacet
  facet normal -0.43298492592923565 0.6962964005750047 -0.5724468328712693
    outer loop
      vertex 10.0625 16.559696016958068 3.3000000000000003
      vertex 11.461257833781692 14.716467342556736 0
      vertex 11.215073529411764 14.563380104557908 0
    endloop
  endfacet
  facet normal -0.47759783543558476 0.6664870074674356 -0.572446832871269
    outer loop
      vertex 10.180586745166654 16.63312707385709 3.3000000000000003
      vertex 11.696902654248193 14.885328032900961 0
      vertex 11.461257833781692 14.716467342556736 0
    endloop
  endfacet
  facet normal -0.026827745022931452 0.8195028344262381 -0.5724468328712687
    outer loop
      vertex 9 16.275 3.3000000000000003
      vertex 9.138981649614054 16.279549788117965 3.3000000000000003
      vertex 9.289745480596773 13.979338226093684 0
    endloop
  endfacet
  facet normal -0.08036835454597048 0.815993597476859 -0.5724468328712694
    outer loop
      vertex 9.138981649614054 16.279549788117965 3.3000000000000003
      vertex 9.27736815846761 16.293179669580653 3.3000000000000003
      vertex 9.578250226563096 14.00775346339911 0
    endloop
  endfacet
  facet normal -0.1335648144364237 0.8089901506694734 -0.5724468328712687
    outer loop
      vertex 9.27736815846761 16.293179669580653 3.3000000000000003
      vertex 9.414566934284272 16.315831279143133 3.3000000000000003
      vertex 9.864278816284687 14.054976974684216 0
    endloop
  endfacet
  facet normal -0.1861893292862654 0.798522483838485 -0.5724468328712695
    outer loop
      vertex 9.414566934284272 16.315831279143133 3.3000000000000003
      vertex 9.549990470842857 16.34740761913573 3.3000000000000003
      vertex 10.146606431428447 14.120806541623795 0
    endloop
  endfacet
  facet normal -0.23801655284376214 0.7846354211403063 -0.5724468328712692
    outer loop
      vertex 9.549990470842857 16.34740761913573 3.3000000000000003
      vertex 9.683058863769219 16.3877734748229 3.3000000000000003
      vertex 10.424024101802608 14.204960271905872 0
    endloop
  endfacet
  facet normal -0.2888245529810149 0.7673884291093858 -0.5724468328712687
    outer loop
      vertex 9.683058863769219 16.3877734748229 3.3000000000000003
      vertex 9.813202293775817 16.436755993413513 3.3000000000000003
      vertex 10.695343882352695 14.307077806337864 0
    endloop
  endfacet
  facet normal -0.3383957620412875 0.7468553620133886 -0.5724468328712691
    outer loop
      vertex 9.813202293775817 16.436755993413513 3.3000000000000003
      vertex 9.939863466715378 16.494145424243037 3.3000000000000003
      vertex 10.95940394012462 14.426721861959965 0
    endloop
  endfacet
  facet normal -0.3865179084970052 0.7231241455979421 -0.5724468328712693
    outer loop
      vertex 9.939863466715378 16.494145424243037 3.3000000000000003
      vertex 10.0625 16.559696016958068 3.3000000000000003
      vertex 11.215073529411764 14.563380104557908 0
    endloop
  endfacet
  facet normal -0.43298492592923066 0.6962964005750082 -0.572446832871269
    outer loop
      vertex 10.0625 16.559696016958068 3.3000000000000003
      vertex 10.180586745166654 16.63312707385709 3.3000000000000003
      vertex 11.461257833781692 14.716467342556736 0
    endloop
  endfacet
  facet normal -0.47759783543557915 0.6664870074674397 -0.5724468328712686
    outer loop
      vertex 10.180586745166654 16.63312707385709 3.3000000000000003
      vertex 10.293618036643531 16.714124151881123 3.3000000000000003
      vertex 11.696902654248193 14.885328032900961 0
    endloop
  endfacet
  facet normal -0.5201655976884407 0.6338236146729473 -0.5724468328712689
    outer loop
      vertex 10.293618036643531 16.714124151881123 3.3000000000000003
      vertex 10.401109857087647 16.80234040910717 3.3000000000000003
      vertex 11.920998923513174 15.069239088190558 0
    endloop
  endfacet
  facet normal -0.5605059309947277 0.5984460918540508 -0.572446832871269
    outer loop
      vertex 10.401109857087647 16.80234040910717 3.3000000000000003
      vertex 10.502601910021413 16.897398089978584 3.3000000000000003
      vertex 12.132587026947757 15.267412973052242 0
    endloop
  endfacet
  facet normal -0.5984460918540556 0.5605059309947223 -0.5724468328712693
    outer loop
      vertex 10.502601910021413 16.897398089978584 3.3000000000000003
      vertex 10.597659590892826 16.99889014291235 3.3000000000000003
      vertex 12.33076091180944 15.479001076486824 0
    endloop
  endfacet
  facet normal 0 0 -1
    outer loop
      vertex 11.215073529411764 10.236619895442091 0
      vertex 11.215073529411764 14.563380104557908 0
      vertex 11.461257833781692 14.716467342556736 0
    endloop
  endfacet
  facet normal 0 0 -1
    outer loop
      vertex 11.461257833781692 10.083532657443262 0
      vertex 11.461257833781692 14.716467342556736 0
      vertex 11.696902654248193 14.885328032900961 0
    endloop
  endfacet
  facet normal 0 0 -1
    outer loop
      vertex 11.696902654248193 9.914671967099038 0
      vertex 11.696902654248193 14.885328032900961 0
      vertex 11.920998923513174 15.069239088190558 0
    endloop
  endfacet
  facet normal 0 0 -1
    outer loop
      vertex 11.920998923513174 9.73076091180944 0
      vertex 11.920998923513174 15.069239088190558 0
      vertex 12.132587026947757 15.267412973052242 0
    endloop
  endfacet
  facet normal 0 0 -1
    outer loop
      vertex 12.132587026947757 9.532587026947757 0
      vertex 12.132587026947757 15.267412973052242 0
      vertex 12.33076091180944 15.479001076486824 0
    endloop
  endfacet
  facet normal 0 0 -1
    outer loop
      vertex 12.33076091180944 9.320998923513173 0
      vertex 12.33076091180944 15.479001076486824 0
      vertex 12.514671967099037 15.703097345751805 0
    endloop
  endfacet
  facet normal 0 0 -1
    outer loop
      vertex 12.514671967099037 9.096902654248193 0
      vertex 12.514671967099037 15.703097345751805 0
      vertex 12.683532657443262 15.938742166218306 0
    endloop
  endfacet
  facet normal 0 0 -1
    outer loop
      vertex 12.683532657443262 8.861257833781693 0
      vertex 12.683532657443262 15.938742166218306 0
      vertex 12.836619895442091 16.184926470588234 0
    endloop
  endfacet
  facet normal 0 0 -1
    outer loop
      vertex 12.836619895442091 8.615073529411765 0
      vertex 12.836619895442091 16.184926470588234 0
      vertex 12.973278138040033 16.44059605987538 0
    endloop
  endfacet
  facet normal 0 0 -1
    outer loop
      vertex 12.973278138040033 8.359403940124619 0
      vertex 12.973278138040033 16.44059605987538 0
      vertex 13.092922193662135 16.704656117647303 0
    endloop
  endfacet
  facet normal 0 0 -1
    outer loop
      vertex 13.092922193662135 8.095343882352696 0
      vertex 13.092922193662135 16.704656117647303 0
      vertex 13.195039728094127 16.97597589819739 0
    endloop
  endfacet
  facet normal 0 0 -1
    outer loop
      vertex 13.195039728094127 7.8240241018026095 0
      vertex 13.195039728094127 16.97597589819739 0
      vertex 13.279193458376204 17.253393568571553 0
    endloop
  endfacet
  facet normal 0 0 -1
    outer loop
      vertex 13.279193458376204 7.5466064314284464 0
      vertex 13.279193458376204 17.253393568571553 0
      vertex 13.345023025315783 17.535721183715314 0
    endloop
  endfacet
  facet normal 0 0 -1
    outer loop
      vertex 13.345023025315783 7.264278816284686 0
      vertex 13.345023025315783 17.535721183715314 0
      vertex 13.392246536600888 17.821749773436903 0
    endloop
  endfacet
  facet normal -0.5201655976884406 0.6338236146729477 -0.5724468328712689
    outer loop
      vertex 10.293618036643531 16.714124151881123 3.3000000000000003
      vertex 11.920998923513174 15.069239088190558 0
      vertex 11.696902654248193 14.885328032900961 0
    endloop
  endfacet
  facet normal -0.5605059309947265 0.5984460918540518 -0.5724468328712691
    outer loop
      vertex 10.401109857087647 16.80234040910717 3.3000000000000003
      vertex 12.132587026947757 15.267412973052242 0
      vertex 11.920998923513174 15.069239088190558 0
    endloop
  endfacet
  facet normal -0.5984460918540518 0.5605059309947265 -0.5724468328712691
    outer loop
      vertex 10.502601910021413 16.897398089978584 3.3000000000000003
      vertex 12.33076091180944 15.479001076486824 0
      vertex 12.132587026947757 15.267412973052242 0
    endloop
  endfacet
  facet normal -0.6338236146729475 0.5201655976884404 -0.572446832871269
    outer loop
      vertex 10.597659590892826 16.99889014291235 3.3000000000000003
      vertex 12.514671967099037 15.703097345751805 0
      vertex 12.33076091180944 15.479001076486824 0
    endloop
  endfacet
  facet normal -0.6664870074674358 0.47759783543558465 -0.5724468328712689
    outer loop
      vertex 10.685875848118874 17.106381963356466 3.3000000000000003
      vertex 12.683532657443262 15.938742166218306 0
      vertex 12.514671967099037 15.703097345751805 0
    endloop
  endfacet
  facet normal -0.6962964005750051 0.43298492592923565 -0.5724468328712689
    outer loop
      vertex 10.76687292614291 17.219413254833345 3.3000000000000003
      vertex 12.836619895442091 16.184926470588234 0
      vertex 12.683532657443262 15.938742166218306 0
    endloop
  endfacet
  facet normal -0.7231241455979458 0.386517908496999 -0.5724468328712687
    outer loop
      vertex 10.840303983041933 17.3375 3.3000000000000003
      vertex 12.973278138040033 16.44059605987538 0
      vertex 12.836619895442091 16.184926470588234 0
    endloop
  endfacet
  facet normal -0.7468553620133914 0.33839576204128113 -0.572446832871269
    outer loop
      vertex 10.905854575756962 17.460136533284622 3.3000000000000003
      vertex 13.092922193662135 16.704656117647303 0
      vertex 12.973278138040033 16.44059605987538 0
    endloop
  endfacet
  facet normal -0.7673884291093809 0.288824552981027 -0.572446832871269
    outer loop
      vertex 10.963244006586484 17.586797706224182 3.3000000000000003
      vertex 13.195039728094127 16.97597589819739 0
      vertex 13.092922193662135 16.704656117647303 0
    endloop
  endfacet
  facet normal -0.7846354211403066 0.2380165528437622 -0.5724468328712689
    outer loop
      vertex 11.0122265251771 17.71694113623078 3.3000000000000003
      vertex 13.279193458376204 17.253393568571553 0
      vertex 13.195039728094127 16.97597589819739 0
    endloop
  endfacet
  facet normal -0.798522483838488 0.18618932928625448 -0.5724468328712691
    outer loop
      vertex 11.05259238086427 17.85000952915714 3.3000000000000003
      vertex 13.345023025315783 17.535721183715314 0
      vertex 13.279193458376204 17.253393568571553 0
    endloop
  endfacet
  facet normal -0.8089901506694718 0.13356481443643406 -0.572446832871269
    outer loop
      vertex 11.084168720856866 17.985433065715725 3.3000000000000003
      vertex 13.392246536600888 17.821749773436903 0
      vertex 13.345023025315783 17.535721183715314 0
    endloop
  endfacet
  facet normal -0.8159935974768603 0.0803683545459579 -0.5724468328712692
    outer loop
      vertex 11.106820330419346 18.12263184153239 3.3000000000000003
      vertex 13.420661773906314 18.110254519403227 0
      vertex 13.392246536600888 17.821749773436903 0
    endloop
  endfacet
  facet normal -0.8195028344262377 0.026827745022935844 -0.5724468328712691
    outer loop
      vertex 11.120450211882032 18.261018350385946 3.3000000000000003
      vertex 13.430147058823529 18.4 0
      vertex 13.420661773906314 18.110254519403227 0
    endloop
  endfacet
  facet normal -0.8195028344262378 -0.026827745022935848 -0.572446832871269
    outer loop
      vertex 11.125 18.4 3.3000000000000003
      vertex 13.420661773906314 18.68974548059677 0
      vertex 13.430147058823529 18.4 0
    endloop
  endfacet
  facet normal -0.633823614672943 0.5201655976884458 -0.5724468328712687
    outer loop
      vertex 10.597659590892826 16.99889014291235 3.3000000000000003
      vertex 10.685875848118874 17.106381963356466 3.3000000000000003
      vertex 12.514671967099037 15.703097345751805 0
    endloop
  endfacet
  facet normal -0.6664870074674383 0.47759783543558093 -0.572446832871269
    outer loop
      vertex 10.685875848118874 17.106381963356466 3.3000000000000003
      vertex 10.76687292614291 17.219413254833345 3.3000000000000003
      vertex 12.683532657443262 15.938742166218306 0
    endloop
  endfacet
  facet normal -0.6962964005750035 0.4329849259292382 -0.5724468328712689
    outer loop
      vertex 10.76687292614291 17.219413254833345 3.3000000000000003
      vertex 10.840303983041933 17.3375 3.3000000000000003
      vertex 12.836619895442091 16.184926470588234 0
    endloop
  endfacet
  facet normal -0.723124145597949 0.3865179084969927 -0.5724468328712693
    outer loop
      vertex 10.840303983041933 17.3375 3.3000000000000003
      vertex 10.905854575756962 17.460136533284622 3.3000000000000003
      vertex 12.973278138040033 16.44059605987538 0
    endloop
  endfacet
  facet normal -0.7468553620133909 0.3383957620412828 -0.5724468328712691
    outer loop
      vertex 10.905854575756962 17.460136533284622 3.3000000000000003
      vertex 10.963244006586484 17.586797706224182 3.3000000000000003
      vertex 13.092922193662135 16.704656117647303 0
    endloop
  endfacet
  facet normal -0.7673884291093787 0.2888245529810332 -0.5724468328712689
    outer loop
      vertex 10.963244006586484 17.586797706224182 3.3000000000000003
      vertex 11.0122265251771 17.71694113623078 3.3000000000000003
      vertex 13.195039728094127 16.97597589819739 0
    endloop
  endfacet
  facet normal -0.7846354211403065 0.23801655284376216 -0.5724468328712689
    outer loop
      vertex 11.0122265251771 17.71694113623078 3.3000000000000003
      vertex 11.05259238086427 17.85000952915714 3.3000000000000003
      vertex 13.279193458376204 17.253393568571553 0
    endloop
  endfacet
  facet normal -0.7985224838384872 0.18618932928625784 -0.5724468328712687
    outer loop
      vertex 11.05259238086427 17.85000952915714 3.3000000000000003
      vertex 11.084168720856866 17.985433065715725 3.3000000000000003
      vertex 13.345023025315783 17.535721183715314 0
    endloop
  endfacet
  facet normal -0.8089901506694733 0.13356481443642196 -0.5724468328712694
    outer loop
      vertex 11.084168720856866 17.985433065715725 3.3000000000000003
      vertex 11.106820330419346 18.12263184153239 3.3000000000000003
      vertex 13.392246536600888 17.821749773436903 0
    endloop
  endfacet
  facet normal -0.8159935974768603 0.0803683545459591 -0.5724468328712692
    outer loop
      vertex 11.106820330419346 18.12263184153239 3.3000000000000003
      vertex 11.120450211882032 18.261018350385946 3.3000000000000003
      vertex 13.420661773906314 18.110254519403227 0
    endloop
  endfacet
  facet normal -0.8195028344262376 0.026827745022942256 -0.5724468328712689
    outer loop
      vertex 11.120450211882032 18.261018350385946 3.3000000000000003
      vertex 11.125 18.4 3.3000000000000003
      vertex 13.430147058823529 18.4 0
    endloop
  endfacet
  facet normal -0.8195028344262375 -0.026827745022942252 -0.5724468328712693
    outer loop
      vertex 11.125 18.4 3.3000000000000003
      vertex 11.120450211882032 18.53898164961405 3.3000000000000003
      vertex 13.420661773906314 18.68974548059677 0
    endloop
  endfacet
  facet normal -0.3865179084969989 -0.7231241455979457 -0.5724468328712692
    outer loop
      vertex 10.0625 20.24030398304193 3.3000000000000003
      vertex 10.95940394012462 22.373278138040032 0
      vertex 11.215073529411764 22.23661989544209 0
    endloop
  endfacet
  facet normal -0.43298492592923565 -0.6962964005750051 -0.5724468328712689
    outer loop
      vertex 10.180586745166654 20.166872926142908 3.3000000000000003
      vertex 11.215073529411764 22.23661989544209 0
      vertex 11.461257833781692 22.08353265744326 0
    endloop
  endfacet
  facet normal -0.4775978354355854 -0.6664870074674355 -0.5724468328712684
    outer loop
      vertex 10.293618036643531 20.085875848118874 3.3000000000000003
      vertex 11.461257833781692 22.08353265744326 0
      vertex 11.696902654248193 21.914671967099036 0
    endloop
  endfacet
  facet normal -0.02682774502293145 -0.819502834426238 -0.572446832871269
    outer loop
      vertex 9 20.525 3.3000000000000003
      vertex 9 22.830147058823528 0
      vertex 9.138981649614054 20.520450211882032 3.3000000000000003
    endloop
  endfacet
  facet normal -0.08036835454597052 -0.8159935974768594 -0.5724468328712686
    outer loop
      vertex 9.138981649614054 20.520450211882032 3.3000000000000003
      vertex 9.289745480596773 22.820661773906313 0
      vertex 9.27736815846761 20.506820330419345 3.3000000000000003
    endloop
  endfacet
  facet normal -0.1335648144364236 -0.8089901506694728 -0.5724468328712697
    outer loop
      vertex 9.27736815846761 20.506820330419345 3.3000000000000003
      vertex 9.578250226563096 22.79224653660089 0
      vertex 9.414566934284272 20.484168720856864 3.3000000000000003
    endloop
  endfacet
  facet normal -0.1861893292862655 -0.7985224838384855 -0.5724468328712689
    outer loop
      vertex 9.414566934284272 20.484168720856864 3.3000000000000003
      vertex 9.864278816284687 22.74502302531578 0
      vertex 9.549990470842857 20.452592380864267 3.3000000000000003
    endloop
  endfacet
  facet normal -0.23801655284376216 -0.7846354211403065 -0.572446832871269
    outer loop
      vertex 9.549990470842857 20.452592380864267 3.3000000000000003
      vertex 10.146606431428447 22.6791934583762 0
      vertex 9.683058863769219 20.412226525177097 3.3000000000000003
    endloop
  endfacet
  facet normal -0.28882455298101467 -0.7673884291093852 -0.5724468328712693
    outer loop
      vertex 9.683058863769219 20.412226525177097 3.3000000000000003
      vertex 10.424024101802608 22.595039728094125 0
      vertex 9.813202293775817 20.363244006586484 3.3000000000000003
    endloop
  endfacet
  facet normal -0.4329849259292305 -0.6962964005750079 -0.5724468328712693
    outer loop
      vertex 10.0625 20.24030398304193 3.3000000000000003
      vertex 11.215073529411764 22.23661989544209 0
      vertex 10.180586745166654 20.166872926142908 3.3000000000000003
    endloop
  endfacet
  facet normal -0.47759783543557904 -0.6664870074674396 -0.5724468328712691
    outer loop
      vertex 10.180586745166654 20.166872926142908 3.3000000000000003
      vertex 11.461257833781692 22.08353265744326 0
      vertex 10.293618036643531 20.085875848118874 3.3000000000000003
    endloop
  endfacet
  facet normal -0.3383957620412877 -0.7468553620133891 -0.5724468328712684
    outer loop
      vertex 9.813202293775817 20.363244006586484 3.3000000000000003
      vertex 10.695343882352695 22.49292219366213 0
      vertex 9.939863466715378 20.30585457575696 3.3000000000000003
    endloop
  endfacet
  facet normal -0.38651790849700535 -0.7231241455979425 -0.5724468328712689
    outer loop
      vertex 10.0625 20.24030398304193 3.3000000000000003
      vertex 9.939863466715378 20.30585457575696 3.3000000000000003
      vertex 10.95940394012462 22.373278138040032 0
    endloop
  endfacet
  facet normal -0.5201655976884408 -0.6338236146729475 -0.5724468328712689
    outer loop
      vertex 10.293618036643531 20.085875848118874 3.3000000000000003
      vertex 11.696902654248193 21.914671967099036 0
      vertex 10.401109857087647 19.997659590892827 3.3000000000000003
    endloop
  endfacet
  facet normal -0.5605059309947276 -0.5984460918540507 -0.5724468328712691
    outer loop
      vertex 10.401109857087647 19.997659590892827 3.3000000000000003
      vertex 11.920998923513174 21.73076091180944 0
      vertex 10.502601910021413 19.902601910021414 3.3000000000000003
    endloop
  endfacet
  facet normal -0.5984460918540557 -0.5605059309947225 -0.5724468328712689
    outer loop
      vertex 10.502601910021413 19.902601910021414 3.3000000000000003
      vertex 12.132587026947757 21.532587026947756 0
      vertex 10.597659590892826 19.801109857087646 3.3000000000000003
    endloop
  endfacet
  facet normal -0.6338236146729429 -0.5201655976884457 -0.5724468328712692
    outer loop
      vertex 10.597659590892826 19.801109857087646 3.3000000000000003
      vertex 12.33076091180944 21.320998923513173 0
      vertex 10.685875848118874 19.69361803664353 3.3000000000000003
    endloop
  endfacet
  facet normal -0.026827745022934925 -0.819502834426238 -0.5724468328712687
    outer loop
      vertex 9.138981649614054 20.520450211882032 3.3000000000000003
      vertex 9 22.830147058823528 0
      vertex 9.289745480596773 22.820661773906313 0
    endloop
  endfacet
  facet normal -0.08036835454595385 -0.8159935974768606 -0.5724468328712694
    outer loop
      vertex 9.27736815846761 20.506820330419345 3.3000000000000003
      vertex 9.289745480596773 22.820661773906313 0
      vertex 9.578250226563096 22.79224653660089 0
    endloop
  endfacet
  facet normal -0.13356481443643842 -0.8089901506694708 -0.5724468328712691
    outer loop
      vertex 9.414566934284272 20.484168720856864 3.3000000000000003
      vertex 9.578250226563096 22.79224653660089 0
      vertex 9.864278816284687 22.74502302531578 0
    endloop
  endfacet
  facet normal -0.18618932928625875 -0.7985224838384868 -0.5724468328712692
    outer loop
      vertex 9.549990470842857 20.452592380864267 3.3000000000000003
      vertex 9.864278816284687 22.74502302531578 0
      vertex 10.146606431428447 22.6791934583762 0
    endloop
  endfacet
  facet normal -0.2380165528437594 -0.7846354211403073 -0.5724468328712691
    outer loop
      vertex 9.683058863769219 20.412226525177097 3.3000000000000003
      vertex 10.146606431428447 22.6791934583762 0
      vertex 10.424024101802608 22.595039728094125 0
    endloop
  endfacet
  facet normal 0 0 -1
    outer loop
      vertex 0 24.8 0
      vertex 18 24.8 0
      vertex 9.864278816284687 22.74502302531578 0
    endloop
  endfacet
  facet normal -0.2888245529810318 -0.7673884291093795 -0.5724468328712685
    outer loop
      vertex 9.813202293775817 20.363244006586484 3.3000000000000003
      vertex 10.424024101802608 22.595039728094125 0
      vertex 10.695343882352695 22.49292219366213 0
    endloop
  endfacet
  facet normal -0.33839576204127675 -0.7468553620133935 -0.5724468328712689
    outer loop
      vertex 9.939863466715378 20.30585457575696 3.3000000000000003
      vertex 10.695343882352695 22.49292219366213 0
      vertex 10.95940394012462 22.373278138040032 0
    endloop
  endfacet
  facet normal -0.7468553620133915 -0.3383957620412812 -0.5724468328712689
    outer loop
      vertex 10.963244006586484 19.213202293775815 3.3000000000000003
      vertex 12.973278138040033 20.35940394012462 0
      vertex 13.092922193662135 20.095343882352694 0
    endloop
  endfacet
  facet normal -0.7231241455979455 -0.386517908496999 -0.5724468328712692
    outer loop
      vertex 10.905854575756962 19.339863466715375 3.3000000000000003
      vertex 12.836619895442091 20.615073529411763 0
      vertex 12.973278138040033 20.35940394012462 0
    endloop
  endfacet
  facet normal -0.5984460918540518 -0.5605059309947265 -0.5724468328712691
    outer loop
      vertex 10.597659590892826 19.801109857087646 3.3000000000000003
      vertex 12.132587026947757 21.532587026947756 0
      vertex 12.33076091180944 21.320998923513173 0
    endloop
  endfacet
  facet normal -0.5201655976884373 -0.63382361467295 -0.5724468328712691
    outer loop
      vertex 10.401109857087647 19.997659590892827 3.3000000000000003
      vertex 11.696902654248193 21.914671967099036 0
      vertex 11.920998923513174 21.73076091180944 0
    endloop
  endfacet
  facet normal -0.5605059309947291 -0.5984460918540497 -0.5724468328712686
    outer loop
      vertex 10.502601910021413 19.902601910021414 3.3000000000000003
      vertex 11.920998923513174 21.73076091180944 0
      vertex 12.132587026947757 21.532587026947756 0
    endloop
  endfacet
  facet normal -0.6664870074674322 -0.47759783543558937 -0.5724468328712692
    outer loop
      vertex 10.76687292614291 19.580586745166652 3.3000000000000003
      vertex 12.514671967099037 21.09690265424819 0
      vertex 12.683532657443262 20.861257833781693 0
    endloop
  endfacet
  facet normal -0.6338236146729493 -0.5201655976884383 -0.5724468328712689
    outer loop
      vertex 10.685875848118874 19.69361803664353 3.3000000000000003
      vertex 12.33076091180944 21.320998923513173 0
      vertex 12.514671967099037 21.09690265424819 0
    endloop
  endfacet
  facet normal -0.6962964005750064 -0.4329849259292331 -0.5724468328712692
    outer loop
      vertex 10.840303983041933 19.4625 3.3000000000000003
      vertex 12.683532657443262 20.861257833781693 0
      vertex 12.836619895442091 20.615073529411763 0
    endloop
  endfacet
  facet normal -0.8159935974768605 -0.0803683545459579 -0.5724468328712691
    outer loop
      vertex 11.120450211882032 18.53898164961405 3.3000000000000003
      vertex 13.392246536600888 18.978250226563095 0
      vertex 13.420661773906314 18.68974548059677 0
    endloop
  endfacet
  facet normal -0.8089901506694713 -0.13356481443643475 -0.5724468328712691
    outer loop
      vertex 11.106820330419346 18.67736815846761 3.3000000000000003
      vertex 13.345023025315783 19.264278816284683 0
      vertex 13.392246536600888 18.978250226563095 0
    endloop
  endfacet
  facet normal -0.7985224838384881 -0.18618932928625448 -0.5724468328712687
    outer loop
      vertex 11.084168720856866 18.814566934284272 3.3000000000000003
      vertex 13.279193458376204 19.546606431428444 0
      vertex 13.345023025315783 19.264278816284683 0
    endloop
  endfacet
  facet normal -0.7846354211403064 -0.23801655284376214 -0.572446832871269
    outer loop
      vertex 11.05259238086427 18.949990470842856 3.3000000000000003
      vertex 13.195039728094127 19.824024101802607 0
      vertex 13.279193458376204 19.546606431428444 0
    endloop
  endfacet
  facet normal -0.7673884291093809 -0.28882455298102777 -0.5724468328712687
    outer loop
      vertex 11.0122265251771 19.083058863769217 3.3000000000000003
      vertex 13.092922193662135 20.095343882352694 0
      vertex 13.195039728094127 19.824024101802607 0
    endloop
  endfacet
  facet normal -0.7985224838384872 -0.18618932928625784 -0.5724468328712691
    outer loop
      vertex 11.05259238086427 18.949990470842856 3.3000000000000003
      vertex 13.279193458376204 19.546606431428444 0
      vertex 11.084168720856866 18.814566934284272 3.3000000000000003
    endloop
  endfacet
  facet normal -0.7846354211403065 -0.23801655284376216 -0.5724468328712689
    outer loop
      vertex 11.05259238086427 18.949990470842856 3.3000000000000003
      vertex 11.0122265251771 19.083058863769217 3.3000000000000003
      vertex 13.195039728094127 19.824024101802607 0
    endloop
  endfacet
  facet normal -0.6664870074674385 -0.47759783543558115 -0.5724468328712686
    outer loop
      vertex 10.685875848118874 19.69361803664353 3.3000000000000003
      vertex 12.514671967099037 21.09690265424819 0
      vertex 10.76687292614291 19.580586745166652 3.3000000000000003
    endloop
  endfacet
  facet normal -0.7231241455979492 -0.38651790849699286 -0.5724468328712689
    outer loop
      vertex 10.840303983041933 19.4625 3.3000000000000003
      vertex 12.836619895442091 20.615073529411763 0
      vertex 10.905854575756962 19.339863466715375 3.3000000000000003
    endloop
  endfacet
  facet normal -0.6962964005750032 -0.43298492592923804 -0.5724468328712692
    outer loop
      vertex 10.76687292614291 19.580586745166652 3.3000000000000003
      vertex 12.683532657443262 20.861257833781693 0
      vertex 10.840303983041933 19.4625 3.3000000000000003
    endloop
  endfacet
  facet normal -0.7468553620133906 -0.33839576204128274 -0.5724468328712691
    outer loop
      vertex 10.963244006586484 19.213202293775815 3.3000000000000003
      vertex 10.905854575756962 19.339863466715375 3.3000000000000003
      vertex 12.973278138040033 20.35940394012462 0
    endloop
  endfacet
  facet normal -0.7673884291093784 -0.28882455298103316 -0.5724468328712692
    outer loop
      vertex 10.963244006586484 19.213202293775815 3.3000000000000003
      vertex 13.092922193662135 20.095343882352694 0
      vertex 11.0122265251771 19.083058863769217 3.3000000000000003
    endloop
  endfacet
  facet normal -0.8159935974768601 -0.08036835454595909 -0.5724468328712692
    outer loop
      vertex 11.106820330419346 18.67736815846761 3.3000000000000003
      vertex 13.392246536600888 18.978250226563095 0
      vertex 11.120450211882032 18.53898164961405 3.3000000000000003
    endloop
  endfacet
  facet normal -0.8089901506694739 -0.13356481443642204 -0.5724468328712686
    outer loop
      vertex 11.106820330419346 18.67736815846761 3.3000000000000003
      vertex 11.084168720856866 18.814566934284272 3.3000000000000003
      vertex 13.345023025315783 19.264278816284683 0
    endloop
  endfacet
  facet normal 0 0 -1
    outer loop
      vertex 18 24.8 0
      vertex 10.95940394012462 22.373278138040032 0
      vertex 10.695343882352695 22.49292219366213 0
    endloop
  endfacet
  facet normal 0 0 -1
    outer loop
      vertex 18 24.8 0
      vertex 11.215073529411764 22.23661989544209 0
      vertex 10.95940394012462 22.373278138040032 0
    endloop
  endfacet
  facet normal 0 0 -1
    outer loop
      vertex 18 24.8 0
      vertex 10.146606431428447 22.6791934583762 0
      vertex 9.864278816284687 22.74502302531578 0
    endloop
  endfacet
  facet normal 0 0 -1
    outer loop
      vertex 18 24.8 0
      vertex 10.424024101802608 22.595039728094125 0
      vertex 10.146606431428447 22.6791934583762 0
    endloop
  endfacet
  facet normal 0 0 -1
    outer loop
      vertex 18 24.8 0
      vertex 10.695343882352695 22.49292219366213 0
      vertex 10.424024101802608 22.595039728094125 0
    endloop
  endfacet
  facet normal 0 0 -1
    outer loop
      vertex 18 0 0
      vertex 13.392246536600888 17.821749773436903 0
      vertex 18 24.8 0
    endloop
  endfacet
  facet normal 0 0 -1
    outer loop
      vertex 18 24.8 0
      vertex 13.392246536600888 17.821749773436903 0
      vertex 13.420661773906314 18.110254519403227 0
    endloop
  endfacet
  facet normal 0 0 -1
    outer loop
      vertex 18 24.8 0
      vertex 13.420661773906314 18.110254519403227 0
      vertex 13.430147058823529 18.4 0
    endloop
  endfacet
  facet normal 0 0 -1
    outer loop
      vertex 18 24.8 0
      vertex 13.430147058823529 18.4 0
      vertex 13.420661773906314 18.68974548059677 0
    endloop
  endfacet
  facet normal 0 0 -1
    outer loop
      vertex 18 24.8 0
      vertex 13.420661773906314 18.68974548059677 0
      vertex 13.392246536600888 18.978250226563095 0
    endloop
  endfacet
  facet normal 0 0 -1
    outer loop
      vertex 18 24.8 0
      vertex 13.345023025315783 19.264278816284683 0
      vertex 13.279193458376204 19.546606431428444 0
    endloop
  endfacet
  facet normal 0 0 -1
    outer loop
      vertex 18 24.8 0
      vertex 13.195039728094127 19.824024101802607 0
      vertex 13.092922193662135 20.095343882352694 0
    endloop
  endfacet
  facet normal 0 0 -1
    outer loop
      vertex 18 24.8 0
      vertex 13.279193458376204 19.546606431428444 0
      vertex 13.195039728094127 19.824024101802607 0
    endloop
  endfacet
  facet normal 0 0 -1
    outer loop
      vertex 18 24.8 0
      vertex 13.392246536600888 18.978250226563095 0
      vertex 13.345023025315783 19.264278816284683 0
    endloop
  endfacet
  facet normal 0 0 -1
    outer loop
      vertex 18 24.8 0
      vertex 11.461257833781692 22.08353265744326 0
      vertex 11.215073529411764 22.23661989544209 0
    endloop
  endfacet
  facet normal 0 0 -1
    outer loop
      vertex 18 24.8 0
      vertex 11.696902654248193 21.914671967099036 0
      vertex 11.461257833781692 22.08353265744326 0
    endloop
  endfacet
  facet normal 0 0 -1
    outer loop
      vertex 18 24.8 0
      vertex 11.920998923513174 21.73076091180944 0
      vertex 11.696902654248193 21.914671967099036 0
    endloop
  endfacet
  facet normal 0 0 -1
    outer loop
      vertex 18 24.8 0
      vertex 12.132587026947757 21.532587026947756 0
      vertex 11.920998923513174 21.73076091180944 0
    endloop
  endfacet
  facet normal 0 0 -1
    outer loop
      vertex 18 24.8 0
      vertex 12.514671967099037 21.09690265424819 0
      vertex 12.33076091180944 21.320998923513173 0
    endloop
  endfacet
  facet normal 0 0 -1
    outer loop
      vertex 18 24.8 0
      vertex 12.973278138040033 20.35940394012462 0
      vertex 12.836619895442091 20.615073529411763 0
    endloop
  endfacet
  facet normal 0 0 -1
    outer loop
      vertex 18 24.8 0
      vertex 12.683532657443262 20.861257833781693 0
      vertex 12.514671967099037 21.09690265424819 0
    endloop
  endfacet
  facet normal 0 0 -1
    outer loop
      vertex 18 24.8 0
      vertex 12.836619895442091 20.615073529411763 0
      vertex 12.683532657443262 20.861257833781693 0
    endloop
  endfacet
  facet normal 0 0 -1
    outer loop
      vertex 18 24.8 0
      vertex 12.33076091180944 21.320998923513173 0
      vertex 12.132587026947757 21.532587026947756 0
    endloop
  endfacet
  facet normal 0 0 -1
    outer loop
      vertex 18 24.8 0
      vertex 13.092922193662135 20.095343882352694 0
      vertex 12.973278138040033 20.35940394012462 0
    endloop
  endfacet
  facet normal -0.03271908282176751 0.9994645874763659 0
    outer loop
      vertex 9 16.275 3.3000000000000003
      vertex 9 16.275 10
      vertex 9.138981649614054 16.279549788117965 3.3000000000000003
    endloop
  endfacet
  facet normal -0.09801714032957706 0.9951847266721953 0
    outer loop
      vertex 9.138981649614054 16.279549788117965 3.3000000000000003
      vertex 9.138981649614054 16.279549788117965 10
      vertex 9.27736815846761 16.293179669580653 3.3000000000000003
    endloop
  endfacet
  facet normal -0.1628954733945744 0.9866433320848813 0
    outer loop
      vertex 9.27736815846761 16.293179669580653 3.3000000000000003
      vertex 9.27736815846761 16.293179669580653 10
      vertex 9.414566934284272 16.315831279143133 3.3000000000000003
    endloop
  endfacet
  facet normal -0.22707626303438755 0.9738769792773303 0
    outer loop
      vertex 9.414566934284272 16.315831279143133 3.3000000000000003
      vertex 9.414566934284272 16.315831279143133 10
      vertex 9.549990470842857 16.34740761913573 3.3000000000000003
    endloop
  endfacet
  facet normal -0.2902846772544621 0.9569403357322089 0
    outer loop
      vertex 9.549990470842857 16.34740761913573 3.3000000000000003
      vertex 9.549990470842857 16.34740761913573 10
      vertex 9.683058863769219 16.3877734748229 3.3000000000000003
    endloop
  endfacet
  facet normal -0.35225004792121734 0.9359059267573318 0
    outer loop
      vertex 9.683058863769219 16.3877734748229 3.3000000000000003
      vertex 9.683058863769219 16.3877734748229 10
      vertex 9.813202293775817 16.436755993413513 3.3000000000000003
    endloop
  endfacet
  facet normal -0.4127070298044076 0.91086382492117 0
    outer loop
      vertex 9.813202293775817 16.436755993413513 3.3000000000000003
      vertex 9.813202293775817 16.436755993413513 10
      vertex 9.939863466715378 16.494145424243037 3.3000000000000003
    endloop
  endfacet
  facet normal -0.471396736826001 0.8819212643483533 0
    outer loop
      vertex 9.939863466715378 16.494145424243037 3.3000000000000003
      vertex 9.939863466715378 16.494145424243037 10
      vertex 10.0625 16.559696016958068 3.3000000000000003
    endloop
  endfacet
  facet normal -0.5280678506503624 0.8492021815265823 0
    outer loop
      vertex 10.0625 16.559696016958068 3.3000000000000003
      vertex 10.0625 16.559696016958068 10
      vertex 10.180586745166654 16.63312707385709 3.3000000000000003
    endloop
  endfacet
  facet normal -0.5824776968677966 0.8128466845916192 0
    outer loop
      vertex 10.180586745166654 16.63312707385709 3.3000000000000003
      vertex 10.180586745166654 16.63312707385709 10
      vertex 10.293618036643531 16.714124151881123 3.3000000000000003
    endloop
  endfacet
  facet normal -0.6343932841636423 0.7730104533627395 0
    outer loop
      vertex 10.293618036643531 16.714124151881123 3.3000000000000003
      vertex 10.293618036643531 16.714124151881123 10
      vertex 10.401109857087647 16.80234040910717 3.3000000000000003
    endloop
  endfacet
  facet normal -0.6835923020228737 0.7298640726978335 0
    outer loop
      vertex 10.401109857087647 16.80234040910717 3.3000000000000003
      vertex 10.401109857087647 16.80234040910717 10
      vertex 10.502601910021413 16.897398089978584 3.3000000000000003
    endloop
  endfacet
  facet normal -0.7298640726978395 0.6835923020228674 0
    outer loop
      vertex 10.502601910021413 16.897398089978584 3.3000000000000003
      vertex 10.502601910021413 16.897398089978584 10
      vertex 10.597659590892826 16.99889014291235 3.3000000000000003
    endloop
  endfacet
  facet normal -0.7730104533627344 0.6343932841636486 0
    outer loop
      vertex 10.597659590892826 16.99889014291235 3.3000000000000003
      vertex 10.597659590892826 16.99889014291235 10
      vertex 10.685875848118874 17.106381963356466 3.3000000000000003
    endloop
  endfacet
  facet normal -0.8128466845916175 0.5824776968677989 0
    outer loop
      vertex 10.685875848118874 17.106381963356466 3.3000000000000003
      vertex 10.685875848118874 17.106381963356466 10
      vertex 10.76687292614291 17.219413254833345 3.3000000000000003
    endloop
  endfacet
  facet normal -0.8492021815265767 0.5280678506503717 0
    outer loop
      vertex 10.76687292614291 17.219413254833345 3.3000000000000003
      vertex 10.76687292614291 17.219413254833345 10
      vertex 10.840303983041933 17.3375 3.3000000000000003
    endloop
  endfacet
  facet normal -0.8819212643483615 0.47139673682598565 0
    outer loop
      vertex 10.840303983041933 17.3375 3.3000000000000003
      vertex 10.840303983041933 17.3375 10
      vertex 10.905854575756962 17.460136533284622 3.3000000000000003
    endloop
  endfacet
  facet normal -0.9108638249211727 0.41270702980440177 0
    outer loop
      vertex 10.905854575756962 17.460136533284622 3.3000000000000003
      vertex 10.905854575756962 17.460136533284622 10
      vertex 10.963244006586484 17.586797706224182 3.3000000000000003
    endloop
  endfacet
  facet normal -0.9359059267573234 0.35225004792123976 0
    outer loop
      vertex 10.963244006586484 17.586797706224182 3.3000000000000003
      vertex 10.963244006586484 17.586797706224182 10
      vertex 11.0122265251771 17.71694113623078 3.3000000000000003
    endloop
  endfacet
  facet normal -0.9569403357322089 0.2902846772544621 0
    outer loop
      vertex 11.0122265251771 17.71694113623078 3.3000000000000003
      vertex 11.0122265251771 17.71694113623078 10
      vertex 11.05259238086427 17.85000952915714 3.3000000000000003
    endloop
  endfacet
  facet normal -0.9738769792773324 0.22707626303437822 0
    outer loop
      vertex 11.05259238086427 17.85000952915714 3.3000000000000003
      vertex 11.05259238086427 17.85000952915714 10
      vertex 11.084168720856866 17.985433065715725 3.3000000000000003
    endloop
  endfacet
  facet normal -0.9866433320848816 0.16289547339457233 0
    outer loop
      vertex 11.084168720856866 17.985433065715725 3.3000000000000003
      vertex 11.084168720856866 17.985433065715725 10
      vertex 11.106820330419346 18.12263184153239 3.3000000000000003
    endloop
  endfacet
  facet normal -0.9951847266721966 0.09801714032956317 0
    outer loop
      vertex 11.106820330419346 18.12263184153239 3.3000000000000003
      vertex 11.106820330419346 18.12263184153239 10
      vertex 11.120450211882032 18.261018350385946 3.3000000000000003
    endloop
  endfacet
  facet normal -0.9994645874763655 0.032719082821780696 0
    outer loop
      vertex 11.120450211882032 18.261018350385946 3.3000000000000003
      vertex 11.120450211882032 18.261018350385946 10
      vertex 11.125 18.4 3.3000000000000003
    endloop
  endfacet
  facet normal -0.9994645874763655 -0.032719082821780696 0
    outer loop
      vertex 11.125 18.4 3.3000000000000003
      vertex 11.125 18.4 10
      vertex 11.120450211882032 18.53898164961405 3.3000000000000003
    endloop
  endfacet
  facet normal -0.9951847266721966 -0.09801714032956317 0
    outer loop
      vertex 11.106820330419346 18.67736815846761 3.3000000000000003
      vertex 11.120450211882032 18.53898164961405 3.3000000000000003
      vertex 11.120450211882032 18.53898164961405 10
    endloop
  endfacet
  facet normal -0.03271908282176751 0.9994645874763659 0
    outer loop
      vertex 9.138981649614054 16.279549788117965 3.3000000000000003
      vertex 9 16.275 10
      vertex 9.138981649614054 16.279549788117965 10
    endloop
  endfacet
  facet normal -0.09801714032957706 0.9951847266721953 0
    outer loop
      vertex 9.27736815846761 16.293179669580653 3.3000000000000003
      vertex 9.138981649614054 16.279549788117965 10
      vertex 9.27736815846761 16.293179669580653 10
    endloop
  endfacet
  facet normal -0.1628954733945744 0.9866433320848813 0
    outer loop
      vertex 9.414566934284272 16.315831279143133 3.3000000000000003
      vertex 9.27736815846761 16.293179669580653 10
      vertex 9.414566934284272 16.315831279143133 10
    endloop
  endfacet
  facet normal -0.22707626303438755 0.9738769792773303 0
    outer loop
      vertex 9.549990470842857 16.34740761913573 3.3000000000000003
      vertex 9.414566934284272 16.315831279143133 10
      vertex 9.549990470842857 16.34740761913573 10
    endloop
  endfacet
  facet normal -0.2902846772544621 0.9569403357322089 0
    outer loop
      vertex 9.683058863769219 16.3877734748229 3.3000000000000003
      vertex 9.549990470842857 16.34740761913573 10
      vertex 9.683058863769219 16.3877734748229 10
    endloop
  endfacet
  facet normal -0.35225004792121734 0.9359059267573318 0
    outer loop
      vertex 9.813202293775817 16.436755993413513 3.3000000000000003
      vertex 9.683058863769219 16.3877734748229 10
      vertex 9.813202293775817 16.436755993413513 10
    endloop
  endfacet
  facet normal -0.4127070298044076 0.91086382492117 0
    outer loop
      vertex 9.939863466715378 16.494145424243037 3.3000000000000003
      vertex 9.813202293775817 16.436755993413513 10
      vertex 9.939863466715378 16.494145424243037 10
    endloop
  endfacet
  facet normal -0.471396736826001 0.8819212643483533 0
    outer loop
      vertex 10.0625 16.559696016958068 3.3000000000000003
      vertex 9.939863466715378 16.494145424243037 10
      vertex 10.0625 16.559696016958068 10
    endloop
  endfacet
  facet normal -0.5280678506503624 0.8492021815265823 0
    outer loop
      vertex 10.180586745166654 16.63312707385709 3.3000000000000003
      vertex 10.0625 16.559696016958068 10
      vertex 10.180586745166654 16.63312707385709 10
    endloop
  endfacet
  facet normal -0.5824776968677966 0.8128466845916192 0
    outer loop
      vertex 10.293618036643531 16.714124151881123 3.3000000000000003
      vertex 10.180586745166654 16.63312707385709 10
      vertex 10.293618036643531 16.714124151881123 10
    endloop
  endfacet
  facet normal -0.6343932841636423 0.7730104533627395 0
    outer loop
      vertex 10.401109857087647 16.80234040910717 3.3000000000000003
      vertex 10.293618036643531 16.714124151881123 10
      vertex 10.401109857087647 16.80234040910717 10
    endloop
  endfacet
  facet normal -0.6835923020228737 0.7298640726978335 0
    outer loop
      vertex 10.502601910021413 16.897398089978584 3.3000000000000003
      vertex 10.401109857087647 16.80234040910717 10
      vertex 10.502601910021413 16.897398089978584 10
    endloop
  endfacet
  facet normal -0.7298640726978395 0.6835923020228674 0
    outer loop
      vertex 10.597659590892826 16.99889014291235 3.3000000000000003
      vertex 10.502601910021413 16.897398089978584 10
      vertex 10.597659590892826 16.99889014291235 10
    endloop
  endfacet
  facet normal -0.7730104533627344 0.6343932841636486 0
    outer loop
      vertex 10.685875848118874 17.106381963356466 3.3000000000000003
      vertex 10.597659590892826 16.99889014291235 10
      vertex 10.685875848118874 17.106381963356466 10
    endloop
  endfacet
  facet normal -0.8128466845916175 0.5824776968677989 0
    outer loop
      vertex 10.76687292614291 17.219413254833345 3.3000000000000003
      vertex 10.685875848118874 17.106381963356466 10
      vertex 10.76687292614291 17.219413254833345 10
    endloop
  endfacet
  facet normal -0.8492021815265767 0.5280678506503717 0
    outer loop
      vertex 10.840303983041933 17.3375 3.3000000000000003
      vertex 10.76687292614291 17.219413254833345 10
      vertex 10.840303983041933 17.3375 10
    endloop
  endfacet
  facet normal -0.8819212643483615 0.47139673682598565 0
    outer loop
      vertex 10.905854575756962 17.460136533284622 3.3000000000000003
      vertex 10.840303983041933 17.3375 10
      vertex 10.905854575756962 17.460136533284622 10
    endloop
  endfacet
  facet normal -0.9108638249211727 0.41270702980440177 0
    outer loop
      vertex 10.963244006586484 17.586797706224182 3.3000000000000003
      vertex 10.905854575756962 17.460136533284622 10
      vertex 10.963244006586484 17.586797706224182 10
    endloop
  endfacet
  facet normal -0.9359059267573234 0.35225004792123976 0
    outer loop
      vertex 11.0122265251771 17.71694113623078 3.3000000000000003
      vertex 10.963244006586484 17.586797706224182 10
      vertex 11.0122265251771 17.71694113623078 10
    endloop
  endfacet
  facet normal -0.9569403357322089 0.2902846772544621 0
    outer loop
      vertex 11.05259238086427 17.85000952915714 3.3000000000000003
      vertex 11.0122265251771 17.71694113623078 10
      vertex 11.05259238086427 17.85000952915714 10
    endloop
  endfacet
  facet normal -0.9738769792773324 0.22707626303437822 0
    outer loop
      vertex 11.084168720856866 17.985433065715725 3.3000000000000003
      vertex 11.05259238086427 17.85000952915714 10
      vertex 11.084168720856866 17.985433065715725 10
    endloop
  endfacet
  facet normal -0.9866433320848816 0.16289547339457233 0
    outer loop
      vertex 11.106820330419346 18.12263184153239 3.3000000000000003
      vertex 11.084168720856866 17.985433065715725 10
      vertex 11.106820330419346 18.12263184153239 10
    endloop
  endfacet
  facet normal -0.9951847266721966 0.09801714032956317 0
    outer loop
      vertex 11.120450211882032 18.261018350385946 3.3000000000000003
      vertex 11.106820330419346 18.12263184153239 10
      vertex 11.120450211882032 18.261018350385946 10
    endloop
  endfacet
  facet normal -0.9994645874763655 0.032719082821780696 0
    outer loop
      vertex 11.125 18.4 3.3000000000000003
      vertex 11.120450211882032 18.261018350385946 10
      vertex 11.125 18.4 10
    endloop
  endfacet
  facet normal -0.9994645874763655 -0.032719082821780696 0
    outer loop
      vertex 11.120450211882032 18.53898164961405 3.3000000000000003
      vertex 11.125 18.4 10
      vertex 11.120450211882032 18.53898164961405 10
    endloop
  endfacet
  facet normal -0.03271908282176751 -0.9994645874763659 0
    outer loop
      vertex 9 20.525 3.3000000000000003
      vertex 9.138981649614054 20.520450211882032 3.3000000000000003
      vertex 9.138981649614054 20.520450211882032 10
    endloop
  endfacet
  facet normal -0.09801714032957706 -0.9951847266721953 0
    outer loop
      vertex 9.138981649614054 20.520450211882032 3.3000000000000003
      vertex 9.27736815846761 20.506820330419345 3.3000000000000003
      vertex 9.27736815846761 20.506820330419345 10
    endloop
  endfacet
  facet normal -0.1628954733945744 -0.9866433320848813 0
    outer loop
      vertex 9.27736815846761 20.506820330419345 3.3000000000000003
      vertex 9.414566934284272 20.484168720856864 3.3000000000000003
      vertex 9.414566934284272 20.484168720856864 10
    endloop
  endfacet
  facet normal -0.22707626303438755 -0.9738769792773303 0
    outer loop
      vertex 9.414566934284272 20.484168720856864 3.3000000000000003
      vertex 9.549990470842857 20.452592380864267 3.3000000000000003
      vertex 9.549990470842857 20.452592380864267 10
    endloop
  endfacet
  facet normal -0.2902846772544621 -0.9569403357322089 0
    outer loop
      vertex 9.549990470842857 20.452592380864267 3.3000000000000003
      vertex 9.683058863769219 20.412226525177097 3.3000000000000003
      vertex 9.683058863769219 20.412226525177097 10
    endloop
  endfacet
  facet normal -0.35225004792121734 -0.9359059267573318 0
    outer loop
      vertex 9.683058863769219 20.412226525177097 3.3000000000000003
      vertex 9.813202293775817 20.363244006586484 3.3000000000000003
      vertex 9.813202293775817 20.363244006586484 10
    endloop
  endfacet
  facet normal -0.4127070298044076 -0.91086382492117 0
    outer loop
      vertex 9.813202293775817 20.363244006586484 3.3000000000000003
      vertex 9.939863466715378 20.30585457575696 3.3000000000000003
      vertex 9.939863466715378 20.30585457575696 10
    endloop
  endfacet
  facet normal -0.471396736826001 -0.8819212643483533 0
    outer loop
      vertex 10.0625 20.24030398304193 3.3000000000000003
      vertex 10.0625 20.24030398304193 10
      vertex 9.939863466715378 20.30585457575696 3.3000000000000003
    endloop
  endfacet
  facet normal -0.5824776968677966 -0.8128466845916192 0
    outer loop
      vertex 10.180586745166654 20.166872926142908 3.3000000000000003
      vertex 10.293618036643531 20.085875848118874 3.3000000000000003
      vertex 10.293618036643531 20.085875848118874 10
    endloop
  endfacet
  facet normal -0.6343932841636423 -0.7730104533627395 0
    outer loop
      vertex 10.293618036643531 20.085875848118874 3.3000000000000003
      vertex 10.401109857087647 19.997659590892827 3.3000000000000003
      vertex 10.401109857087647 19.997659590892827 10
    endloop
  endfacet
  facet normal -0.7730104533627344 -0.6343932841636486 0
    outer loop
      vertex 10.597659590892826 19.801109857087646 3.3000000000000003
      vertex 10.685875848118874 19.69361803664353 3.3000000000000003
      vertex 10.685875848118874 19.69361803664353 10
    endloop
  endfacet
  facet normal -0.6835923020228737 -0.7298640726978335 0
    outer loop
      vertex 10.401109857087647 19.997659590892827 3.3000000000000003
      vertex 10.502601910021413 19.902601910021414 3.3000000000000003
      vertex 10.502601910021413 19.902601910021414 10
    endloop
  endfacet
  facet normal -0.7298640726978395 -0.6835923020228674 0
    outer loop
      vertex 10.502601910021413 19.902601910021414 3.3000000000000003
      vertex 10.597659590892826 19.801109857087646 3.3000000000000003
      vertex 10.597659590892826 19.801109857087646 10
    endloop
  endfacet
  facet normal -0.9108638249211727 -0.41270702980440177 0
    outer loop
      vertex 10.963244006586484 19.213202293775815 3.3000000000000003
      vertex 10.963244006586484 19.213202293775815 10
      vertex 10.905854575756962 19.339863466715375 3.3000000000000003
    endloop
  endfacet
  facet normal -0.9866433320848816 -0.16289547339457233 0
    outer loop
      vertex 11.106820330419346 18.67736815846761 3.3000000000000003
      vertex 11.106820330419346 18.67736815846761 10
      vertex 11.084168720856866 18.814566934284272 3.3000000000000003
    endloop
  endfacet
  facet normal -0.9738769792773324 -0.22707626303437822 0
    outer loop
      vertex 11.05259238086427 18.949990470842856 3.3000000000000003
      vertex 11.084168720856866 18.814566934284272 3.3000000000000003
      vertex 11.084168720856866 18.814566934284272 10
    endloop
  endfacet
  facet normal -0.9359059267573234 -0.35225004792123976 0
    outer loop
      vertex 10.963244006586484 19.213202293775815 3.3000000000000003
      vertex 11.0122265251771 19.083058863769217 3.3000000000000003
      vertex 11.0122265251771 19.083058863769217 10
    endloop
  endfacet
  facet normal -0.9569403357322089 -0.2902846772544621 0
    outer loop
      vertex 11.05259238086427 18.949990470842856 3.3000000000000003
      vertex 11.05259238086427 18.949990470842856 10
      vertex 11.0122265251771 19.083058863769217 3.3000000000000003
    endloop
  endfacet
  facet normal -0.8492021815265767 -0.5280678506503717 0
    outer loop
      vertex 10.76687292614291 19.580586745166652 3.3000000000000003
      vertex 10.840303983041933 19.4625 3.3000000000000003
      vertex 10.840303983041933 19.4625 10
    endloop
  endfacet
  facet normal -0.8128466845916175 -0.5824776968677989 0
    outer loop
      vertex 10.685875848118874 19.69361803664353 3.3000000000000003
      vertex 10.76687292614291 19.580586745166652 3.3000000000000003
      vertex 10.76687292614291 19.580586745166652 10
    endloop
  endfacet
  facet normal -0.8819212643483615 -0.47139673682598565 0
    outer loop
      vertex 10.840303983041933 19.4625 3.3000000000000003
      vertex 10.905854575756962 19.339863466715375 3.3000000000000003
      vertex 10.905854575756962 19.339863466715375 10
    endloop
  endfacet
  facet normal -0.5280678506503624 -0.8492021815265823 0
    outer loop
      vertex 10.0625 20.24030398304193 3.3000000000000003
      vertex 10.180586745166654 20.166872926142908 3.3000000000000003
      vertex 10.180586745166654 20.166872926142908 10
    endloop
  endfacet
  facet normal 0 1 0
    outer loop
      vertex 0 24.8 10
      vertex 18 24.8 10
      vertex 18 24.8 0
    endloop
  endfacet
  facet normal -0.03271908282176751 -0.9994645874763659 0
    outer loop
      vertex 9 20.525 3.3000000000000003
      vertex 9.138981649614054 20.520450211882032 10
      vertex 9 20.525 10
    endloop
  endfacet
  facet normal -0.09801714032957706 -0.9951847266721953 0
    outer loop
      vertex 9.138981649614054 20.520450211882032 3.3000000000000003
      vertex 9.27736815846761 20.506820330419345 10
      vertex 9.138981649614054 20.520450211882032 10
    endloop
  endfacet
  facet normal -0.1628954733945744 -0.9866433320848813 0
    outer loop
      vertex 9.27736815846761 20.506820330419345 3.3000000000000003
      vertex 9.414566934284272 20.484168720856864 10
      vertex 9.27736815846761 20.506820330419345 10
    endloop
  endfacet
  facet normal -0.22707626303438755 -0.9738769792773303 0
    outer loop
      vertex 9.414566934284272 20.484168720856864 3.3000000000000003
      vertex 9.549990470842857 20.452592380864267 10
      vertex 9.414566934284272 20.484168720856864 10
    endloop
  endfacet
  facet normal -0.2902846772544621 -0.9569403357322089 0
    outer loop
      vertex 9.549990470842857 20.452592380864267 3.3000000000000003
      vertex 9.683058863769219 20.412226525177097 10
      vertex 9.549990470842857 20.452592380864267 10
    endloop
  endfacet
  facet normal -0.35225004792121734 -0.9359059267573318 0
    outer loop
      vertex 9.683058863769219 20.412226525177097 3.3000000000000003
      vertex 9.813202293775817 20.363244006586484 10
      vertex 9.683058863769219 20.412226525177097 10
    endloop
  endfacet
  facet normal -0.471396736826001 -0.8819212643483533 0
    outer loop
      vertex 9.939863466715378 20.30585457575696 3.3000000000000003
      vertex 10.0625 20.24030398304193 10
      vertex 9.939863466715378 20.30585457575696 10
    endloop
  endfacet
  facet normal -0.4127070298044076 -0.91086382492117 0
    outer loop
      vertex 9.813202293775817 20.363244006586484 3.3000000000000003
      vertex 9.939863466715378 20.30585457575696 10
      vertex 9.813202293775817 20.363244006586484 10
    endloop
  endfacet
  facet normal -0.5280678506503624 -0.8492021815265823 0
    outer loop
      vertex 10.0625 20.24030398304193 3.3000000000000003
      vertex 10.180586745166654 20.166872926142908 10
      vertex 10.0625 20.24030398304193 10
    endloop
  endfacet
  facet normal -0.5824776968677966 -0.8128466845916192 0
    outer loop
      vertex 10.180586745166654 20.166872926142908 3.3000000000000003
      vertex 10.293618036643531 20.085875848118874 10
      vertex 10.180586745166654 20.166872926142908 10
    endloop
  endfacet
  facet normal -0.6343932841636423 -0.7730104533627395 0
    outer loop
      vertex 10.293618036643531 20.085875848118874 3.3000000000000003
      vertex 10.401109857087647 19.997659590892827 10
      vertex 10.293618036643531 20.085875848118874 10
    endloop
  endfacet
  facet normal -0.7298640726978395 -0.6835923020228674 0
    outer loop
      vertex 10.502601910021413 19.902601910021414 3.3000000000000003
      vertex 10.597659590892826 19.801109857087646 10
      vertex 10.502601910021413 19.902601910021414 10
    endloop
  endfacet
  facet normal -0.6835923020228737 -0.7298640726978335 0
    outer loop
      vertex 10.401109857087647 19.997659590892827 3.3000000000000003
      vertex 10.502601910021413 19.902601910021414 10
      vertex 10.401109857087647 19.997659590892827 10
    endloop
  endfacet
  facet normal -0.7730104533627344 -0.6343932841636486 0
    outer loop
      vertex 10.597659590892826 19.801109857087646 3.3000000000000003
      vertex 10.685875848118874 19.69361803664353 10
      vertex 10.597659590892826 19.801109857087646 10
    endloop
  endfacet
  facet normal -0.9108638249211727 -0.41270702980440177 0
    outer loop
      vertex 10.905854575756962 19.339863466715375 3.3000000000000003
      vertex 10.963244006586484 19.213202293775815 10
      vertex 10.905854575756962 19.339863466715375 10
    endloop
  endfacet
  facet normal -0.9866433320848816 -0.16289547339457233 0
    outer loop
      vertex 11.084168720856866 18.814566934284272 3.3000000000000003
      vertex 11.106820330419346 18.67736815846761 10
      vertex 11.084168720856866 18.814566934284272 10
    endloop
  endfacet
  facet normal -0.9738769792773324 -0.22707626303437822 0
    outer loop
      vertex 11.05259238086427 18.949990470842856 3.3000000000000003
      vertex 11.084168720856866 18.814566934284272 10
      vertex 11.05259238086427 18.949990470842856 10
    endloop
  endfacet
  facet normal -0.9951847266721966 -0.09801714032956317 0
    outer loop
      vertex 11.106820330419346 18.67736815846761 3.3000000000000003
      vertex 11.120450211882032 18.53898164961405 10
      vertex 11.106820330419346 18.67736815846761 10
    endloop
  endfacet
  facet normal -0.9569403357322089 -0.2902846772544621 0
    outer loop
      vertex 11.0122265251771 19.083058863769217 3.3000000000000003
      vertex 11.05259238086427 18.949990470842856 10
      vertex 11.0122265251771 19.083058863769217 10
    endloop
  endfacet
  facet normal -0.9359059267573234 -0.35225004792123976 0
    outer loop
      vertex 10.963244006586484 19.213202293775815 3.3000000000000003
      vertex 11.0122265251771 19.083058863769217 10
      vertex 10.963244006586484 19.213202293775815 10
    endloop
  endfacet
  facet normal -0.8492021815265767 -0.5280678506503717 0
    outer loop
      vertex 10.76687292614291 19.580586745166652 3.3000000000000003
      vertex 10.840303983041933 19.4625 10
      vertex 10.76687292614291 19.580586745166652 10
    endloop
  endfacet
  facet normal -0.8128466845916175 -0.5824776968677989 0
    outer loop
      vertex 10.685875848118874 19.69361803664353 3.3000000000000003
      vertex 10.76687292614291 19.580586745166652 10
      vertex 10.685875848118874 19.69361803664353 10
    endloop
  endfacet
  facet normal -0.8819212643483615 -0.47139673682598565 0
    outer loop
      vertex 10.840303983041933 19.4625 3.3000000000000003
      vertex 10.905854575756962 19.339863466715375 10
      vertex 10.840303983041933 19.4625 10
    endloop
  endfacet
  facet normal 0 0 1
    outer loop
      vertex 0 24.8 10
      vertex 9.813202293775817 20.363244006586484 10
      vertex 18 24.8 10
    endloop
  endfacet
  facet normal 0 0 1
    outer loop
      vertex 18 24.8 10
      vertex 10.180586745166654 20.166872926142908 10
      vertex 10.293618036643531 20.085875848118874 10
    endloop
  endfacet
  facet normal 0 0 1
    outer loop
      vertex 18 24.8 10
      vertex 10.293618036643531 20.085875848118874 10
      vertex 10.401109857087647 19.997659590892827 10
    endloop
  endfacet
  facet normal 0 0 1
    outer loop
      vertex 18 24.8 10
      vertex 11.120450211882032 18.53898164961405 10
      vertex 11.125 18.4 10
    endloop
  endfacet
  facet normal 0 0 1
    outer loop
      vertex 18 24.8 10
      vertex 11.106820330419346 18.67736815846761 10
      vertex 11.120450211882032 18.53898164961405 10
    endloop
  endfacet
  facet normal 0 0 1
    outer loop
      vertex 18 24.8 10
      vertex 11.084168720856866 18.814566934284272 10
      vertex 11.106820330419346 18.67736815846761 10
    endloop
  endfacet
  facet normal 0 0 1
    outer loop
      vertex 18 24.8 10
      vertex 11.05259238086427 18.949990470842856 10
      vertex 11.084168720856866 18.814566934284272 10
    endloop
  endfacet
  facet normal 0 0 1
    outer loop
      vertex 18 24.8 10
      vertex 10.76687292614291 19.580586745166652 10
      vertex 10.840303983041933 19.4625 10
    endloop
  endfacet
  facet normal 0 0 1
    outer loop
      vertex 18 24.8 10
      vertex 10.502601910021413 19.902601910021414 10
      vertex 10.597659590892826 19.801109857087646 10
    endloop
  endfacet
  facet normal 0 0 1
    outer loop
      vertex 18 24.8 10
      vertex 10.401109857087647 19.997659590892827 10
      vertex 10.502601910021413 19.902601910021414 10
    endloop
  endfacet
  facet normal 0 0 1
    outer loop
      vertex 18 24.8 10
      vertex 10.597659590892826 19.801109857087646 10
      vertex 10.685875848118874 19.69361803664353 10
    endloop
  endfacet
  facet normal 0 0 1
    outer loop
      vertex 18 24.8 10
      vertex 10.685875848118874 19.69361803664353 10
      vertex 10.76687292614291 19.580586745166652 10
    endloop
  endfacet
  facet normal 0 0 1
    outer loop
      vertex 18 24.8 10
      vertex 11.0122265251771 19.083058863769217 10
      vertex 11.05259238086427 18.949990470842856 10
    endloop
  endfacet
  facet normal 0 0 1
    outer loop
      vertex 18 24.8 10
      vertex 10.905854575756962 19.339863466715375 10
      vertex 10.963244006586484 19.213202293775815 10
    endloop
  endfacet
  facet normal 0 0 1
    outer loop
      vertex 18 24.8 10
      vertex 10.963244006586484 19.213202293775815 10
      vertex 11.0122265251771 19.083058863769217 10
    endloop
  endfacet
  facet normal 0 0 1
    outer loop
      vertex 18 24.8 10
      vertex 10.840303983041933 19.4625 10
      vertex 10.905854575756962 19.339863466715375 10
    endloop
  endfacet
  facet normal 0 0 1
    outer loop
      vertex 18 24.8 10
      vertex 9.813202293775817 20.363244006586484 10
      vertex 9.939863466715378 20.30585457575696 10
    endloop
  endfacet
  facet normal 0 0 1
    outer loop
      vertex 18 24.8 10
      vertex 9.939863466715378 20.30585457575696 10
      vertex 10.0625 20.24030398304193 10
    endloop
  endfacet
  facet normal 0 0 1
    outer loop
      vertex 18 24.8 10
      vertex 10.0625 20.24030398304193 10
      vertex 10.180586745166654 20.166872926142908 10
    endloop
  endfacet
  facet normal 1 0 0
    outer loop
      vertex 18 0 10
      vertex 18 24.8 0
      vertex 18 24.8 10
    endloop
  endfacet
  facet normal 0 0 1
    outer loop
      vertex 18 0 10
      vertex 18 24.8 10
      vertex 11.125 18.4 10
    endloop
  endfacet
endsolid OpenSCAD_Model
