solid OpenSCAD_Model
  facet normal 0 0 -1
    outer loop
      vertex 0 -16 0
      vertex 0 0 0
      vertex 6.159209611514683 -8.964318395909485 0
    endloop
  endfacet
  facet normal -1 0 0
    outer loop
      vertex 0 -16 0
      vertex 0 -16 4
      vertex 0 -3 4
    endloop
  endfacet
  facet normal -1 0 0
    outer loop
      vertex 0 -16 0
      vertex 0 0 4
      vertex 0 0 0
    endloop
  endfacet
  facet normal -1 0 0
    outer loop
      vertex 0 -16 0
      vertex 0 -3 4
      vertex 0 0 4
    endloop
  endfacet
  facet normal -1 0 0
    outer loop
      vertex 0 0 0
      vertex 0 0 4
      vertex 0 5 4.2
    endloop
  endfacet
  facet normal 0 0 -1
    outer loop
      vertex 0 -16 0
      vertex 6.22836140246614 -9.148050297095269 0
      vertex 6.309381775401935 -9.326866070657005 0
    endloop
  endfacet
  facet normal 0 0 -1
    outer loop
      vertex 0 -16 0
      vertex 6.309381775401935 -9.326866070657005 0
      vertex 6.401923788646684 -9.5 0
    endloop
  endfacet
  facet normal 0 0 -1
    outer loop
      vertex 0 -16 0
      vertex 6.401923788646684 -9.5 0
      vertex 6.505591163092364 -9.666710699058807 0
    endloop
  endfacet
  facet normal 0 0 -1
    outer loop
      vertex 0 -16 0
      vertex 6.505591163092364 -9.666710699058807 0
      vertex 6.619939979126294 -9.826284287026162 0
    endloop
  endfacet
  facet normal 0 0 -1
    outer loop
      vertex 0 -16 0
      vertex 6.619939979126294 -9.826284287026162 0
      vertex 6.744480577563068 -9.978037445300206 0
    endloop
  endfacet
  facet normal 0 0 -1
    outer loop
      vertex 0 -16 0
      vertex 6.159209611514683 -8.964318395909485 0
      vertex 6.22836140246614 -9.148050297095269 0
    endloop
  endfacet
  facet normal 0 0 -1
    outer loop
      vertex 0 0 0
      vertex 6.057644158790309 -8.585270966048384 0
      vertex 6.102222521132795 -8.776457135307563 0
    endloop
  endfacet
  facet normal 0 0 -1
    outer loop
      vertex 0 0 0
      vertex 6.102222521132795 -8.776457135307563 0
      vertex 6.159209611514683 -8.964318395909485 0
    endloop
  endfacet
  facet normal 0 0 -1
    outer loop
      vertex 0 0 0
      vertex 6 -8 0
      vertex 6.00642323028419 -8.196209387690429 0
    endloop
  endfacet
  facet normal 0 0 -1
    outer loop
      vertex 0 0 0
      vertex 6.00642323028419 -7.803790612309571 0
      vertex 6 -8 0
    endloop
  endfacet
  facet normal 0 0 -1
    outer loop
      vertex 0 0 0
      vertex 6.025665415878569 -8.391578576660155 0
      vertex 6.057644158790309 -8.585270966048384 0
    endloop
  endfacet
  facet normal 0 0 -1
    outer loop
      vertex 0 0 0
      vertex 6.00642323028419 -8.196209387690429 0
      vertex 6.025665415878569 -8.391578576660155 0
    endloop
  endfacet
  facet normal 0 0 -1
    outer loop
      vertex 0 0 0
      vertex 6.025665415878569 -7.608421423339845 0
      vertex 6.00642323028419 -7.803790612309571 0
    endloop
  endfacet
  facet normal 0 0 -1
    outer loop
      vertex 0 0 0
      vertex 6.057644158790309 -7.414729033951615 0
      vertex 6.025665415878569 -7.608421423339845 0
    endloop
  endfacet
  facet normal 0 0 -1
    outer loop
      vertex 0 0 0
      vertex 6.102222521132795 -7.223542864692438 0
      vertex 6.057644158790309 -7.414729033951615 0
    endloop
  endfacet
  facet normal 0 0 -1
    outer loop
      vertex 0 0 0
      vertex 6.159209611514683 -7.035681604090515 0
      vertex 6.102222521132795 -7.223542864692438 0
    endloop
  endfacet
  facet normal 0 0 -1
    outer loop
      vertex 0 0 0
      vertex 6.22836140246614 -6.851949702904731 0
      vertex 6.159209611514683 -7.035681604090515 0
    endloop
  endfacet
  facet normal 0 0 -1
    outer loop
      vertex 0 0 0
      vertex 6.309381775401935 -6.673133929342996 0
      vertex 6.22836140246614 -6.851949702904731 0
    endloop
  endfacet
  facet normal 0 0 -1
    outer loop
      vertex 0 0 0
      vertex 6.401923788646684 -6.5 0
      vertex 6.309381775401935 -6.673133929342996 0
    endloop
  endfacet
  facet normal 0 0 -1
    outer loop
      vertex 0 0 0
      vertex 6.505591163092364 -6.3332893009411935 0
      vertex 6.401923788646684 -6.5 0
    endloop
  endfacet
  facet normal 0 0 -1
    outer loop
      vertex 0 0 0
      vertex 6.619939979126294 -6.173715712973838 0
      vertex 6.505591163092364 -6.3332893009411935 0
    endloop
  endfacet
  facet normal 0 0 -1
    outer loop
      vertex 0 0 0
      vertex 6.744480577563068 -6.021962554699794 0
      vertex 6.619939979126294 -6.173715712973838 0
    endloop
  endfacet
  facet normal 0 0 1
    outer loop
      vertex 0 -16 4
      vertex 4.788279301548401 -9.12852715989555 4
      vertex 0 -3 4
    endloop
  endfacet
  facet normal -1 0 0
    outer loop
      vertex 0 -3 4
      vertex 0 -2.803790612309571 4.00642323028419
      vertex 0 0 4
    endloop
  endfacet
  facet normal -1 0 0
    outer loop
      vertex 0 -2.803790612309571 4.00642323028419
      vertex 0 -2.6084214233398453 4.025665415878569
      vertex 0 0 4
    endloop
  endfacet
  facet normal -1 0 0
    outer loop
      vertex 0 -2.6084214233398453 4.025665415878569
      vertex 0 -2.414729033951615 4.057644158790309
      vertex 0 0 4
    endloop
  endfacet
  facet normal -1 0 0
    outer loop
      vertex 0 -2.414729033951615 4.057644158790309
      vertex 0 -2.223542864692438 4.102222521132795
      vertex 0 0 4
    endloop
  endfacet
  facet normal -1 0 0
    outer loop
      vertex 0 0 4
      vertex 0 -2.223542864692438 4.102222521132795
      vertex 0 -2.0356816040905152 4.159209611514683
    endloop
  endfacet
  facet normal -1 0 0
    outer loop
      vertex 0 0 4
      vertex 0 -2.0356816040905152 4.159209611514683
      vertex 0 -1.8519497029047307 4.22836140246614
    endloop
  endfacet
  facet normal -1 0 0
    outer loop
      vertex 0 0 4
      vertex 0 -1.8519497029047307 4.22836140246614
      vertex 0 -1.673133929342996 4.309381775401935
    endloop
  endfacet
  facet normal -1 0 0
    outer loop
      vertex 0 0 4
      vertex 0 -1.673133929342996 4.309381775401935
      vertex 0 -1.5 4.401923788646684
    endloop
  endfacet
  facet normal -1 0 0
    outer loop
      vertex 0 0 4
      vertex 0 -1.5 4.401923788646684
      vertex 0 -1.3332893009411935 4.505591163092364
    endloop
  endfacet
  facet normal -1 0 0
    outer loop
      vertex 0 0 4
      vertex 0 -1.3332893009411935 4.505591163092364
      vertex 0 -1.173715712973838 4.619939979126294
    endloop
  endfacet
  facet normal -1 0 0
    outer loop
      vertex 0 0 4
      vertex 0 -1.173715712973838 4.619939979126294
      vertex 0 -1.0219625546997935 4.744480577563068
    endloop
  endfacet
  facet normal -1 0 0
    outer loop
      vertex 0 0 4
      vertex 0 -1.0219625546997935 4.744480577563068
      vertex 0 -0.8786796564403572 4.878679656440357
    endloop
  endfacet
  facet normal -1 0 0
    outer loop
      vertex 0 0 4
      vertex 0 -0.8786796564403572 4.878679656440357
      vertex 0 -0.7444805775630678 5.021962554699794
    endloop
  endfacet
  facet normal -1 0 0
    outer loop
      vertex 0 0 4
      vertex 0 -0.7444805775630678 5.021962554699794
      vertex 0 -0.6199399791262943 5.173715712973838
    endloop
  endfacet
  facet normal -1 0 0
    outer loop
      vertex 0 0 4
      vertex 0 -0.6199399791262943 5.173715712973838
      vertex 0 -0.5055911630923644 5.3332893009411935
    endloop
  endfacet
  facet normal -1 0 0
    outer loop
      vertex 0 0 4
      vertex 0 -0.5055911630923644 5.3332893009411935
      vertex 0 -0.401923788646684 5.5
    endloop
  endfacet
  facet normal -1 0 0
    outer loop
      vertex 0 0 4
      vertex 0 -0.401923788646684 5.5
      vertex 0 -0.30938177540193523 5.673133929342996
    endloop
  endfacet
  facet normal -1 0 0
    outer loop
      vertex 0 0 4
      vertex 0 -0.30938177540193523 5.673133929342996
      vertex 0 -0.22836140246614 5.851949702904731
    endloop
  endfacet
  facet normal -1 0 0
    outer loop
      vertex 0 0 4
      vertex 0 -0.22836140246614 5.851949702904731
      vertex 0 -0.15920961151468305 6.035681604090515
    endloop
  endfacet
  facet normal -1 0 0
    outer loop
      vertex 0 0 4
      vertex 0 -0.15920961151468305 6.035681604090515
      vertex 0 -0.10222252113279495 6.223542864692438
    endloop
  endfacet
  facet normal -1 0 0
    outer loop
      vertex 0 0 4
      vertex 0 -0.10222252113279495 6.223542864692438
      vertex 0 -0.05764415879030871 6.414729033951615
    endloop
  endfacet
  facet normal -1 0 0
    outer loop
      vertex 0 0 4
      vertex 0 -0.05764415879030871 6.414729033951615
      vertex 0 -0.025665415878568965 6.608421423339845
    endloop
  endfacet
  facet normal -1 0 0
    outer loop
      vertex 0 0 4
      vertex 0 0 7
      vertex 0 5 4.2
    endloop
  endfacet
  facet normal -1 0 0
    outer loop
      vertex 0 0 4
      vertex 0 -0.025665415878568965 6.608421423339845
      vertex 0 -0.006423230284189785 6.803790612309571
    endloop
  endfacet
  facet normal -1 0 0
    outer loop
      vertex 0 0 4
      vertex 0 -0.006423230284189785 6.803790612309571
      vertex 0 0 7
    endloop
  endfacet
  facet normal 0 0 1
    outer loop
      vertex 0 -16 4
      vertex 4.871106126539723 -9.401570609740991 4
      vertex 4.788279301548401 -9.12852715989555 4
    endloop
  endfacet
  facet normal 0 0 1
    outer loop
      vertex 0 -16 4
      vertex 4.971613508976522 -9.668612319062488 4
      vertex 4.871106126539723 -9.401570609740991 4
    endloop
  endfacet
  facet normal 0 0 1
    outer loop
      vertex 0 -16 4
      vertex 5.089371060817029 -9.928508774263735 4
      vertex 4.971613508976522 -9.668612319062488 4
    endloop
  endfacet
  facet normal 0 0 1
    outer loop
      vertex 0 -3 4
      vertex 4.788279301548401 -9.12852715989555 4
      vertex 4.723487711182973 -8.850651183496796 4
    endloop
  endfacet
  facet normal 0 0 1
    outer loop
      vertex 0 -16 4
      vertex 5.223874526145793 -10.180147058823529 4
      vertex 5.089371060817029 -9.928508774263735 4
    endloop
  endfacet
  facet normal 0 0 1
    outer loop
      vertex 0 -16 4
      vertex 5.3745479404749315 -10.422449618975177 4
      vertex 5.223874526145793 -10.180147058823529 4
    endloop
  endfacet
  facet normal 0 0 1
    outer loop
      vertex 0 -16 4
      vertex 5.540746097112482 -10.654378877957143 4
      vertex 5.3745479404749315 -10.422449618975177 4
    endloop
  endfacet
  facet normal 0 0 1
    outer loop
      vertex 0 -16 4
      vertex 5.91680646144395 -11.08319353855605 4
      vertex 5.721757310036518 -10.874941679076036 4
    endloop
  endfacet
  facet normal 0 0 1
    outer loop
      vertex 0 -16 4
      vertex 5.721757310036518 -10.874941679076036 4
      vertex 5.540746097112482 -10.654378877957143 4
    endloop
  endfacet
  facet normal 0 0 1
    outer loop
      vertex 0 -16 4
      vertex 6.125058320923964 -11.278242689963482 4
      vertex 5.91680646144395 -11.08319353855605 4
    endloop
  endfacet
  facet normal 0 0 1
    outer loop
      vertex 0 -16 4
      vertex 6.345621122042858 -11.459253902887518 4
      vertex 6.125058320923964 -11.278242689963482 4
    endloop
  endfacet
  facet normal 0 0 1
    outer loop
      vertex 0 -16 4
      vertex 6.577550381024824 -11.625452059525069 4
      vertex 6.345621122042858 -11.459253902887518 4
    endloop
  endfacet
  facet normal 0 0 1
    outer loop
      vertex 0 -16 4
      vertex 6.819852941176471 -11.776125473854206 4
      vertex 6.577550381024824 -11.625452059525069 4
    endloop
  endfacet
  facet normal 0 0 1
    outer loop
      vertex 0 -3 4
      vertex 4.677008802980371 -8.569132588135961 4
      vertex 4.64904160676109 -8.285176879657904 4
    endloop
  endfacet
  facet normal 0 0 1
    outer loop
      vertex 0 -3 4
      vertex 4.723487711182973 -8.850651183496796 4
      vertex 4.677008802980371 -8.569132588135961 4
    endloop
  endfacet
  facet normal 0 0 1
    outer loop
      vertex 0 -3 4
      vertex 4.64904160676109 -8.285176879657904 4
      vertex 4.639705882352941 -8 4
    endloop
  endfacet
  facet normal 0 0 1
    outer loop
      vertex 0 -3 4
      vertex 4.639705882352941 -8 4
      vertex 4.64904160676109 -7.714823120342096 4
    endloop
  endfacet
  facet normal 0 0 1
    outer loop
      vertex 0 -3 4
      vertex 4.64904160676109 -7.714823120342096 4
      vertex 4.677008802980371 -7.43086741186404 4
    endloop
  endfacet
  facet normal 0 0 1
    outer loop
      vertex 0 -3 4
      vertex 4.677008802980371 -7.43086741186404 4
      vertex 4.723487711182973 -7.149348816503206 4
    endloop
  endfacet
  facet normal 0 0 1
    outer loop
      vertex 0 -3 4
      vertex 4.723487711182973 -7.149348816503206 4
      vertex 4.788279301548401 -6.871472840104451 4
    endloop
  endfacet
  facet normal 0 0 1
    outer loop
      vertex 0 -3 4
      vertex 4.788279301548401 -6.871472840104451 4
      vertex 4.871106126539723 -6.5984293902590085 4
    endloop
  endfacet
  facet normal 0 0 1
    outer loop
      vertex 0 -3 4
      vertex 4.871106126539723 -6.5984293902590085 4
      vertex 4.971613508976522 -6.331387680937513 4
    endloop
  endfacet
  facet normal 0 0 1
    outer loop
      vertex 0 -3 4
      vertex 4.971613508976522 -6.331387680937513 4
      vertex 5.089371060817029 -6.071491225736266 4
    endloop
  endfacet
  facet normal 0 0 1
    outer loop
      vertex 0 -3 4
      vertex 5.089371060817029 -6.071491225736266 4
      vertex 5.223874526145793 -5.819852941176471 4
    endloop
  endfacet
  facet normal 0 0 1
    outer loop
      vertex 0 -3 4
      vertex 5.223874526145793 -5.819852941176471 4
      vertex 5.3745479404749315 -5.577550381024824 4
    endloop
  endfacet
  facet normal 0 0 1
    outer loop
      vertex 0 -3 4
      vertex 5.3745479404749315 -5.577550381024824 4
      vertex 5.540746097112482 -5.345621122042857 4
    endloop
  endfacet
  facet normal 0 0 1
    outer loop
      vertex 0 -3 4
      vertex 5.540746097112482 -5.345621122042857 4
      vertex 5.721757310036518 -5.125058320923964 4
    endloop
  endfacet
  facet normal 0 0 1
    outer loop
      vertex 0 -3 4
      vertex 5.721757310036518 -5.125058320923964 4
      vertex 5.91680646144395 -4.91680646144395 4
    endloop
  endfacet
  facet normal 0 0 1
    outer loop
      vertex 0 -3 4
      vertex 5.91680646144395 -4.91680646144395 4
      vertex 6.125058320923964 -4.721757310036518 4
    endloop
  endfacet
  facet normal 0 0 1
    outer loop
      vertex 0 -3 4
      vertex 6.125058320923964 -4.721757310036518 4
      vertex 6.345621122042857 -4.540746097112482 4
    endloop
  endfacet
  facet normal 0 0 1
    outer loop
      vertex 0 -3 4
      vertex 6.345621122042857 -4.540746097112482 4
      vertex 6.577550381024824 -4.3745479404749315 4
    endloop
  endfacet
  facet normal 0 0 1
    outer loop
      vertex 0 -3 4
      vertex 6.577550381024824 -4.3745479404749315 4
      vertex 6.819852941176471 -4.223874526145793 4
    endloop
  endfacet
  facet normal -1 0 0
    outer loop
      vertex 0 0 0
      vertex 0 5.965891613580646 3.0230576635161235
      vertex 0 6.043368569335938 3.0102661663514274
    endloop
  endfacet
  facet normal -1 0 0
    outer loop
      vertex 0 0 0
      vertex 0 5.889417145876975 3.040889008453118
      vertex 0 5.965891613580646 3.0230576635161235
    endloop
  endfacet
  facet normal -1 0 0
    outer loop
      vertex 0 0 0
      vertex 0 6.043368569335938 3.0102661663514274
      vertex 0 6.1215162449238285 3.0025692921136757
    endloop
  endfacet
  facet normal -1 0 0
    outer loop
      vertex 0 0 0
      vertex 0 6.1215162449238285 3.0025692921136757
      vertex 0 6.2 3
    endloop
  endfacet
  facet normal -1 0 0
    outer loop
      vertex 0 0 0
      vertex 0 5.123752710160774 3.6692535717371983
      vertex 0 5.160769515458673 3.6
    endloop
  endfacet
  facet normal -1 0 0
    outer loop
      vertex 0 0 0
      vertex 0 5.533315720376478 3.202236465236946
      vertex 0 5.6 3.1607695154586737
    endloop
  endfacet
  facet normal -1 0 0
    outer loop
      vertex 0 0 0
      vertex 0 5.740779881161892 3.091344560986456
      vertex 0 5.814272641636206 3.0636838446058734
    endloop
  endfacet
  facet normal -1 0 0
    outer loop
      vertex 0 0 0
      vertex 0 5.669253571737198 3.1237527101607743
      vertex 0 5.740779881161892 3.091344560986456
    endloop
  endfacet
  facet normal -1 0 0
    outer loop
      vertex 0 0 0
      vertex 0 5.814272641636206 3.0636838446058734
      vertex 0 5.889417145876975 3.040889008453118
    endloop
  endfacet
  facet normal -1 0 0
    outer loop
      vertex 0 0 0
      vertex 0 5.6 3.1607695154586737
      vertex 0 5.669253571737198 3.1237527101607743
    endloop
  endfacet
  facet normal -1 0 0
    outer loop
      vertex 0 0 0
      vertex 0 5.469486285189535 3.2479759916505175
      vertex 0 5.533315720376478 3.202236465236946
    endloop
  endfacet
  facet normal -1 0 0
    outer loop
      vertex 0 0 0
      vertex 0 5.408785021879917 3.2977922310252272
      vertex 0 5.469486285189535 3.2479759916505175
    endloop
  endfacet
  facet normal -1 0 0
    outer loop
      vertex 0 0 0
      vertex 0 5.351471862576143 3.351471862576143
      vertex 0 5.408785021879917 3.2977922310252272
    endloop
  endfacet
  facet normal -1 0 0
    outer loop
      vertex 0 0 0
      vertex 0 5.297792231025227 3.4087850218799174
      vertex 0 5.351471862576143 3.351471862576143
    endloop
  endfacet
  facet normal -1 0 0
    outer loop
      vertex 0 0 0
      vertex 0 5.2479759916505175 3.469486285189535
      vertex 0 5.297792231025227 3.4087850218799174
    endloop
  endfacet
  facet normal -1 0 0
    outer loop
      vertex 0 0 0
      vertex 0 5.202236465236946 3.5333157203764776
      vertex 0 5.2479759916505175 3.469486285189535
    endloop
  endfacet
  facet normal -1 0 0
    outer loop
      vertex 0 0 0
      vertex 0 5.160769515458673 3.6
      vertex 0 5.202236465236946 3.5333157203764776
    endloop
  endfacet
  facet normal -1 0 0
    outer loop
      vertex 0 0 0
      vertex 0 5.091344560986456 3.740779881161892
      vertex 0 5.123752710160774 3.6692535717371983
    endloop
  endfacet
  facet normal -1 0 0
    outer loop
      vertex 0 0 0
      vertex 0 5.063683844605873 3.8142726416362063
      vertex 0 5.091344560986456 3.740779881161892
    endloop
  endfacet
  facet normal -1 0 0
    outer loop
      vertex 0 0 0
      vertex 0 5.040889008453118 3.8894171458769753
      vertex 0 5.063683844605873 3.8142726416362063
    endloop
  endfacet
  facet normal -1 0 0
    outer loop
      vertex 0 0 0
      vertex 0 5.0230576635161235 3.965891613580646
      vertex 0 5.040889008453118 3.8894171458769753
    endloop
  endfacet
  facet normal -1 0 0
    outer loop
      vertex 0 0 0
      vertex 0 5.010266166351427 4.043368569335938
      vertex 0 5.0230576635161235 3.965891613580646
    endloop
  endfacet
  facet normal -1 0 0
    outer loop
      vertex 0 0 0
      vertex 0 5.002569292113676 4.1215162449238285
      vertex 0 5.010266166351427 4.043368569335938
    endloop
  endfacet
  facet normal -1 0 0
    outer loop
      vertex 0 0 0
      vertex 0 5 4.2
      vertex 0 5.002569292113676 4.1215162449238285
    endloop
  endfacet
  facet normal -1 0 0
    outer loop
      vertex 0 0 0
      vertex 0 6.2 3
      vertex 0 35 3
    endloop
  endfacet
  facet normal 0 0 -1
    outer loop
      vertex 0 -16 0
      vertex 6.744480577563068 -9.978037445300206 0
      vertex 6.878679656440357 -10.121320343559642 0
    endloop
  endfacet
  facet normal 0 0 -1
    outer loop
      vertex 0 -16 0
      vertex 6.878679656440357 -10.121320343559642 0
      vertex 7.021962554699794 -10.255519422436933 0
    endloop
  endfacet
  facet normal 0 0 -1
    outer loop
      vertex 0 -16 0
      vertex 7.021962554699794 -10.255519422436933 0
      vertex 7.173715712973838 -10.380060020873707 0
    endloop
  endfacet
  facet normal 0 0 -1
    outer loop
      vertex 0 -16 0
      vertex 7.173715712973838 -10.380060020873707 0
      vertex 7.3332893009411935 -10.494408836907635 0
    endloop
  endfacet
  facet normal 0 0 -1
    outer loop
      vertex 0 -16 0
      vertex 7.3332893009411935 -10.494408836907635 0
      vertex 7.5 -10.598076211353316 0
    endloop
  endfacet
  facet normal 0 0 -1
    outer loop
      vertex 0 -16 0
      vertex 7.5 -10.598076211353316 0
      vertex 7.673133929342996 -10.690618224598065 0
    endloop
  endfacet
  facet normal 0 0 -1
    outer loop
      vertex 0 -16 0
      vertex 7.673133929342996 -10.690618224598065 0
      vertex 7.851949702904731 -10.77163859753386 0
    endloop
  endfacet
  facet normal 0 0 -1
    outer loop
      vertex 0 -16 0
      vertex 7.851949702904731 -10.77163859753386 0
      vertex 8.035681604090515 -10.840790388485317 0
    endloop
  endfacet
  facet normal 0 0 -1
    outer loop
      vertex 0 -16 0
      vertex 8.035681604090515 -10.840790388485317 0
      vertex 8.223542864692437 -10.897777478867205 0
    endloop
  endfacet
  facet normal 0 0 -1
    outer loop
      vertex 0 -16 0
      vertex 8.223542864692437 -10.897777478867205 0
      vertex 8.414729033951616 -10.942355841209691 0
    endloop
  endfacet
  facet normal 0 0 -1
    outer loop
      vertex 0 -16 0
      vertex 8.414729033951616 -10.942355841209691 0
      vertex 8.608421423339845 -10.974334584121431 0
    endloop
  endfacet
  facet normal 0 0 -1
    outer loop
      vertex 0 -16 0
      vertex 8.608421423339845 -10.974334584121431 0
      vertex 8.803790612309571 -10.99357676971581 0
    endloop
  endfacet
  facet normal 0 0 -1
    outer loop
      vertex 0 -16 0
      vertex 8.803790612309571 -10.99357676971581 0
      vertex 9 -11 0
    endloop
  endfacet
  facet normal 0 0 -1
    outer loop
      vertex 0 -16 0
      vertex 9 -11 0
      vertex 9.196209387690429 -10.99357676971581 0
    endloop
  endfacet
  facet normal 0 0 -1
    outer loop
      vertex 0 -16 0
      vertex 9.196209387690429 -10.99357676971581 0
      vertex 9.391578576660155 -10.974334584121431 0
    endloop
  endfacet
  facet normal 0 0 -1
    outer loop
      vertex 0 -16 0
      vertex 9.391578576660155 -10.974334584121431 0
      vertex 9.585270966048384 -10.942355841209691 0
    endloop
  endfacet
  facet normal 0 0 -1
    outer loop
      vertex 0 -16 0
      vertex 9.585270966048384 -10.942355841209691 0
      vertex 9.776457135307563 -10.897777478867205 0
    endloop
  endfacet
  facet normal 0 0 -1
    outer loop
      vertex 0 -16 0
      vertex 9.776457135307563 -10.897777478867205 0
      vertex 9.964318395909485 -10.840790388485317 0
    endloop
  endfacet
  facet normal 0 0 -1
    outer loop
      vertex 0 -16 0
      vertex 9.964318395909485 -10.840790388485317 0
      vertex 10.148050297095269 -10.77163859753386 0
    endloop
  endfacet
  facet normal 0.986643332084879 0.1628954733945891 0
    outer loop
      vertex 6.025665415878569 -8.391578576660155 0.20000000000000004
      vertex 6.057644158790309 -8.585270966048384 0
      vertex 6.025665415878569 -8.391578576660155 0
    endloop
  endfacet
  facet normal 0.9994645874763656 0.032719082821777774 0
    outer loop
      vertex 6 -8 0.20000000000000004
      vertex 6.00642323028419 -8.196209387690429 0
      vertex 6 -8 0
    endloop
  endfacet
  facet normal 0.9951847266721969 0.09801714032955963 0
    outer loop
      vertex 6.00642323028419 -8.196209387690429 0.20000000000000004
      vertex 6.025665415878569 -8.391578576660155 0
      vertex 6.00642323028419 -8.196209387690429 0
    endloop
  endfacet
  facet normal 0.9951847266721969 0.09801714032955963 0
    outer loop
      vertex 6.025665415878569 -8.391578576660155 0.20000000000000004
      vertex 6.025665415878569 -8.391578576660155 0
      vertex 6.00642323028419 -8.196209387690429 0.20000000000000004
    endloop
  endfacet
  facet normal 0.9994645874763656 0.032719082821777774 0
    outer loop
      vertex 6.00642323028419 -8.196209387690429 0.20000000000000004
      vertex 6.00642323028419 -8.196209387690429 0
      vertex 6 -8 0.20000000000000004
    endloop
  endfacet
  facet normal 0 0 -1
    outer loop
      vertex 6.00642323028419 -8.196209387690429 0.20000000000000004
      vertex 6 -8 0.20000000000000004
      vertex 6.00642323028419 -7.803790612309571 0.20000000000000004
    endloop
  endfacet
  facet normal 0 0 -1
    outer loop
      vertex 6.025665415878569 -8.391578576660155 0.20000000000000004
      vertex 6.025665415878569 -7.608421423339845 0.20000000000000004
      vertex 6.057644158790309 -8.585270966048384 0.20000000000000004
    endloop
  endfacet
  facet normal 0 0 -1
    outer loop
      vertex 6.025665415878569 -8.391578576660155 0.20000000000000004
      vertex 6.00642323028419 -8.196209387690429 0.20000000000000004
      vertex 6.00642323028419 -7.803790612309571 0.20000000000000004
    endloop
  endfacet
  facet normal 0.9738769792773342 0.2270762630343701 0
    outer loop
      vertex 6.057644158790309 -8.585270966048384 0.20000000000000004
      vertex 6.102222521132795 -8.776457135307563 0
      vertex 6.057644158790309 -8.585270966048384 0
    endloop
  endfacet
  facet normal 0.9359059267573246 0.3522500479212361 0
    outer loop
      vertex 6.159209611514683 -8.964318395909485 0.20000000000000004
      vertex 6.22836140246614 -9.148050297095269 0
      vertex 6.159209611514683 -8.964318395909485 0
    endloop
  endfacet
  facet normal 0.9569403357322083 0.2902846772544639 0
    outer loop
      vertex 6.102222521132795 -8.776457135307563 0.20000000000000004
      vertex 6.159209611514683 -8.964318395909485 0
      vertex 6.102222521132795 -8.776457135307563 0
    endloop
  endfacet
  facet normal 0.9738769792773342 0.2270762630343701 0
    outer loop
      vertex 6.057644158790309 -8.585270966048384 0.20000000000000004
      vertex 6.102222521132795 -8.776457135307563 0.20000000000000004
      vertex 6.102222521132795 -8.776457135307563 0
    endloop
  endfacet
  facet normal 0.9569403357322083 0.2902846772544639 0
    outer loop
      vertex 6.102222521132795 -8.776457135307563 0.20000000000000004
      vertex 6.159209611514683 -8.964318395909485 0.20000000000000004
      vertex 6.159209611514683 -8.964318395909485 0
    endloop
  endfacet
  facet normal 0.986643332084879 0.1628954733945891 0
    outer loop
      vertex 6.025665415878569 -8.391578576660155 0.20000000000000004
      vertex 6.057644158790309 -8.585270966048384 0.20000000000000004
      vertex 6.057644158790309 -8.585270966048384 0
    endloop
  endfacet
  facet normal 0 0 -1
    outer loop
      vertex 6.057644158790309 -8.585270966048384 0.20000000000000004
      vertex 6.057644158790309 -7.414729033951615 0.20000000000000004
      vertex 6.102222521132795 -8.776457135307563 0.20000000000000004
    endloop
  endfacet
  facet normal 0 0 -1
    outer loop
      vertex 6.102222521132795 -8.776457135307563 0.20000000000000004
      vertex 6.102222521132795 -7.223542864692438 0.20000000000000004
      vertex 6.159209611514683 -8.964318395909485 0.20000000000000004
    endloop
  endfacet
  facet normal 0 0 -1
    outer loop
      vertex 6.159209611514683 -8.964318395909485 0.20000000000000004
      vertex 6.159209611514683 -7.035681604090515 0.20000000000000004
      vertex 6.22836140246614 -9.148050297095269 0.20000000000000004
    endloop
  endfacet
  facet normal 0.9994645874763656 -0.032719082821777774 0
    outer loop
      vertex 6.00642323028419 -7.803790612309571 0.20000000000000004
      vertex 6 -8 0
      vertex 6.00642323028419 -7.803790612309571 0
    endloop
  endfacet
  facet normal 0.9951847266721969 -0.09801714032955963 0
    outer loop
      vertex 6.025665415878569 -7.608421423339845 0.20000000000000004
      vertex 6.00642323028419 -7.803790612309571 0
      vertex 6.025665415878569 -7.608421423339845 0
    endloop
  endfacet
  facet normal 0.9994645874763656 -0.032719082821777774 0
    outer loop
      vertex 6 -8 0.20000000000000004
      vertex 6 -8 0
      vertex 6.00642323028419 -7.803790612309571 0.20000000000000004
    endloop
  endfacet
  facet normal 0.9951847266721969 -0.09801714032955963 0
    outer loop
      vertex 6.00642323028419 -7.803790612309571 0.20000000000000004
      vertex 6.00642323028419 -7.803790612309571 0
      vertex 6.025665415878569 -7.608421423339845 0.20000000000000004
    endloop
  endfacet
  facet normal 0 0 -1
    outer loop
      vertex 6.025665415878569 -8.391578576660155 0.20000000000000004
      vertex 6.00642323028419 -7.803790612309571 0.20000000000000004
      vertex 6.025665415878569 -7.608421423339845 0.20000000000000004
    endloop
  endfacet
  facet normal 0.9866433320848791 -0.16289547339458835 0
    outer loop
      vertex 6.025665415878569 -7.608421423339845 0.20000000000000004
      vertex 6.025665415878569 -7.608421423339845 0
      vertex 6.057644158790309 -7.414729033951615 0.20000000000000004
    endloop
  endfacet
  facet normal 0.9866433320848791 -0.16289547339458835 0
    outer loop
      vertex 6.057644158790309 -7.414729033951615 0.20000000000000004
      vertex 6.025665415878569 -7.608421423339845 0
      vertex 6.057644158790309 -7.414729033951615 0
    endloop
  endfacet
  facet normal 0 0 -1
    outer loop
      vertex 6.057644158790309 -8.585270966048384 0.20000000000000004
      vertex 6.025665415878569 -7.608421423339845 0.20000000000000004
      vertex 6.057644158790309 -7.414729033951615 0.20000000000000004
    endloop
  endfacet
  facet normal 0 0 -1
    outer loop
      vertex 6.102222521132795 -8.776457135307563 0.20000000000000004
      vertex 6.057644158790309 -7.414729033951615 0.20000000000000004
      vertex 6.102222521132795 -7.223542864692438 0.20000000000000004
    endloop
  endfacet
  facet normal 0 0 -1
    outer loop
      vertex 6.159209611514683 -8.964318395909485 0.20000000000000004
      vertex 6.102222521132795 -7.223542864692438 0.20000000000000004
      vertex 6.159209611514683 -7.035681604090515 0.20000000000000004
    endloop
  endfacet
  facet normal 0.9738769792773339 -0.2270762630343721 0
    outer loop
      vertex 6.102222521132795 -7.223542864692438 0.20000000000000004
      vertex 6.057644158790309 -7.414729033951615 0
      vertex 6.102222521132795 -7.223542864692438 0
    endloop
  endfacet
  facet normal 0.9569403357322088 -0.29028467725446266 0
    outer loop
      vertex 6.159209611514683 -7.035681604090515 0.20000000000000004
      vertex 6.102222521132795 -7.223542864692438 0
      vertex 6.159209611514683 -7.035681604090515 0
    endloop
  endfacet
  facet normal 0.9738769792773339 -0.2270762630343721 0
    outer loop
      vertex 6.057644158790309 -7.414729033951615 0.20000000000000004
      vertex 6.057644158790309 -7.414729033951615 0
      vertex 6.102222521132795 -7.223542864692438 0.20000000000000004
    endloop
  endfacet
  facet normal 0.9569403357322088 -0.29028467725446266 0
    outer loop
      vertex 6.102222521132795 -7.223542864692438 0.20000000000000004
      vertex 6.102222521132795 -7.223542864692438 0
      vertex 6.159209611514683 -7.035681604090515 0.20000000000000004
    endloop
  endfacet
  facet normal 0.9359059267573246 -0.3522500479212361 0
    outer loop
      vertex 6.159209611514683 -7.035681604090515 0.20000000000000004
      vertex 6.159209611514683 -7.035681604090515 0
      vertex 6.22836140246614 -6.851949702904731 0.20000000000000004
    endloop
  endfacet
  facet normal 0.910863824921178 0.41270702980439 0
    outer loop
      vertex 6.22836140246614 -9.148050297095269 0.20000000000000004
      vertex 6.309381775401935 -9.326866070657005 0
      vertex 6.22836140246614 -9.148050297095269 0
    endloop
  endfacet
  facet normal 0.910863824921178 0.41270702980439 0
    outer loop
      vertex 6.22836140246614 -9.148050297095269 0.20000000000000004
      vertex 6.309381775401935 -9.326866070657005 0.20000000000000004
      vertex 6.309381775401935 -9.326866070657005 0
    endloop
  endfacet
  facet normal 0.8819212643483537 0.471396736826 0
    outer loop
      vertex 6.309381775401935 -9.326866070657005 0.20000000000000004
      vertex 6.401923788646684 -9.5 0
      vertex 6.309381775401935 -9.326866070657005 0
    endloop
  endfacet
  facet normal 0.8492021815265794 0.5280678506503669 0
    outer loop
      vertex 6.401923788646684 -9.5 0.20000000000000004
      vertex 6.505591163092364 -9.666710699058807 0
      vertex 6.401923788646684 -9.5 0
    endloop
  endfacet
  facet normal 0.8819212643483537 0.471396736826 0
    outer loop
      vertex 6.309381775401935 -9.326866070657005 0.20000000000000004
      vertex 6.401923788646684 -9.5 0.20000000000000004
      vertex 6.401923788646684 -9.5 0
    endloop
  endfacet
  facet normal 0.8128466845916152 0.582477696867802 0
    outer loop
      vertex 6.505591163092364 -9.666710699058807 0.20000000000000004
      vertex 6.619939979126294 -9.826284287026162 0
      vertex 6.505591163092364 -9.666710699058807 0
    endloop
  endfacet
  facet normal 0.8128466845916152 0.582477696867802 0
    outer loop
      vertex 6.505591163092364 -9.666710699058807 0.20000000000000004
      vertex 6.619939979126294 -9.826284287026162 0.20000000000000004
      vertex 6.619939979126294 -9.826284287026162 0
    endloop
  endfacet
  facet normal 0.8492021815265794 0.5280678506503669 0
    outer loop
      vertex 6.401923788646684 -9.5 0.20000000000000004
      vertex 6.505591163092364 -9.666710699058807 0.20000000000000004
      vertex 6.505591163092364 -9.666710699058807 0
    endloop
  endfacet
  facet normal 0.7730104533627347 0.6343932841636483 0
    outer loop
      vertex 6.619939979126294 -9.826284287026162 0.20000000000000004
      vertex 6.744480577563068 -9.978037445300206 0
      vertex 6.619939979126294 -9.826284287026162 0
    endloop
  endfacet
  facet normal 0.7730104533627347 0.6343932841636483 0
    outer loop
      vertex 6.619939979126294 -9.826284287026162 0.20000000000000004
      vertex 6.744480577563068 -9.978037445300206 0.20000000000000004
      vertex 6.744480577563068 -9.978037445300206 0
    endloop
  endfacet
  facet normal 0.9359059267573246 0.3522500479212361 0
    outer loop
      vertex 6.159209611514683 -8.964318395909485 0.20000000000000004
      vertex 6.22836140246614 -9.148050297095269 0.20000000000000004
      vertex 6.22836140246614 -9.148050297095269 0
    endloop
  endfacet
  facet normal 0 0 -1
    outer loop
      vertex 6.22836140246614 -9.148050297095269 0.20000000000000004
      vertex 6.22836140246614 -6.851949702904731 0.20000000000000004
      vertex 6.309381775401935 -9.326866070657005 0.20000000000000004
    endloop
  endfacet
  facet normal 0 0 -1
    outer loop
      vertex 6.309381775401935 -9.326866070657005 0.20000000000000004
      vertex 6.309381775401935 -6.673133929342996 0.20000000000000004
      vertex 6.401923788646684 -9.5 0.20000000000000004
    endloop
  endfacet
  facet normal 0 0 -1
    outer loop
      vertex 6.401923788646684 -9.5 0.20000000000000004
      vertex 6.401923788646684 -6.5 0.20000000000000004
      vertex 6.505591163092364 -9.666710699058807 0.20000000000000004
    endloop
  endfacet
  facet normal 0 0 -1
    outer loop
      vertex 6.159209611514683 -7.035681604090515 0.20000000000000004
      vertex 6.22836140246614 -6.851949702904731 0.20000000000000004
      vertex 6.22836140246614 -9.148050297095269 0.20000000000000004
    endloop
  endfacet
  facet normal 0 0 -1
    outer loop
      vertex 6.309381775401935 -9.326866070657005 0.20000000000000004
      vertex 6.22836140246614 -6.851949702904731 0.20000000000000004
      vertex 6.309381775401935 -6.673133929342996 0.20000000000000004
    endloop
  endfacet
  facet normal 0.9359059267573246 -0.3522500479212361 0
    outer loop
      vertex 6.22836140246614 -6.851949702904731 0.20000000000000004
      vertex 6.159209611514683 -7.035681604090515 0
      vertex 6.22836140246614 -6.851949702904731 0
    endloop
  endfacet
  facet normal 0 0 -1
    outer loop
      vertex 6.401923788646684 -9.5 0.20000000000000004
      vertex 6.309381775401935 -6.673133929342996 0.20000000000000004
      vertex 6.401923788646684 -6.5 0.20000000000000004
    endloop
  endfacet
  facet normal 0 0 -1
    outer loop
      vertex 6.505591163092364 -9.666710699058807 0.20000000000000004
      vertex 6.505591163092364 -6.3332893009411935 0.20000000000000004
      vertex 6.619939979126294 -9.826284287026162 0.20000000000000004
    endloop
  endfacet
  facet normal 0 0 -1
    outer loop
      vertex 6.619939979126294 -9.826284287026162 0.20000000000000004
      vertex 6.619939979126294 -6.173715712973838 0.20000000000000004
      vertex 6.744480577563068 -9.978037445300206 0.20000000000000004
    endloop
  endfacet
  facet normal 0 0 -1
    outer loop
      vertex 6.505591163092364 -9.666710699058807 0.20000000000000004
      vertex 6.401923788646684 -6.5 0.20000000000000004
      vertex 6.505591163092364 -6.3332893009411935 0.20000000000000004
    endloop
  endfacet
  facet normal 0 0 -1
    outer loop
      vertex 6.619939979126294 -9.826284287026162 0.20000000000000004
      vertex 6.505591163092364 -6.3332893009411935 0.20000000000000004
      vertex 6.619939979126294 -6.173715712973838 0.20000000000000004
    endloop
  endfacet
  facet normal 0 0 -1
    outer loop
      vertex 6.744480577563068 -9.978037445300206 0.20000000000000004
      vertex 6.619939979126294 -6.173715712973838 0.20000000000000004
      vertex 6.744480577563068 -6.021962554699794 0.20000000000000004
    endloop
  endfacet
  facet normal 0.8089901506694713 0.13356481443643542 0.572446832871269
    outer loop
      vertex 6.915831279143135 -8.414566934284272 0.7999999999999998
      vertex 4.677008802980371 -8.569132588135961 4
      vertex 4.723487711182973 -8.850651183496796 4
    endloop
  endfacet
  facet normal 0.8159935974768607 0.0803683545459557 0.5724468328712691
    outer loop
      vertex 6.893179669580653 -8.27736815846761 0.7999999999999998
      vertex 4.64904160676109 -8.285176879657904 4
      vertex 4.677008802980371 -8.569132588135961 4
    endloop
  endfacet
  facet normal 0.8195028344262376 0.026827745022940875 0.572446832871269
    outer loop
      vertex 6.879549788117968 -8.138981649614054 0.7999999999999998
      vertex 4.639705882352941 -8 4
      vertex 4.64904160676109 -8.285176879657904 4
    endloop
  endfacet
  facet normal 0.7846354211403066 0.23801655284376133 0.572446832871269
    outer loop
      vertex 6.9877734748229 -8.683058863769219 0.7999999999999998
      vertex 4.788279301548401 -9.12852715989555 4
      vertex 4.871106126539723 -9.401570609740991 4
    endloop
  endfacet
  facet normal 0.7985224838384881 0.18618932928625373 0.572446832871269
    outer loop
      vertex 6.9474076191357295 -8.549990470842857 0.7999999999999998
      vertex 4.723487711182973 -8.850651183496796 4
      vertex 4.788279301548401 -9.12852715989555 4
    endloop
  endfacet
  facet normal 0.8195028344262377 -0.026827745022940084 0.572446832871269
    outer loop
      vertex 6.875 -8 0.7999999999999998
      vertex 4.64904160676109 -7.714823120342096 4
      vertex 4.639705882352941 -8 4
    endloop
  endfacet
  facet normal 0.8159935974768607 -0.08036835454595516 0.572446832871269
    outer loop
      vertex 6.879549788117968 -7.861018350385946 0.7999999999999998
      vertex 4.677008802980371 -7.43086741186404 4
      vertex 4.64904160676109 -7.714823120342096 4
    endloop
  endfacet
  facet normal 0.8089901506694713 -0.13356481443643584 0.572446832871269
    outer loop
      vertex 6.893179669580653 -7.72263184153239 0.7999999999999998
      vertex 4.723487711182973 -7.149348816503206 4
      vertex 4.677008802980371 -7.43086741186404 4
    endloop
  endfacet
  facet normal 0.7985224838384883 -0.18618932928625262 0.572446832871269
    outer loop
      vertex 6.915831279143135 -7.585433065715727 0.7999999999999998
      vertex 4.788279301548401 -6.871472840104451 4
      vertex 4.723487711182973 -7.149348816503206 4
    endloop
  endfacet
  facet normal 0.7846354211403067 -0.23801655284376133 0.5724468328712689
    outer loop
      vertex 6.9474076191357295 -7.4500095291571435 0.7999999999999998
      vertex 4.871106126539723 -6.5984293902590085 4
      vertex 4.788279301548401 -6.871472840104451 4
    endloop
  endfacet
  facet normal 0 -1 0
    outer loop
      vertex 0 -16 0
      vertex 18 -16 4
      vertex 0 -16 4
    endloop
  endfacet
  facet normal 0.8089901506694717 0.13356481443643387 0.5724468328712691
    outer loop
      vertex 6.915831279143135 -8.414566934284272 0.7999999999999998
      vertex 6.893179669580653 -8.27736815846761 0.7999999999999998
      vertex 4.677008802980371 -8.569132588135961 4
    endloop
  endfacet
  facet normal 0.8159935974768607 0.08036835454595495 0.572446832871269
    outer loop
      vertex 6.879549788117968 -8.138981649614054 0.7999999999999998
      vertex 4.64904160676109 -8.285176879657904 4
      vertex 6.893179669580653 -8.27736815846761 0.7999999999999998
    endloop
  endfacet
  facet normal 0.8195028344262376 0.026827745022941912 0.5724468328712689
    outer loop
      vertex 6.879549788117968 -8.138981649614054 0.7999999999999998
      vertex 6.875 -8 0.7999999999999998
      vertex 4.639705882352941 -8 4
    endloop
  endfacet
  facet normal 0.8195028344262376 -0.026827745022941912 0.5724468328712691
    outer loop
      vertex 6.875 -8 0.7999999999999998
      vertex 6.879549788117968 -7.861018350385946 0.7999999999999998
      vertex 4.64904160676109 -7.714823120342096 4
    endloop
  endfacet
  facet normal 0.8159935974768607 -0.08036835454595495 0.572446832871269
    outer loop
      vertex 6.879549788117968 -7.861018350385946 0.7999999999999998
      vertex 6.893179669580653 -7.72263184153239 0.7999999999999998
      vertex 4.677008802980371 -7.43086741186404 4
    endloop
  endfacet
  facet normal 0.8089901506694719 -0.13356481443643303 0.5724468328712689
    outer loop
      vertex 6.893179669580653 -7.72263184153239 0.7999999999999998
      vertex 6.915831279143135 -7.585433065715727 0.7999999999999998
      vertex 4.723487711182973 -7.149348816503206 4
    endloop
  endfacet
  facet normal 0.7468553620133944 0.3383957620412745 0.5724468328712691
    outer loop
      vertex 7.094145424243037 -8.939863466715378 0.7999999999999998
      vertex 7.036755993413516 -8.813202293775817 0.7999999999999998
      vertex 4.971613508976522 -9.668612319062488 4
    endloop
  endfacet
  facet normal 0.7231241455979422 0.38651790849700524 0.5724468328712689
    outer loop
      vertex 7.094145424243037 -8.939863466715378 0.7999999999999998
      vertex 5.089371060817029 -9.928508774263735 4
      vertex 7.159696016958068 -9.0625 0.7999999999999998
    endloop
  endfacet
  facet normal 0.6962964005750035 0.43298492592923826 0.5724468328712691
    outer loop
      vertex 7.159696016958068 -9.0625 0.7999999999999998
      vertex 5.223874526145793 -10.180147058823529 4
      vertex 7.233127073857092 -9.180586745166654 0.7999999999999998
    endloop
  endfacet
  facet normal 0.6664870074674396 0.477597835435579 0.5724468328712692
    outer loop
      vertex 7.233127073857092 -9.180586745166654 0.7999999999999998
      vertex 5.3745479404749315 -10.422449618975177 4
      vertex 7.314124151881125 -9.293618036643531 0.7999999999999998
    endloop
  endfacet
  facet normal 0.7985224838384888 0.18618932928625057 0.5724468328712691
    outer loop
      vertex 6.915831279143135 -8.414566934284272 0.7999999999999998
      vertex 4.723487711182973 -8.850651183496796 4
      vertex 6.9474076191357295 -8.549990470842857 0.7999999999999998
    endloop
  endfacet
  facet normal 0.7846354211403066 0.2380165528437622 0.5724468328712689
    outer loop
      vertex 6.9474076191357295 -8.549990470842857 0.7999999999999998
      vertex 4.788279301548401 -9.12852715989555 4
      vertex 6.9877734748229 -8.683058863769219 0.7999999999999998
    endloop
  endfacet
  facet normal 0.7673884291093788 0.2888245529810332 0.5724468328712689
    outer loop
      vertex 6.9877734748229 -8.683058863769219 0.7999999999999998
      vertex 4.871106126539723 -9.401570609740991 4
      vertex 7.036755993413516 -8.813202293775817 0.7999999999999998
    endloop
  endfacet
  facet normal 0.7985224838384883 -0.18618932928625287 0.572446832871269
    outer loop
      vertex 6.915831279143135 -7.585433065715727 0.7999999999999998
      vertex 6.9474076191357295 -7.4500095291571435 0.7999999999999998
      vertex 4.788279301548401 -6.871472840104451 4
    endloop
  endfacet
  facet normal 0.7846354211403069 -0.23801655284376075 0.572446832871269
    outer loop
      vertex 6.9474076191357295 -7.4500095291571435 0.7999999999999998
      vertex 6.9877734748229 -7.316941136230781 0.7999999999999998
      vertex 4.871106126539723 -6.5984293902590085 4
    endloop
  endfacet
  facet normal 0.7673884291093779 -0.2888245529810349 0.5724468328712691
    outer loop
      vertex 6.9877734748229 -7.316941136230781 0.7999999999999998
      vertex 7.036755993413516 -7.186797706224184 0.7999999999999998
      vertex 4.971613508976522 -6.331387680937513 4
    endloop
  endfacet
  facet normal 0.7673884291093804 0.2888245529810279 0.5724468328712693
    outer loop
      vertex 7.036755993413516 -8.813202293775817 0.7999999999999998
      vertex 4.871106126539723 -9.401570609740991 4
      vertex 4.971613508976522 -9.668612319062488 4
    endloop
  endfacet
  facet normal 0.7468553620133933 0.33839576204127764 0.5724468328712687
    outer loop
      vertex 7.094145424243037 -8.939863466715378 0.7999999999999998
      vertex 4.971613508976522 -9.668612319062488 4
      vertex 5.089371060817029 -9.928508774263735 4
    endloop
  endfacet
  facet normal 0.7231241455979432 0.3865179084970038 0.5724468328712689
    outer loop
      vertex 7.159696016958068 -9.0625 0.7999999999999998
      vertex 5.089371060817029 -9.928508774263735 4
      vertex 5.223874526145793 -10.180147058823529 4
    endloop
  endfacet
  facet normal 0.6962964005750049 0.43298492592923554 0.5724468328712691
    outer loop
      vertex 7.233127073857092 -9.180586745166654 0.7999999999999998
      vertex 5.223874526145793 -10.180147058823529 4
      vertex 5.3745479404749315 -10.422449618975177 4
    endloop
  endfacet
  facet normal 0.6664870074674369 0.47759783543558265 0.5724468328712691
    outer loop
      vertex 7.314124151881125 -9.293618036643531 0.7999999999999998
      vertex 5.3745479404749315 -10.422449618975177 4
      vertex 5.540746097112482 -10.654378877957143 4
    endloop
  endfacet
  facet normal 0.6338236146729437 0.5201655976884451 0.5724468328712689
    outer loop
      vertex 7.402340409107174 -9.401109857087647 0.7999999999999998
      vertex 5.540746097112482 -10.654378877957143 4
      vertex 5.721757310036518 -10.874941679076036 4
    endloop
  endfacet
  facet normal 0.5984460918540544 0.5605059309947237 0.5724468328712693
    outer loop
      vertex 7.497398089978587 -9.502601910021413 0.7999999999999998
      vertex 5.721757310036518 -10.874941679076036 4
      vertex 5.91680646144395 -11.08319353855605 4
    endloop
  endfacet
  facet normal 0.5605059309947249 0.5984460918540531 0.5724468328712693
    outer loop
      vertex 7.598890142912354 -9.597659590892826 0.7999999999999998
      vertex 5.91680646144395 -11.08319353855605 4
      vertex 6.125058320923964 -11.278242689963482 4
    endloop
  endfacet
  facet normal 0.5201655976884416 0.6338236146729465 0.572446832871269
    outer loop
      vertex 7.706381963356469 -9.685875848118874 0.7999999999999998
      vertex 6.125058320923964 -11.278242689963482 4
      vertex 6.345621122042858 -11.459253902887518 4
    endloop
  endfacet
  facet normal 0 0 -1
    outer loop
      vertex 0 0 0
      vertex 6.878679656440357 -5.878679656440357 0
      vertex 6.744480577563068 -6.021962554699794 0
    endloop
  endfacet
  facet normal 0 0 -1
    outer loop
      vertex 0 0 0
      vertex 7.021962554699794 -5.744480577563068 0
      vertex 6.878679656440357 -5.878679656440357 0
    endloop
  endfacet
  facet normal 0 0 -1
    outer loop
      vertex 0 0 0
      vertex 7.173715712973838 -5.619939979126294 0
      vertex 7.021962554699794 -5.744480577563068 0
    endloop
  endfacet
  facet normal 0 0 -1
    outer loop
      vertex 0 0 0
      vertex 7.3332893009411935 -5.505591163092364 0
      vertex 7.173715712973838 -5.619939979126294 0
    endloop
  endfacet
  facet normal 0 0 -1
    outer loop
      vertex 0 0 0
      vertex 7.5 -5.401923788646684 0
      vertex 7.3332893009411935 -5.505591163092364 0
    endloop
  endfacet
  facet normal 0 0 -1
    outer loop
      vertex 0 0 0
      vertex 7.673133929342996 -5.309381775401935 0
      vertex 7.5 -5.401923788646684 0
    endloop
  endfacet
  facet normal 0 0 -1
    outer loop
      vertex 0 0 0
      vertex 7.851949702904731 -5.22836140246614 0
      vertex 7.673133929342996 -5.309381775401935 0
    endloop
  endfacet
  facet normal 0.9108638249211772 -0.4127070298043918 0
    outer loop
      vertex 6.309381775401935 -6.673133929342996 0.20000000000000004
      vertex 6.22836140246614 -6.851949702904731 0
      vertex 6.309381775401935 -6.673133929342996 0
    endloop
  endfacet
  facet normal 0.9108638249211772 -0.4127070298043918 0
    outer loop
      vertex 6.22836140246614 -6.851949702904731 0.20000000000000004
      vertex 6.22836140246614 -6.851949702904731 0
      vertex 6.309381775401935 -6.673133929342996 0.20000000000000004
    endloop
  endfacet
  facet normal 0.8819212643483548 -0.47139673682599825 0
    outer loop
      vertex 6.401923788646684 -6.5 0.20000000000000004
      vertex 6.309381775401935 -6.673133929342996 0
      vertex 6.401923788646684 -6.5 0
    endloop
  endfacet
  facet normal 0.8819212643483548 -0.47139673682599825 0
    outer loop
      vertex 6.309381775401935 -6.673133929342996 0.20000000000000004
      vertex 6.309381775401935 -6.673133929342996 0
      vertex 6.401923788646684 -6.5 0.20000000000000004
    endloop
  endfacet
  facet normal 0.8492021815265783 -0.5280678506503691 0
    outer loop
      vertex 6.401923788646684 -6.5 0.20000000000000004
      vertex 6.401923788646684 -6.5 0
      vertex 6.505591163092364 -6.3332893009411935 0.20000000000000004
    endloop
  endfacet
  facet normal 0.8492021815265783 -0.5280678506503691 0
    outer loop
      vertex 6.505591163092364 -6.3332893009411935 0.20000000000000004
      vertex 6.401923788646684 -6.5 0
      vertex 6.505591163092364 -6.3332893009411935 0
    endloop
  endfacet
  facet normal 0.8128466845916168 -0.5824776968678 0
    outer loop
      vertex 6.505591163092364 -6.3332893009411935 0.20000000000000004
      vertex 6.505591163092364 -6.3332893009411935 0
      vertex 6.619939979126294 -6.173715712973838 0.20000000000000004
    endloop
  endfacet
  facet normal 0.8128466845916168 -0.5824776968678 0
    outer loop
      vertex 6.619939979126294 -6.173715712973838 0.20000000000000004
      vertex 6.505591163092364 -6.3332893009411935 0
      vertex 6.619939979126294 -6.173715712973838 0
    endloop
  endfacet
  facet normal 0.7730104533627347 -0.6343932841636483 0
    outer loop
      vertex 6.744480577563068 -6.021962554699794 0.20000000000000004
      vertex 6.619939979126294 -6.173715712973838 0
      vertex 6.744480577563068 -6.021962554699794 0
    endloop
  endfacet
  facet normal 0.7730104533627347 -0.6343932841636483 0
    outer loop
      vertex 6.619939979126294 -6.173715712973838 0.20000000000000004
      vertex 6.619939979126294 -6.173715712973838 0
      vertex 6.744480577563068 -6.021962554699794 0.20000000000000004
    endloop
  endfacet
  facet normal 0.76738842910938 -0.2888245529810294 0.572446832871269
    outer loop
      vertex 6.9877734748229 -7.316941136230781 0.7999999999999998
      vertex 4.971613508976522 -6.331387680937513 4
      vertex 4.871106126539723 -6.5984293902590085 4
    endloop
  endfacet
  facet normal 0.7468553620133955 -0.33839576204127253 0.5724468328712689
    outer loop
      vertex 7.036755993413516 -7.186797706224184 0.7999999999999998
      vertex 7.094145424243037 -7.060136533284622 0.7999999999999998
      vertex 5.089371060817029 -6.071491225736266 4
    endloop
  endfacet
  facet normal 0.7231241455979422 -0.38651790849700524 0.5724468328712691
    outer loop
      vertex 7.094145424243037 -7.060136533284622 0.7999999999999998
      vertex 7.159696016958068 -6.9375 0.7999999999999998
      vertex 5.223874526145793 -5.819852941176471 4
    endloop
  endfacet
  facet normal 0.6962964005750049 -0.4329849259292359 0.572446832871269
    outer loop
      vertex 7.159696016958068 -6.9375 0.7999999999999998
      vertex 7.233127073857092 -6.8194132548333455 0.7999999999999998
      vertex 5.3745479404749315 -5.577550381024824 4
    endloop
  endfacet
  facet normal 0.6664870074674379 -0.47759783543558154 0.572446832871269
    outer loop
      vertex 7.233127073857092 -6.8194132548333455 0.7999999999999998
      vertex 7.314124151881125 -6.706381963356469 0.7999999999999998
      vertex 5.540746097112482 -5.345621122042857 4
    endloop
  endfacet
  facet normal 0.746855362013393 -0.3383957620412775 0.572446832871269
    outer loop
      vertex 7.036755993413516 -7.186797706224184 0.7999999999999998
      vertex 5.089371060817029 -6.071491225736266 4
      vertex 4.971613508976522 -6.331387680937513 4
    endloop
  endfacet
  facet normal 0.7231241455979439 -0.38651790849700207 0.5724468328712691
    outer loop
      vertex 7.094145424243037 -7.060136533284622 0.7999999999999998
      vertex 5.223874526145793 -5.819852941176471 4
      vertex 5.089371060817029 -6.071491225736266 4
    endloop
  endfacet
  facet normal 0.6962964005750046 -0.43298492592923615 0.572446832871269
    outer loop
      vertex 7.159696016958068 -6.9375 0.7999999999999998
      vertex 5.3745479404749315 -5.577550381024824 4
      vertex 5.223874526145793 -5.819852941176471 4
    endloop
  endfacet
  facet normal 0.666487007467438 -0.47759783543558143 0.5724468328712692
    outer loop
      vertex 7.233127073857092 -6.8194132548333455 0.7999999999999998
      vertex 5.540746097112482 -5.345621122042857 4
      vertex 5.3745479404749315 -5.577550381024824 4
    endloop
  endfacet
  facet normal 0.6338236146729445 -0.5201655976884443 0.5724468328712689
    outer loop
      vertex 7.314124151881125 -6.706381963356469 0.7999999999999998
      vertex 5.721757310036518 -5.125058320923964 4
      vertex 5.540746097112482 -5.345621122042857 4
    endloop
  endfacet
  facet normal 0.5984460918540555 -0.5605059309947223 0.5724468328712692
    outer loop
      vertex 7.402340409107174 -6.598890142912354 0.7999999999999998
      vertex 5.91680646144395 -4.91680646144395 4
      vertex 5.721757310036518 -5.125058320923964 4
    endloop
  endfacet
  facet normal 0.5605059309947222 -0.5984460918540554 0.5724468328712695
    outer loop
      vertex 7.497398089978587 -6.497398089978587 0.7999999999999998
      vertex 6.125058320923964 -4.721757310036518 4
      vertex 5.91680646144395 -4.91680646144395 4
    endloop
  endfacet
  facet normal 0.520165597688445 -0.6338236146729435 0.5724468328712692
    outer loop
      vertex 7.598890142912354 -6.402340409107174 0.7999999999999998
      vertex 6.345621122042857 -4.540746097112482 4
      vertex 6.125058320923964 -4.721757310036518 4
    endloop
  endfacet
  facet normal 0.729864072697836 0.6835923020228707 0
    outer loop
      vertex 6.744480577563068 -9.978037445300206 0.20000000000000004
      vertex 6.878679656440357 -10.121320343559642 0
      vertex 6.744480577563068 -9.978037445300206 0
    endloop
  endfacet
  facet normal 0.729864072697836 0.6835923020228707 0
    outer loop
      vertex 6.744480577563068 -9.978037445300206 0.20000000000000004
      vertex 6.878679656440357 -10.121320343559642 0.20000000000000004
      vertex 6.878679656440357 -10.121320343559642 0
    endloop
  endfacet
  facet normal 0.6835923020228734 0.7298640726978337 0
    outer loop
      vertex 6.878679656440357 -10.121320343559642 0.20000000000000004
      vertex 7.021962554699794 -10.255519422436933 0
      vertex 6.878679656440357 -10.121320343559642 0
    endloop
  endfacet
  facet normal 0.6835923020228734 0.7298640726978337 0
    outer loop
      vertex 6.878679656440357 -10.121320343559642 0.20000000000000004
      vertex 7.021962554699794 -10.255519422436933 0.20000000000000004
      vertex 7.021962554699794 -10.255519422436933 0
    endloop
  endfacet
  facet normal 0 0 -1
    outer loop
      vertex 6.878679656440357 -10.121320343559642 0.20000000000000004
      vertex 6.9877734748229 -8.683058863769219 0.20000000000000004
      vertex 7.021962554699794 -10.255519422436933 0.20000000000000004
    endloop
  endfacet
  facet normal 0 0 -1
    outer loop
      vertex 7.021962554699794 -10.255519422436933 0.20000000000000004
      vertex 6.9877734748229 -8.683058863769219 0.20000000000000004
      vertex 7.036755993413516 -8.813202293775817 0.20000000000000004
    endloop
  endfacet
  facet normal 0.6343932841636483 0.7730104533627347 0
    outer loop
      vertex 7.021962554699794 -10.255519422436933 0.20000000000000004
      vertex 7.173715712973838 -10.380060020873707 0
      vertex 7.021962554699794 -10.255519422436933 0
    endloop
  endfacet
  facet normal 0.6343932841636483 0.7730104533627347 0
    outer loop
      vertex 7.021962554699794 -10.255519422436933 0.20000000000000004
      vertex 7.173715712973838 -10.380060020873707 0.20000000000000004
      vertex 7.173715712973838 -10.380060020873707 0
    endloop
  endfacet
  facet normal 0.582477696867794 0.8128466845916209 0
    outer loop
      vertex 7.173715712973838 -10.380060020873707 0.20000000000000004
      vertex 7.3332893009411935 -10.494408836907635 0
      vertex 7.173715712973838 -10.380060020873707 0
    endloop
  endfacet
  facet normal 0.582477696867794 0.8128466845916209 0
    outer loop
      vertex 7.173715712973838 -10.380060020873707 0.20000000000000004
      vertex 7.3332893009411935 -10.494408836907635 0.20000000000000004
      vertex 7.3332893009411935 -10.494408836907635 0
    endloop
  endfacet
  facet normal 0 0 -1
    outer loop
      vertex 7.021962554699794 -10.255519422436933 0.20000000000000004
      vertex 7.159696016958068 -9.0625 0.20000000000000004
      vertex 7.173715712973838 -10.380060020873707 0.20000000000000004
    endloop
  endfacet
  facet normal 0 0 -1
    outer loop
      vertex 7.021962554699794 -10.255519422436933 0.20000000000000004
      vertex 7.036755993413516 -8.813202293775817 0.20000000000000004
      vertex 7.094145424243037 -8.939863466715378 0.20000000000000004
    endloop
  endfacet
  facet normal 0 0 -1
    outer loop
      vertex 7.021962554699794 -10.255519422436933 0.20000000000000004
      vertex 7.094145424243037 -8.939863466715378 0.20000000000000004
      vertex 7.159696016958068 -9.0625 0.20000000000000004
    endloop
  endfacet
  facet normal 0 0 -1
    outer loop
      vertex 7.173715712973838 -10.380060020873707 0.20000000000000004
      vertex 7.314124151881125 -9.293618036643531 0.20000000000000004
      vertex 7.3332893009411935 -10.494408836907635 0.20000000000000004
    endloop
  endfacet
  facet normal 0 0 -1
    outer loop
      vertex 7.159696016958068 -9.0625 0.20000000000000004
      vertex 7.233127073857092 -9.180586745166654 0.20000000000000004
      vertex 7.173715712973838 -10.380060020873707 0.20000000000000004
    endloop
  endfacet
  facet normal 0 0 -1
    outer loop
      vertex 7.173715712973838 -10.380060020873707 0.20000000000000004
      vertex 7.233127073857092 -9.180586745166654 0.20000000000000004
      vertex 7.314124151881125 -9.293618036643531 0.20000000000000004
    endloop
  endfacet
  facet normal 0.8128466845916192 0.5824776968677966 0
    outer loop
      vertex 7.233127073857092 -9.180586745166654 0.20000000000000004
      vertex 7.233127073857092 -9.180586745166654 0.7999999999999998
      vertex 7.314124151881125 -9.293618036643531 0.20000000000000004
    endloop
  endfacet
  facet normal 0.8492021815265766 0.5280678506503715 0
    outer loop
      vertex 7.233127073857092 -9.180586745166654 0.20000000000000004
      vertex 7.159696016958068 -9.0625 0.7999999999999998
      vertex 7.233127073857092 -9.180586745166654 0.7999999999999998
    endloop
  endfacet
  facet normal 0.8128466845916192 0.5824776968677966 0
    outer loop
      vertex 7.314124151881125 -9.293618036643531 0.20000000000000004
      vertex 7.233127073857092 -9.180586745166654 0.7999999999999998
      vertex 7.314124151881125 -9.293618036643531 0.7999999999999998
    endloop
  endfacet
  facet normal 0 0 -1
    outer loop
      vertex 6.744480577563068 -9.978037445300206 0.20000000000000004
      vertex 6.744480577563068 -6.021962554699794 0.20000000000000004
      vertex 6.878679656440357 -10.121320343559642 0.20000000000000004
    endloop
  endfacet
  facet normal 0 0 -1
    outer loop
      vertex 6.878679656440357 -10.121320343559642 0.20000000000000004
      vertex 6.879549788117968 -8.138981649614054 0.20000000000000004
      vertex 6.893179669580653 -8.27736815846761 0.20000000000000004
    endloop
  endfacet
  facet normal 0 0 -1
    outer loop
      vertex 6.744480577563068 -6.021962554699794 0.20000000000000004
      vertex 6.879549788117968 -8.138981649614054 0.20000000000000004
      vertex 6.878679656440357 -10.121320343559642 0.20000000000000004
    endloop
  endfacet
  facet normal 0 0 -1
    outer loop
      vertex 6.878679656440357 -10.121320343559642 0.20000000000000004
      vertex 6.915831279143135 -8.414566934284272 0.20000000000000004
      vertex 6.9474076191357295 -8.549990470842857 0.20000000000000004
    endloop
  endfacet
  facet normal 0 0 -1
    outer loop
      vertex 6.878679656440357 -10.121320343559642 0.20000000000000004
      vertex 6.893179669580653 -8.27736815846761 0.20000000000000004
      vertex 6.915831279143135 -8.414566934284272 0.20000000000000004
    endloop
  endfacet
  facet normal 0 0 -1
    outer loop
      vertex 6.878679656440357 -10.121320343559642 0.20000000000000004
      vertex 6.9474076191357295 -8.549990470842857 0.20000000000000004
      vertex 6.9877734748229 -8.683058863769219 0.20000000000000004
    endloop
  endfacet
  facet normal 0.995184726672197 0.0980171403295581 0
    outer loop
      vertex 6.879549788117968 -8.138981649614054 0.20000000000000004
      vertex 6.879549788117968 -8.138981649614054 0.7999999999999998
      vertex 6.893179669580653 -8.27736815846761 0.20000000000000004
    endloop
  endfacet
  facet normal 0.9994645874763655 0.03271908282178027 0
    outer loop
      vertex 6.879549788117968 -8.138981649614054 0.20000000000000004
      vertex 6.875 -8 0.20000000000000004
      vertex 6.875 -8 0.7999999999999998
    endloop
  endfacet
  facet normal 0.9569403357322089 0.2902846772544621 0
    outer loop
      vertex 6.9474076191357295 -8.549990470842857 0.20000000000000004
      vertex 6.9474076191357295 -8.549990470842857 0.7999999999999998
      vertex 6.9877734748229 -8.683058863769219 0.20000000000000004
    endloop
  endfacet
  facet normal 0.9359059267573233 0.3522500479212397 0
    outer loop
      vertex 6.9877734748229 -8.683058863769219 0.20000000000000004
      vertex 6.9877734748229 -8.683058863769219 0.7999999999999998
      vertex 7.036755993413516 -8.813202293775817 0.20000000000000004
    endloop
  endfacet
  facet normal 0.9866433320848792 0.16289547339458685 0
    outer loop
      vertex 6.915831279143135 -8.414566934284272 0.20000000000000004
      vertex 6.893179669580653 -8.27736815846761 0.20000000000000004
      vertex 6.893179669580653 -8.27736815846761 0.7999999999999998
    endloop
  endfacet
  facet normal 0.9738769792773346 0.22707626303436937 0
    outer loop
      vertex 6.915831279143135 -8.414566934284272 0.20000000000000004
      vertex 6.915831279143135 -8.414566934284272 0.7999999999999998
      vertex 6.9474076191357295 -8.549990470842857 0.20000000000000004
    endloop
  endfacet
  facet normal 0 0 -1
    outer loop
      vertex 6.744480577563068 -6.021962554699794 0.20000000000000004
      vertex 6.875 -8 0.20000000000000004
      vertex 6.879549788117968 -8.138981649614054 0.20000000000000004
    endloop
  endfacet
  facet normal 0 0 -1
    outer loop
      vertex 6.875 -8 0.20000000000000004
      vertex 6.878679656440357 -5.878679656440357 0.20000000000000004
      vertex 6.879549788117968 -7.861018350385946 0.20000000000000004
    endloop
  endfacet
  facet normal 0 0 -1
    outer loop
      vertex 6.879549788117968 -7.861018350385946 0.20000000000000004
      vertex 6.878679656440357 -5.878679656440357 0.20000000000000004
      vertex 6.893179669580653 -7.72263184153239 0.20000000000000004
    endloop
  endfacet
  facet normal 0 0 -1
    outer loop
      vertex 6.893179669580653 -7.72263184153239 0.20000000000000004
      vertex 6.878679656440357 -5.878679656440357 0.20000000000000004
      vertex 6.915831279143135 -7.585433065715727 0.20000000000000004
    endloop
  endfacet
  facet normal 0 0 -1
    outer loop
      vertex 6.915831279143135 -7.585433065715727 0.20000000000000004
      vertex 6.878679656440357 -5.878679656440357 0.20000000000000004
      vertex 6.9474076191357295 -7.4500095291571435 0.20000000000000004
    endloop
  endfacet
  facet normal 0 0 -1
    outer loop
      vertex 6.9474076191357295 -7.4500095291571435 0.20000000000000004
      vertex 6.878679656440357 -5.878679656440357 0.20000000000000004
      vertex 6.9877734748229 -7.316941136230781 0.20000000000000004
    endloop
  endfacet
  facet normal 0.9994645874763655 -0.03271908282178027 0
    outer loop
      vertex 6.875 -8 0.20000000000000004
      vertex 6.879549788117968 -7.861018350385946 0.20000000000000004
      vertex 6.879549788117968 -7.861018350385946 0.7999999999999998
    endloop
  endfacet
  facet normal 0.995184726672197 -0.0980171403295581 0
    outer loop
      vertex 6.879549788117968 -7.861018350385946 0.20000000000000004
      vertex 6.893179669580653 -7.72263184153239 0.20000000000000004
      vertex 6.893179669580653 -7.72263184153239 0.7999999999999998
    endloop
  endfacet
  facet normal 0.9866433320848795 -0.16289547339458582 0
    outer loop
      vertex 6.893179669580653 -7.72263184153239 0.20000000000000004
      vertex 6.915831279143135 -7.585433065715727 0.20000000000000004
      vertex 6.915831279143135 -7.585433065715727 0.7999999999999998
    endloop
  endfacet
  facet normal 0.973876979277334 -0.22707626303437223 0
    outer loop
      vertex 6.915831279143135 -7.585433065715727 0.20000000000000004
      vertex 6.9474076191357295 -7.4500095291571435 0.20000000000000004
      vertex 6.9474076191357295 -7.4500095291571435 0.7999999999999998
    endloop
  endfacet
  facet normal 0.9569403357322095 -0.2902846772544604 0
    outer loop
      vertex 6.9474076191357295 -7.4500095291571435 0.20000000000000004
      vertex 6.9877734748229 -7.316941136230781 0.20000000000000004
      vertex 6.9877734748229 -7.316941136230781 0.7999999999999998
    endloop
  endfacet
  facet normal 0.9359059267573225 -0.3522500479212418 0
    outer loop
      vertex 6.9877734748229 -7.316941136230781 0.20000000000000004
      vertex 7.036755993413516 -7.186797706224184 0.20000000000000004
      vertex 7.036755993413516 -7.186797706224184 0.7999999999999998
    endloop
  endfacet
  facet normal 0.9108638249211771 0.41270702980439167 0
    outer loop
      vertex 7.094145424243037 -8.939863466715378 0.20000000000000004
      vertex 7.036755993413516 -8.813202293775817 0.20000000000000004
      vertex 7.036755993413516 -8.813202293775817 0.7999999999999998
    endloop
  endfacet
  facet normal 0.8819212643483533 0.47139673682600086 0
    outer loop
      vertex 7.094145424243037 -8.939863466715378 0.20000000000000004
      vertex 7.094145424243037 -8.939863466715378 0.7999999999999998
      vertex 7.159696016958068 -9.0625 0.20000000000000004
    endloop
  endfacet
  facet normal 0.8492021815265766 0.5280678506503715 0
    outer loop
      vertex 7.159696016958068 -9.0625 0.20000000000000004
      vertex 7.159696016958068 -9.0625 0.7999999999999998
      vertex 7.233127073857092 -9.180586745166654 0.20000000000000004
    endloop
  endfacet
  facet normal 0.9108638249211783 -0.41270702980438934 0
    outer loop
      vertex 7.036755993413516 -7.186797706224184 0.20000000000000004
      vertex 7.094145424243037 -7.060136533284622 0.20000000000000004
      vertex 7.094145424243037 -7.060136533284622 0.7999999999999998
    endloop
  endfacet
  facet normal 0.8819212643483533 -0.47139673682600086 0
    outer loop
      vertex 7.094145424243037 -7.060136533284622 0.20000000000000004
      vertex 7.159696016958068 -6.9375 0.20000000000000004
      vertex 7.159696016958068 -6.9375 0.7999999999999998
    endloop
  endfacet
  facet normal 0.8492021815265783 -0.5280678506503688 0
    outer loop
      vertex 7.159696016958068 -6.9375 0.20000000000000004
      vertex 7.233127073857092 -6.8194132548333455 0.20000000000000004
      vertex 7.233127073857092 -6.8194132548333455 0.7999999999999998
    endloop
  endfacet
  facet normal 0.995184726672197 0.0980171403295581 0
    outer loop
      vertex 6.893179669580653 -8.27736815846761 0.20000000000000004
      vertex 6.879549788117968 -8.138981649614054 0.7999999999999998
      vertex 6.893179669580653 -8.27736815846761 0.7999999999999998
    endloop
  endfacet
  facet normal 0.9994645874763655 0.03271908282178027 0
    outer loop
      vertex 6.879549788117968 -8.138981649614054 0.20000000000000004
      vertex 6.875 -8 0.7999999999999998
      vertex 6.879549788117968 -8.138981649614054 0.7999999999999998
    endloop
  endfacet
  facet normal 0.9569403357322089 0.2902846772544621 0
    outer loop
      vertex 6.9877734748229 -8.683058863769219 0.20000000000000004
      vertex 6.9474076191357295 -8.549990470842857 0.7999999999999998
      vertex 6.9877734748229 -8.683058863769219 0.7999999999999998
    endloop
  endfacet
  facet normal 0.9359059267573233 0.3522500479212397 0
    outer loop
      vertex 7.036755993413516 -8.813202293775817 0.20000000000000004
      vertex 6.9877734748229 -8.683058863769219 0.7999999999999998
      vertex 7.036755993413516 -8.813202293775817 0.7999999999999998
    endloop
  endfacet
  facet normal 0.9866433320848792 0.16289547339458685 0
    outer loop
      vertex 6.915831279143135 -8.414566934284272 0.20000000000000004
      vertex 6.893179669580653 -8.27736815846761 0.7999999999999998
      vertex 6.915831279143135 -8.414566934284272 0.7999999999999998
    endloop
  endfacet
  facet normal 0.9738769792773346 0.22707626303436937 0
    outer loop
      vertex 6.9474076191357295 -8.549990470842857 0.20000000000000004
      vertex 6.915831279143135 -8.414566934284272 0.7999999999999998
      vertex 6.9474076191357295 -8.549990470842857 0.7999999999999998
    endloop
  endfacet
  facet normal 0.9994645874763655 -0.03271908282178027 0
    outer loop
      vertex 6.875 -8 0.20000000000000004
      vertex 6.879549788117968 -7.861018350385946 0.7999999999999998
      vertex 6.875 -8 0.7999999999999998
    endloop
  endfacet
  facet normal 0.995184726672197 -0.0980171403295581 0
    outer loop
      vertex 6.879549788117968 -7.861018350385946 0.20000000000000004
      vertex 6.893179669580653 -7.72263184153239 0.7999999999999998
      vertex 6.879549788117968 -7.861018350385946 0.7999999999999998
    endloop
  endfacet
  facet normal 0.9866433320848795 -0.16289547339458582 0
    outer loop
      vertex 6.893179669580653 -7.72263184153239 0.20000000000000004
      vertex 6.915831279143135 -7.585433065715727 0.7999999999999998
      vertex 6.893179669580653 -7.72263184153239 0.7999999999999998
    endloop
  endfacet
  facet normal 0.973876979277334 -0.22707626303437223 0
    outer loop
      vertex 6.915831279143135 -7.585433065715727 0.20000000000000004
      vertex 6.9474076191357295 -7.4500095291571435 0.7999999999999998
      vertex 6.915831279143135 -7.585433065715727 0.7999999999999998
    endloop
  endfacet
  facet normal 0.9569403357322095 -0.2902846772544604 0
    outer loop
      vertex 6.9474076191357295 -7.4500095291571435 0.20000000000000004
      vertex 6.9877734748229 -7.316941136230781 0.7999999999999998
      vertex 6.9474076191357295 -7.4500095291571435 0.7999999999999998
    endloop
  endfacet
  facet normal 0.9359059267573225 -0.3522500479212418 0
    outer loop
      vertex 6.9877734748229 -7.316941136230781 0.20000000000000004
      vertex 7.036755993413516 -7.186797706224184 0.7999999999999998
      vertex 6.9877734748229 -7.316941136230781 0.7999999999999998
    endloop
  endfacet
  facet normal 0.9108638249211771 0.41270702980439167 0
    outer loop
      vertex 7.094145424243037 -8.939863466715378 0.20000000000000004
      vertex 7.036755993413516 -8.813202293775817 0.7999999999999998
      vertex 7.094145424243037 -8.939863466715378 0.7999999999999998
    endloop
  endfacet
  facet normal 0.8819212643483533 0.47139673682600086 0
    outer loop
      vertex 7.159696016958068 -9.0625 0.20000000000000004
      vertex 7.094145424243037 -8.939863466715378 0.7999999999999998
      vertex 7.159696016958068 -9.0625 0.7999999999999998
    endloop
  endfacet
  facet normal 0.9108638249211783 -0.41270702980438934 0
    outer loop
      vertex 7.036755993413516 -7.186797706224184 0.20000000000000004
      vertex 7.094145424243037 -7.060136533284622 0.7999999999999998
      vertex 7.036755993413516 -7.186797706224184 0.7999999999999998
    endloop
  endfacet
  facet normal 0.8819212643483533 -0.47139673682600086 0
    outer loop
      vertex 7.094145424243037 -7.060136533284622 0.20000000000000004
      vertex 7.159696016958068 -6.9375 0.7999999999999998
      vertex 7.094145424243037 -7.060136533284622 0.7999999999999998
    endloop
  endfacet
  facet normal 0.8492021815265783 -0.5280678506503688 0
    outer loop
      vertex 7.159696016958068 -6.9375 0.20000000000000004
      vertex 7.233127073857092 -6.8194132548333455 0.7999999999999998
      vertex 7.159696016958068 -6.9375 0.7999999999999998
    endloop
  endfacet
  facet normal 0.5280678506503723 0.8492021815265762 0
    outer loop
      vertex 7.3332893009411935 -10.494408836907635 0.20000000000000004
      vertex 7.5 -10.598076211353316 0
      vertex 7.3332893009411935 -10.494408836907635 0
    endloop
  endfacet
  facet normal 0.5280678506503723 0.8492021815265762 0
    outer loop
      vertex 7.3332893009411935 -10.494408836907635 0.20000000000000004
      vertex 7.5 -10.598076211353316 0.20000000000000004
      vertex 7.5 -10.598076211353316 0
    endloop
  endfacet
  facet normal 0.47139673682599825 0.8819212643483548 0
    outer loop
      vertex 7.5 -10.598076211353316 0.20000000000000004
      vertex 7.673133929342996 -10.690618224598065 0
      vertex 7.5 -10.598076211353316 0
    endloop
  endfacet
  facet normal 0 0 -1
    outer loop
      vertex 7.3332893009411935 -10.494408836907635 0.20000000000000004
      vertex 7.314124151881125 -9.293618036643531 0.20000000000000004
      vertex 7.402340409107174 -9.401109857087647 0.20000000000000004
    endloop
  endfacet
  facet normal 0 0 -1
    outer loop
      vertex 7.3332893009411935 -10.494408836907635 0.20000000000000004
      vertex 7.497398089978587 -9.502601910021413 0.20000000000000004
      vertex 7.5 -10.598076211353316 0.20000000000000004
    endloop
  endfacet
  facet normal 0 0 -1
    outer loop
      vertex 7.3332893009411935 -10.494408836907635 0.20000000000000004
      vertex 7.402340409107174 -9.401109857087647 0.20000000000000004
      vertex 7.497398089978587 -9.502601910021413 0.20000000000000004
    endloop
  endfacet
  facet normal 0 0 -1
    outer loop
      vertex 7.5 -10.598076211353316 0.20000000000000004
      vertex 7.497398089978587 -9.502601910021413 0.20000000000000004
      vertex 7.598890142912354 -9.597659590892826 0.20000000000000004
    endloop
  endfacet
  facet normal 0.7730104533627365 0.6343932841636462 0
    outer loop
      vertex 7.402340409107174 -9.401109857087647 0.20000000000000004
      vertex 7.314124151881125 -9.293618036643531 0.20000000000000004
      vertex 7.314124151881125 -9.293618036643531 0.7999999999999998
    endloop
  endfacet
  facet normal 0.7298640726978334 0.6835923020228736 0
    outer loop
      vertex 7.402340409107174 -9.401109857087647 0.20000000000000004
      vertex 7.402340409107174 -9.401109857087647 0.7999999999999998
      vertex 7.497398089978587 -9.502601910021413 0.20000000000000004
    endloop
  endfacet
  facet normal 0.6835923020228706 0.7298640726978364 0
    outer loop
      vertex 7.497398089978587 -9.502601910021413 0.20000000000000004
      vertex 7.497398089978587 -9.502601910021413 0.7999999999999998
      vertex 7.598890142912354 -9.597659590892826 0.20000000000000004
    endloop
  endfacet
  facet normal 0.4127070298043918 0.9108638249211772 0
    outer loop
      vertex 7.673133929342996 -10.690618224598065 0.20000000000000004
      vertex 7.851949702904731 -10.77163859753386 0
      vertex 7.673133929342996 -10.690618224598065 0
    endloop
  endfacet
  facet normal 0.47139673682599825 0.8819212643483548 0
    outer loop
      vertex 7.5 -10.598076211353316 0.20000000000000004
      vertex 7.673133929342996 -10.690618224598065 0.20000000000000004
      vertex 7.673133929342996 -10.690618224598065 0
    endloop
  endfacet
  facet normal 0 0 -1
    outer loop
      vertex 7.5 -10.598076211353316 0.20000000000000004
      vertex 7.706381963356469 -9.685875848118874 0.20000000000000004
      vertex 7.673133929342996 -10.690618224598065 0.20000000000000004
    endloop
  endfacet
  facet normal 0.4127070298043918 0.9108638249211772 0
    outer loop
      vertex 7.673133929342996 -10.690618224598065 0.20000000000000004
      vertex 7.851949702904731 -10.77163859753386 0.20000000000000004
      vertex 7.851949702904731 -10.77163859753386 0
    endloop
  endfacet
  facet normal 0 0 -1
    outer loop
      vertex 7.673133929342996 -10.690618224598065 0.20000000000000004
      vertex 7.8194132548333455 -9.76687292614291 0.20000000000000004
      vertex 7.851949702904731 -10.77163859753386 0.20000000000000004
    endloop
  endfacet
  facet normal 0 0 -1
    outer loop
      vertex 7.5 -10.598076211353316 0.20000000000000004
      vertex 7.598890142912354 -9.597659590892826 0.20000000000000004
      vertex 7.706381963356469 -9.685875848118874 0.20000000000000004
    endloop
  endfacet
  facet normal 0 0 -1
    outer loop
      vertex 7.673133929342996 -10.690618224598065 0.20000000000000004
      vertex 7.706381963356469 -9.685875848118874 0.20000000000000004
      vertex 7.8194132548333455 -9.76687292614291 0.20000000000000004
    endloop
  endfacet
  facet normal 0 0 -1
    outer loop
      vertex 7.851949702904731 -10.77163859753386 0.20000000000000004
      vertex 7.8194132548333455 -9.76687292614291 0.20000000000000004
      vertex 7.9375 -9.840303983041933 0.20000000000000004
    endloop
  endfacet
  facet normal 0.6343932841636454 0.773010453362737 0
    outer loop
      vertex 7.598890142912354 -9.597659590892826 0.20000000000000004
      vertex 7.598890142912354 -9.597659590892826 0.7999999999999998
      vertex 7.706381963356469 -9.685875848118874 0.20000000000000004
    endloop
  endfacet
  facet normal 0.582477696867808 0.812846684591611 0
    outer loop
      vertex 7.706381963356469 -9.685875848118874 0.20000000000000004
      vertex 7.706381963356469 -9.685875848118874 0.7999999999999998
      vertex 7.8194132548333455 -9.76687292614291 0.20000000000000004
    endloop
  endfacet
  facet normal 0.5280678506503688 0.8492021815265783 0
    outer loop
      vertex 7.8194132548333455 -9.76687292614291 0.20000000000000004
      vertex 7.8194132548333455 -9.76687292614291 0.7999999999999998
      vertex 7.9375 -9.840303983041933 0.20000000000000004
    endloop
  endfacet
  facet normal 0.7730104533627365 0.6343932841636462 0
    outer loop
      vertex 7.402340409107174 -9.401109857087647 0.20000000000000004
      vertex 7.314124151881125 -9.293618036643531 0.7999999999999998
      vertex 7.402340409107174 -9.401109857087647 0.7999999999999998
    endloop
  endfacet
  facet normal 0.7298640726978334 0.6835923020228736 0
    outer loop
      vertex 7.497398089978587 -9.502601910021413 0.20000000000000004
      vertex 7.402340409107174 -9.401109857087647 0.7999999999999998
      vertex 7.497398089978587 -9.502601910021413 0.7999999999999998
    endloop
  endfacet
  facet normal 0.6835923020228706 0.7298640726978364 0
    outer loop
      vertex 7.598890142912354 -9.597659590892826 0.20000000000000004
      vertex 7.497398089978587 -9.502601910021413 0.7999999999999998
      vertex 7.598890142912354 -9.597659590892826 0.7999999999999998
    endloop
  endfacet
  facet normal 0.6343932841636454 0.773010453362737 0
    outer loop
      vertex 7.706381963356469 -9.685875848118874 0.20000000000000004
      vertex 7.598890142912354 -9.597659590892826 0.7999999999999998
      vertex 7.706381963356469 -9.685875848118874 0.7999999999999998
    endloop
  endfacet
  facet normal 0.582477696867808 0.812846684591611 0
    outer loop
      vertex 7.8194132548333455 -9.76687292614291 0.20000000000000004
      vertex 7.706381963356469 -9.685875848118874 0.7999999999999998
      vertex 7.8194132548333455 -9.76687292614291 0.7999999999999998
    endloop
  endfacet
  facet normal 0.3522500479212361 0.9359059267573246 0
    outer loop
      vertex 7.851949702904731 -10.77163859753386 0.20000000000000004
      vertex 8.035681604090515 -10.840790388485317 0
      vertex 7.851949702904731 -10.77163859753386 0
    endloop
  endfacet
  facet normal 0.3522500479212361 0.9359059267573246 0
    outer loop
      vertex 7.851949702904731 -10.77163859753386 0.20000000000000004
      vertex 8.035681604090515 -10.840790388485317 0.20000000000000004
      vertex 8.035681604090515 -10.840790388485317 0
    endloop
  endfacet
  facet normal 0 0 -1
    outer loop
      vertex 7.851949702904731 -10.77163859753386 0.20000000000000004
      vertex 8.060136533284622 -9.905854575756962 0.20000000000000004
      vertex 8.035681604090515 -10.840790388485317 0.20000000000000004
    endloop
  endfacet
  facet normal 0.2902846772544639 0.9569403357322083 0
    outer loop
      vertex 8.035681604090515 -10.840790388485317 0.20000000000000004
      vertex 8.223542864692437 -10.897777478867205 0
      vertex 8.035681604090515 -10.840790388485317 0
    endloop
  endfacet
  facet normal 0 0 -1
    outer loop
      vertex 7.851949702904731 -10.77163859753386 0.20000000000000004
      vertex 7.9375 -9.840303983041933 0.20000000000000004
      vertex 8.060136533284622 -9.905854575756962 0.20000000000000004
    endloop
  endfacet
  facet normal 0 0 -1
    outer loop
      vertex 8.035681604090515 -10.840790388485317 0.20000000000000004
      vertex 8.060136533284622 -9.905854575756962 0.20000000000000004
      vertex 8.186797706224183 -9.963244006586484 0.20000000000000004
    endloop
  endfacet
  facet normal 0.471396736825991 0.8819212643483585 0
    outer loop
      vertex 7.9375 -9.840303983041933 0.20000000000000004
      vertex 7.9375 -9.840303983041933 0.7999999999999998
      vertex 8.060136533284622 -9.905854575756962 0.20000000000000004
    endloop
  endfacet
  facet normal 0.41270702980439694 0.9108638249211747 0
    outer loop
      vertex 8.060136533284622 -9.905854575756962 0.20000000000000004
      vertex 8.060136533284622 -9.905854575756962 0.7999999999999998
      vertex 8.186797706224183 -9.963244006586484 0.20000000000000004
    endloop
  endfacet
  facet normal 0.2270762630343701 0.9738769792773342 0
    outer loop
      vertex 8.223542864692437 -10.897777478867205 0.20000000000000004
      vertex 8.414729033951616 -10.942355841209691 0
      vertex 8.223542864692437 -10.897777478867205 0
    endloop
  endfacet
  facet normal 0.2902846772544639 0.9569403357322083 0
    outer loop
      vertex 8.035681604090515 -10.840790388485317 0.20000000000000004
      vertex 8.223542864692437 -10.897777478867205 0.20000000000000004
      vertex 8.223542864692437 -10.897777478867205 0
    endloop
  endfacet
  facet normal 0 0 -1
    outer loop
      vertex 8.035681604090515 -10.840790388485317 0.20000000000000004
      vertex 8.316941136230781 -10.0122265251771 0.20000000000000004
      vertex 8.223542864692437 -10.897777478867205 0.20000000000000004
    endloop
  endfacet
  facet normal 0.2270762630343701 0.9738769792773342 0
    outer loop
      vertex 8.223542864692437 -10.897777478867205 0.20000000000000004
      vertex 8.414729033951616 -10.942355841209691 0.20000000000000004
      vertex 8.414729033951616 -10.942355841209691 0
    endloop
  endfacet
  facet normal 0 0 -1
    outer loop
      vertex 8.223542864692437 -10.897777478867205 0.20000000000000004
      vertex 8.450009529157143 -10.05259238086427 0.20000000000000004
      vertex 8.414729033951616 -10.942355841209691 0.20000000000000004
    endloop
  endfacet
  facet normal 0 0 -1
    outer loop
      vertex 8.223542864692437 -10.897777478867205 0.20000000000000004
      vertex 8.316941136230781 -10.0122265251771 0.20000000000000004
      vertex 8.450009529157143 -10.05259238086427 0.20000000000000004
    endloop
  endfacet
  facet normal 0 0 -1
    outer loop
      vertex 8.035681604090515 -10.840790388485317 0.20000000000000004
      vertex 8.186797706224183 -9.963244006586484 0.20000000000000004
      vertex 8.316941136230781 -10.0122265251771 0.20000000000000004
    endloop
  endfacet
  facet normal 0.3522500479212397 0.9359059267573233 0
    outer loop
      vertex 8.186797706224183 -9.963244006586484 0.20000000000000004
      vertex 8.186797706224183 -9.963244006586484 0.7999999999999998
      vertex 8.316941136230781 -10.0122265251771 0.20000000000000004
    endloop
  endfacet
  facet normal 0.2902846772544621 0.9569403357322089 0
    outer loop
      vertex 8.316941136230781 -10.0122265251771 0.20000000000000004
      vertex 8.316941136230781 -10.0122265251771 0.7999999999999998
      vertex 8.450009529157143 -10.05259238086427 0.20000000000000004
    endloop
  endfacet
  facet normal 0.5280678506503688 0.8492021815265783 0
    outer loop
      vertex 7.8194132548333455 -9.76687292614291 0.7999999999999998
      vertex 7.9375 -9.840303983041933 0.7999999999999998
      vertex 7.9375 -9.840303983041933 0.20000000000000004
    endloop
  endfacet
  facet normal 0.471396736825991 0.8819212643483585 0
    outer loop
      vertex 8.060136533284622 -9.905854575756962 0.20000000000000004
      vertex 7.9375 -9.840303983041933 0.7999999999999998
      vertex 8.060136533284622 -9.905854575756962 0.7999999999999998
    endloop
  endfacet
  facet normal 0.41270702980439694 0.9108638249211747 0
    outer loop
      vertex 8.186797706224183 -9.963244006586484 0.20000000000000004
      vertex 8.060136533284622 -9.905854575756962 0.7999999999999998
      vertex 8.186797706224183 -9.963244006586484 0.7999999999999998
    endloop
  endfacet
  facet normal 0.3522500479212397 0.9359059267573233 0
    outer loop
      vertex 8.316941136230781 -10.0122265251771 0.20000000000000004
      vertex 8.186797706224183 -9.963244006586484 0.7999999999999998
      vertex 8.316941136230781 -10.0122265251771 0.7999999999999998
    endloop
  endfacet
  facet normal 0.2902846772544621 0.9569403357322089 0
    outer loop
      vertex 8.450009529157143 -10.05259238086427 0.20000000000000004
      vertex 8.316941136230781 -10.0122265251771 0.7999999999999998
      vertex 8.450009529157143 -10.05259238086427 0.7999999999999998
    endloop
  endfacet
  facet normal 0.1628954733945891 0.986643332084879 0
    outer loop
      vertex 8.414729033951616 -10.942355841209691 0.20000000000000004
      vertex 8.608421423339845 -10.974334584121431 0
      vertex 8.414729033951616 -10.942355841209691 0
    endloop
  endfacet
  facet normal 0.1628954733945891 0.986643332084879 0
    outer loop
      vertex 8.414729033951616 -10.942355841209691 0.20000000000000004
      vertex 8.608421423339845 -10.974334584121431 0.20000000000000004
      vertex 8.608421423339845 -10.974334584121431 0
    endloop
  endfacet
  facet normal 0 0 -1
    outer loop
      vertex 8.414729033951616 -10.942355841209691 0.20000000000000004
      vertex 8.450009529157143 -10.05259238086427 0.20000000000000004
      vertex 8.585433065715728 -10.084168720856866 0.20000000000000004
    endloop
  endfacet
  facet normal 0 0 -1
    outer loop
      vertex 8.414729033951616 -10.942355841209691 0.20000000000000004
      vertex 8.585433065715728 -10.084168720856866 0.20000000000000004
      vertex 8.608421423339845 -10.974334584121431 0.20000000000000004
    endloop
  endfacet
  facet normal 0.09801714032955963 0.9951847266721969 0
    outer loop
      vertex 8.608421423339845 -10.974334584121431 0.20000000000000004
      vertex 8.803790612309571 -10.99357676971581 0
      vertex 8.608421423339845 -10.974334584121431 0
    endloop
  endfacet
  facet normal 0 0 -1
    outer loop
      vertex 8.608421423339845 -10.974334584121431 0.20000000000000004
      vertex 8.585433065715728 -10.084168720856866 0.20000000000000004
      vertex 8.72263184153239 -10.106820330419346 0.20000000000000004
    endloop
  endfacet
  facet normal 0.2270762630343754 0.9738769792773332 0
    outer loop
      vertex 8.450009529157143 -10.05259238086427 0.20000000000000004
      vertex 8.450009529157143 -10.05259238086427 0.7999999999999998
      vertex 8.585433065715728 -10.084168720856866 0.20000000000000004
    endloop
  endfacet
  facet normal 0.1628954733945744 0.9866433320848814 0
    outer loop
      vertex 8.585433065715728 -10.084168720856866 0.20000000000000004
      vertex 8.585433065715728 -10.084168720856866 0.7999999999999998
      vertex 8.72263184153239 -10.106820330419346 0.20000000000000004
    endloop
  endfacet
  facet normal 0.09801714032955963 0.9951847266721969 0
    outer loop
      vertex 8.608421423339845 -10.974334584121431 0.20000000000000004
      vertex 8.803790612309571 -10.99357676971581 0.20000000000000004
      vertex 8.803790612309571 -10.99357676971581 0
    endloop
  endfacet
  facet normal 0 0 -1
    outer loop
      vertex 8.608421423339845 -10.974334584121431 0.20000000000000004
      vertex 8.861018350385946 -10.120450211882032 0.20000000000000004
      vertex 8.803790612309571 -10.99357676971581 0.20000000000000004
    endloop
  endfacet
  facet normal 0 0 -1
    outer loop
      vertex 8.608421423339845 -10.974334584121431 0.20000000000000004
      vertex 8.72263184153239 -10.106820330419346 0.20000000000000004
      vertex 8.861018350385946 -10.120450211882032 0.20000000000000004
    endloop
  endfacet
  facet normal 0.032719082821777774 0.9994645874763656 0
    outer loop
      vertex 8.803790612309571 -10.99357676971581 0.20000000000000004
      vertex 9 -11 0
      vertex 8.803790612309571 -10.99357676971581 0
    endloop
  endfacet
  facet normal 0.032719082821777774 0.9994645874763656 0
    outer loop
      vertex 8.803790612309571 -10.99357676971581 0.20000000000000004
      vertex 9 -11 0.20000000000000004
      vertex 9 -11 0
    endloop
  endfacet
  facet normal 0 0 -1
    outer loop
      vertex 8.803790612309571 -10.99357676971581 0.20000000000000004
      vertex 8.861018350385946 -10.120450211882032 0.20000000000000004
      vertex 9 -10.125 0.20000000000000004
    endloop
  endfacet
  facet normal 0 0 -1
    outer loop
      vertex 8.803790612309571 -10.99357676971581 0.20000000000000004
      vertex 9 -10.125 0.20000000000000004
      vertex 9 -11 0.20000000000000004
    endloop
  endfacet
  facet normal 0.09801714032956443 0.9951847266721966 0
    outer loop
      vertex 8.72263184153239 -10.106820330419346 0.20000000000000004
      vertex 8.72263184153239 -10.106820330419346 0.7999999999999998
      vertex 8.861018350385946 -10.120450211882032 0.20000000000000004
    endloop
  endfacet
  facet normal 0.03271908282178027 0.9994645874763655 0
    outer loop
      vertex 8.861018350385946 -10.120450211882032 0.20000000000000004
      vertex 8.861018350385946 -10.120450211882032 0.7999999999999998
      vertex 9 -10.125 0.20000000000000004
    endloop
  endfacet
  facet normal 0.2270762630343754 0.9738769792773332 0
    outer loop
      vertex 8.585433065715728 -10.084168720856866 0.20000000000000004
      vertex 8.450009529157143 -10.05259238086427 0.7999999999999998
      vertex 8.585433065715728 -10.084168720856866 0.7999999999999998
    endloop
  endfacet
  facet normal 0.1628954733945744 0.9866433320848814 0
    outer loop
      vertex 8.72263184153239 -10.106820330419346 0.20000000000000004
      vertex 8.585433065715728 -10.084168720856866 0.7999999999999998
      vertex 8.72263184153239 -10.106820330419346 0.7999999999999998
    endloop
  endfacet
  facet normal 0.09801714032956443 0.9951847266721966 0
    outer loop
      vertex 8.861018350385946 -10.120450211882032 0.20000000000000004
      vertex 8.72263184153239 -10.106820330419346 0.7999999999999998
      vertex 8.861018350385946 -10.120450211882032 0.7999999999999998
    endloop
  endfacet
  facet normal 0.03271908282178027 0.9994645874763655 0
    outer loop
      vertex 8.861018350385946 -10.120450211882032 0.7999999999999998
      vertex 9 -10.125 0.7999999999999998
      vertex 9 -10.125 0.20000000000000004
    endloop
  endfacet
  facet normal 0.6338236146729447 0.5201655976884438 0.572446832871269
    outer loop
      vertex 7.402340409107174 -9.401109857087647 0.7999999999999998
      vertex 7.314124151881125 -9.293618036643531 0.7999999999999998
      vertex 5.540746097112482 -10.654378877957143 4
    endloop
  endfacet
  facet normal 0.5984460918540508 0.5605059309947277 0.572446832871269
    outer loop
      vertex 7.402340409107174 -9.401109857087647 0.7999999999999998
      vertex 5.721757310036518 -10.874941679076036 4
      vertex 7.497398089978587 -9.502601910021413 0.7999999999999998
    endloop
  endfacet
  facet normal 0.560505930994725 0.5984460918540532 0.5724468328712692
    outer loop
      vertex 7.497398089978587 -9.502601910021413 0.7999999999999998
      vertex 5.91680646144395 -11.08319353855605 4
      vertex 7.598890142912354 -9.597659590892826 0.7999999999999998
    endloop
  endfacet
  facet normal 0.47759783543558837 0.6664870074674328 0.5724468328712692
    outer loop
      vertex 7.706381963356469 -9.685875848118874 0.7999999999999998
      vertex 6.345621122042858 -11.459253902887518 4
      vertex 7.8194132548333455 -9.76687292614291 0.7999999999999998
    endloop
  endfacet
  facet normal 0.5201655976884432 0.633823614672945 0.5724468328712692
    outer loop
      vertex 7.598890142912354 -9.597659590892826 0.7999999999999998
      vertex 6.125058320923964 -11.278242689963482 4
      vertex 7.706381963356469 -9.685875848118874 0.7999999999999998
    endloop
  endfacet
  facet normal 0.4329849259292359 0.6962964005750049 0.5724468328712687
    outer loop
      vertex 7.8194132548333455 -9.76687292614291 0.7999999999999998
      vertex 6.577550381024824 -11.625452059525069 4
      vertex 7.9375 -9.840303983041933 0.7999999999999998
    endloop
  endfacet
  facet normal 0.3865179084969972 0.7231241455979469 0.5724468328712685
    outer loop
      vertex 7.9375 -9.840303983041933 0.7999999999999998
      vertex 6.819852941176471 -11.776125473854206 4
      vertex 8.060136533284622 -9.905854575756962 0.7999999999999998
    endloop
  endfacet
  facet normal 0.33839576204127886 0.7468553620133926 0.572446832871269
    outer loop
      vertex 8.060136533284622 -9.905854575756962 0.7999999999999998
      vertex 7.071491225736266 -11.91062893918297 4
      vertex 8.186797706224183 -9.963244006586484 0.7999999999999998
    endloop
  endfacet
  facet normal 0.47759783543558265 0.6664870074674374 0.5724468328712686
    outer loop
      vertex 7.8194132548333455 -9.76687292614291 0.7999999999999998
      vertex 6.345621122042858 -11.459253902887518 4
      vertex 6.577550381024824 -11.625452059525069 4
    endloop
  endfacet
  facet normal 0.43298492592923443 0.6962964005750057 0.5724468328712689
    outer loop
      vertex 7.9375 -9.840303983041933 0.7999999999999998
      vertex 6.577550381024824 -11.625452059525069 4
      vertex 6.819852941176471 -11.776125473854206 4
    endloop
  endfacet
  facet normal 0.38651790849700207 0.7231241455979439 0.5724468328712691
    outer loop
      vertex 8.060136533284622 -9.905854575756962 0.7999999999999998
      vertex 6.819852941176471 -11.776125473854206 4
      vertex 7.071491225736266 -11.91062893918297 4
    endloop
  endfacet
  facet normal 0.3383957620412816 0.7468553620133913 0.5724468328712691
    outer loop
      vertex 8.186797706224183 -9.963244006586484 0.7999999999999998
      vertex 7.071491225736266 -11.91062893918297 4
      vertex 7.331387680937513 -12.028386491023479 4
    endloop
  endfacet
  facet normal 0.2888245529810245 0.7673884291093819 0.572446832871269
    outer loop
      vertex 8.316941136230781 -10.0122265251771 0.7999999999999998
      vertex 7.331387680937513 -12.028386491023479 4
      vertex 7.5984293902590085 -12.128893873460276 4
    endloop
  endfacet
  facet normal 0.2380165528437664 0.7846354211403053 0.5724468328712689
    outer loop
      vertex 8.450009529157143 -10.05259238086427 0.7999999999999998
      vertex 7.5984293902590085 -12.128893873460276 4
      vertex 7.871472840104451 -12.2117206984516 4
    endloop
  endfacet
  facet normal 0.1861893292862537 0.7985224838384882 0.572446832871269
    outer loop
      vertex 8.585433065715728 -10.084168720856866 0.7999999999999998
      vertex 7.871472840104451 -12.2117206984516 4
      vertex 8.149348816503204 -12.276512288817027 4
    endloop
  endfacet
  facet normal 0.13356481443643384 0.8089901506694717 0.5724468328712691
    outer loop
      vertex 8.72263184153239 -10.106820330419346 0.7999999999999998
      vertex 8.149348816503204 -12.276512288817027 4
      vertex 8.430867411864039 -12.322991197019629 4
    endloop
  endfacet
  facet normal 0.08036835454596043 0.8159935974768601 0.5724468328712693
    outer loop
      vertex 8.861018350385946 -10.120450211882032 0.7999999999999998
      vertex 8.430867411864039 -12.322991197019629 4
      vertex 8.714823120342096 -12.350958393238912 4
    endloop
  endfacet
  facet normal 0.026827745022932916 0.8195028344262381 0.572446832871269
    outer loop
      vertex 9 -10.125 0.7999999999999998
      vertex 8.714823120342096 -12.350958393238912 4
      vertex 9 -12.360294117647058 4
    endloop
  endfacet
  facet normal 0.2888245529810331 0.7673884291093784 0.5724468328712692
    outer loop
      vertex 8.186797706224183 -9.963244006586484 0.7999999999999998
      vertex 7.331387680937513 -12.028386491023479 4
      vertex 8.316941136230781 -10.0122265251771 0.7999999999999998
    endloop
  endfacet
  facet normal 0.2380165528437622 0.7846354211403066 0.5724468328712687
    outer loop
      vertex 8.316941136230781 -10.0122265251771 0.7999999999999998
      vertex 7.5984293902590085 -12.128893873460276 4
      vertex 8.450009529157143 -10.05259238086427 0.7999999999999998
    endloop
  endfacet
  facet normal 0.18618932928625553 0.7985224838384876 0.5724468328712691
    outer loop
      vertex 8.450009529157143 -10.05259238086427 0.7999999999999998
      vertex 7.871472840104451 -12.2117206984516 4
      vertex 8.585433065715728 -10.084168720856866 0.7999999999999998
    endloop
  endfacet
  facet normal 0.1335648144364237 0.8089901506694734 0.5724468328712687
    outer loop
      vertex 8.585433065715728 -10.084168720856866 0.7999999999999998
      vertex 8.149348816503204 -12.276512288817027 4
      vertex 8.72263184153239 -10.106820330419346 0.7999999999999998
    endloop
  endfacet
  facet normal 0.08036835454596013 0.8159935974768601 0.5724468328712692
    outer loop
      vertex 8.72263184153239 -10.106820330419346 0.7999999999999998
      vertex 8.430867411864039 -12.322991197019629 4
      vertex 8.861018350385946 -10.120450211882032 0.7999999999999998
    endloop
  endfacet
  facet normal 0.026827745022941905 0.8195028344262374 0.5724468328712693
    outer loop
      vertex 8.861018350385946 -10.120450211882032 0.7999999999999998
      vertex 8.714823120342096 -12.350958393238912 4
      vertex 9 -10.125 0.7999999999999998
    endloop
  endfacet
  facet normal 0 0 -1
    outer loop
      vertex 6.744480577563068 -6.021962554699794 0.20000000000000004
      vertex 6.878679656440357 -5.878679656440357 0.20000000000000004
      vertex 6.875 -8 0.20000000000000004
    endloop
  endfacet
  facet normal 0.7298640726978383 -0.6835923020228686 0
    outer loop
      vertex 6.878679656440357 -5.878679656440357 0.20000000000000004
      vertex 6.744480577563068 -6.021962554699794 0
      vertex 6.878679656440357 -5.878679656440357 0
    endloop
  endfacet
  facet normal 0.7298640726978383 -0.6835923020228686 0
    outer loop
      vertex 6.744480577563068 -6.021962554699794 0.20000000000000004
      vertex 6.744480577563068 -6.021962554699794 0
      vertex 6.878679656440357 -5.878679656440357 0.20000000000000004
    endloop
  endfacet
  facet normal 0 0 -1
    outer loop
      vertex 6.9877734748229 -7.316941136230781 0.20000000000000004
      vertex 7.021962554699794 -5.744480577563068 0.20000000000000004
      vertex 7.036755993413516 -7.186797706224184 0.20000000000000004
    endloop
  endfacet
  facet normal 0 0 -1
    outer loop
      vertex 6.9877734748229 -7.316941136230781 0.20000000000000004
      vertex 6.878679656440357 -5.878679656440357 0.20000000000000004
      vertex 7.021962554699794 -5.744480577563068 0.20000000000000004
    endloop
  endfacet
  facet normal 0.6835923020228686 -0.7298640726978383 0
    outer loop
      vertex 7.021962554699794 -5.744480577563068 0.20000000000000004
      vertex 6.878679656440357 -5.878679656440357 0
      vertex 7.021962554699794 -5.744480577563068 0
    endloop
  endfacet
  facet normal 0.6835923020228686 -0.7298640726978383 0
    outer loop
      vertex 6.878679656440357 -5.878679656440357 0.20000000000000004
      vertex 6.878679656440357 -5.878679656440357 0
      vertex 7.021962554699794 -5.744480577563068 0.20000000000000004
    endloop
  endfacet
  facet normal 0 0 -1
    outer loop
      vertex 7.021962554699794 -5.744480577563068 0.20000000000000004
      vertex 7.094145424243037 -7.060136533284622 0.20000000000000004
      vertex 7.036755993413516 -7.186797706224184 0.20000000000000004
    endloop
  endfacet
  facet normal 0 0 -1
    outer loop
      vertex 7.021962554699794 -5.744480577563068 0.20000000000000004
      vertex 7.159696016958068 -6.9375 0.20000000000000004
      vertex 7.094145424243037 -7.060136533284622 0.20000000000000004
    endloop
  endfacet
  facet normal 0 0 -1
    outer loop
      vertex 7.021962554699794 -5.744480577563068 0.20000000000000004
      vertex 7.173715712973838 -5.619939979126294 0.20000000000000004
      vertex 7.159696016958068 -6.9375 0.20000000000000004
    endloop
  endfacet
  facet normal 0 0 -1
    outer loop
      vertex 7.159696016958068 -6.9375 0.20000000000000004
      vertex 7.173715712973838 -5.619939979126294 0.20000000000000004
      vertex 7.233127073857092 -6.8194132548333455 0.20000000000000004
    endloop
  endfacet
  facet normal 0 0 -1
    outer loop
      vertex 7.233127073857092 -6.8194132548333455 0.20000000000000004
      vertex 7.173715712973838 -5.619939979126294 0.20000000000000004
      vertex 7.314124151881125 -6.706381963356469 0.20000000000000004
    endloop
  endfacet
  facet normal 0 0 -1
    outer loop
      vertex 7.173715712973838 -5.619939979126294 0.20000000000000004
      vertex 7.3332893009411935 -5.505591163092364 0.20000000000000004
      vertex 7.314124151881125 -6.706381963356469 0.20000000000000004
    endloop
  endfacet
  facet normal 0.8128466845916171 -0.5824776968677996 0
    outer loop
      vertex 7.233127073857092 -6.8194132548333455 0.20000000000000004
      vertex 7.314124151881125 -6.706381963356469 0.20000000000000004
      vertex 7.314124151881125 -6.706381963356469 0.7999999999999998
    endloop
  endfacet
  facet normal 0.6343932841636483 -0.7730104533627347 0
    outer loop
      vertex 7.173715712973838 -5.619939979126294 0.20000000000000004
      vertex 7.021962554699794 -5.744480577563068 0
      vertex 7.173715712973838 -5.619939979126294 0
    endloop
  endfacet
  facet normal 0.6343932841636483 -0.7730104533627347 0
    outer loop
      vertex 7.021962554699794 -5.744480577563068 0.20000000000000004
      vertex 7.021962554699794 -5.744480577563068 0
      vertex 7.173715712973838 -5.619939979126294 0.20000000000000004
    endloop
  endfacet
  facet normal 0.5824776968678 -0.8128466845916168 0
    outer loop
      vertex 7.3332893009411935 -5.505591163092364 0.20000000000000004
      vertex 7.173715712973838 -5.619939979126294 0
      vertex 7.3332893009411935 -5.505591163092364 0
    endloop
  endfacet
  facet normal 0.5824776968678 -0.8128466845916168 0
    outer loop
      vertex 7.173715712973838 -5.619939979126294 0.20000000000000004
      vertex 7.173715712973838 -5.619939979126294 0
      vertex 7.3332893009411935 -5.505591163092364 0.20000000000000004
    endloop
  endfacet
  facet normal 0.8128466845916171 -0.5824776968677996 0
    outer loop
      vertex 7.233127073857092 -6.8194132548333455 0.20000000000000004
      vertex 7.314124151881125 -6.706381963356469 0.7999999999999998
      vertex 7.233127073857092 -6.8194132548333455 0.7999999999999998
    endloop
  endfacet
  facet normal 0 0 -1
    outer loop
      vertex 7.314124151881125 -6.706381963356469 0.20000000000000004
      vertex 7.3332893009411935 -5.505591163092364 0.20000000000000004
      vertex 7.402340409107174 -6.598890142912354 0.20000000000000004
    endloop
  endfacet
  facet normal 0 0 -1
    outer loop
      vertex 7.402340409107174 -6.598890142912354 0.20000000000000004
      vertex 7.3332893009411935 -5.505591163092364 0.20000000000000004
      vertex 7.497398089978587 -6.497398089978587 0.20000000000000004
    endloop
  endfacet
  facet normal 0 0 -1
    outer loop
      vertex 7.497398089978587 -6.497398089978587 0.20000000000000004
      vertex 7.3332893009411935 -5.505591163092364 0.20000000000000004
      vertex 7.5 -5.401923788646684 0.20000000000000004
    endloop
  endfacet
  facet normal 0 0 -1
    outer loop
      vertex 7.497398089978587 -6.497398089978587 0.20000000000000004
      vertex 7.5 -5.401923788646684 0.20000000000000004
      vertex 7.598890142912354 -6.402340409107174 0.20000000000000004
    endloop
  endfacet
  facet normal 0.7730104533627339 -0.6343932841636493 0
    outer loop
      vertex 7.314124151881125 -6.706381963356469 0.20000000000000004
      vertex 7.402340409107174 -6.598890142912354 0.20000000000000004
      vertex 7.402340409107174 -6.598890142912354 0.7999999999999998
    endloop
  endfacet
  facet normal 0.7298640726978364 -0.6835923020228706 0
    outer loop
      vertex 7.402340409107174 -6.598890142912354 0.20000000000000004
      vertex 7.497398089978587 -6.497398089978587 0.20000000000000004
      vertex 7.497398089978587 -6.497398089978587 0.7999999999999998
    endloop
  endfacet
  facet normal 0.6835923020228706 -0.7298640726978364 0
    outer loop
      vertex 7.497398089978587 -6.497398089978587 0.20000000000000004
      vertex 7.598890142912354 -6.402340409107174 0.20000000000000004
      vertex 7.598890142912354 -6.402340409107174 0.7999999999999998
    endloop
  endfacet
  facet normal 0.5280678506503691 -0.8492021815265783 0
    outer loop
      vertex 7.5 -5.401923788646684 0.20000000000000004
      vertex 7.3332893009411935 -5.505591163092364 0
      vertex 7.5 -5.401923788646684 0
    endloop
  endfacet
  facet normal 0.5280678506503691 -0.8492021815265783 0
    outer loop
      vertex 7.3332893009411935 -5.505591163092364 0.20000000000000004
      vertex 7.3332893009411935 -5.505591163092364 0
      vertex 7.5 -5.401923788646684 0.20000000000000004
    endloop
  endfacet
  facet normal 0 0 -1
    outer loop
      vertex 7.5 -5.401923788646684 0.20000000000000004
      vertex 7.673133929342996 -5.309381775401935 0.20000000000000004
      vertex 7.598890142912354 -6.402340409107174 0.20000000000000004
    endloop
  endfacet
  facet normal 0.47139673682599825 -0.8819212643483548 0
    outer loop
      vertex 7.5 -5.401923788646684 0.20000000000000004
      vertex 7.5 -5.401923788646684 0
      vertex 7.673133929342996 -5.309381775401935 0.20000000000000004
    endloop
  endfacet
  facet normal 0 0 -1
    outer loop
      vertex 7.598890142912354 -6.402340409107174 0.20000000000000004
      vertex 7.673133929342996 -5.309381775401935 0.20000000000000004
      vertex 7.706381963356469 -6.314124151881125 0.20000000000000004
    endloop
  endfacet
  facet normal 0 0 -1
    outer loop
      vertex 7.706381963356469 -6.314124151881125 0.20000000000000004
      vertex 7.673133929342996 -5.309381775401935 0.20000000000000004
      vertex 7.8194132548333455 -6.233127073857092 0.20000000000000004
    endloop
  endfacet
  facet normal 0 0 -1
    outer loop
      vertex 7.8194132548333455 -6.233127073857092 0.20000000000000004
      vertex 7.851949702904731 -5.22836140246614 0.20000000000000004
      vertex 7.9375 -6.159696016958068 0.20000000000000004
    endloop
  endfacet
  facet normal 0.6343932841636493 -0.7730104533627339 0
    outer loop
      vertex 7.598890142912354 -6.402340409107174 0.20000000000000004
      vertex 7.706381963356469 -6.314124151881125 0.20000000000000004
      vertex 7.706381963356469 -6.314124151881125 0.7999999999999998
    endloop
  endfacet
  facet normal 0.5824776968677996 -0.8128466845916171 0
    outer loop
      vertex 7.706381963356469 -6.314124151881125 0.20000000000000004
      vertex 7.8194132548333455 -6.233127073857092 0.20000000000000004
      vertex 7.8194132548333455 -6.233127073857092 0.7999999999999998
    endloop
  endfacet
  facet normal 0.47139673682599825 -0.8819212643483548 0
    outer loop
      vertex 7.673133929342996 -5.309381775401935 0.20000000000000004
      vertex 7.5 -5.401923788646684 0
      vertex 7.673133929342996 -5.309381775401935 0
    endloop
  endfacet
  facet normal 0.4127070298043918 -0.9108638249211772 0
    outer loop
      vertex 7.673133929342996 -5.309381775401935 0.20000000000000004
      vertex 7.673133929342996 -5.309381775401935 0
      vertex 7.851949702904731 -5.22836140246614 0.20000000000000004
    endloop
  endfacet
  facet normal 0.4127070298043918 -0.9108638249211772 0
    outer loop
      vertex 7.851949702904731 -5.22836140246614 0.20000000000000004
      vertex 7.673133929342996 -5.309381775401935 0
      vertex 7.851949702904731 -5.22836140246614 0
    endloop
  endfacet
  facet normal 0 0 -1
    outer loop
      vertex 7.673133929342996 -5.309381775401935 0.20000000000000004
      vertex 7.851949702904731 -5.22836140246614 0.20000000000000004
      vertex 7.8194132548333455 -6.233127073857092 0.20000000000000004
    endloop
  endfacet
  facet normal 0.7730104533627339 -0.6343932841636493 0
    outer loop
      vertex 7.314124151881125 -6.706381963356469 0.20000000000000004
      vertex 7.402340409107174 -6.598890142912354 0.7999999999999998
      vertex 7.314124151881125 -6.706381963356469 0.7999999999999998
    endloop
  endfacet
  facet normal 0.7298640726978364 -0.6835923020228706 0
    outer loop
      vertex 7.402340409107174 -6.598890142912354 0.20000000000000004
      vertex 7.497398089978587 -6.497398089978587 0.7999999999999998
      vertex 7.402340409107174 -6.598890142912354 0.7999999999999998
    endloop
  endfacet
  facet normal 0.6835923020228706 -0.7298640726978364 0
    outer loop
      vertex 7.497398089978587 -6.497398089978587 0.20000000000000004
      vertex 7.598890142912354 -6.402340409107174 0.7999999999999998
      vertex 7.497398089978587 -6.497398089978587 0.7999999999999998
    endloop
  endfacet
  facet normal 0.6343932841636493 -0.7730104533627339 0
    outer loop
      vertex 7.598890142912354 -6.402340409107174 0.20000000000000004
      vertex 7.706381963356469 -6.314124151881125 0.7999999999999998
      vertex 7.598890142912354 -6.402340409107174 0.7999999999999998
    endloop
  endfacet
  facet normal 0.5824776968677996 -0.8128466845916171 0
    outer loop
      vertex 7.706381963356469 -6.314124151881125 0.20000000000000004
      vertex 7.8194132548333455 -6.233127073857092 0.7999999999999998
      vertex 7.706381963356469 -6.314124151881125 0.7999999999999998
    endloop
  endfacet
  facet normal 0.5280678506503688 -0.8492021815265783 0
    outer loop
      vertex 7.8194132548333455 -6.233127073857092 0.20000000000000004
      vertex 7.9375 -6.159696016958068 0.7999999999999998
      vertex 7.8194132548333455 -6.233127073857092 0.7999999999999998
    endloop
  endfacet
  facet normal 0 0 -1
    outer loop
      vertex 7.9375 -6.159696016958068 0.20000000000000004
      vertex 8.035681604090515 -5.159209611514683 0.20000000000000004
      vertex 8.060136533284622 -6.094145424243037 0.20000000000000004
    endloop
  endfacet
  facet normal 0 0 -1
    outer loop
      vertex 8.060136533284622 -6.094145424243037 0.20000000000000004
      vertex 8.035681604090515 -5.159209611514683 0.20000000000000004
      vertex 8.186797706224183 -6.036755993413516 0.20000000000000004
    endloop
  endfacet
  facet normal 0.5280678506503688 -0.8492021815265783 0
    outer loop
      vertex 7.8194132548333455 -6.233127073857092 0.20000000000000004
      vertex 7.9375 -6.159696016958068 0.20000000000000004
      vertex 7.9375 -6.159696016958068 0.7999999999999998
    endloop
  endfacet
  facet normal 0.47139673682600086 -0.8819212643483533 0
    outer loop
      vertex 7.9375 -6.159696016958068 0.20000000000000004
      vertex 8.060136533284622 -6.094145424243037 0.20000000000000004
      vertex 8.060136533284622 -6.094145424243037 0.7999999999999998
    endloop
  endfacet
  facet normal 0.41270702980439167 -0.9108638249211771 0
    outer loop
      vertex 8.060136533284622 -6.094145424243037 0.20000000000000004
      vertex 8.186797706224183 -6.036755993413516 0.20000000000000004
      vertex 8.186797706224183 -6.036755993413516 0.7999999999999998
    endloop
  endfacet
  facet normal 0.3522500479212361 -0.9359059267573246 0
    outer loop
      vertex 8.035681604090515 -5.159209611514683 0.20000000000000004
      vertex 7.851949702904731 -5.22836140246614 0
      vertex 8.035681604090515 -5.159209611514683 0
    endloop
  endfacet
  facet normal 0 0 -1
    outer loop
      vertex 7.851949702904731 -5.22836140246614 0.20000000000000004
      vertex 8.035681604090515 -5.159209611514683 0.20000000000000004
      vertex 7.9375 -6.159696016958068 0.20000000000000004
    endloop
  endfacet
  facet normal 0.3522500479212361 -0.9359059267573246 0
    outer loop
      vertex 7.851949702904731 -5.22836140246614 0.20000000000000004
      vertex 7.851949702904731 -5.22836140246614 0
      vertex 8.035681604090515 -5.159209611514683 0.20000000000000004
    endloop
  endfacet
  facet normal 0 0 -1
    outer loop
      vertex 8.035681604090515 -5.159209611514683 0.20000000000000004
      vertex 8.223542864692437 -5.102222521132795 0.20000000000000004
      vertex 8.186797706224183 -6.036755993413516 0.20000000000000004
    endloop
  endfacet
  facet normal 0.2902846772544639 -0.9569403357322083 0
    outer loop
      vertex 8.035681604090515 -5.159209611514683 0.20000000000000004
      vertex 8.035681604090515 -5.159209611514683 0
      vertex 8.223542864692437 -5.102222521132795 0.20000000000000004
    endloop
  endfacet
  facet normal 0 0 -1
    outer loop
      vertex 8.186797706224183 -6.036755993413516 0.20000000000000004
      vertex 8.223542864692437 -5.102222521132795 0.20000000000000004
      vertex 8.316941136230781 -5.9877734748229 0.20000000000000004
    endloop
  endfacet
  facet normal 0.3522500479212397 -0.9359059267573233 0
    outer loop
      vertex 8.186797706224183 -6.036755993413516 0.20000000000000004
      vertex 8.316941136230781 -5.9877734748229 0.20000000000000004
      vertex 8.316941136230781 -5.9877734748229 0.7999999999999998
    endloop
  endfacet
  facet normal 0.2902846772544621 -0.9569403357322089 0
    outer loop
      vertex 8.316941136230781 -5.9877734748229 0.20000000000000004
      vertex 8.450009529157143 -5.9474076191357295 0.20000000000000004
      vertex 8.450009529157143 -5.9474076191357295 0.7999999999999998
    endloop
  endfacet
  facet normal 0.2902846772544639 -0.9569403357322083 0
    outer loop
      vertex 8.223542864692437 -5.102222521132795 0.20000000000000004
      vertex 8.035681604090515 -5.159209611514683 0
      vertex 8.223542864692437 -5.102222521132795 0
    endloop
  endfacet
  facet normal 0.2270762630343701 -0.9738769792773342 0
    outer loop
      vertex 8.223542864692437 -5.102222521132795 0.20000000000000004
      vertex 8.223542864692437 -5.102222521132795 0
      vertex 8.414729033951616 -5.057644158790309 0.20000000000000004
    endloop
  endfacet
  facet normal 0 0 -1
    outer loop
      vertex 8.223542864692437 -5.102222521132795 0.20000000000000004
      vertex 8.414729033951616 -5.057644158790309 0.20000000000000004
      vertex 8.316941136230781 -5.9877734748229 0.20000000000000004
    endloop
  endfacet
  facet normal 0 0 -1
    outer loop
      vertex 8.316941136230781 -5.9877734748229 0.20000000000000004
      vertex 8.414729033951616 -5.057644158790309 0.20000000000000004
      vertex 8.450009529157143 -5.9474076191357295 0.20000000000000004
    endloop
  endfacet
  facet normal 0.2270762630343701 -0.9738769792773342 0
    outer loop
      vertex 8.414729033951616 -5.057644158790309 0.20000000000000004
      vertex 8.223542864692437 -5.102222521132795 0
      vertex 8.414729033951616 -5.057644158790309 0
    endloop
  endfacet
  facet normal 0.47139673682600086 -0.8819212643483533 0
    outer loop
      vertex 7.9375 -6.159696016958068 0.20000000000000004
      vertex 8.060136533284622 -6.094145424243037 0.7999999999999998
      vertex 7.9375 -6.159696016958068 0.7999999999999998
    endloop
  endfacet
  facet normal 0.41270702980439167 -0.9108638249211771 0
    outer loop
      vertex 8.060136533284622 -6.094145424243037 0.20000000000000004
      vertex 8.186797706224183 -6.036755993413516 0.7999999999999998
      vertex 8.060136533284622 -6.094145424243037 0.7999999999999998
    endloop
  endfacet
  facet normal 0.3522500479212397 -0.9359059267573233 0
    outer loop
      vertex 8.186797706224183 -6.036755993413516 0.20000000000000004
      vertex 8.316941136230781 -5.9877734748229 0.7999999999999998
      vertex 8.186797706224183 -6.036755993413516 0.7999999999999998
    endloop
  endfacet
  facet normal 0.2902846772544621 -0.9569403357322089 0
    outer loop
      vertex 8.316941136230781 -5.9877734748229 0.20000000000000004
      vertex 8.450009529157143 -5.9474076191357295 0.7999999999999998
      vertex 8.316941136230781 -5.9877734748229 0.7999999999999998
    endloop
  endfacet
  facet normal 0.22707626303436937 -0.9738769792773346 0
    outer loop
      vertex 8.450009529157143 -5.9474076191357295 0.20000000000000004
      vertex 8.585433065715728 -5.915831279143135 0.20000000000000004
      vertex 8.585433065715728 -5.915831279143135 0.7999999999999998
    endloop
  endfacet
  facet normal 0.16289547339458685 -0.9866433320848792 0
    outer loop
      vertex 8.585433065715728 -5.915831279143135 0.20000000000000004
      vertex 8.72263184153239 -5.893179669580653 0.20000000000000004
      vertex 8.72263184153239 -5.893179669580653 0.7999999999999998
    endloop
  endfacet
  facet normal 0 0 -1
    outer loop
      vertex 8.414729033951616 -5.057644158790309 0.20000000000000004
      vertex 8.585433065715728 -5.915831279143135 0.20000000000000004
      vertex 8.450009529157143 -5.9474076191357295 0.20000000000000004
    endloop
  endfacet
  facet normal 0 0 -1
    outer loop
      vertex 8.414729033951616 -5.057644158790309 0.20000000000000004
      vertex 8.608421423339845 -5.025665415878569 0.20000000000000004
      vertex 8.585433065715728 -5.915831279143135 0.20000000000000004
    endloop
  endfacet
  facet normal 0.1628954733945891 -0.986643332084879 0
    outer loop
      vertex 8.608421423339845 -5.025665415878569 0.20000000000000004
      vertex 8.414729033951616 -5.057644158790309 0
      vertex 8.608421423339845 -5.025665415878569 0
    endloop
  endfacet
  facet normal 0.1628954733945891 -0.986643332084879 0
    outer loop
      vertex 8.414729033951616 -5.057644158790309 0.20000000000000004
      vertex 8.414729033951616 -5.057644158790309 0
      vertex 8.608421423339845 -5.025665415878569 0.20000000000000004
    endloop
  endfacet
  facet normal 0 0 -1
    outer loop
      vertex 8.585433065715728 -5.915831279143135 0.20000000000000004
      vertex 8.608421423339845 -5.025665415878569 0.20000000000000004
      vertex 8.72263184153239 -5.893179669580653 0.20000000000000004
    endloop
  endfacet
  facet normal 0 0 -1
    outer loop
      vertex 8.608421423339845 -5.025665415878569 0.20000000000000004
      vertex 8.803790612309571 -5.00642323028419 0.20000000000000004
      vertex 8.72263184153239 -5.893179669580653 0.20000000000000004
    endloop
  endfacet
  facet normal 0.09801714032955963 -0.9951847266721969 0
    outer loop
      vertex 8.608421423339845 -5.025665415878569 0.20000000000000004
      vertex 8.608421423339845 -5.025665415878569 0
      vertex 8.803790612309571 -5.00642323028419 0.20000000000000004
    endloop
  endfacet
  facet normal 0.0980171403295581 -0.995184726672197 0
    outer loop
      vertex 8.72263184153239 -5.893179669580653 0.20000000000000004
      vertex 8.861018350385946 -5.879549788117968 0.20000000000000004
      vertex 8.861018350385946 -5.879549788117968 0.7999999999999998
    endloop
  endfacet
  facet normal 0.03271908282178027 -0.9994645874763655 0
    outer loop
      vertex 8.861018350385946 -5.879549788117968 0.20000000000000004
      vertex 9 -5.875 0.20000000000000004
      vertex 9 -5.875 0.7999999999999998
    endloop
  endfacet
  facet normal 0 0 -1
    outer loop
      vertex 8.72263184153239 -5.893179669580653 0.20000000000000004
      vertex 8.803790612309571 -5.00642323028419 0.20000000000000004
      vertex 8.861018350385946 -5.879549788117968 0.20000000000000004
    endloop
  endfacet
  facet normal 0.09801714032955963 -0.9951847266721969 0
    outer loop
      vertex 8.803790612309571 -5.00642323028419 0.20000000000000004
      vertex 8.608421423339845 -5.025665415878569 0
      vertex 8.803790612309571 -5.00642323028419 0
    endloop
  endfacet
  facet normal 0 0 -1
    outer loop
      vertex 8.803790612309571 -5.00642323028419 0.20000000000000004
      vertex 9 -5 0.20000000000000004
      vertex 8.861018350385946 -5.879549788117968 0.20000000000000004
    endloop
  endfacet
  facet normal 0 0 -1
    outer loop
      vertex 8.861018350385946 -5.879549788117968 0.20000000000000004
      vertex 9 -5 0.20000000000000004
      vertex 9 -5.875 0.20000000000000004
    endloop
  endfacet
  facet normal 0.032719082821777774 -0.9994645874763656 0
    outer loop
      vertex 9 -5 0.20000000000000004
      vertex 8.803790612309571 -5.00642323028419 0
      vertex 9 -5 0
    endloop
  endfacet
  facet normal 0.032719082821777774 -0.9994645874763656 0
    outer loop
      vertex 8.803790612309571 -5.00642323028419 0.20000000000000004
      vertex 8.803790612309571 -5.00642323028419 0
      vertex 9 -5 0.20000000000000004
    endloop
  endfacet
  facet normal 0.22707626303436937 -0.9738769792773346 0
    outer loop
      vertex 8.450009529157143 -5.9474076191357295 0.20000000000000004
      vertex 8.585433065715728 -5.915831279143135 0.7999999999999998
      vertex 8.450009529157143 -5.9474076191357295 0.7999999999999998
    endloop
  endfacet
  facet normal 0.16289547339458685 -0.9866433320848792 0
    outer loop
      vertex 8.585433065715728 -5.915831279143135 0.20000000000000004
      vertex 8.72263184153239 -5.893179669580653 0.7999999999999998
      vertex 8.585433065715728 -5.915831279143135 0.7999999999999998
    endloop
  endfacet
  facet normal 0.0980171403295581 -0.995184726672197 0
    outer loop
      vertex 8.72263184153239 -5.893179669580653 0.20000000000000004
      vertex 8.861018350385946 -5.879549788117968 0.7999999999999998
      vertex 8.72263184153239 -5.893179669580653 0.7999999999999998
    endloop
  endfacet
  facet normal 0.03271908282178027 -0.9994645874763655 0
    outer loop
      vertex 8.861018350385946 -5.879549788117968 0.20000000000000004
      vertex 9 -5.875 0.7999999999999998
      vertex 8.861018350385946 -5.879549788117968 0.7999999999999998
    endloop
  endfacet
  facet normal 0 0 -1
    outer loop
      vertex 0 0 0
      vertex 18 0 0
      vertex 7.851949702904731 -5.22836140246614 0
    endloop
  endfacet
  facet normal 0.6338236146729426 -0.5201655976884464 0.5724468328712691
    outer loop
      vertex 7.314124151881125 -6.706381963356469 0.7999999999999998
      vertex 7.402340409107174 -6.598890142912354 0.7999999999999998
      vertex 5.721757310036518 -5.125058320923964 4
    endloop
  endfacet
  facet normal 0.5984460918540532 -0.560505930994725 0.5724468328712694
    outer loop
      vertex 7.402340409107174 -6.598890142912354 0.7999999999999998
      vertex 7.497398089978587 -6.497398089978587 0.7999999999999998
      vertex 5.91680646144395 -4.91680646144395 4
    endloop
  endfacet
  facet normal 0.5605059309947251 -0.5984460918540533 0.5724468328712691
    outer loop
      vertex 7.497398089978587 -6.497398089978587 0.7999999999999998
      vertex 7.598890142912354 -6.402340409107174 0.7999999999999998
      vertex 6.125058320923964 -4.721757310036518 4
    endloop
  endfacet
  facet normal 0.5201655976884464 -0.6338236146729426 0.572446832871269
    outer loop
      vertex 7.598890142912354 -6.402340409107174 0.7999999999999998
      vertex 7.706381963356469 -6.314124151881125 0.7999999999999998
      vertex 6.345621122042857 -4.540746097112482 4
    endloop
  endfacet
  facet normal 0.47759783543558154 -0.6664870074674379 0.572446832871269
    outer loop
      vertex 7.706381963356469 -6.314124151881125 0.7999999999999998
      vertex 7.8194132548333455 -6.233127073857092 0.7999999999999998
      vertex 6.577550381024824 -4.3745479404749315 4
    endloop
  endfacet
  facet normal 0.43298492592923576 -0.6962964005750047 0.572446832871269
    outer loop
      vertex 7.8194132548333455 -6.233127073857092 0.7999999999999998
      vertex 7.9375 -6.159696016958068 0.7999999999999998
      vertex 6.819852941176471 -4.223874526145793 4
    endloop
  endfacet
  facet normal 0.3865179084970053 -0.7231241455979425 0.5724468328712689
    outer loop
      vertex 7.9375 -6.159696016958068 0.7999999999999998
      vertex 8.060136533284622 -6.094145424243037 0.7999999999999998
      vertex 7.071491225736266 -4.089371060817029 4
    endloop
  endfacet
  facet normal 0.3383957620412745 -0.7468553620133944 0.572446832871269
    outer loop
      vertex 8.060136533284622 -6.094145424243037 0.7999999999999998
      vertex 8.186797706224183 -6.036755993413516 0.7999999999999998
      vertex 7.331387680937513 -3.9716135089765223 4
    endloop
  endfacet
  facet normal 0.47759783543558154 -0.6664870074674377 0.5724468328712693
    outer loop
      vertex 7.706381963356469 -6.314124151881125 0.7999999999999998
      vertex 6.577550381024824 -4.3745479404749315 4
      vertex 6.345621122042857 -4.540746097112482 4
    endloop
  endfacet
  facet normal 0.43298492592923676 -0.6962964005750044 0.5724468328712689
    outer loop
      vertex 7.8194132548333455 -6.233127073857092 0.7999999999999998
      vertex 6.819852941176471 -4.223874526145793 4
      vertex 6.577550381024824 -4.3745479404749315 4
    endloop
  endfacet
  facet normal 0.3865179084970028 -0.7231241455979438 0.5724468328712687
    outer loop
      vertex 7.9375 -6.159696016958068 0.7999999999999998
      vertex 7.071491225736266 -4.089371060817029 4
      vertex 6.819852941176471 -4.223874526145793 4
    endloop
  endfacet
  facet normal 0.33839576204127636 -0.7468553620133939 0.5724468328712689
    outer loop
      vertex 8.060136533284622 -6.094145424243037 0.7999999999999998
      vertex 7.331387680937513 -3.9716135089765223 4
      vertex 7.071491225736266 -4.089371060817029 4
    endloop
  endfacet
  facet normal 0.2888245529810294 -0.76738842910938 0.5724468328712687
    outer loop
      vertex 8.186797706224183 -6.036755993413516 0.7999999999999998
      vertex 7.5984293902590085 -3.8711061265397233 4
      vertex 7.331387680937513 -3.9716135089765223 4
    endloop
  endfacet
  facet normal 0.2888245529810332 -0.7673884291093788 0.5724468328712687
    outer loop
      vertex 8.186797706224183 -6.036755993413516 0.7999999999999998
      vertex 8.316941136230781 -5.9877734748229 0.7999999999999998
      vertex 7.5984293902590085 -3.8711061265397233 4
    endloop
  endfacet
  facet normal 0.23801655284376214 -0.7846354211403064 0.5724468328712689
    outer loop
      vertex 8.316941136230781 -5.9877734748229 0.7999999999999998
      vertex 8.450009529157143 -5.9474076191357295 0.7999999999999998
      vertex 7.871472840104451 -3.7882793015484006 4
    endloop
  endfacet
  facet normal 0.18618932928625057 -0.7985224838384888 0.5724468328712691
    outer loop
      vertex 8.450009529157143 -5.9474076191357295 0.7999999999999998
      vertex 8.585433065715728 -5.915831279143135 0.7999999999999998
      vertex 8.149348816503204 -3.7234877111829734 4
    endloop
  endfacet
  facet normal 0.13356481443643387 -0.8089901506694717 0.5724468328712689
    outer loop
      vertex 8.585433065715728 -5.915831279143135 0.7999999999999998
      vertex 8.72263184153239 -5.893179669580653 0.7999999999999998
      vertex 8.430867411864039 -3.6770088029803714 4
    endloop
  endfacet
  facet normal 0.08036835454595495 -0.8159935974768607 0.572446832871269
    outer loop
      vertex 8.72263184153239 -5.893179669580653 0.7999999999999998
      vertex 8.861018350385946 -5.879549788117968 0.7999999999999998
      vertex 8.714823120342096 -3.64904160676109 4
    endloop
  endfacet
  facet normal 0.026827745022941912 -0.8195028344262376 0.5724468328712689
    outer loop
      vertex 8.861018350385946 -5.879549788117968 0.7999999999999998
      vertex 9 -5.875 0.7999999999999998
      vertex 9 -3.639705882352941 4
    endloop
  endfacet
  facet normal 0.23801655284376283 -0.7846354211403063 0.5724468328712689
    outer loop
      vertex 8.316941136230781 -5.9877734748229 0.7999999999999998
      vertex 7.871472840104451 -3.7882793015484006 4
      vertex 7.5984293902590085 -3.8711061265397233 4
    endloop
  endfacet
  facet normal 0.18618932928625373 -0.7985224838384881 0.572446832871269
    outer loop
      vertex 8.450009529157143 -5.9474076191357295 0.7999999999999998
      vertex 8.149348816503204 -3.7234877111829734 4
      vertex 7.871472840104451 -3.7882793015484006 4
    endloop
  endfacet
  facet normal 0.13356481443643464 -0.8089901506694716 0.5724468328712691
    outer loop
      vertex 8.585433065715728 -5.915831279143135 0.7999999999999998
      vertex 8.430867411864039 -3.6770088029803714 4
      vertex 8.149348816503204 -3.7234877111829734 4
    endloop
  endfacet
  facet normal 0.0803683545459565 -0.8159935974768607 0.5724468328712691
    outer loop
      vertex 8.72263184153239 -5.893179669580653 0.7999999999999998
      vertex 8.714823120342096 -3.64904160676109 4
      vertex 8.430867411864039 -3.6770088029803714 4
    endloop
  endfacet
  facet normal 0.026827745022940875 -0.8195028344262376 0.572446832871269
    outer loop
      vertex 8.861018350385946 -5.879549788117968 0.7999999999999998
      vertex 9 -3.639705882352941 4
      vertex 8.714823120342096 -3.64904160676109 4
    endloop
  endfacet
  facet normal 0 0 1
    outer loop
      vertex 0 -16 4
      vertex 7.071491225736266 -11.91062893918297 4
      vertex 6.819852941176471 -11.776125473854206 4
    endloop
  endfacet
  facet normal 0 0 1
    outer loop
      vertex 0 -16 4
      vertex 7.331387680937513 -12.028386491023479 4
      vertex 7.071491225736266 -11.91062893918297 4
    endloop
  endfacet
  facet normal 0 0 1
    outer loop
      vertex 0 -16 4
      vertex 7.5984293902590085 -12.128893873460276 4
      vertex 7.331387680937513 -12.028386491023479 4
    endloop
  endfacet
  facet normal 0 0 1
    outer loop
      vertex 0 -16 4
      vertex 7.871472840104451 -12.2117206984516 4
      vertex 7.5984293902590085 -12.128893873460276 4
    endloop
  endfacet
  facet normal 0 0 1
    outer loop
      vertex 0 -16 4
      vertex 8.149348816503204 -12.276512288817027 4
      vertex 7.871472840104451 -12.2117206984516 4
    endloop
  endfacet
  facet normal 0 0 1
    outer loop
      vertex 0 -16 4
      vertex 8.430867411864039 -12.322991197019629 4
      vertex 8.149348816503204 -12.276512288817027 4
    endloop
  endfacet
  facet normal 0 0 1
    outer loop
      vertex 0 -16 4
      vertex 8.714823120342096 -12.350958393238912 4
      vertex 8.430867411864039 -12.322991197019629 4
    endloop
  endfacet
  facet normal 0 0 1
    outer loop
      vertex 0 -16 4
      vertex 9 -12.360294117647058 4
      vertex 8.714823120342096 -12.350958393238912 4
    endloop
  endfacet
  facet normal 0 0 1
    outer loop
      vertex 0 -16 4
      vertex 9.285176879657904 -12.350958393238912 4
      vertex 9 -12.360294117647058 4
    endloop
  endfacet
  facet normal 0 0 1
    outer loop
      vertex 0 -16 4
      vertex 9.569132588135961 -12.322991197019629 4
      vertex 9.285176879657904 -12.350958393238912 4
    endloop
  endfacet
  facet normal 0 0 1
    outer loop
      vertex 0 -16 4
      vertex 9.850651183496796 -12.276512288817027 4
      vertex 9.569132588135961 -12.322991197019629 4
    endloop
  endfacet
  facet normal 0 0 1
    outer loop
      vertex 0 -16 4
      vertex 10.12852715989555 -12.2117206984516 4
      vertex 9.850651183496796 -12.276512288817027 4
    endloop
  endfacet
  facet normal 0 0 1
    outer loop
      vertex 0 -3 4
      vertex 6.819852941176471 -4.223874526145793 4
      vertex 7.071491225736266 -4.089371060817029 4
    endloop
  endfacet
  facet normal 0 0 1
    outer loop
      vertex 0 -3 4
      vertex 7.071491225736266 -4.089371060817029 4
      vertex 7.331387680937513 -3.9716135089765223 4
    endloop
  endfacet
  facet normal 0 0 1
    outer loop
      vertex 0 -3 4
      vertex 7.331387680937513 -3.9716135089765223 4
      vertex 7.5984293902590085 -3.8711061265397233 4
    endloop
  endfacet
  facet normal 0 0 1
    outer loop
      vertex 0 -3 4
      vertex 7.5984293902590085 -3.8711061265397233 4
      vertex 7.871472840104451 -3.7882793015484006 4
    endloop
  endfacet
  facet normal 0 0 1
    outer loop
      vertex 0 -3 4
      vertex 7.871472840104451 -3.7882793015484006 4
      vertex 8.149348816503204 -3.7234877111829734 4
    endloop
  endfacet
  facet normal 0 0 1
    outer loop
      vertex 0 -3 4
      vertex 8.149348816503204 -3.7234877111829734 4
      vertex 8.430867411864039 -3.6770088029803714 4
    endloop
  endfacet
  facet normal 0 0 1
    outer loop
      vertex 0 -3 4
      vertex 8.430867411864039 -3.6770088029803714 4
      vertex 8.714823120342096 -3.64904160676109 4
    endloop
  endfacet
  facet normal 0 -0.0327190828217777 0.9994645874763656
    outer loop
      vertex 0 -3 4
      vertex 18 -3 4
      vertex 0 -2.803790612309571 4.00642323028419
    endloop
  endfacet
  facet normal 0 -0.09801714032956008 0.9951847266721969
    outer loop
      vertex 0 -2.803790612309571 4.00642323028419
      vertex 18 -2.803790612309571 4.00642323028419
      vertex 0 -2.6084214233398453 4.025665415878569
    endloop
  endfacet
  facet normal 0 -0.162895473394588 0.9866433320848791
    outer loop
      vertex 0 -2.6084214233398453 4.025665415878569
      vertex 18 -2.6084214233398453 4.025665415878569
      vertex 0 -2.414729033951615 4.057644158790309
    endloop
  endfacet
  facet normal 0 -0.2270762630343721 0.9738769792773339
    outer loop
      vertex 0 -2.414729033951615 4.057644158790309
      vertex 18 -2.414729033951615 4.057644158790309
      vertex 0 -2.223542864692438 4.102222521132795
    endloop
  endfacet
  facet normal 0 -0.29028467725446333 0.9569403357322086
    outer loop
      vertex 0 -2.223542864692438 4.102222521132795
      vertex 18 -2.223542864692438 4.102222521132795
      vertex 0 -2.0356816040905152 4.159209611514683
    endloop
  endfacet
  facet normal 0 -0.3522500479212346 0.9359059267573253
    outer loop
      vertex 0 -2.0356816040905152 4.159209611514683
      vertex 18 -2.0356816040905152 4.159209611514683
      vertex 0 -1.8519497029047307 4.22836140246614
    endloop
  endfacet
  facet normal 0 -0.41270702980439217 0.9108638249211771
    outer loop
      vertex 0 -1.8519497029047307 4.22836140246614
      vertex 18 -1.8519497029047307 4.22836140246614
      vertex 0 -1.673133929342996 4.309381775401935
    endloop
  endfacet
  facet normal 0 -0.4713967368259987 0.8819212643483545
    outer loop
      vertex 0 -1.673133929342996 4.309381775401935
      vertex 18 -1.673133929342996 4.309381775401935
      vertex 0 -1.5 4.401923788646684
    endloop
  endfacet
  facet normal 0 -0.528067850650369 0.8492021815265782
    outer loop
      vertex 0 -1.5 4.401923788646684
      vertex 18 -1.5 4.401923788646684
      vertex 0 -1.3332893009411935 4.505591163092364
    endloop
  endfacet
  facet normal 0 -0.5824776968678006 0.8128466845916165
    outer loop
      vertex 0 -1.3332893009411935 4.505591163092364
      vertex 18 -1.3332893009411935 4.505591163092364
      vertex 0 -1.173715712973838 4.619939979126294
    endloop
  endfacet
  facet normal 0 -0.6343932841636466 0.7730104533627361
    outer loop
      vertex 0 -1.173715712973838 4.619939979126294
      vertex 18 -1.173715712973838 4.619939979126294
      vertex 0 -1.0219625546997935 4.744480577563068
    endloop
  endfacet
  facet normal 0 -0.6835923020228697 0.7298640726978372
    outer loop
      vertex 0 -1.0219625546997935 4.744480577563068
      vertex 18 -1.0219625546997935 4.744480577563068
      vertex 0 -0.8786796564403572 4.878679656440357
    endloop
  endfacet
  facet normal 0 -0.7298640726978383 0.6835923020228685
    outer loop
      vertex 0 -0.8786796564403572 4.878679656440357
      vertex 18 -0.8786796564403572 4.878679656440357
      vertex 0 -0.7444805775630678 5.021962554699794
    endloop
  endfacet
  facet normal 0 -0.7730104533627347 0.6343932841636483
    outer loop
      vertex 0 -0.7444805775630678 5.021962554699794
      vertex 18 -0.7444805775630678 5.021962554699794
      vertex 0 -0.6199399791262943 5.173715712973838
    endloop
  endfacet
  facet normal 0 -0.8128466845916167 0.5824776968678
    outer loop
      vertex 0 -0.6199399791262943 5.173715712973838
      vertex 18 -0.6199399791262943 5.173715712973838
      vertex 0 -0.5055911630923644 5.3332893009411935
    endloop
  endfacet
  facet normal 0 -0.8492021815265782 0.528067850650369
    outer loop
      vertex 0 -0.5055911630923644 5.3332893009411935
      vertex 18 -0.5055911630923644 5.3332893009411935
      vertex 0 -0.401923788646684 5.5
    endloop
  endfacet
  facet normal 0 -0.8819212643483557 0.4713967368259964
    outer loop
      vertex 0 -0.401923788646684 5.5
      vertex 18 -0.401923788646684 5.5
      vertex 0 -0.30938177540193523 5.673133929342996
    endloop
  endfacet
  facet normal 0 -0.9108638249211763 0.4127070298043936
    outer loop
      vertex 0 -0.30938177540193523 5.673133929342996
      vertex 18 -0.30938177540193523 5.673133929342996
      vertex 0 -0.22836140246614 5.851949702904731
    endloop
  endfacet
  facet normal 0 -0.9359059267573248 0.35225004792123615
    outer loop
      vertex 0 -0.22836140246614 5.851949702904731
      vertex 18 -0.22836140246614 5.851949702904731
      vertex 0 -0.15920961151468305 6.035681604090515
    endloop
  endfacet
  facet normal 0 -0.9569403357322088 0.2902846772544627
    outer loop
      vertex 0 -0.15920961151468305 6.035681604090515
      vertex 18 -0.15920961151468305 6.035681604090515
      vertex 0 -0.10222252113279495 6.223542864692438
    endloop
  endfacet
  facet normal 0 -0.9738769792773339 0.2270762630343721
    outer loop
      vertex 0 -0.10222252113279495 6.223542864692438
      vertex 18 -0.10222252113279495 6.223542864692438
      vertex 0 -0.05764415879030871 6.414729033951615
    endloop
  endfacet
  facet normal 0 -0.986643332084879 0.16289547339458835
    outer loop
      vertex 0 -0.05764415879030871 6.414729033951615
      vertex 18 -0.05764415879030871 6.414729033951615
      vertex 0 -0.025665415878568965 6.608421423339845
    endloop
  endfacet
  facet normal 0 0 1
    outer loop
      vertex 0 -16 4
      vertex 10.401570609740991 -12.128893873460276 4
      vertex 10.12852715989555 -12.2117206984516 4
    endloop
  endfacet
  facet normal 0 0 1
    outer loop
      vertex 0 -3 4
      vertex 8.714823120342096 -3.64904160676109 4
      vertex 18 -3 4
    endloop
  endfacet
  facet normal 0 0.41270702980439994 0.9108638249211736
    outer loop
      vertex 0 5.669253571737198 3.1237527101607743
      vertex 18 5.669253571737198 3.1237527101607743
      vertex 0 5.740779881161892 3.091344560986456
    endloop
  endfacet
  facet normal 0 0.47139673682599464 0.8819212643483567
    outer loop
      vertex 0 5.669253571737198 3.1237527101607743
      vertex 0 5.6 3.1607695154586737
      vertex 18 5.6 3.1607695154586737
    endloop
  endfacet
  facet normal 0 0.5280678506503729 0.8492021815265759
    outer loop
      vertex 0 5.6 3.1607695154586737
      vertex 0 5.533315720376478 3.202236465236946
      vertex 18 5.533315720376478 3.202236465236946
    endloop
  endfacet
  facet normal 0 0.5824776968677948 0.8128466845916203
    outer loop
      vertex 0 5.533315720376478 3.202236465236946
      vertex 0 5.469486285189535 3.2479759916505175
      vertex 18 5.469486285189535 3.2479759916505175
    endloop
  endfacet
  facet normal 0 0.1628954733945909 0.9866433320848785
    outer loop
      vertex 0 5.965891613580646 3.0230576635161235
      vertex 18 5.965891613580646 3.0230576635161235
      vertex 0 6.043368569335938 3.0102661663514274
    endloop
  endfacet
  facet normal 0 0.22707626303437525 0.9738769792773332
    outer loop
      vertex 0 5.889417145876975 3.040889008453118
      vertex 18 5.889417145876975 3.040889008453118
      vertex 0 5.965891613580646 3.0230576635161235
    endloop
  endfacet
  facet normal 0 0.09801714032955919 0.995184726672197
    outer loop
      vertex 0 6.043368569335938 3.0102661663514274
      vertex 18 6.043368569335938 3.0102661663514274
      vertex 0 6.1215162449238285 3.0025692921136757
    endloop
  endfacet
  facet normal 0 0.03271908282177544 0.9994645874763658
    outer loop
      vertex 0 6.1215162449238285 3.0025692921136757
      vertex 18 6.1215162449238285 3.0025692921136757
      vertex 0 6.2 3
    endloop
  endfacet
  facet normal 0 0.29028467725446333 0.9569403357322086
    outer loop
      vertex 0 5.889417145876975 3.040889008453118
      vertex 0 5.814272641636206 3.0636838446058734
      vertex 18 5.814272641636206 3.0636838446058734
    endloop
  endfacet
  facet normal 0 0.35225004792122766 0.9359059267573279
    outer loop
      vertex 0 5.814272641636206 3.0636838446058734
      vertex 0 5.740779881161892 3.091344560986456
      vertex 18 5.740779881161892 3.091344560986456
    endloop
  endfacet
  facet normal 0 0 1
    outer loop
      vertex 0 6.2 3
      vertex 18 6.2 3
      vertex 0 35 3
    endloop
  endfacet
  facet normal 0 0.6343932841636503 0.773010453362733
    outer loop
      vertex 0 5.469486285189535 3.2479759916505175
      vertex 0 5.408785021879917 3.2977922310252272
      vertex 18 5.408785021879917 3.2977922310252272
    endloop
  endfacet
  facet normal 0 0.6835923020228715 0.7298640726978356
    outer loop
      vertex 0 5.408785021879917 3.2977922310252272
      vertex 0 5.351471862576143 3.351471862576143
      vertex 18 5.351471862576143 3.351471862576143
    endloop
  endfacet
  facet normal 0 0.7298640726978327 0.6835923020228744
    outer loop
      vertex 0 5.351471862576143 3.351471862576143
      vertex 0 5.297792231025227 3.4087850218799174
      vertex 18 5.297792231025227 3.4087850218799174
    endloop
  endfacet
  facet normal 0 0.7730104533627358 0.6343932841636469
    outer loop
      vertex 0 5.297792231025227 3.4087850218799174
      vertex 0 5.2479759916505175 3.469486285189535
      vertex 18 5.2479759916505175 3.469486285189535
    endloop
  endfacet
  facet normal 0 0.8819212643483577 0.47139673682599254
    outer loop
      vertex 0 5.160769515458673 3.6
      vertex 0 5.123752710160774 3.6692535717371983
      vertex 18 5.123752710160774 3.6692535717371983
    endloop
  endfacet
  facet normal 0 0.8128466845916203 0.5824776968677948
    outer loop
      vertex 0 5.2479759916505175 3.469486285189535
      vertex 0 5.202236465236946 3.5333157203764776
      vertex 18 5.202236465236946 3.5333157203764776
    endloop
  endfacet
  facet normal 0 0.8492021815265749 0.5280678506503744
    outer loop
      vertex 0 5.202236465236946 3.5333157203764776
      vertex 0 5.160769515458673 3.6
      vertex 18 5.160769515458673 3.6
    endloop
  endfacet
  facet normal 0 0.9108638249211745 0.4127070298043978
    outer loop
      vertex 0 5.123752710160774 3.6692535717371983
      vertex 0 5.091344560986456 3.740779881161892
      vertex 18 5.091344560986456 3.740779881161892
    endloop
  endfacet
  facet normal 0 0.9359059267573272 0.35225004792122955
    outer loop
      vertex 0 5.091344560986456 3.740779881161892
      vertex 0 5.063683844605873 3.8142726416362063
      vertex 18 5.063683844605873 3.8142726416362063
    endloop
  endfacet
  facet normal 0 0.9569403357322086 0.29028467725446333
    outer loop
      vertex 0 5.063683844605873 3.8142726416362063
      vertex 0 5.040889008453118 3.8894171458769753
      vertex 18 5.040889008453118 3.8894171458769753
    endloop
  endfacet
  facet normal 0 0.9738769792773332 0.22707626303437525
    outer loop
      vertex 0 5.040889008453118 3.8894171458769753
      vertex 0 5.0230576635161235 3.965891613580646
      vertex 18 5.0230576635161235 3.965891613580646
    endloop
  endfacet
  facet normal 0 0.9866433320848785 0.1628954733945909
    outer loop
      vertex 0 5.0230576635161235 3.965891613580646
      vertex 0 5.010266166351427 4.043368569335938
      vertex 18 5.010266166351427 4.043368569335938
    endloop
  endfacet
  facet normal 0 0.995184726672197 0.09801714032955919
    outer loop
      vertex 0 5.010266166351427 4.043368569335938
      vertex 0 5.002569292113676 4.1215162449238285
      vertex 18 5.002569292113676 4.1215162449238285
    endloop
  endfacet
  facet normal 0 0.9994645874763658 0.03271908282177544
    outer loop
      vertex 0 5.002569292113676 4.1215162449238285
      vertex 0 5 4.2
      vertex 18 5 4.2
    endloop
  endfacet
  facet normal -1 0 0
    outer loop
      vertex 0 5 4.2
      vertex 0 0 7
      vertex 0 0 13
    endloop
  endfacet
  facet normal -1 0 0
    outer loop
      vertex 0 5 4.2
      vertex 0 0 13
      vertex 0 5 13
    endloop
  endfacet
  facet normal 0 -0.9951847266721969 0.09801714032955963
    outer loop
      vertex 0 -0.025665415878568965 6.608421423339845
      vertex 18 -0.025665415878568965 6.608421423339845
      vertex 0 -0.006423230284189785 6.803790612309571
    endloop
  endfacet
  facet normal 0 -0.9994645874763657 0.032719082821777774
    outer loop
      vertex 0 -0.006423230284189785 6.803790612309571
      vertex 18 -0.006423230284189785 6.803790612309571
      vertex 0 0 7
    endloop
  endfacet
  facet normal 0 -1 0
    outer loop
      vertex 0 0 7
      vertex 18 0 7
      vertex 0 0 13
    endloop
  endfacet
  facet normal 0 0 1
    outer loop
      vertex 0 0 13
      vertex 18 0 13
      vertex 0 5 13
    endloop
  endfacet
  facet normal 0 1 0
    outer loop
      vertex 0 5 4.2
      vertex 0 5 13
      vertex 18 5 13
    endloop
  endfacet
  facet normal -1 0 0
    outer loop
      vertex 0 0 0
      vertex 0 35 3
      vertex 0 41.2 0
    endloop
  endfacet
  facet normal -1 0 0
    outer loop
      vertex 0 35 3
      vertex 0 35.07848375507617 3.0025692921136757
      vertex 0 41.2 0
    endloop
  endfacet
  facet normal -1 0 0
    outer loop
      vertex 0 35.07848375507617 3.0025692921136757
      vertex 0 35.15663143066406 3.0102661663514274
      vertex 0 41.2 0
    endloop
  endfacet
  facet normal -1 0 0
    outer loop
      vertex 0 35.15663143066406 3.0102661663514274
      vertex 0 35.23410838641935 3.0230576635161235
      vertex 0 41.2 0
    endloop
  endfacet
  facet normal -1 0 0
    outer loop
      vertex 0 35.23410838641935 3.0230576635161235
      vertex 0 35.31058285412303 3.040889008453118
      vertex 0 41.2 0
    endloop
  endfacet
  facet normal -1 0 0
    outer loop
      vertex 0 35.31058285412303 3.040889008453118
      vertex 0 35.385727358363795 3.0636838446058734
      vertex 0 41.2 0
    endloop
  endfacet
  facet normal -1 0 0
    outer loop
      vertex 0 35.385727358363795 3.0636838446058734
      vertex 0 35.459220118838104 3.091344560986456
      vertex 0 41.2 0
    endloop
  endfacet
  facet normal -1 0 0
    outer loop
      vertex 0 35.459220118838104 3.091344560986456
      vertex 0 35.5307464282628 3.1237527101607743
      vertex 0 41.2 0
    endloop
  endfacet
  facet normal -1 0 0
    outer loop
      vertex 0 35.5307464282628 3.1237527101607743
      vertex 0 35.6 3.1607695154586737
      vertex 0 41.2 0
    endloop
  endfacet
  facet normal -1 0 0
    outer loop
      vertex 0 35.6 3.1607695154586737
      vertex 0 35.666684279623524 3.202236465236946
      vertex 0 41.2 0
    endloop
  endfacet
  facet normal -1 0 0
    outer loop
      vertex 0 35.666684279623524 3.202236465236946
      vertex 0 35.73051371481046 3.2479759916505175
      vertex 0 41.2 0
    endloop
  endfacet
  facet normal -1 0 0
    outer loop
      vertex 0 35.73051371481046 3.2479759916505175
      vertex 0 35.79121497812008 3.2977922310252272
      vertex 0 41.2 0
    endloop
  endfacet
  facet normal -1 0 0
    outer loop
      vertex 0 35.79121497812008 3.2977922310252272
      vertex 0 35.848528137423855 3.351471862576143
      vertex 0 41.2 0
    endloop
  endfacet
  facet normal -1 0 0
    outer loop
      vertex 0 35.848528137423855 3.351471862576143
      vertex 0 35.902207768974776 3.4087850218799174
      vertex 0 41.2 0
    endloop
  endfacet
  facet normal -1 0 0
    outer loop
      vertex 0 35.902207768974776 3.4087850218799174
      vertex 0 35.95202400834948 3.469486285189535
      vertex 0 41.2 0
    endloop
  endfacet
  facet normal -1 0 0
    outer loop
      vertex 0 35.95202400834948 3.469486285189535
      vertex 0 35.99776353476305 3.5333157203764776
      vertex 0 41.2 0
    endloop
  endfacet
  facet normal -1 0 0
    outer loop
      vertex 0 35.99776353476305 3.5333157203764776
      vertex 0 36.03923048454133 3.6
      vertex 0 41.2 0
    endloop
  endfacet
  facet normal -1 0 0
    outer loop
      vertex 0 36.03923048454133 3.6
      vertex 0 36.07624728983923 3.6692535717371983
      vertex 0 41.2 0
    endloop
  endfacet
  facet normal -1 0 0
    outer loop
      vertex 0 36.07624728983923 3.6692535717371983
      vertex 0 36.108655439013546 3.740779881161892
      vertex 0 41.2 0
    endloop
  endfacet
  facet normal -1 0 0
    outer loop
      vertex 0 36.108655439013546 3.740779881161892
      vertex 0 36.13631615539413 3.8142726416362063
      vertex 0 41.2 0
    endloop
  endfacet
  facet normal -1 0 0
    outer loop
      vertex 0 36.13631615539413 3.8142726416362063
      vertex 0 36.15911099154688 3.8894171458769753
      vertex 0 41.2 0
    endloop
  endfacet
  facet normal -1 0 0
    outer loop
      vertex 0 36.15911099154688 3.8894171458769753
      vertex 0 36.176942336483876 3.965891613580646
      vertex 0 41.2 0
    endloop
  endfacet
  facet normal -1 0 0
    outer loop
      vertex 0 36.176942336483876 3.965891613580646
      vertex 0 36.189733833648575 4.043368569335938
      vertex 0 41.2 0
    endloop
  endfacet
  facet normal -1 0 0
    outer loop
      vertex 0 36.189733833648575 4.043368569335938
      vertex 0 36.197430707886326 4.1215162449238285
      vertex 0 41.2 0
    endloop
  endfacet
  facet normal -1 0 0
    outer loop
      vertex 0 36.197430707886326 4.1215162449238285
      vertex 0 36.2 4.2
      vertex 0 41.2 0
    endloop
  endfacet
  facet normal -1 0 0
    outer loop
      vertex 0 36.2 4.2
      vertex 0 36.2 13
      vertex 0 41.2 0
    endloop
  endfacet
  facet normal -1 0 0
    outer loop
      vertex 0 41.2 0
      vertex 0 41.2 4
      vertex 0 44.2 4
    endloop
  endfacet
  facet normal -1 0 0
    outer loop
      vertex 0 41.2 0
      vertex 0 44.2 4
      vertex 0 57.2 4
    endloop
  endfacet
  facet normal -1 0 0
    outer loop
      vertex 0 41.2 0
      vertex 0 57.2 4
      vertex 0 57.2 0
    endloop
  endfacet
  facet normal 0 0 -1
    outer loop
      vertex 0 41.2 0
      vertex 0 57.2 0
      vertex 6.159209611514683 48.235681604090516 0
    endloop
  endfacet
  facet normal 0 0 -1
    outer loop
      vertex 0 41.2 0
      vertex 6.22836140246614 48.051949702904736 0
      vertex 6.309381775401935 47.873133929343 0
    endloop
  endfacet
  facet normal 0 0 -1
    outer loop
      vertex 0 41.2 0
      vertex 6.309381775401935 47.873133929343 0
      vertex 6.401923788646684 47.7 0
    endloop
  endfacet
  facet normal 0 0 -1
    outer loop
      vertex 0 41.2 0
      vertex 6.401923788646684 47.7 0
      vertex 6.505591163092364 47.5332893009412 0
    endloop
  endfacet
  facet normal 0 0 -1
    outer loop
      vertex 0 41.2 0
      vertex 6.505591163092364 47.5332893009412 0
      vertex 6.619939979126294 47.37371571297384 0
    endloop
  endfacet
  facet normal 0 0 -1
    outer loop
      vertex 0 41.2 0
      vertex 6.619939979126294 47.37371571297384 0
      vertex 6.744480577563068 47.22196255469979 0
    endloop
  endfacet
  facet normal 0 0 -1
    outer loop
      vertex 0 41.2 0
      vertex 6.159209611514683 48.235681604090516 0
      vertex 6.22836140246614 48.051949702904736 0
    endloop
  endfacet
  facet normal 0 0 -1
    outer loop
      vertex 0 57.2 0
      vertex 6.057644158790309 48.61472903395162 0
      vertex 6.102222521132795 48.42354286469244 0
    endloop
  endfacet
  facet normal 0 0 -1
    outer loop
      vertex 0 57.2 0
      vertex 6.102222521132795 48.42354286469244 0
      vertex 6.159209611514683 48.235681604090516 0
    endloop
  endfacet
  facet normal 0 0 -1
    outer loop
      vertex 0 57.2 0
      vertex 6 49.2 0
      vertex 6.00642323028419 49.00379061230957 0
    endloop
  endfacet
  facet normal 0 0 -1
    outer loop
      vertex 0 57.2 0
      vertex 6.00642323028419 49.39620938769043 0
      vertex 6 49.2 0
    endloop
  endfacet
  facet normal 0 0 -1
    outer loop
      vertex 0 57.2 0
      vertex 6.025665415878569 48.80842142333985 0
      vertex 6.057644158790309 48.61472903395162 0
    endloop
  endfacet
  facet normal 0 0 -1
    outer loop
      vertex 0 57.2 0
      vertex 6.00642323028419 49.00379061230957 0
      vertex 6.025665415878569 48.80842142333985 0
    endloop
  endfacet
  facet normal 0 0 -1
    outer loop
      vertex 0 57.2 0
      vertex 6.025665415878569 49.591578576660154 0
      vertex 6.00642323028419 49.39620938769043 0
    endloop
  endfacet
  facet normal 0 0 -1
    outer loop
      vertex 0 57.2 0
      vertex 6.057644158790309 49.78527096604839 0
      vertex 6.025665415878569 49.591578576660154 0
    endloop
  endfacet
  facet normal 0 0 -1
    outer loop
      vertex 0 57.2 0
      vertex 6.102222521132795 49.97645713530756 0
      vertex 6.057644158790309 49.78527096604839 0
    endloop
  endfacet
  facet normal 0 0 -1
    outer loop
      vertex 0 57.2 0
      vertex 6.159209611514683 50.16431839590949 0
      vertex 6.102222521132795 49.97645713530756 0
    endloop
  endfacet
  facet normal 0 0 -1
    outer loop
      vertex 0 57.2 0
      vertex 6.22836140246614 50.34805029709527 0
      vertex 6.159209611514683 50.16431839590949 0
    endloop
  endfacet
  facet normal 0 0 -1
    outer loop
      vertex 0 57.2 0
      vertex 6.309381775401935 50.52686607065701 0
      vertex 6.22836140246614 50.34805029709527 0
    endloop
  endfacet
  facet normal 0 0 -1
    outer loop
      vertex 0 57.2 0
      vertex 6.401923788646684 50.7 0
      vertex 6.309381775401935 50.52686607065701 0
    endloop
  endfacet
  facet normal 0 0 -1
    outer loop
      vertex 0 57.2 0
      vertex 6.505591163092364 50.86671069905881 0
      vertex 6.401923788646684 50.7 0
    endloop
  endfacet
  facet normal 0 0 -1
    outer loop
      vertex 0 57.2 0
      vertex 6.619939979126294 51.026284287026165 0
      vertex 6.505591163092364 50.86671069905881 0
    endloop
  endfacet
  facet normal 0 0 -1
    outer loop
      vertex 0 57.2 0
      vertex 6.744480577563068 51.17803744530021 0
      vertex 6.619939979126294 51.026284287026165 0
    endloop
  endfacet
  facet normal -1 0 0
    outer loop
      vertex 0 41.2 4
      vertex 0 43.42354286469244 4.102222521132795
      vertex 0 43.61472903395162 4.057644158790309
    endloop
  endfacet
  facet normal -1 0 0
    outer loop
      vertex 0 41.2 4
      vertex 0 43.61472903395162 4.057644158790309
      vertex 0 43.80842142333985 4.025665415878569
    endloop
  endfacet
  facet normal -1 0 0
    outer loop
      vertex 0 41.2 4
      vertex 0 43.80842142333985 4.025665415878569
      vertex 0 44.00379061230957 4.00642323028419
    endloop
  endfacet
  facet normal -1 0 0
    outer loop
      vertex 0 41.2 4
      vertex 0 44.00379061230957 4.00642323028419
      vertex 0 44.2 4
    endloop
  endfacet
  facet normal -1 0 0
    outer loop
      vertex 0 41.2 4
      vertex 0 42.7 4.401923788646684
      vertex 0 42.873133929343 4.309381775401935
    endloop
  endfacet
  facet normal -1 0 0
    outer loop
      vertex 0 41.2 4
      vertex 0 42.5332893009412 4.505591163092364
      vertex 0 42.7 4.401923788646684
    endloop
  endfacet
  facet normal -1 0 0
    outer loop
      vertex 0 41.2 4
      vertex 0 42.37371571297384 4.619939979126294
      vertex 0 42.5332893009412 4.505591163092364
    endloop
  endfacet
  facet normal -1 0 0
    outer loop
      vertex 0 41.2 4
      vertex 0 42.22196255469979 4.744480577563068
      vertex 0 42.37371571297384 4.619939979126294
    endloop
  endfacet
  facet normal -1 0 0
    outer loop
      vertex 0 41.2 4
      vertex 0 43.051949702904736 4.22836140246614
      vertex 0 43.235681604090516 4.159209611514683
    endloop
  endfacet
  facet normal -1 0 0
    outer loop
      vertex 0 41.2 4
      vertex 0 43.235681604090516 4.159209611514683
      vertex 0 43.42354286469244 4.102222521132795
    endloop
  endfacet
  facet normal -1 0 0
    outer loop
      vertex 0 41.2 4
      vertex 0 42.873133929343 4.309381775401935
      vertex 0 43.051949702904736 4.22836140246614
    endloop
  endfacet
  facet normal -1 0 0
    outer loop
      vertex 0 41.2 4
      vertex 0 41.94448057756307 5.021962554699794
      vertex 0 42.07867965644036 4.878679656440356
    endloop
  endfacet
  facet normal -1 0 0
    outer loop
      vertex 0 41.2 4
      vertex 0 42.07867965644036 4.878679656440356
      vertex 0 42.22196255469979 4.744480577563068
    endloop
  endfacet
  facet normal -1 0 0
    outer loop
      vertex 0 41.2 4
      vertex 0 41.819939979126296 5.173715712973838
      vertex 0 41.94448057756307 5.021962554699794
    endloop
  endfacet
  facet normal -1 0 0
    outer loop
      vertex 0 41.2 4
      vertex 0 41.705591163092365 5.3332893009411935
      vertex 0 41.819939979126296 5.173715712973838
    endloop
  endfacet
  facet normal -1 0 0
    outer loop
      vertex 0 41.2 0
      vertex 0 36.2 13
      vertex 0 41.2 4
    endloop
  endfacet
  facet normal -1 0 0
    outer loop
      vertex 0 41.2 4
      vertex 0 41.60192378864669 5.5
      vertex 0 41.705591163092365 5.3332893009411935
    endloop
  endfacet
  facet normal -1 0 0
    outer loop
      vertex 0 41.2 4
      vertex 0 41.50938177540194 5.673133929342996
      vertex 0 41.60192378864669 5.5
    endloop
  endfacet
  facet normal -1 0 0
    outer loop
      vertex 0 41.2 4
      vertex 0 41.428361402466145 5.851949702904731
      vertex 0 41.50938177540194 5.673133929342996
    endloop
  endfacet
  facet normal -1 0 0
    outer loop
      vertex 0 41.2 4
      vertex 0 41.359209611514686 6.035681604090515
      vertex 0 41.428361402466145 5.851949702904731
    endloop
  endfacet
  facet normal -1 0 0
    outer loop
      vertex 0 41.2 4
      vertex 0 41.3022225211328 6.223542864692438
      vertex 0 41.359209611514686 6.035681604090515
    endloop
  endfacet
  facet normal -1 0 0
    outer loop
      vertex 0 41.2 4
      vertex 0 41.25764415879031 6.414729033951615
      vertex 0 41.3022225211328 6.223542864692438
    endloop
  endfacet
  facet normal -1 0 0
    outer loop
      vertex 0 41.2 4
      vertex 0 41.225665415878574 6.608421423339845
      vertex 0 41.25764415879031 6.414729033951615
    endloop
  endfacet
  facet normal -1 0 0
    outer loop
      vertex 0 41.2 4
      vertex 0 41.206423230284194 6.803790612309571
      vertex 0 41.225665415878574 6.608421423339845
    endloop
  endfacet
  facet normal -1 0 0
    outer loop
      vertex 0 41.2 4
      vertex 0 41.2 7
      vertex 0 41.206423230284194 6.803790612309571
    endloop
  endfacet
  facet normal 0 0 1
    outer loop
      vertex 0 44.2 4
      vertex 4.677008802980371 48.63086741186404 4
      vertex 0 57.2 4
    endloop
  endfacet
  facet normal 0 0 1
    outer loop
      vertex 0 44.2 4
      vertex 4.788279301548401 48.071472840104455 4
      vertex 4.723487711182973 48.34934881650321 4
    endloop
  endfacet
  facet normal 0 0 1
    outer loop
      vertex 0 44.2 4
      vertex 4.871106126539724 47.79842939025901 4
      vertex 4.788279301548401 48.071472840104455 4
    endloop
  endfacet
  facet normal 0 0 1
    outer loop
      vertex 0 44.2 4
      vertex 5.089371060817029 47.27149122573627 4
      vertex 4.971613508976522 47.53138768093752 4
    endloop
  endfacet
  facet normal 0 0 1
    outer loop
      vertex 0 44.2 4
      vertex 4.971613508976522 47.53138768093752 4
      vertex 4.871106126539724 47.79842939025901 4
    endloop
  endfacet
  facet normal 0 0 1
    outer loop
      vertex 0 44.2 4
      vertex 4.723487711182973 48.34934881650321 4
      vertex 4.677008802980371 48.63086741186404 4
    endloop
  endfacet
  facet normal 0 0 1
    outer loop
      vertex 0 44.2 4
      vertex 5.721757310036518 46.325058320923965 4
      vertex 5.540746097112482 46.54562112204287 4
    endloop
  endfacet
  facet normal 0 0 1
    outer loop
      vertex 0 44.2 4
      vertex 5.91680646144395 46.11680646144396 4
      vertex 5.721757310036518 46.325058320923965 4
    endloop
  endfacet
  facet normal 0 0 1
    outer loop
      vertex 0 44.2 4
      vertex 5.223874526145793 47.019852941176474 4
      vertex 5.089371060817029 47.27149122573627 4
    endloop
  endfacet
  facet normal 0 0 1
    outer loop
      vertex 0 44.2 4
      vertex 5.3745479404749315 46.777550381024824 4
      vertex 5.223874526145793 47.019852941176474 4
    endloop
  endfacet
  facet normal 0 0 1
    outer loop
      vertex 0 44.2 4
      vertex 5.540746097112482 46.54562112204287 4
      vertex 5.3745479404749315 46.777550381024824 4
    endloop
  endfacet
  facet normal 0 0 1
    outer loop
      vertex 0 44.2 4
      vertex 6.125058320923964 45.92175731003652 4
      vertex 5.91680646144395 46.11680646144396 4
    endloop
  endfacet
  facet normal 0 0 1
    outer loop
      vertex 0 44.2 4
      vertex 6.345621122042857 45.740746097112485 4
      vertex 6.125058320923964 45.92175731003652 4
    endloop
  endfacet
  facet normal 0 0 1
    outer loop
      vertex 0 44.2 4
      vertex 6.577550381024824 45.574547940474936 4
      vertex 6.345621122042857 45.740746097112485 4
    endloop
  endfacet
  facet normal 0 0 1
    outer loop
      vertex 0 44.2 4
      vertex 6.819852941176471 45.423874526145795 4
      vertex 6.577550381024824 45.574547940474936 4
    endloop
  endfacet
  facet normal 0 0 1
    outer loop
      vertex 0 57.2 4
      vertex 4.677008802980371 48.63086741186404 4
      vertex 4.64904160676109 48.9148231203421 4
    endloop
  endfacet
  facet normal 0 0 1
    outer loop
      vertex 0 57.2 4
      vertex 4.64904160676109 48.9148231203421 4
      vertex 4.639705882352941 49.2 4
    endloop
  endfacet
  facet normal 0 0 1
    outer loop
      vertex 0 57.2 4
      vertex 4.639705882352941 49.2 4
      vertex 4.64904160676109 49.48517687965791 4
    endloop
  endfacet
  facet normal 0 0 1
    outer loop
      vertex 0 57.2 4
      vertex 4.64904160676109 49.48517687965791 4
      vertex 4.677008802980371 49.76913258813597 4
    endloop
  endfacet
  facet normal 0 0 1
    outer loop
      vertex 0 57.2 4
      vertex 4.677008802980371 49.76913258813597 4
      vertex 4.723487711182973 50.0506511834968 4
    endloop
  endfacet
  facet normal 0 0 1
    outer loop
      vertex 0 57.2 4
      vertex 4.723487711182973 50.0506511834968 4
      vertex 4.788279301548401 50.32852715989555 4
    endloop
  endfacet
  facet normal 0 0 1
    outer loop
      vertex 0 57.2 4
      vertex 4.788279301548401 50.32852715989555 4
      vertex 4.871106126539723 50.601570609740996 4
    endloop
  endfacet
  facet normal 0 0 1
    outer loop
      vertex 0 57.2 4
      vertex 4.871106126539723 50.601570609740996 4
      vertex 4.971613508976522 50.868612319062485 4
    endloop
  endfacet
  facet normal 0 0 1
    outer loop
      vertex 0 57.2 4
      vertex 4.971613508976522 50.868612319062485 4
      vertex 5.089371060817029 51.128508774263736 4
    endloop
  endfacet
  facet normal 0 0 1
    outer loop
      vertex 0 57.2 4
      vertex 5.089371060817029 51.128508774263736 4
      vertex 5.223874526145793 51.38014705882353 4
    endloop
  endfacet
  facet normal 0 0 1
    outer loop
      vertex 0 57.2 4
      vertex 5.223874526145793 51.38014705882353 4
      vertex 5.3745479404749315 51.62244961897518 4
    endloop
  endfacet
  facet normal 0 0 1
    outer loop
      vertex 0 57.2 4
      vertex 5.3745479404749315 51.62244961897518 4
      vertex 5.540746097112482 51.85437887795714 4
    endloop
  endfacet
  facet normal 0 0 1
    outer loop
      vertex 0 57.2 4
      vertex 5.540746097112482 51.85437887795714 4
      vertex 5.721757310036518 52.07494167907604 4
    endloop
  endfacet
  facet normal 0 0 1
    outer loop
      vertex 0 57.2 4
      vertex 5.721757310036518 52.07494167907604 4
      vertex 5.91680646144395 52.28319353855605 4
    endloop
  endfacet
  facet normal 0 0 1
    outer loop
      vertex 0 57.2 4
      vertex 5.91680646144395 52.28319353855605 4
      vertex 6.125058320923964 52.47824268996349 4
    endloop
  endfacet
  facet normal 0 0 1
    outer loop
      vertex 0 57.2 4
      vertex 6.125058320923964 52.47824268996349 4
      vertex 6.345621122042857 52.65925390288752 4
    endloop
  endfacet
  facet normal 0 0 1
    outer loop
      vertex 0 57.2 4
      vertex 6.345621122042857 52.65925390288752 4
      vertex 6.577550381024824 52.82545205952507 4
    endloop
  endfacet
  facet normal 0 0 1
    outer loop
      vertex 0 57.2 4
      vertex 6.577550381024824 52.82545205952507 4
      vertex 6.819852941176471 52.97612547385421 4
    endloop
  endfacet
  facet normal 0 0 -1
    outer loop
      vertex 0 0 0
      vertex 0 41.2 0
      vertex 18 41.2 0
    endloop
  endfacet
  facet normal 0 -0.032719082821775804 0.9994645874763656
    outer loop
      vertex 0 35 3
      vertex 18 35 3
      vertex 0 35.07848375507617 3.0025692921136757
    endloop
  endfacet
  facet normal 0 -0.09801714032955698 0.9951847266721973
    outer loop
      vertex 0 35.07848375507617 3.0025692921136757
      vertex 18 35.07848375507617 3.0025692921136757
      vertex 0 35.15663143066406 3.0102661663514274
    endloop
  endfacet
  facet normal 0 -0.1628954733946 0.9866433320848772
    outer loop
      vertex 0 35.15663143066406 3.0102661663514274
      vertex 18 35.15663143066406 3.0102661663514274
      vertex 0 35.23410838641935 3.0230576635161235
    endloop
  endfacet
  facet normal 0 -0.22707626303436027 0.9738769792773367
    outer loop
      vertex 0 35.23410838641935 3.0230576635161235
      vertex 18 35.23410838641935 3.0230576635161235
      vertex 0 35.31058285412303 3.040889008453118
    endloop
  endfacet
  facet normal 0 -0.2902846772544665 0.9569403357322077
    outer loop
      vertex 0 35.31058285412303 3.040889008453118
      vertex 18 35.31058285412303 3.040889008453118
      vertex 0 35.385727358363795 3.0636838446058734
    endloop
  endfacet
  facet normal 0 -0.3522500479212501 0.9359059267573195
    outer loop
      vertex 0 35.385727358363795 3.0636838446058734
      vertex 18 35.385727358363795 3.0636838446058734
      vertex 0 35.459220118838104 3.091344560986456
    endloop
  endfacet
  facet normal 0 -0.4127070298043787 0.9108638249211831
    outer loop
      vertex 0 35.459220118838104 3.091344560986456
      vertex 18 35.459220118838104 3.091344560986456
      vertex 0 35.5307464282628 3.1237527101607743
    endloop
  endfacet
  facet normal 0 -0.4713967368259899 0.8819212643483592
    outer loop
      vertex 0 35.5307464282628 3.1237527101607743
      vertex 18 35.5307464282628 3.1237527101607743
      vertex 0 35.6 3.1607695154586737
    endloop
  endfacet
  facet normal 0 -0.5280678506503678 0.849202181526579
    outer loop
      vertex 0 35.6 3.1607695154586737
      vertex 18 35.6 3.1607695154586737
      vertex 0 35.666684279623524 3.202236465236946
    endloop
  endfacet
  facet normal 0 -0.5824776968678163 0.812846684591605
    outer loop
      vertex 0 35.666684279623524 3.202236465236946
      vertex 18 35.666684279623524 3.202236465236946
      vertex 0 35.73051371481046 3.2479759916505175
    endloop
  endfacet
  facet normal 0 -0.6343932841636503 0.773010453362733
    outer loop
      vertex 0 35.73051371481046 3.2479759916505175
      vertex 18 35.73051371481046 3.2479759916505175
      vertex 0 35.79121497812008 3.2977922310252272
    endloop
  endfacet
  facet normal 0 -0.6835923020228715 0.7298640726978356
    outer loop
      vertex 0 35.79121497812008 3.2977922310252272
      vertex 18 35.79121497812008 3.2977922310252272
      vertex 0 35.848528137423855 3.351471862576143
    endloop
  endfacet
  facet normal 0 -0.7298640726978045 0.6835923020229046
    outer loop
      vertex 0 35.848528137423855 3.351471862576143
      vertex 18 35.848528137423855 3.351471862576143
      vertex 0 35.902207768974776 3.4087850218799174
    endloop
  endfacet
  facet normal 0 -0.7730104533627524 0.6343932841636266
    outer loop
      vertex 0 35.902207768974776 3.4087850218799174
      vertex 18 35.902207768974776 3.4087850218799174
      vertex 0 35.95202400834948 3.469486285189535
    endloop
  endfacet
  facet normal 0 -0.8128466845916311 0.58247769686778
    outer loop
      vertex 0 35.95202400834948 3.469486285189535
      vertex 18 35.95202400834948 3.469486285189535
      vertex 0 35.99776353476305 3.5333157203764776
    endloop
  endfacet
  facet normal 0 -0.8492021815265597 0.5280678506503989
    outer loop
      vertex 0 35.99776353476305 3.5333157203764776
      vertex 18 35.99776353476305 3.5333157203764776
      vertex 0 36.03923048454133 3.6
    endloop
  endfacet
  facet normal 0 -0.881921264348339 0.4713967368260278
    outer loop
      vertex 0 36.03923048454133 3.6
      vertex 18 36.03923048454133 3.6
      vertex 0 36.07624728983923 3.6692535717371983
    endloop
  endfacet
  facet normal 0 -0.9108638249211872 0.41270702980436963
    outer loop
      vertex 0 36.07624728983923 3.6692535717371983
      vertex 18 36.07624728983923 3.6692535717371983
      vertex 0 36.108655439013546 3.740779881161892
    endloop
  endfacet
  facet normal 0 -0.9359059267573345 0.3522500479212097
    outer loop
      vertex 0 36.108655439013546 3.740779881161892
      vertex 18 36.108655439013546 3.740779881161892
      vertex 0 36.13631615539413 3.8142726416362063
    endloop
  endfacet
  facet normal 0 -0.9569403357322086 0.29028467725446333
    outer loop
      vertex 0 36.13631615539413 3.8142726416362063
      vertex 18 36.13631615539413 3.8142726416362063
      vertex 0 36.15911099154688 3.8894171458769753
    endloop
  endfacet
  facet normal 0 -0.9738769792773356 0.2270762630343645
    outer loop
      vertex 0 36.15911099154688 3.8894171458769753
      vertex 18 36.15911099154688 3.8894171458769753
      vertex 0 36.176942336483876 3.965891613580646
    endloop
  endfacet
  facet normal 0 -0.9866433320848731 0.16289547339462393
    outer loop
      vertex 0 36.176942336483876 3.965891613580646
      vertex 18 36.176942336483876 3.965891613580646
      vertex 0 36.189733833648575 4.043368569335938
    endloop
  endfacet
  facet normal 0 -0.995184726672197 0.09801714032955919
    outer loop
      vertex 0 36.189733833648575 4.043368569335938
      vertex 18 36.189733833648575 4.043368569335938
      vertex 0 36.197430707886326 4.1215162449238285
    endloop
  endfacet
  facet normal 0 -0.9994645874763652 0.03271908282178674
    outer loop
      vertex 0 36.197430707886326 4.1215162449238285
      vertex 18 36.197430707886326 4.1215162449238285
      vertex 0 36.2 4.2
    endloop
  endfacet
  facet normal 0 0 -1
    outer loop
      vertex 0 41.2 0
      vertex 6.744480577563068 47.22196255469979 0
      vertex 6.878679656440357 47.07867965644036 0
    endloop
  endfacet
  facet normal 0 0 -1
    outer loop
      vertex 0 41.2 0
      vertex 6.878679656440357 47.07867965644036 0
      vertex 7.021962554699794 46.94448057756307 0
    endloop
  endfacet
  facet normal 0 0 -1
    outer loop
      vertex 0 41.2 0
      vertex 7.021962554699794 46.94448057756307 0
      vertex 7.173715712973838 46.819939979126296 0
    endloop
  endfacet
  facet normal 0 0 -1
    outer loop
      vertex 0 41.2 0
      vertex 7.173715712973838 46.819939979126296 0
      vertex 7.3332893009411935 46.705591163092365 0
    endloop
  endfacet
  facet normal 0 0 -1
    outer loop
      vertex 0 41.2 0
      vertex 7.3332893009411935 46.705591163092365 0
      vertex 7.5 46.60192378864669 0
    endloop
  endfacet
  facet normal 0 0 -1
    outer loop
      vertex 0 41.2 0
      vertex 7.5 46.60192378864669 0
      vertex 7.673133929342996 46.50938177540194 0
    endloop
  endfacet
  facet normal 0 0 -1
    outer loop
      vertex 0 41.2 0
      vertex 7.673133929342996 46.50938177540194 0
      vertex 7.851949702904731 46.428361402466145 0
    endloop
  endfacet
  facet normal 0 0 -1
    outer loop
      vertex 0 41.2 0
      vertex 7.851949702904731 46.428361402466145 0
      vertex 8.035681604090515 46.359209611514686 0
    endloop
  endfacet
  facet normal 0 0 -1
    outer loop
      vertex 0 41.2 0
      vertex 8.223542864692437 46.3022225211328 0
      vertex 8.414729033951616 46.25764415879031 0
    endloop
  endfacet
  facet normal 0 0 -1
    outer loop
      vertex 0 41.2 0
      vertex 8.035681604090515 46.359209611514686 0
      vertex 8.223542864692437 46.3022225211328 0
    endloop
  endfacet
  facet normal 0 0 -1
    outer loop
      vertex 0 41.2 0
      vertex 8.414729033951616 46.25764415879031 0
      vertex 8.608421423339845 46.225665415878574 0
    endloop
  endfacet
  facet normal 0 0 -1
    outer loop
      vertex 0 41.2 0
      vertex 8.608421423339845 46.225665415878574 0
      vertex 8.803790612309571 46.206423230284194 0
    endloop
  endfacet
  facet normal 0 0 -1
    outer loop
      vertex 0 41.2 0
      vertex 8.803790612309571 46.206423230284194 0
      vertex 9 46.2 0
    endloop
  endfacet
  facet normal 0 0 -1
    outer loop
      vertex 0 41.2 0
      vertex 9 46.2 0
      vertex 9.196209387690429 46.206423230284194 0
    endloop
  endfacet
  facet normal 0 0 -1
    outer loop
      vertex 0 41.2 0
      vertex 9.196209387690429 46.206423230284194 0
      vertex 9.391578576660155 46.225665415878574 0
    endloop
  endfacet
  facet normal 0 0 -1
    outer loop
      vertex 0 41.2 0
      vertex 9.391578576660155 46.225665415878574 0
      vertex 9.585270966048384 46.25764415879031 0
    endloop
  endfacet
  facet normal 0 0 -1
    outer loop
      vertex 0 41.2 0
      vertex 9.585270966048384 46.25764415879031 0
      vertex 9.776457135307563 46.3022225211328 0
    endloop
  endfacet
  facet normal 0 0 -1
    outer loop
      vertex 0 41.2 0
      vertex 9.776457135307563 46.3022225211328 0
      vertex 9.964318395909485 46.359209611514686 0
    endloop
  endfacet
  facet normal 0 0 -1
    outer loop
      vertex 0 41.2 0
      vertex 9.964318395909485 46.359209611514686 0
      vertex 10.148050297095269 46.428361402466145 0
    endloop
  endfacet
  facet normal 0.9108638249211796 0.41270702980438667 0
    outer loop
      vertex 6.22836140246614 48.051949702904736 0.20000000000000004
      vertex 6.309381775401935 47.873133929343 0
      vertex 6.22836140246614 48.051949702904736 0
    endloop
  endfacet
  facet normal 0.9108638249211796 0.41270702980438667 0
    outer loop
      vertex 6.22836140246614 48.051949702904736 0.20000000000000004
      vertex 6.309381775401935 47.873133929343 0.20000000000000004
      vertex 6.309381775401935 47.873133929343 0
    endloop
  endfacet
  facet normal 0.8819212643483537 0.471396736826 0
    outer loop
      vertex 6.309381775401935 47.873133929343 0.20000000000000004
      vertex 6.401923788646684 47.7 0
      vertex 6.309381775401935 47.873133929343 0
    endloop
  endfacet
  facet normal 0.8492021815265746 0.5280678506503751 0
    outer loop
      vertex 6.401923788646684 47.7 0.20000000000000004
      vertex 6.505591163092364 47.5332893009412 0
      vertex 6.401923788646684 47.7 0
    endloop
  endfacet
  facet normal 0.8819212643483537 0.471396736826 0
    outer loop
      vertex 6.309381775401935 47.873133929343 0.20000000000000004
      vertex 6.401923788646684 47.7 0.20000000000000004
      vertex 6.401923788646684 47.7 0
    endloop
  endfacet
  facet normal 0.8128466845916213 0.5824776968677935 0
    outer loop
      vertex 6.619939979126294 47.37371571297384 0.20000000000000004
      vertex 6.619939979126294 47.37371571297384 0
      vertex 6.505591163092364 47.5332893009412 0.20000000000000004
    endloop
  endfacet
  facet normal 0.8128466845916213 0.5824776968677935 0
    outer loop
      vertex 6.505591163092364 47.5332893009412 0.20000000000000004
      vertex 6.619939979126294 47.37371571297384 0
      vertex 6.505591163092364 47.5332893009412 0
    endloop
  endfacet
  facet normal 0.8492021815265746 0.5280678506503751 0
    outer loop
      vertex 6.401923788646684 47.7 0.20000000000000004
      vertex 6.505591163092364 47.5332893009412 0.20000000000000004
      vertex 6.505591163092364 47.5332893009412 0
    endloop
  endfacet
  facet normal 0.7730104533627419 0.6343932841636394 0
    outer loop
      vertex 6.619939979126294 47.37371571297384 0.20000000000000004
      vertex 6.744480577563068 47.22196255469979 0
      vertex 6.619939979126294 47.37371571297384 0
    endloop
  endfacet
  facet normal 0.7730104533627419 0.6343932841636394 0
    outer loop
      vertex 6.619939979126294 47.37371571297384 0.20000000000000004
      vertex 6.744480577563068 47.22196255469979 0.20000000000000004
      vertex 6.744480577563068 47.22196255469979 0
    endloop
  endfacet
  facet normal 0.7231241455979402 0.38651790849700973 0.5724468328712685
    outer loop
      vertex 7.094145424243037 48.26013653328462 0.7999999999999998
      vertex 5.089371060817029 47.27149122573627 4
      vertex 7.159696016958068 48.1375 0.7999999999999998
    endloop
  endfacet
  facet normal 0.6962964005750091 0.4329849259292287 0.5724468328712691
    outer loop
      vertex 7.159696016958068 48.1375 0.7999999999999998
      vertex 5.223874526145793 47.019852941176474 4
      vertex 7.233127073857092 48.019413254833346 0.7999999999999998
    endloop
  endfacet
  facet normal 0.6664870074674292 0.47759783543559403 0.5724468328712687
    outer loop
      vertex 7.233127073857092 48.019413254833346 0.7999999999999998
      vertex 5.3745479404749315 46.777550381024824 4
      vertex 7.314124151881125 47.90638196335647 0.7999999999999998
    endloop
  endfacet
  facet normal 0.7673884291093789 0.28882455298103255 0.5724468328712687
    outer loop
      vertex 7.036755993413516 48.386797706224186 0.7999999999999998
      vertex 4.871106126539724 47.79842939025901 4
      vertex 4.971613508976522 47.53138768093752 4
    endloop
  endfacet
  facet normal 0.7468553620133953 0.33839576204127386 0.5724468328712686
    outer loop
      vertex 7.094145424243037 48.26013653328462 0.7999999999999998
      vertex 4.971613508976522 47.53138768093752 4
      vertex 5.089371060817029 47.27149122573627 4
    endloop
  endfacet
  facet normal 0.7231241455979446 0.3865179084970017 0.5724468328712687
    outer loop
      vertex 7.159696016958068 48.1375 0.7999999999999998
      vertex 5.089371060817029 47.27149122573627 4
      vertex 5.223874526145793 47.019852941176474 4
    endloop
  endfacet
  facet normal 0.6962964005750064 0.4329849259292333 0.5724468328712689
    outer loop
      vertex 7.233127073857092 48.019413254833346 0.7999999999999998
      vertex 5.223874526145793 47.019852941176474 4
      vertex 5.3745479404749315 46.777550381024824 4
    endloop
  endfacet
  facet normal 0.6664870074674286 0.477597835435595 0.5724468328712686
    outer loop
      vertex 7.314124151881125 47.90638196335647 0.7999999999999998
      vertex 5.3745479404749315 46.777550381024824 4
      vertex 5.540746097112482 46.54562112204287 4
    endloop
  endfacet
  facet normal 0.633823614672954 0.5201655976884326 0.5724468328712687
    outer loop
      vertex 7.402340409107174 47.798890142912356 0.7999999999999998
      vertex 5.540746097112482 46.54562112204287 4
      vertex 5.721757310036518 46.325058320923965 4
    endloop
  endfacet
  facet normal 0.5984460918540473 0.5605059309947312 0.5724468328712691
    outer loop
      vertex 7.497398089978587 47.69739808997859 0.7999999999999998
      vertex 5.721757310036518 46.325058320923965 4
      vertex 5.91680646144395 46.11680646144396 4
    endloop
  endfacet
  facet normal 0.5605059309947333 0.598446091854045 0.5724468328712695
    outer loop
      vertex 7.598890142912354 47.60234040910718 0.7999999999999998
      vertex 5.91680646144395 46.11680646144396 4
      vertex 6.125058320923964 45.92175731003652 4
    endloop
  endfacet
  facet normal 0.5201655976884401 0.6338236146729481 0.5724468328712686
    outer loop
      vertex 7.706381963356469 47.51412415188113 0.7999999999999998
      vertex 6.125058320923964 45.92175731003652 4
      vertex 6.345621122042857 45.740746097112485 4
    endloop
  endfacet
  facet normal 0 0 -1
    outer loop
      vertex 0 57.2 0
      vertex 6.878679656440357 51.32132034355965 0
      vertex 6.744480577563068 51.17803744530021 0
    endloop
  endfacet
  facet normal 0 0 -1
    outer loop
      vertex 0 57.2 0
      vertex 7.021962554699794 51.455519422436936 0
      vertex 6.878679656440357 51.32132034355965 0
    endloop
  endfacet
  facet normal 0 0 -1
    outer loop
      vertex 0 57.2 0
      vertex 7.173715712973838 51.58006002087371 0
      vertex 7.021962554699794 51.455519422436936 0
    endloop
  endfacet
  facet normal 0 0 -1
    outer loop
      vertex 0 57.2 0
      vertex 7.3332893009411935 51.69440883690764 0
      vertex 7.173715712973838 51.58006002087371 0
    endloop
  endfacet
  facet normal 0 0 -1
    outer loop
      vertex 0 57.2 0
      vertex 7.5 51.79807621135332 0
      vertex 7.3332893009411935 51.69440883690764 0
    endloop
  endfacet
  facet normal 0 0 -1
    outer loop
      vertex 0 57.2 0
      vertex 7.673133929342996 51.890618224598065 0
      vertex 7.5 51.79807621135332 0
    endloop
  endfacet
  facet normal 0 0 -1
    outer loop
      vertex 0 57.2 0
      vertex 7.851949702904731 51.97163859753386 0
      vertex 7.673133929342996 51.890618224598065 0
    endloop
  endfacet
  facet normal 0.9866433320848794 0.16289547339458615 0
    outer loop
      vertex 6.025665415878569 48.80842142333985 0.20000000000000004
      vertex 6.057644158790309 48.61472903395162 0
      vertex 6.025665415878569 48.80842142333985 0
    endloop
  endfacet
  facet normal 0.9994645874763656 0.03271908282177748 0
    outer loop
      vertex 6 49.2 0.20000000000000004
      vertex 6.00642323028419 49.00379061230957 0
      vertex 6 49.2 0
    endloop
  endfacet
  facet normal 0.9951847266721968 0.09801714032956228 0
    outer loop
      vertex 6.00642323028419 49.00379061230957 0.20000000000000004
      vertex 6.025665415878569 48.80842142333985 0
      vertex 6.00642323028419 49.00379061230957 0
    endloop
  endfacet
  facet normal 0.9951847266721968 0.09801714032956228 0
    outer loop
      vertex 6.00642323028419 49.00379061230957 0.20000000000000004
      vertex 6.025665415878569 48.80842142333985 0.20000000000000004
      vertex 6.025665415878569 48.80842142333985 0
    endloop
  endfacet
  facet normal 0.9994645874763656 0.03271908282177748 0
    outer loop
      vertex 6.00642323028419 49.00379061230957 0.20000000000000004
      vertex 6.00642323028419 49.00379061230957 0
      vertex 6 49.2 0.20000000000000004
    endloop
  endfacet
  facet normal 0 0 -1
    outer loop
      vertex 6.025665415878569 48.80842142333985 0.20000000000000004
      vertex 6.025665415878569 49.591578576660154 0.20000000000000004
      vertex 6.057644158790309 48.61472903395162 0.20000000000000004
    endloop
  endfacet
  facet normal 0 0 -1
    outer loop
      vertex 6.00642323028419 49.00379061230957 0.20000000000000004
      vertex 6.00642323028419 49.39620938769043 0.20000000000000004
      vertex 6.025665415878569 48.80842142333985 0.20000000000000004
    endloop
  endfacet
  facet normal 0.9738769792773334 0.22707626303437414 0
    outer loop
      vertex 6.057644158790309 48.61472903395162 0.20000000000000004
      vertex 6.102222521132795 48.42354286469244 0
      vertex 6.057644158790309 48.61472903395162 0
    endloop
  endfacet
  facet normal 0.9359059267573225 0.3522500479212421 0
    outer loop
      vertex 6.159209611514683 48.235681604090516 0.20000000000000004
      vertex 6.22836140246614 48.051949702904736 0
      vertex 6.159209611514683 48.235681604090516 0
    endloop
  endfacet
  facet normal 0.9569403357322106 0.29028467725445634 0
    outer loop
      vertex 6.102222521132795 48.42354286469244 0.20000000000000004
      vertex 6.159209611514683 48.235681604090516 0
      vertex 6.102222521132795 48.42354286469244 0
    endloop
  endfacet
  facet normal 0.9738769792773334 0.22707626303437414 0
    outer loop
      vertex 6.102222521132795 48.42354286469244 0.20000000000000004
      vertex 6.102222521132795 48.42354286469244 0
      vertex 6.057644158790309 48.61472903395162 0.20000000000000004
    endloop
  endfacet
  facet normal 0.9569403357322106 0.29028467725445634 0
    outer loop
      vertex 6.102222521132795 48.42354286469244 0.20000000000000004
      vertex 6.159209611514683 48.235681604090516 0.20000000000000004
      vertex 6.159209611514683 48.235681604090516 0
    endloop
  endfacet
  facet normal 0.9866433320848794 0.16289547339458615 0
    outer loop
      vertex 6.025665415878569 48.80842142333985 0.20000000000000004
      vertex 6.057644158790309 48.61472903395162 0.20000000000000004
      vertex 6.057644158790309 48.61472903395162 0
    endloop
  endfacet
  facet normal 0 0 -1
    outer loop
      vertex 6.102222521132795 48.42354286469244 0.20000000000000004
      vertex 6.057644158790309 48.61472903395162 0.20000000000000004
      vertex 6.057644158790309 49.78527096604839 0.20000000000000004
    endloop
  endfacet
  facet normal 0 0 -1
    outer loop
      vertex 6.102222521132795 48.42354286469244 0.20000000000000004
      vertex 6.102222521132795 49.97645713530756 0.20000000000000004
      vertex 6.159209611514683 48.235681604090516 0.20000000000000004
    endloop
  endfacet
  facet normal 0 0 -1
    outer loop
      vertex 6.159209611514683 48.235681604090516 0.20000000000000004
      vertex 6.159209611514683 50.16431839590949 0.20000000000000004
      vertex 6.22836140246614 48.051949702904736 0.20000000000000004
    endloop
  endfacet
  facet normal 0.9994645874763656 -0.03271908282177748 0
    outer loop
      vertex 6.00642323028419 49.39620938769043 0.20000000000000004
      vertex 6 49.2 0
      vertex 6.00642323028419 49.39620938769043 0
    endloop
  endfacet
  facet normal 0.9951847266721968 -0.09801714032956228 0
    outer loop
      vertex 6.025665415878569 49.591578576660154 0.20000000000000004
      vertex 6.00642323028419 49.39620938769043 0
      vertex 6.025665415878569 49.591578576660154 0
    endloop
  endfacet
  facet normal 0.9994645874763656 -0.03271908282177748 0
    outer loop
      vertex 6 49.2 0.20000000000000004
      vertex 6 49.2 0
      vertex 6.00642323028419 49.39620938769043 0.20000000000000004
    endloop
  endfacet
  facet normal 0.9951847266721968 -0.09801714032956228 0
    outer loop
      vertex 6.00642323028419 49.39620938769043 0.20000000000000004
      vertex 6.00642323028419 49.39620938769043 0
      vertex 6.025665415878569 49.591578576660154 0.20000000000000004
    endloop
  endfacet
  facet normal 0 0 -1
    outer loop
      vertex 6.00642323028419 49.00379061230957 0.20000000000000004
      vertex 6 49.2 0.20000000000000004
      vertex 6.00642323028419 49.39620938769043 0.20000000000000004
    endloop
  endfacet
  facet normal 0 0 -1
    outer loop
      vertex 6.025665415878569 48.80842142333985 0.20000000000000004
      vertex 6.00642323028419 49.39620938769043 0.20000000000000004
      vertex 6.025665415878569 49.591578576660154 0.20000000000000004
    endloop
  endfacet
  facet normal 0.9866433320848794 -0.16289547339458615 0
    outer loop
      vertex 6.025665415878569 49.591578576660154 0.20000000000000004
      vertex 6.025665415878569 49.591578576660154 0
      vertex 6.057644158790309 49.78527096604839 0.20000000000000004
    endloop
  endfacet
  facet normal 0.9866433320848794 -0.16289547339458615 0
    outer loop
      vertex 6.057644158790309 49.78527096604839 0.20000000000000004
      vertex 6.025665415878569 49.591578576660154 0
      vertex 6.057644158790309 49.78527096604839 0
    endloop
  endfacet
  facet normal 0 0 -1
    outer loop
      vertex 6.057644158790309 48.61472903395162 0.20000000000000004
      vertex 6.025665415878569 49.591578576660154 0.20000000000000004
      vertex 6.057644158790309 49.78527096604839 0.20000000000000004
    endloop
  endfacet
  facet normal 0 0 -1
    outer loop
      vertex 6.102222521132795 48.42354286469244 0.20000000000000004
      vertex 6.057644158790309 49.78527096604839 0.20000000000000004
      vertex 6.102222521132795 49.97645713530756 0.20000000000000004
    endloop
  endfacet
  facet normal 0 0 -1
    outer loop
      vertex 6.159209611514683 48.235681604090516 0.20000000000000004
      vertex 6.102222521132795 49.97645713530756 0.20000000000000004
      vertex 6.159209611514683 50.16431839590949 0.20000000000000004
    endloop
  endfacet
  facet normal 0.9738769792773334 -0.22707626303437414 0
    outer loop
      vertex 6.102222521132795 49.97645713530756 0.20000000000000004
      vertex 6.057644158790309 49.78527096604839 0
      vertex 6.102222521132795 49.97645713530756 0
    endloop
  endfacet
  facet normal 0.9569403357322106 -0.29028467725445634 0
    outer loop
      vertex 6.159209611514683 50.16431839590949 0.20000000000000004
      vertex 6.102222521132795 49.97645713530756 0
      vertex 6.159209611514683 50.16431839590949 0
    endloop
  endfacet
  facet normal 0.9738769792773334 -0.22707626303437414 0
    outer loop
      vertex 6.057644158790309 49.78527096604839 0.20000000000000004
      vertex 6.057644158790309 49.78527096604839 0
      vertex 6.102222521132795 49.97645713530756 0.20000000000000004
    endloop
  endfacet
  facet normal 0.9569403357322106 -0.29028467725445634 0
    outer loop
      vertex 6.102222521132795 49.97645713530756 0.20000000000000004
      vertex 6.102222521132795 49.97645713530756 0
      vertex 6.159209611514683 50.16431839590949 0.20000000000000004
    endloop
  endfacet
  facet normal 0.9359059267573225 -0.3522500479212421 0
    outer loop
      vertex 6.159209611514683 50.16431839590949 0.20000000000000004
      vertex 6.159209611514683 50.16431839590949 0
      vertex 6.22836140246614 50.34805029709527 0.20000000000000004
    endloop
  endfacet
  facet normal 0.9359059267573225 0.3522500479212421 0
    outer loop
      vertex 6.159209611514683 48.235681604090516 0.20000000000000004
      vertex 6.22836140246614 48.051949702904736 0.20000000000000004
      vertex 6.22836140246614 48.051949702904736 0
    endloop
  endfacet
  facet normal 0 0 -1
    outer loop
      vertex 6.22836140246614 48.051949702904736 0.20000000000000004
      vertex 6.22836140246614 50.34805029709527 0.20000000000000004
      vertex 6.309381775401935 47.873133929343 0.20000000000000004
    endloop
  endfacet
  facet normal 0 0 -1
    outer loop
      vertex 6.309381775401935 47.873133929343 0.20000000000000004
      vertex 6.309381775401935 50.52686607065701 0.20000000000000004
      vertex 6.401923788646684 47.7 0.20000000000000004
    endloop
  endfacet
  facet normal 0 0 -1
    outer loop
      vertex 6.401923788646684 47.7 0.20000000000000004
      vertex 6.401923788646684 50.7 0.20000000000000004
      vertex 6.505591163092364 47.5332893009412 0.20000000000000004
    endloop
  endfacet
  facet normal 0 0 -1
    outer loop
      vertex 6.159209611514683 50.16431839590949 0.20000000000000004
      vertex 6.22836140246614 50.34805029709527 0.20000000000000004
      vertex 6.22836140246614 48.051949702904736 0.20000000000000004
    endloop
  endfacet
  facet normal 0 0 -1
    outer loop
      vertex 6.309381775401935 47.873133929343 0.20000000000000004
      vertex 6.22836140246614 50.34805029709527 0.20000000000000004
      vertex 6.309381775401935 50.52686607065701 0.20000000000000004
    endloop
  endfacet
  facet normal 0.9359059267573225 -0.3522500479212421 0
    outer loop
      vertex 6.22836140246614 50.34805029709527 0.20000000000000004
      vertex 6.159209611514683 50.16431839590949 0
      vertex 6.22836140246614 50.34805029709527 0
    endloop
  endfacet
  facet normal 0 0 -1
    outer loop
      vertex 6.401923788646684 47.7 0.20000000000000004
      vertex 6.309381775401935 50.52686607065701 0.20000000000000004
      vertex 6.401923788646684 50.7 0.20000000000000004
    endloop
  endfacet
  facet normal 0 0 -1
    outer loop
      vertex 6.619939979126294 47.37371571297384 0.20000000000000004
      vertex 6.505591163092364 47.5332893009412 0.20000000000000004
      vertex 6.505591163092364 50.86671069905881 0.20000000000000004
    endloop
  endfacet
  facet normal 0 0 -1
    outer loop
      vertex 6.619939979126294 47.37371571297384 0.20000000000000004
      vertex 6.619939979126294 51.026284287026165 0.20000000000000004
      vertex 6.744480577563068 47.22196255469979 0.20000000000000004
    endloop
  endfacet
  facet normal 0 0 -1
    outer loop
      vertex 6.505591163092364 47.5332893009412 0.20000000000000004
      vertex 6.401923788646684 50.7 0.20000000000000004
      vertex 6.505591163092364 50.86671069905881 0.20000000000000004
    endloop
  endfacet
  facet normal 0 0 -1
    outer loop
      vertex 6.619939979126294 47.37371571297384 0.20000000000000004
      vertex 6.505591163092364 50.86671069905881 0.20000000000000004
      vertex 6.619939979126294 51.026284287026165 0.20000000000000004
    endloop
  endfacet
  facet normal 0 0 -1
    outer loop
      vertex 6.744480577563068 47.22196255469979 0.20000000000000004
      vertex 6.619939979126294 51.026284287026165 0.20000000000000004
      vertex 6.744480577563068 51.17803744530021 0.20000000000000004
    endloop
  endfacet
  facet normal 0.9108638249211796 -0.41270702980438667 0
    outer loop
      vertex 6.309381775401935 50.52686607065701 0.20000000000000004
      vertex 6.22836140246614 50.34805029709527 0
      vertex 6.309381775401935 50.52686607065701 0
    endloop
  endfacet
  facet normal 0.9108638249211796 -0.41270702980438667 0
    outer loop
      vertex 6.22836140246614 50.34805029709527 0.20000000000000004
      vertex 6.22836140246614 50.34805029709527 0
      vertex 6.309381775401935 50.52686607065701 0.20000000000000004
    endloop
  endfacet
  facet normal 0.8819212643483537 -0.471396736826 0
    outer loop
      vertex 6.401923788646684 50.7 0.20000000000000004
      vertex 6.309381775401935 50.52686607065701 0
      vertex 6.401923788646684 50.7 0
    endloop
  endfacet
  facet normal 0.8819212643483537 -0.471396736826 0
    outer loop
      vertex 6.309381775401935 50.52686607065701 0.20000000000000004
      vertex 6.309381775401935 50.52686607065701 0
      vertex 6.401923788646684 50.7 0.20000000000000004
    endloop
  endfacet
  facet normal 0.8492021815265746 -0.5280678506503751 0
    outer loop
      vertex 6.401923788646684 50.7 0.20000000000000004
      vertex 6.401923788646684 50.7 0
      vertex 6.505591163092364 50.86671069905881 0.20000000000000004
    endloop
  endfacet
  facet normal 0.8492021815265746 -0.5280678506503751 0
    outer loop
      vertex 6.505591163092364 50.86671069905881 0.20000000000000004
      vertex 6.401923788646684 50.7 0
      vertex 6.505591163092364 50.86671069905881 0
    endloop
  endfacet
  facet normal 0.8128466845916213 -0.5824776968677935 0
    outer loop
      vertex 6.619939979126294 51.026284287026165 0.20000000000000004
      vertex 6.505591163092364 50.86671069905881 0
      vertex 6.619939979126294 51.026284287026165 0
    endloop
  endfacet
  facet normal 0.8128466845916213 -0.5824776968677935 0
    outer loop
      vertex 6.505591163092364 50.86671069905881 0.20000000000000004
      vertex 6.505591163092364 50.86671069905881 0
      vertex 6.619939979126294 51.026284287026165 0.20000000000000004
    endloop
  endfacet
  facet normal 0.7730104533627419 -0.6343932841636394 0
    outer loop
      vertex 6.744480577563068 51.17803744530021 0.20000000000000004
      vertex 6.619939979126294 51.026284287026165 0
      vertex 6.744480577563068 51.17803744530021 0
    endloop
  endfacet
  facet normal 0.7730104533627419 -0.6343932841636394 0
    outer loop
      vertex 6.619939979126294 51.026284287026165 0.20000000000000004
      vertex 6.619939979126294 51.026284287026165 0
      vertex 6.744480577563068 51.17803744530021 0.20000000000000004
    endloop
  endfacet
  facet normal 0 1 0
    outer loop
      vertex 0 57.2 0
      vertex 0 57.2 4
      vertex 18 57.2 0
    endloop
  endfacet
  facet normal 0.808990150669471 0.13356481443643786 0.5724468328712689
    outer loop
      vertex 6.915831279143135 48.78543306571573 0.7999999999999998
      vertex 4.677008802980371 48.63086741186404 4
      vertex 4.723487711182973 48.34934881650321 4
    endloop
  endfacet
  facet normal 0.8159935974768608 0.08036835454595471 0.5724468328712691
    outer loop
      vertex 6.893179669580653 48.92263184153239 0.7999999999999998
      vertex 4.64904160676109 48.9148231203421 4
      vertex 4.677008802980371 48.63086741186404 4
    endloop
  endfacet
  facet normal 0.8195028344262377 0.026827745022940882 0.572446832871269
    outer loop
      vertex 6.879549788117968 49.06101835038595 0.7999999999999998
      vertex 4.639705882352941 49.2 4
      vertex 4.64904160676109 48.9148231203421 4
    endloop
  endfacet
  facet normal 0.784635421140307 0.23801655284376075 0.5724468328712689
    outer loop
      vertex 6.9877734748229 48.516941136230784 0.7999999999999998
      vertex 4.788279301548401 48.071472840104455 4
      vertex 4.871106126539724 47.79842939025901 4
    endloop
  endfacet
  facet normal 0.7985224838384882 0.18618932928625373 0.5724468328712687
    outer loop
      vertex 6.9474076191357295 48.650009529157145 0.7999999999999998
      vertex 4.723487711182973 48.34934881650321 4
      vertex 4.788279301548401 48.071472840104455 4
    endloop
  endfacet
  facet normal 0.8195028344262377 -0.026827745022940084 0.572446832871269
    outer loop
      vertex 6.875 49.2 0.7999999999999998
      vertex 4.64904160676109 49.48517687965791 4
      vertex 4.639705882352941 49.2 4
    endloop
  endfacet
  facet normal 0.8159935974768608 -0.08036835454595391 0.5724468328712691
    outer loop
      vertex 6.879549788117968 49.338981649614055 0.7999999999999998
      vertex 4.677008802980371 49.76913258813597 4
      vertex 4.64904160676109 49.48517687965791 4
    endloop
  endfacet
  facet normal 0.8089901506694709 -0.13356481443643786 0.5724468328712691
    outer loop
      vertex 6.893179669580653 49.47736815846761 0.7999999999999998
      vertex 4.723487711182973 50.0506511834968 4
      vertex 4.677008802980371 49.76913258813597 4
    endloop
  endfacet
  facet normal 0.7985224838384881 -0.18618932928625373 0.5724468328712689
    outer loop
      vertex 6.915831279143135 49.61456693428428 0.7999999999999998
      vertex 4.788279301548401 50.32852715989555 4
      vertex 4.723487711182973 50.0506511834968 4
    endloop
  endfacet
  facet normal 0.7846354211403075 -0.23801655284375853 0.572446832871269
    outer loop
      vertex 6.9474076191357295 49.74999047084286 0.7999999999999998
      vertex 4.871106126539723 50.601570609740996 4
      vertex 4.788279301548401 50.32852715989555 4
    endloop
  endfacet
  facet normal 0.767388429109378 -0.2888245529810354 0.5724468328712686
    outer loop
      vertex 6.9877734748229 49.88305886376922 0.7999999999999998
      vertex 4.971613508976522 50.868612319062485 4
      vertex 4.871106126539723 50.601570609740996 4
    endloop
  endfacet
  facet normal 0.8089901506694718 0.13356481443643217 0.5724468328712692
    outer loop
      vertex 6.915831279143135 48.78543306571573 0.7999999999999998
      vertex 6.893179669580653 48.92263184153239 0.7999999999999998
      vertex 4.677008802980371 48.63086741186404 4
    endloop
  endfacet
  facet normal 0.8159935974768608 0.08036835454595391 0.572446832871269
    outer loop
      vertex 6.879549788117968 49.06101835038595 0.7999999999999998
      vertex 4.64904160676109 48.9148231203421 4
      vertex 6.893179669580653 48.92263184153239 0.7999999999999998
    endloop
  endfacet
  facet normal 0.8195028344262377 0.026827745022942256 0.572446832871269
    outer loop
      vertex 6.879549788117968 49.06101835038595 0.7999999999999998
      vertex 6.875 49.2 0.7999999999999998
      vertex 4.639705882352941 49.2 4
    endloop
  endfacet
  facet normal 0.8195028344262377 -0.026827745022942256 0.5724468328712691
    outer loop
      vertex 6.875 49.2 0.7999999999999998
      vertex 6.879549788117968 49.338981649614055 0.7999999999999998
      vertex 4.64904160676109 49.48517687965791 4
    endloop
  endfacet
  facet normal 0.8159935974768608 -0.08036835454595391 0.572446832871269
    outer loop
      vertex 6.879549788117968 49.338981649614055 0.7999999999999998
      vertex 6.893179669580653 49.47736815846761 0.7999999999999998
      vertex 4.677008802980371 49.76913258813597 4
    endloop
  endfacet
  facet normal 0.8089901506694721 -0.13356481443643223 0.572446832871269
    outer loop
      vertex 6.893179669580653 49.47736815846761 0.7999999999999998
      vertex 6.915831279143135 49.61456693428428 0.7999999999999998
      vertex 4.723487711182973 50.0506511834968 4
    endloop
  endfacet
  facet normal 0.7985224838384883 0.18618932928625287 0.5724468328712689
    outer loop
      vertex 6.915831279143135 48.78543306571573 0.7999999999999998
      vertex 4.723487711182973 48.34934881650321 4
      vertex 6.9474076191357295 48.650009529157145 0.7999999999999998
    endloop
  endfacet
  facet normal 0.7846354211403066 0.2380165528437622 0.5724468328712687
    outer loop
      vertex 6.9877734748229 48.516941136230784 0.7999999999999998
      vertex 6.9474076191357295 48.650009529157145 0.7999999999999998
      vertex 4.788279301548401 48.071472840104455 4
    endloop
  endfacet
  facet normal 0.7673884291093788 0.2888245529810332 0.5724468328712689
    outer loop
      vertex 6.9877734748229 48.516941136230784 0.7999999999999998
      vertex 4.871106126539724 47.79842939025901 4
      vertex 7.036755993413516 48.386797706224186 0.7999999999999998
    endloop
  endfacet
  facet normal 0.7468553620133964 0.3383957620412706 0.5724468328712689
    outer loop
      vertex 7.036755993413516 48.386797706224186 0.7999999999999998
      vertex 4.971613508976522 47.53138768093752 4
      vertex 7.094145424243037 48.26013653328462 0.7999999999999998
    endloop
  endfacet
  facet normal 0.7985224838384885 -0.18618932928625292 0.5724468328712689
    outer loop
      vertex 6.915831279143135 49.61456693428428 0.7999999999999998
      vertex 6.9474076191357295 49.74999047084286 0.7999999999999998
      vertex 4.788279301548401 50.32852715989555 4
    endloop
  endfacet
  facet normal 0.7846354211403064 -0.23801655284376214 0.5724468328712691
    outer loop
      vertex 6.9474076191357295 49.74999047084286 0.7999999999999998
      vertex 6.9877734748229 49.88305886376922 0.7999999999999998
      vertex 4.871106126539723 50.601570609740996 4
    endloop
  endfacet
  facet normal 0.7673884291093788 -0.2888245529810332 0.5724468328712689
    outer loop
      vertex 6.9877734748229 49.88305886376922 0.7999999999999998
      vertex 7.036755993413516 50.01320229377582 0.7999999999999998
      vertex 4.971613508976522 50.868612319062485 4
    endloop
  endfacet
  facet normal 0.7468553620133965 -0.33839576204127064 0.5724468328712686
    outer loop
      vertex 7.036755993413516 50.01320229377582 0.7999999999999998
      vertex 7.094145424243037 50.13986346671538 0.7999999999999998
      vertex 5.089371060817029 51.128508774263736 4
    endloop
  endfacet
  facet normal 0.72312414559794 -0.38651790849700957 0.5724468328712691
    outer loop
      vertex 7.094145424243037 50.13986346671538 0.7999999999999998
      vertex 7.159696016958068 50.2625 0.7999999999999998
      vertex 5.223874526145793 51.38014705882353 4
    endloop
  endfacet
  facet normal 0.6962964005750094 -0.4329849259292289 0.572446832871269
    outer loop
      vertex 7.159696016958068 50.2625 0.7999999999999998
      vertex 7.233127073857092 50.38058674516666 0.7999999999999998
      vertex 5.3745479404749315 51.62244961897518 4
    endloop
  endfacet
  facet normal 0.6664870074674292 -0.47759783543559403 0.5724468328712686
    outer loop
      vertex 7.233127073857092 50.38058674516666 0.7999999999999998
      vertex 7.314124151881125 50.49361803664353 0.7999999999999998
      vertex 5.540746097112482 51.85437887795714 4
    endloop
  endfacet
  facet normal 0.746855362013395 -0.33839576204127386 0.5724468328712686
    outer loop
      vertex 7.036755993413516 50.01320229377582 0.7999999999999998
      vertex 5.089371060817029 51.128508774263736 4
      vertex 4.971613508976522 50.868612319062485 4
    endloop
  endfacet
  facet normal 0.7231241455979446 -0.38651790849700113 0.5724468328712689
    outer loop
      vertex 7.094145424243037 50.13986346671538 0.7999999999999998
      vertex 5.223874526145793 51.38014705882353 4
      vertex 5.089371060817029 51.128508774263736 4
    endloop
  endfacet
  facet normal 0.6962964005750064 -0.43298492592923277 0.5724468328712693
    outer loop
      vertex 7.159696016958068 50.2625 0.7999999999999998
      vertex 5.3745479404749315 51.62244961897518 4
      vertex 5.223874526145793 51.38014705882353 4
    endloop
  endfacet
  facet normal 0.6664870074674286 -0.4775978354355947 0.5724468328712686
    outer loop
      vertex 7.233127073857092 50.38058674516666 0.7999999999999998
      vertex 5.540746097112482 51.85437887795714 4
      vertex 5.3745479404749315 51.62244961897518 4
    endloop
  endfacet
  facet normal 0.6338236146729543 -0.5201655976884322 0.5724468328712687
    outer loop
      vertex 7.314124151881125 50.49361803664353 0.7999999999999998
      vertex 5.721757310036518 52.07494167907604 4
      vertex 5.540746097112482 51.85437887795714 4
    endloop
  endfacet
  facet normal 0.5984460918540473 -0.5605059309947312 0.5724468328712691
    outer loop
      vertex 7.402340409107174 50.60110985708765 0.7999999999999998
      vertex 5.91680646144395 52.28319353855605 4
      vertex 5.721757310036518 52.07494167907604 4
    endloop
  endfacet
  facet normal 0.5605059309947331 -0.5984460918540455 0.5724468328712693
    outer loop
      vertex 7.497398089978587 50.702601910021414 0.7999999999999998
      vertex 6.125058320923964 52.47824268996349 4
      vertex 5.91680646144395 52.28319353855605 4
    endloop
  endfacet
  facet normal 0.5201655976884401 -0.6338236146729473 0.5724468328712694
    outer loop
      vertex 7.598890142912354 50.79765959089283 0.7999999999999998
      vertex 6.345621122042857 52.65925390288752 4
      vertex 6.125058320923964 52.47824268996349 4
    endloop
  endfacet
  facet normal 0.729864072697836 0.6835923020228707 0
    outer loop
      vertex 6.744480577563068 47.22196255469979 0.20000000000000004
      vertex 6.878679656440357 47.07867965644036 0
      vertex 6.744480577563068 47.22196255469979 0
    endloop
  endfacet
  facet normal 0.729864072697836 0.6835923020228707 0
    outer loop
      vertex 6.744480577563068 47.22196255469979 0.20000000000000004
      vertex 6.878679656440357 47.07867965644036 0.20000000000000004
      vertex 6.878679656440357 47.07867965644036 0
    endloop
  endfacet
  facet normal 0.6835923020228637 0.7298640726978428 0
    outer loop
      vertex 6.878679656440357 47.07867965644036 0.20000000000000004
      vertex 7.021962554699794 46.94448057756307 0
      vertex 6.878679656440357 47.07867965644036 0
    endloop
  endfacet
  facet normal 0.6835923020228637 0.7298640726978428 0
    outer loop
      vertex 6.878679656440357 47.07867965644036 0.20000000000000004
      vertex 7.021962554699794 46.94448057756307 0.20000000000000004
      vertex 7.021962554699794 46.94448057756307 0
    endloop
  endfacet
  facet normal 0 0 -1
    outer loop
      vertex 6.878679656440357 47.07867965644036 0.20000000000000004
      vertex 6.9474076191357295 48.650009529157145 0.20000000000000004
      vertex 7.021962554699794 46.94448057756307 0.20000000000000004
    endloop
  endfacet
  facet normal 0 0 -1
    outer loop
      vertex 7.021962554699794 46.94448057756307 0.20000000000000004
      vertex 6.9474076191357295 48.650009529157145 0.20000000000000004
      vertex 6.9877734748229 48.516941136230784 0.20000000000000004
    endloop
  endfacet
  facet normal 0 0 -1
    outer loop
      vertex 7.021962554699794 46.94448057756307 0.20000000000000004
      vertex 6.9877734748229 48.516941136230784 0.20000000000000004
      vertex 7.036755993413516 48.386797706224186 0.20000000000000004
    endloop
  endfacet
  facet normal 0.6343932841636483 0.7730104533627347 0
    outer loop
      vertex 7.021962554699794 46.94448057756307 0.20000000000000004
      vertex 7.173715712973838 46.819939979126296 0
      vertex 7.021962554699794 46.94448057756307 0
    endloop
  endfacet
  facet normal 0.6343932841636483 0.7730104533627347 0
    outer loop
      vertex 7.021962554699794 46.94448057756307 0.20000000000000004
      vertex 7.173715712973838 46.819939979126296 0.20000000000000004
      vertex 7.173715712973838 46.819939979126296 0
    endloop
  endfacet
  facet normal 0.582477696867806 0.8128466845916125 0
    outer loop
      vertex 7.173715712973838 46.819939979126296 0.20000000000000004
      vertex 7.3332893009411935 46.705591163092365 0
      vertex 7.173715712973838 46.819939979126296 0
    endloop
  endfacet
  facet normal 0.582477696867806 0.8128466845916125 0
    outer loop
      vertex 7.173715712973838 46.819939979126296 0.20000000000000004
      vertex 7.3332893009411935 46.705591163092365 0.20000000000000004
      vertex 7.3332893009411935 46.705591163092365 0
    endloop
  endfacet
  facet normal 0 0 -1
    outer loop
      vertex 7.021962554699794 46.94448057756307 0.20000000000000004
      vertex 7.094145424243037 48.26013653328462 0.20000000000000004
      vertex 7.173715712973838 46.819939979126296 0.20000000000000004
    endloop
  endfacet
  facet normal 0 0 -1
    outer loop
      vertex 7.021962554699794 46.94448057756307 0.20000000000000004
      vertex 7.036755993413516 48.386797706224186 0.20000000000000004
      vertex 7.094145424243037 48.26013653328462 0.20000000000000004
    endloop
  endfacet
  facet normal 0 0 -1
    outer loop
      vertex 7.173715712973838 46.819939979126296 0.20000000000000004
      vertex 7.094145424243037 48.26013653328462 0.20000000000000004
      vertex 7.159696016958068 48.1375 0.20000000000000004
    endloop
  endfacet
  facet normal 0 0 -1
    outer loop
      vertex 7.173715712973838 46.819939979126296 0.20000000000000004
      vertex 7.233127073857092 48.019413254833346 0.20000000000000004
      vertex 7.3332893009411935 46.705591163092365 0.20000000000000004
    endloop
  endfacet
  facet normal 0 0 -1
    outer loop
      vertex 7.173715712973838 46.819939979126296 0.20000000000000004
      vertex 7.159696016958068 48.1375 0.20000000000000004
      vertex 7.233127073857092 48.019413254833346 0.20000000000000004
    endloop
  endfacet
  facet normal 0 0 -1
    outer loop
      vertex 7.233127073857092 48.019413254833346 0.20000000000000004
      vertex 7.314124151881125 47.90638196335647 0.20000000000000004
      vertex 7.3332893009411935 46.705591163092365 0.20000000000000004
    endloop
  endfacet
  facet normal 0.8128466845916062 0.5824776968678147 0
    outer loop
      vertex 7.233127073857092 48.019413254833346 0.20000000000000004
      vertex 7.314124151881125 47.90638196335647 0.7999999999999998
      vertex 7.314124151881125 47.90638196335647 0.20000000000000004
    endloop
  endfacet
  facet normal 0.8128466845916062 0.5824776968678147 0
    outer loop
      vertex 7.233127073857092 48.019413254833346 0.20000000000000004
      vertex 7.233127073857092 48.019413254833346 0.7999999999999998
      vertex 7.314124151881125 47.90638196335647 0.7999999999999998
    endloop
  endfacet
  facet normal 0.5280678506503593 0.8492021815265843 0
    outer loop
      vertex 7.3332893009411935 46.705591163092365 0.20000000000000004
      vertex 7.5 46.60192378864669 0
      vertex 7.3332893009411935 46.705591163092365 0
    endloop
  endfacet
  facet normal 0.5280678506503593 0.8492021815265843 0
    outer loop
      vertex 7.3332893009411935 46.705591163092365 0.20000000000000004
      vertex 7.5 46.60192378864669 0.20000000000000004
      vertex 7.5 46.60192378864669 0
    endloop
  endfacet
  facet normal 0.47139673682598415 0.8819212643483622 0
    outer loop
      vertex 7.5 46.60192378864669 0.20000000000000004
      vertex 7.673133929342996 46.50938177540194 0
      vertex 7.5 46.60192378864669 0
    endloop
  endfacet
  facet normal 0 0 -1
    outer loop
      vertex 7.5 46.60192378864669 0.20000000000000004
      vertex 7.598890142912354 47.60234040910718 0.20000000000000004
      vertex 7.673133929342996 46.50938177540194 0.20000000000000004
    endloop
  endfacet
  facet normal 0 0 -1
    outer loop
      vertex 7.3332893009411935 46.705591163092365 0.20000000000000004
      vertex 7.314124151881125 47.90638196335647 0.20000000000000004
      vertex 7.402340409107174 47.798890142912356 0.20000000000000004
    endloop
  endfacet
  facet normal 0 0 -1
    outer loop
      vertex 7.3332893009411935 46.705591163092365 0.20000000000000004
      vertex 7.402340409107174 47.798890142912356 0.20000000000000004
      vertex 7.5 46.60192378864669 0.20000000000000004
    endloop
  endfacet
  facet normal 0 0 -1
    outer loop
      vertex 7.5 46.60192378864669 0.20000000000000004
      vertex 7.402340409107174 47.798890142912356 0.20000000000000004
      vertex 7.497398089978587 47.69739808997859 0.20000000000000004
    endloop
  endfacet
  facet normal 0 0 -1
    outer loop
      vertex 7.5 46.60192378864669 0.20000000000000004
      vertex 7.497398089978587 47.69739808997859 0.20000000000000004
      vertex 7.598890142912354 47.60234040910718 0.20000000000000004
    endloop
  endfacet
  facet normal 0.7730104533627417 0.6343932841636398 0
    outer loop
      vertex 7.314124151881125 47.90638196335647 0.20000000000000004
      vertex 7.402340409107174 47.798890142912356 0.7999999999999998
      vertex 7.402340409107174 47.798890142912356 0.20000000000000004
    endloop
  endfacet
  facet normal 0.7298640726978275 0.6835923020228801 0
    outer loop
      vertex 7.402340409107174 47.798890142912356 0.20000000000000004
      vertex 7.497398089978587 47.69739808997859 0.7999999999999998
      vertex 7.497398089978587 47.69739808997859 0.20000000000000004
    endloop
  endfacet
  facet normal 0.6835923020228706 0.7298640726978364 0
    outer loop
      vertex 7.497398089978587 47.69739808997859 0.20000000000000004
      vertex 7.598890142912354 47.60234040910718 0.7999999999999998
      vertex 7.598890142912354 47.60234040910718 0.20000000000000004
    endloop
  endfacet
  facet normal 0.41270702980439933 0.9108638249211739 0
    outer loop
      vertex 7.673133929342996 46.50938177540194 0.20000000000000004
      vertex 7.851949702904731 46.428361402466145 0
      vertex 7.673133929342996 46.50938177540194 0
    endloop
  endfacet
  facet normal 0.47139673682598415 0.8819212643483622 0
    outer loop
      vertex 7.5 46.60192378864669 0.20000000000000004
      vertex 7.673133929342996 46.50938177540194 0.20000000000000004
      vertex 7.673133929342996 46.50938177540194 0
    endloop
  endfacet
  facet normal 0.41270702980439933 0.9108638249211739 0
    outer loop
      vertex 7.673133929342996 46.50938177540194 0.20000000000000004
      vertex 7.851949702904731 46.428361402466145 0.20000000000000004
      vertex 7.851949702904731 46.428361402466145 0
    endloop
  endfacet
  facet normal 0 0 -1
    outer loop
      vertex 7.673133929342996 46.50938177540194 0.20000000000000004
      vertex 7.706381963356469 47.51412415188113 0.20000000000000004
      vertex 7.851949702904731 46.428361402466145 0.20000000000000004
    endloop
  endfacet
  facet normal 0 0 -1
    outer loop
      vertex 7.673133929342996 46.50938177540194 0.20000000000000004
      vertex 7.598890142912354 47.60234040910718 0.20000000000000004
      vertex 7.706381963356469 47.51412415188113 0.20000000000000004
    endloop
  endfacet
  facet normal 0 0 -1
    outer loop
      vertex 7.851949702904731 46.428361402466145 0.20000000000000004
      vertex 7.706381963356469 47.51412415188113 0.20000000000000004
      vertex 7.8194132548333455 47.433127073857094 0.20000000000000004
    endloop
  endfacet
  facet normal 0 0 -1
    outer loop
      vertex 7.851949702904731 46.428361402466145 0.20000000000000004
      vertex 7.8194132548333455 47.433127073857094 0.20000000000000004
      vertex 7.9375 47.35969601695807 0.20000000000000004
    endloop
  endfacet
  facet normal 0.6343932841636608 0.7730104533627246 0
    outer loop
      vertex 7.598890142912354 47.60234040910718 0.20000000000000004
      vertex 7.706381963356469 47.51412415188113 0.7999999999999998
      vertex 7.706381963356469 47.51412415188113 0.20000000000000004
    endloop
  endfacet
  facet normal 0.5824776968677996 0.8128466845916171 0
    outer loop
      vertex 7.8194132548333455 47.433127073857094 0.20000000000000004
      vertex 7.706381963356469 47.51412415188113 0.20000000000000004
      vertex 7.8194132548333455 47.433127073857094 0.7999999999999998
    endloop
  endfacet
  facet normal 0.7730104533627417 0.6343932841636398 0
    outer loop
      vertex 7.314124151881125 47.90638196335647 0.20000000000000004
      vertex 7.314124151881125 47.90638196335647 0.7999999999999998
      vertex 7.402340409107174 47.798890142912356 0.7999999999999998
    endloop
  endfacet
  facet normal 0.7298640726978275 0.6835923020228801 0
    outer loop
      vertex 7.402340409107174 47.798890142912356 0.20000000000000004
      vertex 7.402340409107174 47.798890142912356 0.7999999999999998
      vertex 7.497398089978587 47.69739808997859 0.7999999999999998
    endloop
  endfacet
  facet normal 0.6835923020228706 0.7298640726978364 0
    outer loop
      vertex 7.497398089978587 47.69739808997859 0.20000000000000004
      vertex 7.497398089978587 47.69739808997859 0.7999999999999998
      vertex 7.598890142912354 47.60234040910718 0.7999999999999998
    endloop
  endfacet
  facet normal 0.6343932841636608 0.7730104533627246 0
    outer loop
      vertex 7.598890142912354 47.60234040910718 0.20000000000000004
      vertex 7.598890142912354 47.60234040910718 0.7999999999999998
      vertex 7.706381963356469 47.51412415188113 0.7999999999999998
    endloop
  endfacet
  facet normal 0.528067850650378 0.8492021815265726 0
    outer loop
      vertex 7.8194132548333455 47.433127073857094 0.20000000000000004
      vertex 7.8194132548333455 47.433127073857094 0.7999999999999998
      vertex 7.9375 47.35969601695807 0.7999999999999998
    endloop
  endfacet
  facet normal 0.5824776968677996 0.8128466845916171 0
    outer loop
      vertex 7.706381963356469 47.51412415188113 0.20000000000000004
      vertex 7.706381963356469 47.51412415188113 0.7999999999999998
      vertex 7.8194132548333455 47.433127073857094 0.7999999999999998
    endloop
  endfacet
  facet normal 0.3522500479212441 0.9359059267573219 0
    outer loop
      vertex 7.851949702904731 46.428361402466145 0.20000000000000004
      vertex 8.035681604090515 46.359209611514686 0
      vertex 7.851949702904731 46.428361402466145 0
    endloop
  endfacet
  facet normal 0 0 -1
    outer loop
      vertex 7.851949702904731 46.428361402466145 0.20000000000000004
      vertex 7.9375 47.35969601695807 0.20000000000000004
      vertex 8.035681604090515 46.359209611514686 0.20000000000000004
    endloop
  endfacet
  facet normal 0.3522500479212441 0.9359059267573219 0
    outer loop
      vertex 7.851949702904731 46.428361402466145 0.20000000000000004
      vertex 8.035681604090515 46.359209611514686 0.20000000000000004
      vertex 8.035681604090515 46.359209611514686 0
    endloop
  endfacet
  facet normal 0.2902846772544639 0.9569403357322083 0
    outer loop
      vertex 8.035681604090515 46.359209611514686 0.20000000000000004
      vertex 8.223542864692437 46.3022225211328 0
      vertex 8.035681604090515 46.359209611514686 0
    endloop
  endfacet
  facet normal 0 0 -1
    outer loop
      vertex 8.035681604090515 46.359209611514686 0.20000000000000004
      vertex 8.186797706224183 47.23675599341352 0.20000000000000004
      vertex 8.223542864692437 46.3022225211328 0.20000000000000004
    endloop
  endfacet
  facet normal 0 0 -1
    outer loop
      vertex 7.9375 47.35969601695807 0.20000000000000004
      vertex 8.060136533284622 47.29414542424304 0.20000000000000004
      vertex 8.035681604090515 46.359209611514686 0.20000000000000004
    endloop
  endfacet
  facet normal 0 0 -1
    outer loop
      vertex 8.035681604090515 46.359209611514686 0.20000000000000004
      vertex 8.060136533284622 47.29414542424304 0.20000000000000004
      vertex 8.186797706224183 47.23675599341352 0.20000000000000004
    endloop
  endfacet
  facet normal 0.528067850650378 0.8492021815265726 0
    outer loop
      vertex 7.8194132548333455 47.433127073857094 0.20000000000000004
      vertex 7.9375 47.35969601695807 0.7999999999999998
      vertex 7.9375 47.35969601695807 0.20000000000000004
    endloop
  endfacet
  facet normal 0.47139673682598104 0.8819212643483639 0
    outer loop
      vertex 7.9375 47.35969601695807 0.20000000000000004
      vertex 8.060136533284622 47.29414542424304 0.7999999999999998
      vertex 8.060136533284622 47.29414542424304 0.20000000000000004
    endloop
  endfacet
  facet normal 0.41270702980440765 0.91086382492117 0
    outer loop
      vertex 8.060136533284622 47.29414542424304 0.20000000000000004
      vertex 8.186797706224183 47.23675599341352 0.7999999999999998
      vertex 8.186797706224183 47.23675599341352 0.20000000000000004
    endloop
  endfacet
  facet normal 0.22707626303436151 0.9738769792773363 0
    outer loop
      vertex 8.223542864692437 46.3022225211328 0.20000000000000004
      vertex 8.414729033951616 46.25764415879031 0
      vertex 8.223542864692437 46.3022225211328 0
    endloop
  endfacet
  facet normal 0.2902846772544639 0.9569403357322083 0
    outer loop
      vertex 8.035681604090515 46.359209611514686 0.20000000000000004
      vertex 8.223542864692437 46.3022225211328 0.20000000000000004
      vertex 8.223542864692437 46.3022225211328 0
    endloop
  endfacet
  facet normal 0.22707626303436151 0.9738769792773363 0
    outer loop
      vertex 8.223542864692437 46.3022225211328 0.20000000000000004
      vertex 8.414729033951616 46.25764415879031 0.20000000000000004
      vertex 8.414729033951616 46.25764415879031 0
    endloop
  endfacet
  facet normal 0 0 -1
    outer loop
      vertex 8.223542864692437 46.3022225211328 0.20000000000000004
      vertex 8.316941136230781 47.187773474822905 0.20000000000000004
      vertex 8.414729033951616 46.25764415879031 0.20000000000000004
    endloop
  endfacet
  facet normal 0 0 -1
    outer loop
      vertex 8.414729033951616 46.25764415879031 0.20000000000000004
      vertex 8.316941136230781 47.187773474822905 0.20000000000000004
      vertex 8.450009529157143 47.147407619135734 0.20000000000000004
    endloop
  endfacet
  facet normal 0 0 -1
    outer loop
      vertex 8.223542864692437 46.3022225211328 0.20000000000000004
      vertex 8.186797706224183 47.23675599341352 0.20000000000000004
      vertex 8.316941136230781 47.187773474822905 0.20000000000000004
    endloop
  endfacet
  facet normal 0.35225004792121734 0.9359059267573319 0
    outer loop
      vertex 8.186797706224183 47.23675599341352 0.20000000000000004
      vertex 8.316941136230781 47.187773474822905 0.7999999999999998
      vertex 8.316941136230781 47.187773474822905 0.20000000000000004
    endloop
  endfacet
  facet normal 0.2902846772544621 0.9569403357322089 0
    outer loop
      vertex 8.316941136230781 47.187773474822905 0.20000000000000004
      vertex 8.450009529157143 47.147407619135734 0.7999999999999998
      vertex 8.450009529157143 47.147407619135734 0.20000000000000004
    endloop
  endfacet
  facet normal 0.47139673682598104 0.8819212643483639 0
    outer loop
      vertex 7.9375 47.35969601695807 0.20000000000000004
      vertex 7.9375 47.35969601695807 0.7999999999999998
      vertex 8.060136533284622 47.29414542424304 0.7999999999999998
    endloop
  endfacet
  facet normal 0.41270702980440765 0.91086382492117 0
    outer loop
      vertex 8.060136533284622 47.29414542424304 0.20000000000000004
      vertex 8.060136533284622 47.29414542424304 0.7999999999999998
      vertex 8.186797706224183 47.23675599341352 0.7999999999999998
    endloop
  endfacet
  facet normal 0.35225004792121734 0.9359059267573319 0
    outer loop
      vertex 8.186797706224183 47.23675599341352 0.20000000000000004
      vertex 8.186797706224183 47.23675599341352 0.7999999999999998
      vertex 8.316941136230781 47.187773474822905 0.7999999999999998
    endloop
  endfacet
  facet normal 0.2902846772544621 0.9569403357322089 0
    outer loop
      vertex 8.316941136230781 47.187773474822905 0.20000000000000004
      vertex 8.316941136230781 47.187773474822905 0.7999999999999998
      vertex 8.450009529157143 47.147407619135734 0.7999999999999998
    endloop
  endfacet
  facet normal 0.1628954733945891 0.986643332084879 0
    outer loop
      vertex 8.414729033951616 46.25764415879031 0.20000000000000004
      vertex 8.608421423339845 46.225665415878574 0
      vertex 8.414729033951616 46.25764415879031 0
    endloop
  endfacet
  facet normal 0.1628954733945891 0.986643332084879 0
    outer loop
      vertex 8.414729033951616 46.25764415879031 0.20000000000000004
      vertex 8.608421423339845 46.225665415878574 0.20000000000000004
      vertex 8.608421423339845 46.225665415878574 0
    endloop
  endfacet
  facet normal 0 0 -1
    outer loop
      vertex 8.414729033951616 46.25764415879031 0.20000000000000004
      vertex 8.450009529157143 47.147407619135734 0.20000000000000004
      vertex 8.608421423339845 46.225665415878574 0.20000000000000004
    endloop
  endfacet
  facet normal 0 0 -1
    outer loop
      vertex 8.450009529157143 47.147407619135734 0.20000000000000004
      vertex 8.585433065715728 47.11583127914314 0.20000000000000004
      vertex 8.608421423339845 46.225665415878574 0.20000000000000004
    endloop
  endfacet
  facet normal 0.09801714032955963 0.9951847266721969 0
    outer loop
      vertex 8.608421423339845 46.225665415878574 0.20000000000000004
      vertex 8.803790612309571 46.206423230284194 0
      vertex 8.608421423339845 46.225665415878574 0
    endloop
  endfacet
  facet normal 0 0 -1
    outer loop
      vertex 8.608421423339845 46.225665415878574 0.20000000000000004
      vertex 8.585433065715728 47.11583127914314 0.20000000000000004
      vertex 8.72263184153239 47.09317966958066 0.20000000000000004
    endloop
  endfacet
  facet normal 0 0 -1
    outer loop
      vertex 8.608421423339845 46.225665415878574 0.20000000000000004
      vertex 8.72263184153239 47.09317966958066 0.20000000000000004
      vertex 8.803790612309571 46.206423230284194 0.20000000000000004
    endloop
  endfacet
  facet normal 0.22707626303438752 0.9738769792773304 0
    outer loop
      vertex 8.450009529157143 47.147407619135734 0.20000000000000004
      vertex 8.585433065715728 47.11583127914314 0.7999999999999998
      vertex 8.585433065715728 47.11583127914314 0.20000000000000004
    endloop
  endfacet
  facet normal 0.1628954733945744 0.9866433320848814 0
    outer loop
      vertex 8.585433065715728 47.11583127914314 0.20000000000000004
      vertex 8.72263184153239 47.09317966958066 0.7999999999999998
      vertex 8.72263184153239 47.09317966958066 0.20000000000000004
    endloop
  endfacet
  facet normal 0.09801714032955963 0.9951847266721969 0
    outer loop
      vertex 8.608421423339845 46.225665415878574 0.20000000000000004
      vertex 8.803790612309571 46.206423230284194 0.20000000000000004
      vertex 8.803790612309571 46.206423230284194 0
    endloop
  endfacet
  facet normal 0 0 -1
    outer loop
      vertex 8.803790612309571 46.206423230284194 0.20000000000000004
      vertex 8.72263184153239 47.09317966958066 0.20000000000000004
      vertex 8.861018350385946 47.07954978811797 0.20000000000000004
    endloop
  endfacet
  facet normal 0.03271908282178681 0.9994645874763652 0
    outer loop
      vertex 8.803790612309571 46.206423230284194 0.20000000000000004
      vertex 9 46.2 0
      vertex 8.803790612309571 46.206423230284194 0
    endloop
  endfacet
  facet normal 0.03271908282178681 0.9994645874763652 0
    outer loop
      vertex 8.803790612309571 46.206423230284194 0.20000000000000004
      vertex 9 46.2 0.20000000000000004
      vertex 9 46.2 0
    endloop
  endfacet
  facet normal 0 0 -1
    outer loop
      vertex 8.803790612309571 46.206423230284194 0.20000000000000004
      vertex 8.861018350385946 47.07954978811797 0.20000000000000004
      vertex 9 46.2 0.20000000000000004
    endloop
  endfacet
  facet normal 0 0 -1
    outer loop
      vertex 8.861018350385946 47.07954978811797 0.20000000000000004
      vertex 9 47.075 0.20000000000000004
      vertex 9 46.2 0.20000000000000004
    endloop
  endfacet
  facet normal 0.09801714032955176 0.9951847266721977 0
    outer loop
      vertex 8.72263184153239 47.09317966958066 0.20000000000000004
      vertex 8.861018350385946 47.07954978811797 0.7999999999999998
      vertex 8.861018350385946 47.07954978811797 0.20000000000000004
    endloop
  endfacet
  facet normal 0.03271908282179303 0.9994645874763651 0
    outer loop
      vertex 8.861018350385946 47.07954978811797 0.20000000000000004
      vertex 9 47.075 0.7999999999999998
      vertex 9 47.075 0.20000000000000004
    endloop
  endfacet
  facet normal 0.22707626303438752 0.9738769792773304 0
    outer loop
      vertex 8.450009529157143 47.147407619135734 0.20000000000000004
      vertex 8.450009529157143 47.147407619135734 0.7999999999999998
      vertex 8.585433065715728 47.11583127914314 0.7999999999999998
    endloop
  endfacet
  facet normal 0.1628954733945744 0.9866433320848814 0
    outer loop
      vertex 8.585433065715728 47.11583127914314 0.20000000000000004
      vertex 8.585433065715728 47.11583127914314 0.7999999999999998
      vertex 8.72263184153239 47.09317966958066 0.7999999999999998
    endloop
  endfacet
  facet normal 0.09801714032955176 0.9951847266721977 0
    outer loop
      vertex 8.72263184153239 47.09317966958066 0.20000000000000004
      vertex 8.72263184153239 47.09317966958066 0.7999999999999998
      vertex 8.861018350385946 47.07954978811797 0.7999999999999998
    endloop
  endfacet
  facet normal 0.03271908282179303 0.9994645874763651 0
    outer loop
      vertex 8.861018350385946 47.07954978811797 0.20000000000000004
      vertex 8.861018350385946 47.07954978811797 0.7999999999999998
      vertex 9 47.075 0.7999999999999998
    endloop
  endfacet
  facet normal 0.6338236146729492 0.5201655976884388 0.5724468328712685
    outer loop
      vertex 7.314124151881125 47.90638196335647 0.7999999999999998
      vertex 5.540746097112482 46.54562112204287 4
      vertex 7.402340409107174 47.798890142912356 0.7999999999999998
    endloop
  endfacet
  facet normal 0.598446091854046 0.5605059309947329 0.5724468328712691
    outer loop
      vertex 7.402340409107174 47.798890142912356 0.7999999999999998
      vertex 5.721757310036518 46.325058320923965 4
      vertex 7.497398089978587 47.69739808997859 0.7999999999999998
    endloop
  endfacet
  facet normal 0.5605059309947251 0.5984460918540533 0.5724468328712689
    outer loop
      vertex 7.497398089978587 47.69739808997859 0.7999999999999998
      vertex 5.91680646144395 46.11680646144396 4
      vertex 7.598890142912354 47.60234040910718 0.7999999999999998
    endloop
  endfacet
  facet normal 0.47759783543558154 0.6664870074674379 0.5724468328712689
    outer loop
      vertex 7.8194132548333455 47.433127073857094 0.7999999999999998
      vertex 7.706381963356469 47.51412415188113 0.7999999999999998
      vertex 6.345621122042857 45.740746097112485 4
    endloop
  endfacet
  facet normal 0.5201655976884553 0.6338236146729344 0.5724468328712697
    outer loop
      vertex 7.598890142912354 47.60234040910718 0.7999999999999998
      vertex 6.125058320923964 45.92175731003652 4
      vertex 7.706381963356469 47.51412415188113 0.7999999999999998
    endloop
  endfacet
  facet normal 0.43298492592924354 0.6962964005750003 0.5724468328712687
    outer loop
      vertex 7.8194132548333455 47.433127073857094 0.7999999999999998
      vertex 6.577550381024824 45.574547940474936 4
      vertex 7.9375 47.35969601695807 0.7999999999999998
    endloop
  endfacet
  facet normal 0.38651790849698914 0.7231241455979514 0.5724468328712684
    outer loop
      vertex 7.9375 47.35969601695807 0.7999999999999998
      vertex 6.819852941176471 45.423874526145795 4
      vertex 8.060136533284622 47.29414542424304 0.7999999999999998
    endloop
  endfacet
  facet normal 0.33839576204128746 0.7468553620133885 0.5724468328712691
    outer loop
      vertex 8.060136533284622 47.29414542424304 0.7999999999999998
      vertex 7.071491225736266 45.28937106081703 4
      vertex 8.186797706224183 47.23675599341352 0.7999999999999998
    endloop
  endfacet
  facet normal 0.4775978354355785 0.6664870074674406 0.5724468328712685
    outer loop
      vertex 7.8194132548333455 47.433127073857094 0.7999999999999998
      vertex 6.345621122042857 45.740746097112485 4
      vertex 6.577550381024824 45.574547940474936 4
    endloop
  endfacet
  facet normal 0.43298492592924204 0.6962964005750013 0.5724468328712685
    outer loop
      vertex 7.9375 47.35969601695807 0.7999999999999998
      vertex 6.577550381024824 45.574547940474936 4
      vertex 6.819852941176471 45.423874526145795 4
    endloop
  endfacet
  facet normal 0.38651790849699835 0.7231241455979459 0.5724468328712691
    outer loop
      vertex 8.060136533284622 47.29414542424304 0.7999999999999998
      vertex 6.819852941176471 45.423874526145795 4
      vertex 7.071491225736266 45.28937106081703 4
    endloop
  endfacet
  facet normal 0.33839576204127314 0.7468553620133956 0.5724468328712682
    outer loop
      vertex 8.186797706224183 47.23675599341352 0.7999999999999998
      vertex 7.071491225736266 45.28937106081703 4
      vertex 7.331387680937513 45.17161350897653 4
    endloop
  endfacet
  facet normal 0.28882455298103843 0.7673884291093764 0.5724468328712692
    outer loop
      vertex 8.316941136230781 47.187773474822905 0.7999999999999998
      vertex 7.331387680937513 45.17161350897653 4
      vertex 7.5984293902590085 45.071106126539725 4
    endloop
  endfacet
  facet normal 0.28882455298101506 0.7673884291093861 0.5724468328712681
    outer loop
      vertex 8.186797706224183 47.23675599341352 0.7999999999999998
      vertex 7.331387680937513 45.17161350897653 4
      vertex 8.316941136230781 47.187773474822905 0.7999999999999998
    endloop
  endfacet
  facet normal 0.23801655284376205 0.784635421140306 0.5724468328712693
    outer loop
      vertex 8.316941136230781 47.187773474822905 0.7999999999999998
      vertex 7.5984293902590085 45.071106126539725 4
      vertex 8.450009529157143 47.147407619135734 0.7999999999999998
    endloop
  endfacet
  facet normal 0.1861893292862654 0.798522483838485 0.5724468328712696
    outer loop
      vertex 8.450009529157143 47.147407619135734 0.7999999999999998
      vertex 7.871472840104451 44.9882793015484 4
      vertex 8.585433065715728 47.11583127914314 0.7999999999999998
    endloop
  endfacet
  facet normal 0.1335648144364238 0.8089901506694739 0.5724468328712682
    outer loop
      vertex 8.585433065715728 47.11583127914314 0.7999999999999998
      vertex 8.149348816503204 44.92348771118298 4
      vertex 8.72263184153239 47.09317966958066 0.7999999999999998
    endloop
  endfacet
  facet normal 0.08036835454594973 0.815993597476861 0.5724468328712697
    outer loop
      vertex 8.72263184153239 47.09317966958066 0.7999999999999998
      vertex 8.430867411864039 44.87700880298037 4
      vertex 8.861018350385946 47.07954978811797 0.7999999999999998
    endloop
  endfacet
  facet normal 0.02682774502295236 0.8195028344262367 0.5724468328712699
    outer loop
      vertex 8.861018350385946 47.07954978811797 0.7999999999999998
      vertex 8.714823120342096 44.84904160676109 4
      vertex 9 47.075 0.7999999999999998
    endloop
  endfacet
  facet normal 0.2380165528437612 0.7846354211403065 0.5724468328712692
    outer loop
      vertex 8.450009529157143 47.147407619135734 0.7999999999999998
      vertex 7.5984293902590085 45.071106126539725 4
      vertex 7.871472840104451 44.9882793015484 4
    endloop
  endfacet
  facet normal 0.18618932928624393 0.7985224838384908 0.5724468328712686
    outer loop
      vertex 8.585433065715728 47.11583127914314 0.7999999999999998
      vertex 7.871472840104451 44.9882793015484 4
      vertex 8.149348816503204 44.92348771118298 4
    endloop
  endfacet
  facet normal 0.13356481443645243 0.8089901506694682 0.5724468328712696
    outer loop
      vertex 8.72263184153239 47.09317966958066 0.7999999999999998
      vertex 8.149348816503204 44.92348771118298 4
      vertex 8.430867411864039 44.87700880298037 4
    endloop
  endfacet
  facet normal 0.08036835454595012 0.8159935974768607 0.5724468328712697
    outer loop
      vertex 8.861018350385946 47.07954978811797 0.7999999999999998
      vertex 8.430867411864039 44.87700880298037 4
      vertex 8.714823120342096 44.84904160676109 4
    endloop
  endfacet
  facet normal 0.026827745022932916 0.8195028344262381 0.572446832871269
    outer loop
      vertex 9 47.075 0.7999999999999998
      vertex 8.714823120342096 44.84904160676109 4
      vertex 9 44.839705882352945 4
    endloop
  endfacet
  facet normal 0 0 -1
    outer loop
      vertex 6.744480577563068 47.22196255469979 0.20000000000000004
      vertex 6.744480577563068 51.17803744530021 0.20000000000000004
      vertex 6.878679656440357 47.07867965644036 0.20000000000000004
    endloop
  endfacet
  facet normal 0 0 -1
    outer loop
      vertex 6.878679656440357 47.07867965644036 0.20000000000000004
      vertex 6.879549788117968 49.06101835038595 0.20000000000000004
      vertex 6.893179669580653 48.92263184153239 0.20000000000000004
    endloop
  endfacet
  facet normal 0 0 -1
    outer loop
      vertex 6.878679656440357 47.07867965644036 0.20000000000000004
      vertex 6.875 49.2 0.20000000000000004
      vertex 6.879549788117968 49.06101835038595 0.20000000000000004
    endloop
  endfacet
  facet normal 0 0 -1
    outer loop
      vertex 6.744480577563068 51.17803744530021 0.20000000000000004
      vertex 6.875 49.2 0.20000000000000004
      vertex 6.878679656440357 47.07867965644036 0.20000000000000004
    endloop
  endfacet
  facet normal 0 0 -1
    outer loop
      vertex 6.878679656440357 47.07867965644036 0.20000000000000004
      vertex 6.915831279143135 48.78543306571573 0.20000000000000004
      vertex 6.9474076191357295 48.650009529157145 0.20000000000000004
    endloop
  endfacet
  facet normal 0 0 -1
    outer loop
      vertex 6.878679656440357 47.07867965644036 0.20000000000000004
      vertex 6.893179669580653 48.92263184153239 0.20000000000000004
      vertex 6.915831279143135 48.78543306571573 0.20000000000000004
    endloop
  endfacet
  facet normal 0.9951847266721973 0.09801714032955686 0
    outer loop
      vertex 6.879549788117968 49.06101835038595 0.20000000000000004
      vertex 6.893179669580653 48.92263184153239 0.7999999999999998
      vertex 6.893179669580653 48.92263184153239 0.20000000000000004
    endloop
  endfacet
  facet normal 0.9994645874763656 0.032719082821780696 0
    outer loop
      vertex 6.879549788117968 49.06101835038595 0.20000000000000004
      vertex 6.875 49.2 0.20000000000000004
      vertex 6.879549788117968 49.06101835038595 0.7999999999999998
    endloop
  endfacet
  facet normal 0.9569403357322089 0.2902846772544621 0
    outer loop
      vertex 6.9877734748229 48.516941136230784 0.20000000000000004
      vertex 6.9474076191357295 48.650009529157145 0.20000000000000004
      vertex 6.9877734748229 48.516941136230784 0.7999999999999998
    endloop
  endfacet
  facet normal 0.9359059267573233 0.3522500479212397 0
    outer loop
      vertex 6.9877734748229 48.516941136230784 0.20000000000000004
      vertex 7.036755993413516 48.386797706224186 0.7999999999999998
      vertex 7.036755993413516 48.386797706224186 0.20000000000000004
    endloop
  endfacet
  facet normal 0.9866433320848798 0.16289547339458482 0
    outer loop
      vertex 6.915831279143135 48.78543306571573 0.20000000000000004
      vertex 6.893179669580653 48.92263184153239 0.20000000000000004
      vertex 6.915831279143135 48.78543306571573 0.7999999999999998
    endloop
  endfacet
  facet normal 0.973876979277334 0.22707626303437223 0
    outer loop
      vertex 6.915831279143135 48.78543306571573 0.20000000000000004
      vertex 6.9474076191357295 48.650009529157145 0.7999999999999998
      vertex 6.9474076191357295 48.650009529157145 0.20000000000000004
    endloop
  endfacet
  facet normal 0 0 -1
    outer loop
      vertex 6.744480577563068 51.17803744530021 0.20000000000000004
      vertex 6.879549788117968 49.338981649614055 0.20000000000000004
      vertex 6.875 49.2 0.20000000000000004
    endloop
  endfacet
  facet normal 0 0 -1
    outer loop
      vertex 6.879549788117968 49.338981649614055 0.20000000000000004
      vertex 6.878679656440357 51.32132034355965 0.20000000000000004
      vertex 6.893179669580653 49.47736815846761 0.20000000000000004
    endloop
  endfacet
  facet normal 0 0 -1
    outer loop
      vertex 6.893179669580653 49.47736815846761 0.20000000000000004
      vertex 6.878679656440357 51.32132034355965 0.20000000000000004
      vertex 6.915831279143135 49.61456693428428 0.20000000000000004
    endloop
  endfacet
  facet normal 0 0 -1
    outer loop
      vertex 6.878679656440357 51.32132034355965 0.20000000000000004
      vertex 6.9474076191357295 49.74999047084286 0.20000000000000004
      vertex 6.915831279143135 49.61456693428428 0.20000000000000004
    endloop
  endfacet
  facet normal 0 0 -1
    outer loop
      vertex 6.878679656440357 51.32132034355965 0.20000000000000004
      vertex 6.9877734748229 49.88305886376922 0.20000000000000004
      vertex 6.9474076191357295 49.74999047084286 0.20000000000000004
    endloop
  endfacet
  facet normal 0.9994645874763656 -0.032719082821780696 0
    outer loop
      vertex 6.875 49.2 0.20000000000000004
      vertex 6.879549788117968 49.338981649614055 0.20000000000000004
      vertex 6.875 49.2 0.7999999999999998
    endloop
  endfacet
  facet normal 0.9951847266721973 -0.09801714032955686 0
    outer loop
      vertex 6.879549788117968 49.338981649614055 0.20000000000000004
      vertex 6.893179669580653 49.47736815846761 0.20000000000000004
      vertex 6.879549788117968 49.338981649614055 0.7999999999999998
    endloop
  endfacet
  facet normal 0.9866433320848798 -0.16289547339458482 0
    outer loop
      vertex 6.893179669580653 49.47736815846761 0.20000000000000004
      vertex 6.915831279143135 49.61456693428428 0.20000000000000004
      vertex 6.893179669580653 49.47736815846761 0.7999999999999998
    endloop
  endfacet
  facet normal 0.973876979277334 -0.22707626303437223 0
    outer loop
      vertex 6.915831279143135 49.61456693428428 0.20000000000000004
      vertex 6.9474076191357295 49.74999047084286 0.20000000000000004
      vertex 6.915831279143135 49.61456693428428 0.7999999999999998
    endloop
  endfacet
  facet normal 0.9569403357322089 -0.2902846772544621 0
    outer loop
      vertex 6.9474076191357295 49.74999047084286 0.20000000000000004
      vertex 6.9877734748229 49.88305886376922 0.20000000000000004
      vertex 6.9474076191357295 49.74999047084286 0.7999999999999998
    endloop
  endfacet
  facet normal 0.9359059267573233 -0.3522500479212397 0
    outer loop
      vertex 6.9877734748229 49.88305886376922 0.20000000000000004
      vertex 7.036755993413516 50.01320229377582 0.20000000000000004
      vertex 6.9877734748229 49.88305886376922 0.7999999999999998
    endloop
  endfacet
  facet normal 0.9108638249211795 0.4127070298043869 0
    outer loop
      vertex 7.036755993413516 48.386797706224186 0.20000000000000004
      vertex 7.094145424243037 48.26013653328462 0.7999999999999998
      vertex 7.094145424243037 48.26013653328462 0.20000000000000004
    endloop
  endfacet
  facet normal 0.8819212643483504 0.4713967368260062 0
    outer loop
      vertex 7.094145424243037 48.26013653328462 0.20000000000000004
      vertex 7.159696016958068 48.1375 0.7999999999999998
      vertex 7.159696016958068 48.1375 0.20000000000000004
    endloop
  endfacet
  facet normal 0.8492021815265837 0.5280678506503601 0
    outer loop
      vertex 7.159696016958068 48.1375 0.20000000000000004
      vertex 7.233127073857092 48.019413254833346 0.7999999999999998
      vertex 7.233127073857092 48.019413254833346 0.20000000000000004
    endloop
  endfacet
  facet normal 0.9108638249211795 -0.4127070298043869 0
    outer loop
      vertex 7.036755993413516 50.01320229377582 0.20000000000000004
      vertex 7.094145424243037 50.13986346671538 0.20000000000000004
      vertex 7.036755993413516 50.01320229377582 0.7999999999999998
    endloop
  endfacet
  facet normal 0.8819212643483504 -0.4713967368260062 0
    outer loop
      vertex 7.094145424243037 50.13986346671538 0.20000000000000004
      vertex 7.159696016958068 50.2625 0.20000000000000004
      vertex 7.094145424243037 50.13986346671538 0.7999999999999998
    endloop
  endfacet
  facet normal 0.8492021815265837 -0.5280678506503601 0
    outer loop
      vertex 7.159696016958068 50.2625 0.20000000000000004
      vertex 7.233127073857092 50.38058674516666 0.20000000000000004
      vertex 7.159696016958068 50.2625 0.7999999999999998
    endloop
  endfacet
  facet normal 0.9951847266721973 0.09801714032955686 0
    outer loop
      vertex 6.879549788117968 49.06101835038595 0.20000000000000004
      vertex 6.879549788117968 49.06101835038595 0.7999999999999998
      vertex 6.893179669580653 48.92263184153239 0.7999999999999998
    endloop
  endfacet
  facet normal 0.9994645874763656 0.032719082821780696 0
    outer loop
      vertex 6.875 49.2 0.20000000000000004
      vertex 6.875 49.2 0.7999999999999998
      vertex 6.879549788117968 49.06101835038595 0.7999999999999998
    endloop
  endfacet
  facet normal 0.9569403357322089 0.2902846772544621 0
    outer loop
      vertex 6.9474076191357295 48.650009529157145 0.20000000000000004
      vertex 6.9474076191357295 48.650009529157145 0.7999999999999998
      vertex 6.9877734748229 48.516941136230784 0.7999999999999998
    endloop
  endfacet
  facet normal 0.9359059267573233 0.3522500479212397 0
    outer loop
      vertex 6.9877734748229 48.516941136230784 0.20000000000000004
      vertex 6.9877734748229 48.516941136230784 0.7999999999999998
      vertex 7.036755993413516 48.386797706224186 0.7999999999999998
    endloop
  endfacet
  facet normal 0.9866433320848798 0.16289547339458482 0
    outer loop
      vertex 6.893179669580653 48.92263184153239 0.20000000000000004
      vertex 6.893179669580653 48.92263184153239 0.7999999999999998
      vertex 6.915831279143135 48.78543306571573 0.7999999999999998
    endloop
  endfacet
  facet normal 0.973876979277334 0.22707626303437223 0
    outer loop
      vertex 6.915831279143135 48.78543306571573 0.20000000000000004
      vertex 6.915831279143135 48.78543306571573 0.7999999999999998
      vertex 6.9474076191357295 48.650009529157145 0.7999999999999998
    endloop
  endfacet
  facet normal 0.9994645874763656 -0.032719082821780696 0
    outer loop
      vertex 6.879549788117968 49.338981649614055 0.20000000000000004
      vertex 6.879549788117968 49.338981649614055 0.7999999999999998
      vertex 6.875 49.2 0.7999999999999998
    endloop
  endfacet
  facet normal 0.9951847266721973 -0.09801714032955686 0
    outer loop
      vertex 6.893179669580653 49.47736815846761 0.20000000000000004
      vertex 6.893179669580653 49.47736815846761 0.7999999999999998
      vertex 6.879549788117968 49.338981649614055 0.7999999999999998
    endloop
  endfacet
  facet normal 0.9866433320848798 -0.16289547339458482 0
    outer loop
      vertex 6.915831279143135 49.61456693428428 0.20000000000000004
      vertex 6.915831279143135 49.61456693428428 0.7999999999999998
      vertex 6.893179669580653 49.47736815846761 0.7999999999999998
    endloop
  endfacet
  facet normal 0.973876979277334 -0.22707626303437223 0
    outer loop
      vertex 6.9474076191357295 49.74999047084286 0.20000000000000004
      vertex 6.9474076191357295 49.74999047084286 0.7999999999999998
      vertex 6.915831279143135 49.61456693428428 0.7999999999999998
    endloop
  endfacet
  facet normal 0.9569403357322089 -0.2902846772544621 0
    outer loop
      vertex 6.9877734748229 49.88305886376922 0.20000000000000004
      vertex 6.9877734748229 49.88305886376922 0.7999999999999998
      vertex 6.9474076191357295 49.74999047084286 0.7999999999999998
    endloop
  endfacet
  facet normal 0.9359059267573233 -0.3522500479212397 0
    outer loop
      vertex 7.036755993413516 50.01320229377582 0.20000000000000004
      vertex 7.036755993413516 50.01320229377582 0.7999999999999998
      vertex 6.9877734748229 49.88305886376922 0.7999999999999998
    endloop
  endfacet
  facet normal 0.9108638249211795 0.4127070298043869 0
    outer loop
      vertex 7.036755993413516 48.386797706224186 0.20000000000000004
      vertex 7.036755993413516 48.386797706224186 0.7999999999999998
      vertex 7.094145424243037 48.26013653328462 0.7999999999999998
    endloop
  endfacet
  facet normal 0.8819212643483504 0.4713967368260062 0
    outer loop
      vertex 7.094145424243037 48.26013653328462 0.20000000000000004
      vertex 7.094145424243037 48.26013653328462 0.7999999999999998
      vertex 7.159696016958068 48.1375 0.7999999999999998
    endloop
  endfacet
  facet normal 0.8492021815265837 0.5280678506503601 0
    outer loop
      vertex 7.159696016958068 48.1375 0.20000000000000004
      vertex 7.159696016958068 48.1375 0.7999999999999998
      vertex 7.233127073857092 48.019413254833346 0.7999999999999998
    endloop
  endfacet
  facet normal 0.9108638249211795 -0.4127070298043869 0
    outer loop
      vertex 7.094145424243037 50.13986346671538 0.20000000000000004
      vertex 7.094145424243037 50.13986346671538 0.7999999999999998
      vertex 7.036755993413516 50.01320229377582 0.7999999999999998
    endloop
  endfacet
  facet normal 0.8819212643483504 -0.4713967368260062 0
    outer loop
      vertex 7.159696016958068 50.2625 0.20000000000000004
      vertex 7.159696016958068 50.2625 0.7999999999999998
      vertex 7.094145424243037 50.13986346671538 0.7999999999999998
    endloop
  endfacet
  facet normal 0 0 -1
    outer loop
      vertex 6.744480577563068 51.17803744530021 0.20000000000000004
      vertex 6.878679656440357 51.32132034355965 0.20000000000000004
      vertex 6.879549788117968 49.338981649614055 0.20000000000000004
    endloop
  endfacet
  facet normal 0.729864072697836 -0.6835923020228707 0
    outer loop
      vertex 6.878679656440357 51.32132034355965 0.20000000000000004
      vertex 6.744480577563068 51.17803744530021 0
      vertex 6.878679656440357 51.32132034355965 0
    endloop
  endfacet
  facet normal 0.729864072697836 -0.6835923020228707 0
    outer loop
      vertex 6.744480577563068 51.17803744530021 0.20000000000000004
      vertex 6.744480577563068 51.17803744530021 0
      vertex 6.878679656440357 51.32132034355965 0.20000000000000004
    endloop
  endfacet
  facet normal 0 0 -1
    outer loop
      vertex 6.878679656440357 51.32132034355965 0.20000000000000004
      vertex 7.036755993413516 50.01320229377582 0.20000000000000004
      vertex 6.9877734748229 49.88305886376922 0.20000000000000004
    endloop
  endfacet
  facet normal 0.6835923020228637 -0.7298640726978428 0
    outer loop
      vertex 7.021962554699794 51.455519422436936 0.20000000000000004
      vertex 6.878679656440357 51.32132034355965 0
      vertex 7.021962554699794 51.455519422436936 0
    endloop
  endfacet
  facet normal 0.6835923020228637 -0.7298640726978428 0
    outer loop
      vertex 6.878679656440357 51.32132034355965 0.20000000000000004
      vertex 6.878679656440357 51.32132034355965 0
      vertex 7.021962554699794 51.455519422436936 0.20000000000000004
    endloop
  endfacet
  facet normal 0 0 -1
    outer loop
      vertex 6.878679656440357 51.32132034355965 0.20000000000000004
      vertex 7.021962554699794 51.455519422436936 0.20000000000000004
      vertex 7.036755993413516 50.01320229377582 0.20000000000000004
    endloop
  endfacet
  facet normal 0 0 -1
    outer loop
      vertex 7.021962554699794 51.455519422436936 0.20000000000000004
      vertex 7.094145424243037 50.13986346671538 0.20000000000000004
      vertex 7.036755993413516 50.01320229377582 0.20000000000000004
    endloop
  endfacet
  facet normal 0 0 -1
    outer loop
      vertex 7.021962554699794 51.455519422436936 0.20000000000000004
      vertex 7.159696016958068 50.2625 0.20000000000000004
      vertex 7.094145424243037 50.13986346671538 0.20000000000000004
    endloop
  endfacet
  facet normal 0 0 -1
    outer loop
      vertex 7.021962554699794 51.455519422436936 0.20000000000000004
      vertex 7.233127073857092 50.38058674516666 0.20000000000000004
      vertex 7.159696016958068 50.2625 0.20000000000000004
    endloop
  endfacet
  facet normal 0 0 -1
    outer loop
      vertex 7.021962554699794 51.455519422436936 0.20000000000000004
      vertex 7.173715712973838 51.58006002087371 0.20000000000000004
      vertex 7.233127073857092 50.38058674516666 0.20000000000000004
    endloop
  endfacet
  facet normal 0 0 -1
    outer loop
      vertex 7.233127073857092 50.38058674516666 0.20000000000000004
      vertex 7.173715712973838 51.58006002087371 0.20000000000000004
      vertex 7.314124151881125 50.49361803664353 0.20000000000000004
    endloop
  endfacet
  facet normal 0 0 -1
    outer loop
      vertex 7.173715712973838 51.58006002087371 0.20000000000000004
      vertex 7.402340409107174 50.60110985708765 0.20000000000000004
      vertex 7.314124151881125 50.49361803664353 0.20000000000000004
    endloop
  endfacet
  facet normal 0 0 -1
    outer loop
      vertex 7.173715712973838 51.58006002087371 0.20000000000000004
      vertex 7.3332893009411935 51.69440883690764 0.20000000000000004
      vertex 7.402340409107174 50.60110985708765 0.20000000000000004
    endloop
  endfacet
  facet normal 0.8128466845916062 -0.5824776968678147 0
    outer loop
      vertex 7.233127073857092 50.38058674516666 0.20000000000000004
      vertex 7.314124151881125 50.49361803664353 0.20000000000000004
      vertex 7.233127073857092 50.38058674516666 0.7999999999999998
    endloop
  endfacet
  facet normal 0.6343932841636483 -0.7730104533627347 0
    outer loop
      vertex 7.173715712973838 51.58006002087371 0.20000000000000004
      vertex 7.021962554699794 51.455519422436936 0
      vertex 7.173715712973838 51.58006002087371 0
    endloop
  endfacet
  facet normal 0.6343932841636483 -0.7730104533627347 0
    outer loop
      vertex 7.021962554699794 51.455519422436936 0.20000000000000004
      vertex 7.021962554699794 51.455519422436936 0
      vertex 7.173715712973838 51.58006002087371 0.20000000000000004
    endloop
  endfacet
  facet normal 0.582477696867806 -0.8128466845916125 0
    outer loop
      vertex 7.3332893009411935 51.69440883690764 0.20000000000000004
      vertex 7.173715712973838 51.58006002087371 0
      vertex 7.3332893009411935 51.69440883690764 0
    endloop
  endfacet
  facet normal 0.582477696867806 -0.8128466845916125 0
    outer loop
      vertex 7.173715712973838 51.58006002087371 0.20000000000000004
      vertex 7.173715712973838 51.58006002087371 0
      vertex 7.3332893009411935 51.69440883690764 0.20000000000000004
    endloop
  endfacet
  facet normal 0.8492021815265837 -0.5280678506503601 0
    outer loop
      vertex 7.233127073857092 50.38058674516666 0.20000000000000004
      vertex 7.233127073857092 50.38058674516666 0.7999999999999998
      vertex 7.159696016958068 50.2625 0.7999999999999998
    endloop
  endfacet
  facet normal 0.8128466845916062 -0.5824776968678147 0
    outer loop
      vertex 7.314124151881125 50.49361803664353 0.20000000000000004
      vertex 7.314124151881125 50.49361803664353 0.7999999999999998
      vertex 7.233127073857092 50.38058674516666 0.7999999999999998
    endloop
  endfacet
  facet normal 0 0 -1
    outer loop
      vertex 7.402340409107174 50.60110985708765 0.20000000000000004
      vertex 7.3332893009411935 51.69440883690764 0.20000000000000004
      vertex 7.497398089978587 50.702601910021414 0.20000000000000004
    endloop
  endfacet
  facet normal 0 0 -1
    outer loop
      vertex 7.497398089978587 50.702601910021414 0.20000000000000004
      vertex 7.3332893009411935 51.69440883690764 0.20000000000000004
      vertex 7.598890142912354 50.79765959089283 0.20000000000000004
    endloop
  endfacet
  facet normal 0 0 -1
    outer loop
      vertex 7.3332893009411935 51.69440883690764 0.20000000000000004
      vertex 7.5 51.79807621135332 0.20000000000000004
      vertex 7.598890142912354 50.79765959089283 0.20000000000000004
    endloop
  endfacet
  facet normal 0.7730104533627417 -0.6343932841636398 0
    outer loop
      vertex 7.314124151881125 50.49361803664353 0.20000000000000004
      vertex 7.402340409107174 50.60110985708765 0.20000000000000004
      vertex 7.314124151881125 50.49361803664353 0.7999999999999998
    endloop
  endfacet
  facet normal 0.7298640726978275 -0.6835923020228801 0
    outer loop
      vertex 7.402340409107174 50.60110985708765 0.20000000000000004
      vertex 7.497398089978587 50.702601910021414 0.20000000000000004
      vertex 7.402340409107174 50.60110985708765 0.7999999999999998
    endloop
  endfacet
  facet normal 0.6835923020228706 -0.7298640726978364 0
    outer loop
      vertex 7.497398089978587 50.702601910021414 0.20000000000000004
      vertex 7.598890142912354 50.79765959089283 0.20000000000000004
      vertex 7.497398089978587 50.702601910021414 0.7999999999999998
    endloop
  endfacet
  facet normal 0.5280678506503593 -0.8492021815265843 0
    outer loop
      vertex 7.5 51.79807621135332 0.20000000000000004
      vertex 7.3332893009411935 51.69440883690764 0
      vertex 7.5 51.79807621135332 0
    endloop
  endfacet
  facet normal 0.5280678506503593 -0.8492021815265843 0
    outer loop
      vertex 7.3332893009411935 51.69440883690764 0.20000000000000004
      vertex 7.3332893009411935 51.69440883690764 0
      vertex 7.5 51.79807621135332 0.20000000000000004
    endloop
  endfacet
  facet normal 0.47139673682598415 -0.8819212643483622 0
    outer loop
      vertex 7.5 51.79807621135332 0.20000000000000004
      vertex 7.5 51.79807621135332 0
      vertex 7.673133929342996 51.890618224598065 0.20000000000000004
    endloop
  endfacet
  facet normal 0 0 -1
    outer loop
      vertex 7.5 51.79807621135332 0.20000000000000004
      vertex 7.706381963356469 50.88587584811888 0.20000000000000004
      vertex 7.598890142912354 50.79765959089283 0.20000000000000004
    endloop
  endfacet
  facet normal 0 0 -1
    outer loop
      vertex 7.706381963356469 50.88587584811888 0.20000000000000004
      vertex 7.673133929342996 51.890618224598065 0.20000000000000004
      vertex 7.8194132548333455 50.96687292614291 0.20000000000000004
    endloop
  endfacet
  facet normal 0 0 -1
    outer loop
      vertex 7.8194132548333455 50.96687292614291 0.20000000000000004
      vertex 7.673133929342996 51.890618224598065 0.20000000000000004
      vertex 7.9375 51.04030398304194 0.20000000000000004
    endloop
  endfacet
  facet normal 0.6343932841636608 -0.7730104533627246 0
    outer loop
      vertex 7.598890142912354 50.79765959089283 0.20000000000000004
      vertex 7.706381963356469 50.88587584811888 0.20000000000000004
      vertex 7.598890142912354 50.79765959089283 0.7999999999999998
    endloop
  endfacet
  facet normal 0.5824776968677996 -0.8128466845916171 0
    outer loop
      vertex 7.706381963356469 50.88587584811888 0.20000000000000004
      vertex 7.8194132548333455 50.96687292614291 0.20000000000000004
      vertex 7.706381963356469 50.88587584811888 0.7999999999999998
    endloop
  endfacet
  facet normal 0.528067850650378 -0.8492021815265726 0
    outer loop
      vertex 7.8194132548333455 50.96687292614291 0.20000000000000004
      vertex 7.9375 51.04030398304194 0.20000000000000004
      vertex 7.8194132548333455 50.96687292614291 0.7999999999999998
    endloop
  endfacet
  facet normal 0.47139673682598415 -0.8819212643483622 0
    outer loop
      vertex 7.673133929342996 51.890618224598065 0.20000000000000004
      vertex 7.5 51.79807621135332 0
      vertex 7.673133929342996 51.890618224598065 0
    endloop
  endfacet
  facet normal 0 0 -1
    outer loop
      vertex 7.5 51.79807621135332 0.20000000000000004
      vertex 7.673133929342996 51.890618224598065 0.20000000000000004
      vertex 7.706381963356469 50.88587584811888 0.20000000000000004
    endloop
  endfacet
  facet normal 0.41270702980439933 -0.9108638249211739 0
    outer loop
      vertex 7.673133929342996 51.890618224598065 0.20000000000000004
      vertex 7.673133929342996 51.890618224598065 0
      vertex 7.851949702904731 51.97163859753386 0.20000000000000004
    endloop
  endfacet
  facet normal 0.41270702980439933 -0.9108638249211739 0
    outer loop
      vertex 7.851949702904731 51.97163859753386 0.20000000000000004
      vertex 7.673133929342996 51.890618224598065 0
      vertex 7.851949702904731 51.97163859753386 0
    endloop
  endfacet
  facet normal 0 0 -1
    outer loop
      vertex 7.673133929342996 51.890618224598065 0.20000000000000004
      vertex 7.851949702904731 51.97163859753386 0.20000000000000004
      vertex 7.9375 51.04030398304194 0.20000000000000004
    endloop
  endfacet
  facet normal 0.7730104533627417 -0.6343932841636398 0
    outer loop
      vertex 7.402340409107174 50.60110985708765 0.20000000000000004
      vertex 7.402340409107174 50.60110985708765 0.7999999999999998
      vertex 7.314124151881125 50.49361803664353 0.7999999999999998
    endloop
  endfacet
  facet normal 0.7298640726978275 -0.6835923020228801 0
    outer loop
      vertex 7.497398089978587 50.702601910021414 0.20000000000000004
      vertex 7.497398089978587 50.702601910021414 0.7999999999999998
      vertex 7.402340409107174 50.60110985708765 0.7999999999999998
    endloop
  endfacet
  facet normal 0.6835923020228706 -0.7298640726978364 0
    outer loop
      vertex 7.598890142912354 50.79765959089283 0.20000000000000004
      vertex 7.598890142912354 50.79765959089283 0.7999999999999998
      vertex 7.497398089978587 50.702601910021414 0.7999999999999998
    endloop
  endfacet
  facet normal 0.6343932841636608 -0.7730104533627246 0
    outer loop
      vertex 7.706381963356469 50.88587584811888 0.20000000000000004
      vertex 7.706381963356469 50.88587584811888 0.7999999999999998
      vertex 7.598890142912354 50.79765959089283 0.7999999999999998
    endloop
  endfacet
  facet normal 0.5824776968677996 -0.8128466845916171 0
    outer loop
      vertex 7.8194132548333455 50.96687292614291 0.20000000000000004
      vertex 7.8194132548333455 50.96687292614291 0.7999999999999998
      vertex 7.706381963356469 50.88587584811888 0.7999999999999998
    endloop
  endfacet
  facet normal 0 0 -1
    outer loop
      vertex 7.851949702904731 51.97163859753386 0.20000000000000004
      vertex 8.060136533284622 51.105854575756965 0.20000000000000004
      vertex 7.9375 51.04030398304194 0.20000000000000004
    endloop
  endfacet
  facet normal 0 0 -1
    outer loop
      vertex 8.060136533284622 51.105854575756965 0.20000000000000004
      vertex 8.035681604090515 52.04079038848532 0.20000000000000004
      vertex 8.186797706224183 51.16324400658649 0.20000000000000004
    endloop
  endfacet
  facet normal 0.47139673682598104 -0.8819212643483639 0
    outer loop
      vertex 7.9375 51.04030398304194 0.20000000000000004
      vertex 8.060136533284622 51.105854575756965 0.20000000000000004
      vertex 7.9375 51.04030398304194 0.7999999999999998
    endloop
  endfacet
  facet normal 0.41270702980440765 -0.91086382492117 0
    outer loop
      vertex 8.060136533284622 51.105854575756965 0.20000000000000004
      vertex 8.186797706224183 51.16324400658649 0.20000000000000004
      vertex 8.060136533284622 51.105854575756965 0.7999999999999998
    endloop
  endfacet
  facet normal 0.3522500479212441 -0.9359059267573219 0
    outer loop
      vertex 8.035681604090515 52.04079038848532 0.20000000000000004
      vertex 7.851949702904731 51.97163859753386 0
      vertex 8.035681604090515 52.04079038848532 0
    endloop
  endfacet
  facet normal 0.3522500479212441 -0.9359059267573219 0
    outer loop
      vertex 7.851949702904731 51.97163859753386 0.20000000000000004
      vertex 7.851949702904731 51.97163859753386 0
      vertex 8.035681604090515 52.04079038848532 0.20000000000000004
    endloop
  endfacet
  facet normal 0 0 -1
    outer loop
      vertex 7.851949702904731 51.97163859753386 0.20000000000000004
      vertex 8.035681604090515 52.04079038848532 0.20000000000000004
      vertex 8.060136533284622 51.105854575756965 0.20000000000000004
    endloop
  endfacet
  facet normal 0.2902846772544639 -0.9569403357322083 0
    outer loop
      vertex 8.035681604090515 52.04079038848532 0.20000000000000004
      vertex 8.035681604090515 52.04079038848532 0
      vertex 8.223542864692437 52.09777747886721 0.20000000000000004
    endloop
  endfacet
  facet normal 0 0 -1
    outer loop
      vertex 8.035681604090515 52.04079038848532 0.20000000000000004
      vertex 8.316941136230781 51.2122265251771 0.20000000000000004
      vertex 8.186797706224183 51.16324400658649 0.20000000000000004
    endloop
  endfacet
  facet normal 0.35225004792121734 -0.9359059267573319 0
    outer loop
      vertex 8.186797706224183 51.16324400658649 0.20000000000000004
      vertex 8.316941136230781 51.2122265251771 0.20000000000000004
      vertex 8.186797706224183 51.16324400658649 0.7999999999999998
    endloop
  endfacet
  facet normal 0.2902846772544621 -0.9569403357322089 0
    outer loop
      vertex 8.316941136230781 51.2122265251771 0.20000000000000004
      vertex 8.450009529157143 51.25259238086427 0.20000000000000004
      vertex 8.316941136230781 51.2122265251771 0.7999999999999998
    endloop
  endfacet
  facet normal 0 0 -1
    outer loop
      vertex 8.035681604090515 52.04079038848532 0.20000000000000004
      vertex 8.223542864692437 52.09777747886721 0.20000000000000004
      vertex 8.316941136230781 51.2122265251771 0.20000000000000004
    endloop
  endfacet
  facet normal 0.2902846772544639 -0.9569403357322083 0
    outer loop
      vertex 8.223542864692437 52.09777747886721 0.20000000000000004
      vertex 8.035681604090515 52.04079038848532 0
      vertex 8.223542864692437 52.09777747886721 0
    endloop
  endfacet
  facet normal 0.22707626303436151 -0.9738769792773363 0
    outer loop
      vertex 8.223542864692437 52.09777747886721 0.20000000000000004
      vertex 8.223542864692437 52.09777747886721 0
      vertex 8.414729033951616 52.14235584120969 0.20000000000000004
    endloop
  endfacet
  facet normal 0 0 -1
    outer loop
      vertex 8.316941136230781 51.2122265251771 0.20000000000000004
      vertex 8.223542864692437 52.09777747886721 0.20000000000000004
      vertex 8.450009529157143 51.25259238086427 0.20000000000000004
    endloop
  endfacet
  facet normal 0 0 -1
    outer loop
      vertex 8.223542864692437 52.09777747886721 0.20000000000000004
      vertex 8.414729033951616 52.14235584120969 0.20000000000000004
      vertex 8.450009529157143 51.25259238086427 0.20000000000000004
    endloop
  endfacet
  facet normal 0.22707626303436151 -0.9738769792773363 0
    outer loop
      vertex 8.414729033951616 52.14235584120969 0.20000000000000004
      vertex 8.223542864692437 52.09777747886721 0
      vertex 8.414729033951616 52.14235584120969 0
    endloop
  endfacet
  facet normal 0.528067850650378 -0.8492021815265726 0
    outer loop
      vertex 7.8194132548333455 50.96687292614291 0.7999999999999998
      vertex 7.9375 51.04030398304194 0.20000000000000004
      vertex 7.9375 51.04030398304194 0.7999999999999998
    endloop
  endfacet
  facet normal 0.47139673682598104 -0.8819212643483639 0
    outer loop
      vertex 8.060136533284622 51.105854575756965 0.20000000000000004
      vertex 8.060136533284622 51.105854575756965 0.7999999999999998
      vertex 7.9375 51.04030398304194 0.7999999999999998
    endloop
  endfacet
  facet normal 0.41270702980440765 -0.91086382492117 0
    outer loop
      vertex 8.186797706224183 51.16324400658649 0.20000000000000004
      vertex 8.186797706224183 51.16324400658649 0.7999999999999998
      vertex 8.060136533284622 51.105854575756965 0.7999999999999998
    endloop
  endfacet
  facet normal 0.35225004792121734 -0.9359059267573319 0
    outer loop
      vertex 8.316941136230781 51.2122265251771 0.20000000000000004
      vertex 8.316941136230781 51.2122265251771 0.7999999999999998
      vertex 8.186797706224183 51.16324400658649 0.7999999999999998
    endloop
  endfacet
  facet normal 0.2902846772544621 -0.9569403357322089 0
    outer loop
      vertex 8.450009529157143 51.25259238086427 0.20000000000000004
      vertex 8.450009529157143 51.25259238086427 0.7999999999999998
      vertex 8.316941136230781 51.2122265251771 0.7999999999999998
    endloop
  endfacet
  facet normal 0.22707626303438752 -0.9738769792773304 0
    outer loop
      vertex 8.450009529157143 51.25259238086427 0.20000000000000004
      vertex 8.585433065715728 51.28416872085687 0.20000000000000004
      vertex 8.450009529157143 51.25259238086427 0.7999999999999998
    endloop
  endfacet
  facet normal 0.1628954733945744 -0.9866433320848814 0
    outer loop
      vertex 8.585433065715728 51.28416872085687 0.20000000000000004
      vertex 8.72263184153239 51.30682033041935 0.20000000000000004
      vertex 8.585433065715728 51.28416872085687 0.7999999999999998
    endloop
  endfacet
  facet normal 0 0 -1
    outer loop
      vertex 8.414729033951616 52.14235584120969 0.20000000000000004
      vertex 8.585433065715728 51.28416872085687 0.20000000000000004
      vertex 8.450009529157143 51.25259238086427 0.20000000000000004
    endloop
  endfacet
  facet normal 0 0 -1
    outer loop
      vertex 8.414729033951616 52.14235584120969 0.20000000000000004
      vertex 8.72263184153239 51.30682033041935 0.20000000000000004
      vertex 8.585433065715728 51.28416872085687 0.20000000000000004
    endloop
  endfacet
  facet normal 0.1628954733945891 -0.986643332084879 0
    outer loop
      vertex 8.608421423339845 52.17433458412143 0.20000000000000004
      vertex 8.414729033951616 52.14235584120969 0
      vertex 8.608421423339845 52.17433458412143 0
    endloop
  endfacet
  facet normal 0.1628954733945891 -0.986643332084879 0
    outer loop
      vertex 8.414729033951616 52.14235584120969 0.20000000000000004
      vertex 8.414729033951616 52.14235584120969 0
      vertex 8.608421423339845 52.17433458412143 0.20000000000000004
    endloop
  endfacet
  facet normal 0 0 -1
    outer loop
      vertex 8.414729033951616 52.14235584120969 0.20000000000000004
      vertex 8.608421423339845 52.17433458412143 0.20000000000000004
      vertex 8.72263184153239 51.30682033041935 0.20000000000000004
    endloop
  endfacet
  facet normal 0.09801714032955963 -0.9951847266721969 0
    outer loop
      vertex 8.608421423339845 52.17433458412143 0.20000000000000004
      vertex 8.608421423339845 52.17433458412143 0
      vertex 8.803790612309571 52.19357676971581 0.20000000000000004
    endloop
  endfacet
  facet normal 0.09801714032955176 -0.9951847266721977 0
    outer loop
      vertex 8.72263184153239 51.30682033041935 0.20000000000000004
      vertex 8.861018350385946 51.32045021188203 0.20000000000000004
      vertex 8.72263184153239 51.30682033041935 0.7999999999999998
    endloop
  endfacet
  facet normal 0.03271908282179303 -0.9994645874763651 0
    outer loop
      vertex 8.861018350385946 51.32045021188203 0.20000000000000004
      vertex 9 51.325 0.20000000000000004
      vertex 8.861018350385946 51.32045021188203 0.7999999999999998
    endloop
  endfacet
  facet normal 0 0 -1
    outer loop
      vertex 8.608421423339845 52.17433458412143 0.20000000000000004
      vertex 8.861018350385946 51.32045021188203 0.20000000000000004
      vertex 8.72263184153239 51.30682033041935 0.20000000000000004
    endloop
  endfacet
  facet normal 0 0 -1
    outer loop
      vertex 8.608421423339845 52.17433458412143 0.20000000000000004
      vertex 8.803790612309571 52.19357676971581 0.20000000000000004
      vertex 8.861018350385946 51.32045021188203 0.20000000000000004
    endloop
  endfacet
  facet normal 0.09801714032955963 -0.9951847266721969 0
    outer loop
      vertex 8.803790612309571 52.19357676971581 0.20000000000000004
      vertex 8.608421423339845 52.17433458412143 0
      vertex 8.803790612309571 52.19357676971581 0
    endloop
  endfacet
  facet normal 0 0 -1
    outer loop
      vertex 8.861018350385946 51.32045021188203 0.20000000000000004
      vertex 8.803790612309571 52.19357676971581 0.20000000000000004
      vertex 9 52.2 0.20000000000000004
    endloop
  endfacet
  facet normal 0 0 -1
    outer loop
      vertex 8.861018350385946 51.32045021188203 0.20000000000000004
      vertex 9 52.2 0.20000000000000004
      vertex 9 51.325 0.20000000000000004
    endloop
  endfacet
  facet normal 0.03271908282178681 -0.9994645874763652 0
    outer loop
      vertex 9 52.2 0.20000000000000004
      vertex 8.803790612309571 52.19357676971581 0
      vertex 9 52.2 0
    endloop
  endfacet
  facet normal 0.03271908282178681 -0.9994645874763652 0
    outer loop
      vertex 8.803790612309571 52.19357676971581 0.20000000000000004
      vertex 8.803790612309571 52.19357676971581 0
      vertex 9 52.2 0.20000000000000004
    endloop
  endfacet
  facet normal 0.22707626303438752 -0.9738769792773304 0
    outer loop
      vertex 8.585433065715728 51.28416872085687 0.20000000000000004
      vertex 8.585433065715728 51.28416872085687 0.7999999999999998
      vertex 8.450009529157143 51.25259238086427 0.7999999999999998
    endloop
  endfacet
  facet normal 0.1628954733945744 -0.9866433320848814 0
    outer loop
      vertex 8.72263184153239 51.30682033041935 0.20000000000000004
      vertex 8.72263184153239 51.30682033041935 0.7999999999999998
      vertex 8.585433065715728 51.28416872085687 0.7999999999999998
    endloop
  endfacet
  facet normal 0.09801714032955176 -0.9951847266721977 0
    outer loop
      vertex 8.861018350385946 51.32045021188203 0.20000000000000004
      vertex 8.861018350385946 51.32045021188203 0.7999999999999998
      vertex 8.72263184153239 51.30682033041935 0.7999999999999998
    endloop
  endfacet
  facet normal 0.03271908282179303 -0.9994645874763651 0
    outer loop
      vertex 8.861018350385946 51.32045021188203 0.7999999999999998
      vertex 9 51.325 0.20000000000000004
      vertex 9 51.325 0.7999999999999998
    endloop
  endfacet
  facet normal 0 0 -1
    outer loop
      vertex 0 57.2 0
      vertex 18 57.2 0
      vertex 7.851949702904731 51.97163859753386 0
    endloop
  endfacet
  facet normal 0.6338236146729488 -0.5201655976884386 0.572446832871269
    outer loop
      vertex 7.314124151881125 50.49361803664353 0.7999999999999998
      vertex 7.402340409107174 50.60110985708765 0.7999999999999998
      vertex 5.721757310036518 52.07494167907604 4
    endloop
  endfacet
  facet normal 0.5984460918540458 -0.5605059309947328 0.5724468328712691
    outer loop
      vertex 7.402340409107174 50.60110985708765 0.7999999999999998
      vertex 7.497398089978587 50.702601910021414 0.7999999999999998
      vertex 5.91680646144395 52.28319353855605 4
    endloop
  endfacet
  facet normal 0.5605059309947248 -0.598446091854053 0.5724468328712696
    outer loop
      vertex 7.497398089978587 50.702601910021414 0.7999999999999998
      vertex 7.598890142912354 50.79765959089283 0.7999999999999998
      vertex 6.125058320923964 52.47824268996349 4
    endloop
  endfacet
  facet normal 0.5201655976884558 -0.633823614672935 0.5724468328712686
    outer loop
      vertex 7.598890142912354 50.79765959089283 0.7999999999999998
      vertex 7.706381963356469 50.88587584811888 0.7999999999999998
      vertex 6.345621122042857 52.65925390288752 4
    endloop
  endfacet
  facet normal 0.47759783543558165 -0.666487007467438 0.5724468328712685
    outer loop
      vertex 7.706381963356469 50.88587584811888 0.7999999999999998
      vertex 7.8194132548333455 50.96687292614291 0.7999999999999998
      vertex 6.577550381024824 52.82545205952507 4
    endloop
  endfacet
  facet normal 0.43298492592924354 -0.6962964005750003 0.5724468328712686
    outer loop
      vertex 7.8194132548333455 50.96687292614291 0.7999999999999998
      vertex 7.9375 51.04030398304194 0.7999999999999998
      vertex 6.819852941176471 52.97612547385421 4
    endloop
  endfacet
  facet normal 0.38651790849698886 -0.7231241455979509 0.5724468328712691
    outer loop
      vertex 7.9375 51.04030398304194 0.7999999999999998
      vertex 8.060136533284622 51.105854575756965 0.7999999999999998
      vertex 7.071491225736266 53.11062893918297 4
    endloop
  endfacet
  facet normal 0.33839576204128774 -0.7468553620133891 0.5724468328712681
    outer loop
      vertex 8.060136533284622 51.105854575756965 0.7999999999999998
      vertex 8.186797706224183 51.16324400658649 0.7999999999999998
      vertex 7.331387680937513 53.22838649102348 4
    endloop
  endfacet
  facet normal 0.47759783543557793 -0.6664870074674406 0.5724468328712689
    outer loop
      vertex 7.706381963356469 50.88587584811888 0.7999999999999998
      vertex 6.577550381024824 52.82545205952507 4
      vertex 6.345621122042857 52.65925390288752 4
    endloop
  endfacet
  facet normal 0.4329849259292419 -0.6962964005750012 0.5724468328712686
    outer loop
      vertex 7.8194132548333455 50.96687292614291 0.7999999999999998
      vertex 6.819852941176471 52.97612547385421 4
      vertex 6.577550381024824 52.82545205952507 4
    endloop
  endfacet
  facet normal 0.3865179084969985 -0.7231241455979462 0.5724468328712689
    outer loop
      vertex 7.9375 51.04030398304194 0.7999999999999998
      vertex 7.071491225736266 53.11062893918297 4
      vertex 6.819852941176471 52.97612547385421 4
    endloop
  endfacet
  facet normal 0.33839576204127303 -0.7468553620133954 0.5724468328712687
    outer loop
      vertex 8.060136533284622 51.105854575756965 0.7999999999999998
      vertex 7.331387680937513 53.22838649102348 4
      vertex 7.071491225736266 53.11062893918297 4
    endloop
  endfacet
  facet normal 0.28882455298103793 -0.7673884291093772 0.5724468328712685
    outer loop
      vertex 8.186797706224183 51.16324400658649 0.7999999999999998
      vertex 7.5984293902590085 53.32889387346028 4
      vertex 7.331387680937513 53.22838649102348 4
    endloop
  endfacet
  facet normal 0.2888245529810147 -0.7673884291093852 0.5724468328712696
    outer loop
      vertex 8.186797706224183 51.16324400658649 0.7999999999999998
      vertex 8.316941136230781 51.2122265251771 0.7999999999999998
      vertex 7.5984293902590085 53.32889387346028 4
    endloop
  endfacet
  facet normal 0.23801655284376205 -0.784635421140306 0.5724468328712692
    outer loop
      vertex 8.316941136230781 51.2122265251771 0.7999999999999998
      vertex 8.450009529157143 51.25259238086427 0.7999999999999998
      vertex 7.871472840104451 53.4117206984516 4
    endloop
  endfacet
  facet normal 0.18618932928626558 -0.7985224838384858 0.5724468328712683
    outer loop
      vertex 8.450009529157143 51.25259238086427 0.7999999999999998
      vertex 8.585433065715728 51.28416872085687 0.7999999999999998
      vertex 8.149348816503204 53.47651228881703 4
    endloop
  endfacet
  facet normal 0.13356481443642357 -0.8089901506694727 0.5724468328712699
    outer loop
      vertex 8.585433065715728 51.28416872085687 0.7999999999999998
      vertex 8.72263184153239 51.30682033041935 0.7999999999999998
      vertex 8.430867411864039 53.522991197019635 4
    endloop
  endfacet
  facet normal 0.08036835454594972 -0.8159935974768607 0.5724468328712697
    outer loop
      vertex 8.72263184153239 51.30682033041935 0.7999999999999998
      vertex 8.861018350385946 51.32045021188203 0.7999999999999998
      vertex 8.714823120342096 53.550958393238915 4
    endloop
  endfacet
  facet normal 0.026827745022952387 -0.8195028344262376 0.5724468328712686
    outer loop
      vertex 8.861018350385946 51.32045021188203 0.7999999999999998
      vertex 9 51.325 0.7999999999999998
      vertex 9 53.56029411764706 4
    endloop
  endfacet
  facet normal 0.2380165528437613 -0.7846354211403064 0.5724468328712694
    outer loop
      vertex 8.316941136230781 51.2122265251771 0.7999999999999998
      vertex 7.871472840104451 53.4117206984516 4
      vertex 7.5984293902590085 53.32889387346028 4
    endloop
  endfacet
  facet normal 0.18618932928624385 -0.7985224838384902 0.5724468328712692
    outer loop
      vertex 8.450009529157143 51.25259238086427 0.7999999999999998
      vertex 8.149348816503204 53.47651228881703 4
      vertex 7.871472840104451 53.4117206984516 4
    endloop
  endfacet
  facet normal 0.1335648144364533 -0.8089901506694687 0.5724468328712686
    outer loop
      vertex 8.585433065715728 51.28416872085687 0.7999999999999998
      vertex 8.430867411864039 53.522991197019635 4
      vertex 8.149348816503204 53.47651228881703 4
    endloop
  endfacet
  facet normal 0.08036835454595093 -0.8159935974768607 0.5724468328712696
    outer loop
      vertex 8.72263184153239 51.30682033041935 0.7999999999999998
      vertex 8.714823120342096 53.550958393238915 4
      vertex 8.430867411864039 53.522991197019635 4
    endloop
  endfacet
  facet normal 0.0268277450229329 -0.8195028344262376 0.5724468328712694
    outer loop
      vertex 8.861018350385946 51.32045021188203 0.7999999999999998
      vertex 9 53.56029411764706 4
      vertex 8.714823120342096 53.550958393238915 4
    endloop
  endfacet
  facet normal 0 0 1
    outer loop
      vertex 0 44.2 4
      vertex 7.071491225736266 45.28937106081703 4
      vertex 6.819852941176471 45.423874526145795 4
    endloop
  endfacet
  facet normal 0 0 1
    outer loop
      vertex 0 44.2 4
      vertex 7.331387680937513 45.17161350897653 4
      vertex 7.071491225736266 45.28937106081703 4
    endloop
  endfacet
  facet normal 0 0 1
    outer loop
      vertex 0 44.2 4
      vertex 7.5984293902590085 45.071106126539725 4
      vertex 7.331387680937513 45.17161350897653 4
    endloop
  endfacet
  facet normal 0 0 1
    outer loop
      vertex 0 44.2 4
      vertex 7.871472840104451 44.9882793015484 4
      vertex 7.5984293902590085 45.071106126539725 4
    endloop
  endfacet
  facet normal 0 0 1
    outer loop
      vertex 0 44.2 4
      vertex 8.149348816503204 44.92348771118298 4
      vertex 7.871472840104451 44.9882793015484 4
    endloop
  endfacet
  facet normal 0 0 1
    outer loop
      vertex 0 44.2 4
      vertex 8.430867411864039 44.87700880298037 4
      vertex 8.149348816503204 44.92348771118298 4
    endloop
  endfacet
  facet normal 0 0.2902846772544564 0.9569403357322106
    outer loop
      vertex 0 43.42354286469244 4.102222521132795
      vertex 0 43.235681604090516 4.159209611514683
      vertex 18 43.235681604090516 4.159209611514683
    endloop
  endfacet
  facet normal 0 0.3522500479212421 0.9359059267573225
    outer loop
      vertex 0 43.235681604090516 4.159209611514683
      vertex 0 43.051949702904736 4.22836140246614
      vertex 18 43.051949702904736 4.22836140246614
    endloop
  endfacet
  facet normal 0 0.4713967368260001 0.8819212643483537
    outer loop
      vertex 0 42.873133929343 4.309381775401935
      vertex 0 42.7 4.401923788646684
      vertex 18 42.7 4.401923788646684
    endloop
  endfacet
  facet normal 0 0.4127070298043866 0.9108638249211796
    outer loop
      vertex 0 43.051949702904736 4.22836140246614
      vertex 0 42.873133929343 4.309381775401935
      vertex 18 42.873133929343 4.309381775401935
    endloop
  endfacet
  facet normal 0 0.6343932841636394 0.7730104533627419
    outer loop
      vertex 0 42.22196255469979 4.744480577563068
      vertex 18 42.22196255469979 4.744480577563068
      vertex 0 42.37371571297384 4.619939979126294
    endloop
  endfacet
  facet normal -3.632763279480397e-17 0.6835923020228684 0.7298640726978384
    outer loop
      vertex 0 42.22196255469979 4.744480577563068
      vertex 0 42.07867965644036 4.878679656440356
      vertex 18 42.07867965644036 4.878679656440357
    endloop
  endfacet
  facet normal 0 0.5280678506503751 0.8492021815265745
    outer loop
      vertex 0 42.7 4.401923788646684
      vertex 0 42.5332893009412 4.505591163092364
      vertex 18 42.5332893009412 4.505591163092364
    endloop
  endfacet
  facet normal 0 0.5824776968677936 0.8128466845916213
    outer loop
      vertex 0 42.5332893009412 4.505591163092364
      vertex 0 42.37371571297384 4.619939979126294
      vertex 18 42.37371571297384 4.619939979126294
    endloop
  endfacet
  facet normal 0 0 1
    outer loop
      vertex 0 44.2 4
      vertex 8.714823120342096 44.84904160676109 4
      vertex 8.430867411864039 44.87700880298037 4
    endloop
  endfacet
  facet normal 0 0.16289547339458618 0.9866433320848794
    outer loop
      vertex 0 43.61472903395162 4.057644158790309
      vertex 18 43.61472903395162 4.057644158790309
      vertex 0 43.80842142333985 4.025665415878569
    endloop
  endfacet
  facet normal 0 0.09801714032956228 0.9951847266721967
    outer loop
      vertex 0 44.00379061230957 4.00642323028419
      vertex 0 43.80842142333985 4.025665415878569
      vertex 18 43.80842142333985 4.025665415878569
    endloop
  endfacet
  facet normal 0 0.032719082821777476 0.9994645874763657
    outer loop
      vertex 0 44.00379061230957 4.00642323028419
      vertex 18 44.00379061230957 4.00642323028419
      vertex 0 44.2 4
    endloop
  endfacet
  facet normal 0 0.22707626303437412 0.9738769792773335
    outer loop
      vertex 0 43.42354286469244 4.102222521132795
      vertex 18 43.42354286469244 4.102222521132795
      vertex 0 43.61472903395162 4.057644158790309
    endloop
  endfacet
  facet normal 0 0.7298640726978449 0.6835923020228615
    outer loop
      vertex 0 42.07867965644036 4.878679656440356
      vertex 0 41.94448057756307 5.021962554699794
      vertex 18 41.94448057756307 5.021962554699794
    endloop
  endfacet
  facet normal 0 0.8128466845916125 0.5824776968678059
    outer loop
      vertex 0 41.819939979126296 5.173715712973838
      vertex 0 41.705591163092365 5.3332893009411935
      vertex 18 41.705591163092365 5.3332893009411935
    endloop
  endfacet
  facet normal 0 0.7730104533627347 0.6343932841636483
    outer loop
      vertex 0 41.94448057756307 5.021962554699794
      vertex 0 41.819939979126296 5.173715712973838
      vertex 18 41.819939979126296 5.173715712973838
    endloop
  endfacet
  facet normal 0 0.8492021815265843 0.5280678506503592
    outer loop
      vertex 0 41.705591163092365 5.3332893009411935
      vertex 0 41.60192378864669 5.5
      vertex 18 41.60192378864669 5.5
    endloop
  endfacet
  facet normal 0 0.8819212643483623 0.47139673682598415
    outer loop
      vertex 0 41.60192378864669 5.5
      vertex 0 41.50938177540194 5.673133929342996
      vertex 18 41.50938177540194 5.673133929342996
    endloop
  endfacet
  facet normal 0 0.9108638249211738 0.4127070298043992
    outer loop
      vertex 0 41.50938177540194 5.673133929342996
      vertex 0 41.428361402466145 5.851949702904731
      vertex 18 41.428361402466145 5.851949702904731
    endloop
  endfacet
  facet normal 0 0.9359059267573216 0.35225004792124404
    outer loop
      vertex 0 41.428361402466145 5.851949702904731
      vertex 0 41.359209611514686 6.035681604090515
      vertex 18 41.359209611514686 6.035681604090515
    endloop
  endfacet
  facet normal 0 0.9569403357322088 0.2902846772544627
    outer loop
      vertex 0 41.359209611514686 6.035681604090515
      vertex 0 41.3022225211328 6.223542864692438
      vertex 18 41.3022225211328 6.223542864692438
    endloop
  endfacet
  facet normal 0 0.973876979277336 0.22707626303436354
    outer loop
      vertex 0 41.3022225211328 6.223542864692438
      vertex 0 41.25764415879031 6.414729033951615
      vertex 18 41.25764415879031 6.414729033951615
    endloop
  endfacet
  facet normal 0 0 1
    outer loop
      vertex 0 57.2 4
      vertex 6.819852941176471 52.97612547385421 4
      vertex 7.071491225736266 53.11062893918297 4
    endloop
  endfacet
  facet normal 0 0 1
    outer loop
      vertex 0 57.2 4
      vertex 7.071491225736266 53.11062893918297 4
      vertex 7.331387680937513 53.22838649102348 4
    endloop
  endfacet
  facet normal 0 0 1
    outer loop
      vertex 0 57.2 4
      vertex 7.331387680937513 53.22838649102348 4
      vertex 7.5984293902590085 53.32889387346028 4
    endloop
  endfacet
  facet normal 0 0 1
    outer loop
      vertex 0 57.2 4
      vertex 7.5984293902590085 53.32889387346028 4
      vertex 7.871472840104451 53.4117206984516 4
    endloop
  endfacet
  facet normal 0 0 1
    outer loop
      vertex 0 57.2 4
      vertex 7.871472840104451 53.4117206984516 4
      vertex 8.149348816503204 53.47651228881703 4
    endloop
  endfacet
  facet normal 0 0 1
    outer loop
      vertex 0 57.2 4
      vertex 8.149348816503204 53.47651228881703 4
      vertex 8.430867411864039 53.522991197019635 4
    endloop
  endfacet
  facet normal 0 0 1
    outer loop
      vertex 0 57.2 4
      vertex 8.430867411864039 53.522991197019635 4
      vertex 8.714823120342096 53.550958393238915 4
    endloop
  endfacet
  facet normal 0 0 1
    outer loop
      vertex 0 57.2 4
      vertex 8.714823120342096 53.550958393238915 4
      vertex 9 53.56029411764706 4
    endloop
  endfacet
  facet normal 0 0 1
    outer loop
      vertex 0 57.2 4
      vertex 9 53.56029411764706 4
      vertex 9.285176879657904 53.550958393238915 4
    endloop
  endfacet
  facet normal 0 0 1
    outer loop
      vertex 0 57.2 4
      vertex 9.285176879657904 53.550958393238915 4
      vertex 9.569132588135961 53.522991197019635 4
    endloop
  endfacet
  facet normal 0 0 1
    outer loop
      vertex 0 57.2 4
      vertex 9.569132588135961 53.522991197019635 4
      vertex 9.850651183496796 53.47651228881703 4
    endloop
  endfacet
  facet normal 0 0 1
    outer loop
      vertex 0 57.2 4
      vertex 9.850651183496796 53.47651228881703 4
      vertex 10.12852715989555 53.4117206984516 4
    endloop
  endfacet
  facet normal 0 0 1
    outer loop
      vertex 0 44.2 4
      vertex 18 44.2 4
      vertex 8.714823120342096 44.84904160676109 4
    endloop
  endfacet
  facet normal 0 0 1
    outer loop
      vertex 0 57.2 4
      vertex 10.12852715989555 53.4117206984516 4
      vertex 10.401570609740991 53.32889387346028 4
    endloop
  endfacet
  facet normal -1 0 0
    outer loop
      vertex 0 41.2 4
      vertex 0 36.2 13
      vertex 0 41.2 7
    endloop
  endfacet
  facet normal -1 0 0
    outer loop
      vertex 0 36.2 13
      vertex 0 41.2 13
      vertex 0 41.2 7
    endloop
  endfacet
  facet normal 0 -1 0
    outer loop
      vertex 0 36.2 4.2
      vertex 18 36.2 4.2
      vertex 0 36.2 13
    endloop
  endfacet
  facet normal 0 0 1
    outer loop
      vertex 0 36.2 13
      vertex 18 36.2 13
      vertex 0 41.2 13
    endloop
  endfacet
  facet normal 0 0.986643332084879 0.16289547339458835
    outer loop
      vertex 0 41.25764415879031 6.414729033951615
      vertex 0 41.225665415878574 6.608421423339845
      vertex 18 41.225665415878574 6.608421423339845
    endloop
  endfacet
  facet normal 0 0.9951847266721969 0.09801714032955963
    outer loop
      vertex 0 41.225665415878574 6.608421423339845
      vertex 0 41.206423230284194 6.803790612309571
      vertex 18 41.206423230284194 6.803790612309571
    endloop
  endfacet
  facet normal 0 0.9994645874763652 0.03271908282178681
    outer loop
      vertex 0 41.206423230284194 6.803790612309571
      vertex 0 41.2 7
      vertex 18 41.2 7
    endloop
  endfacet
  facet normal 0 1 0
    outer loop
      vertex 0 41.2 7
      vertex 0 41.2 13
      vertex 18 41.2 13
    endloop
  endfacet
  facet normal 0 0 -1
    outer loop
      vertex 0 -16 0
      vertex 10.148050297095269 -10.77163859753386 0
      vertex 18 -16 0
    endloop
  endfacet
  facet normal -0.032719082821777774 0.9994645874763656 0
    outer loop
      vertex 9 -11 0.20000000000000004
      vertex 9.196209387690429 -10.99357676971581 0
      vertex 9 -11 0
    endloop
  endfacet
  facet normal -0.032719082821777774 0.9994645874763656 0
    outer loop
      vertex 9 -11 0.20000000000000004
      vertex 9.196209387690429 -10.99357676971581 0.20000000000000004
      vertex 9.196209387690429 -10.99357676971581 0
    endloop
  endfacet
  facet normal 0 0 -1
    outer loop
      vertex 9 -11 0.20000000000000004
      vertex 9 -10.125 0.20000000000000004
      vertex 9.138981649614054 -10.120450211882032 0.20000000000000004
    endloop
  endfacet
  facet normal 0 0 -1
    outer loop
      vertex 9 -11 0.20000000000000004
      vertex 9.138981649614054 -10.120450211882032 0.20000000000000004
      vertex 9.196209387690429 -10.99357676971581 0.20000000000000004
    endloop
  endfacet
  facet normal -0.09801714032955963 0.9951847266721969 0
    outer loop
      vertex 9.196209387690429 -10.99357676971581 0.20000000000000004
      vertex 9.391578576660155 -10.974334584121431 0
      vertex 9.196209387690429 -10.99357676971581 0
    endloop
  endfacet
  facet normal 0 0 -1
    outer loop
      vertex 9.196209387690429 -10.99357676971581 0.20000000000000004
      vertex 9.138981649614054 -10.120450211882032 0.20000000000000004
      vertex 9.27736815846761 -10.106820330419346 0.20000000000000004
    endloop
  endfacet
  facet normal -0.03271908282178027 0.9994645874763655 0
    outer loop
      vertex 9 -10.125 0.20000000000000004
      vertex 9 -10.125 0.7999999999999998
      vertex 9.138981649614054 -10.120450211882032 0.20000000000000004
    endloop
  endfacet
  facet normal -0.09801714032956443 0.9951847266721966 0
    outer loop
      vertex 9.138981649614054 -10.120450211882032 0.20000000000000004
      vertex 9.138981649614054 -10.120450211882032 0.7999999999999998
      vertex 9.27736815846761 -10.106820330419346 0.20000000000000004
    endloop
  endfacet
  facet normal -0.09801714032955963 0.9951847266721969 0
    outer loop
      vertex 9.196209387690429 -10.99357676971581 0.20000000000000004
      vertex 9.391578576660155 -10.974334584121431 0.20000000000000004
      vertex 9.391578576660155 -10.974334584121431 0
    endloop
  endfacet
  facet normal 0 0 -1
    outer loop
      vertex 9.196209387690429 -10.99357676971581 0.20000000000000004
      vertex 9.27736815846761 -10.106820330419346 0.20000000000000004
      vertex 9.391578576660155 -10.974334584121431 0.20000000000000004
    endloop
  endfacet
  facet normal 0 0 -1
    outer loop
      vertex 9.27736815846761 -10.106820330419346 0.20000000000000004
      vertex 9.414566934284272 -10.084168720856866 0.20000000000000004
      vertex 9.391578576660155 -10.974334584121431 0.20000000000000004
    endloop
  endfacet
  facet normal -0.1628954733945891 0.986643332084879 0
    outer loop
      vertex 9.391578576660155 -10.974334584121431 0.20000000000000004
      vertex 9.585270966048384 -10.942355841209691 0
      vertex 9.391578576660155 -10.974334584121431 0
    endloop
  endfacet
  facet normal -0.1628954733945891 0.986643332084879 0
    outer loop
      vertex 9.391578576660155 -10.974334584121431 0.20000000000000004
      vertex 9.585270966048384 -10.942355841209691 0.20000000000000004
      vertex 9.585270966048384 -10.942355841209691 0
    endloop
  endfacet
  facet normal 0 0 -1
    outer loop
      vertex 9.391578576660155 -10.974334584121431 0.20000000000000004
      vertex 9.414566934284272 -10.084168720856866 0.20000000000000004
      vertex 9.585270966048384 -10.942355841209691 0.20000000000000004
    endloop
  endfacet
  facet normal 0 0 -1
    outer loop
      vertex 9.414566934284272 -10.084168720856866 0.20000000000000004
      vertex 9.549990470842857 -10.05259238086427 0.20000000000000004
      vertex 9.585270966048384 -10.942355841209691 0.20000000000000004
    endloop
  endfacet
  facet normal -0.1628954733945744 0.9866433320848814 0
    outer loop
      vertex 9.27736815846761 -10.106820330419346 0.20000000000000004
      vertex 9.27736815846761 -10.106820330419346 0.7999999999999998
      vertex 9.414566934284272 -10.084168720856866 0.20000000000000004
    endloop
  endfacet
  facet normal -0.2270762630343754 0.9738769792773332 0
    outer loop
      vertex 9.414566934284272 -10.084168720856866 0.20000000000000004
      vertex 9.414566934284272 -10.084168720856866 0.7999999999999998
      vertex 9.549990470842857 -10.05259238086427 0.20000000000000004
    endloop
  endfacet
  facet normal -0.03271908282178027 0.9994645874763655 0
    outer loop
      vertex 9.138981649614054 -10.120450211882032 0.20000000000000004
      vertex 9 -10.125 0.7999999999999998
      vertex 9.138981649614054 -10.120450211882032 0.7999999999999998
    endloop
  endfacet
  facet normal -0.09801714032956443 0.9951847266721966 0
    outer loop
      vertex 9.27736815846761 -10.106820330419346 0.20000000000000004
      vertex 9.138981649614054 -10.120450211882032 0.7999999999999998
      vertex 9.27736815846761 -10.106820330419346 0.7999999999999998
    endloop
  endfacet
  facet normal -0.1628954733945744 0.9866433320848814 0
    outer loop
      vertex 9.414566934284272 -10.084168720856866 0.20000000000000004
      vertex 9.27736815846761 -10.106820330419346 0.7999999999999998
      vertex 9.414566934284272 -10.084168720856866 0.7999999999999998
    endloop
  endfacet
  facet normal -0.2270762630343754 0.9738769792773332 0
    outer loop
      vertex 9.549990470842857 -10.05259238086427 0.20000000000000004
      vertex 9.414566934284272 -10.084168720856866 0.7999999999999998
      vertex 9.549990470842857 -10.05259238086427 0.7999999999999998
    endloop
  endfacet
  facet normal -0.2270762630343701 0.9738769792773342 0
    outer loop
      vertex 9.585270966048384 -10.942355841209691 0.20000000000000004
      vertex 9.776457135307563 -10.897777478867205 0
      vertex 9.585270966048384 -10.942355841209691 0
    endloop
  endfacet
  facet normal 0 0 -1
    outer loop
      vertex 9.549990470842857 -10.05259238086427 0.20000000000000004
      vertex 9.683058863769219 -10.0122265251771 0.20000000000000004
      vertex 9.585270966048384 -10.942355841209691 0.20000000000000004
    endloop
  endfacet
  facet normal 0 0 -1
    outer loop
      vertex 9.585270966048384 -10.942355841209691 0.20000000000000004
      vertex 9.683058863769219 -10.0122265251771 0.20000000000000004
      vertex 9.776457135307563 -10.897777478867205 0.20000000000000004
    endloop
  endfacet
  facet normal -0.2902846772544639 0.9569403357322083 0
    outer loop
      vertex 9.776457135307563 -10.897777478867205 0.20000000000000004
      vertex 9.964318395909485 -10.840790388485317 0
      vertex 9.776457135307563 -10.897777478867205 0
    endloop
  endfacet
  facet normal -0.2270762630343701 0.9738769792773342 0
    outer loop
      vertex 9.585270966048384 -10.942355841209691 0.20000000000000004
      vertex 9.776457135307563 -10.897777478867205 0.20000000000000004
      vertex 9.776457135307563 -10.897777478867205 0
    endloop
  endfacet
  facet normal 0 0 -1
    outer loop
      vertex 9.776457135307563 -10.897777478867205 0.20000000000000004
      vertex 9.683058863769219 -10.0122265251771 0.20000000000000004
      vertex 9.813202293775817 -9.963244006586484 0.20000000000000004
    endloop
  endfacet
  facet normal -0.2902846772544621 0.9569403357322089 0
    outer loop
      vertex 9.549990470842857 -10.05259238086427 0.20000000000000004
      vertex 9.549990470842857 -10.05259238086427 0.7999999999999998
      vertex 9.683058863769219 -10.0122265251771 0.20000000000000004
    endloop
  endfacet
  facet normal -0.3522500479212397 0.9359059267573233 0
    outer loop
      vertex 9.683058863769219 -10.0122265251771 0.20000000000000004
      vertex 9.683058863769219 -10.0122265251771 0.7999999999999998
      vertex 9.813202293775817 -9.963244006586484 0.20000000000000004
    endloop
  endfacet
  facet normal -0.2902846772544639 0.9569403357322083 0
    outer loop
      vertex 9.776457135307563 -10.897777478867205 0.20000000000000004
      vertex 9.964318395909485 -10.840790388485317 0.20000000000000004
      vertex 9.964318395909485 -10.840790388485317 0
    endloop
  endfacet
  facet normal 0 0 -1
    outer loop
      vertex 9.776457135307563 -10.897777478867205 0.20000000000000004
      vertex 9.813202293775817 -9.963244006586484 0.20000000000000004
      vertex 9.964318395909485 -10.840790388485317 0.20000000000000004
    endloop
  endfacet
  facet normal -0.3522500479212361 0.9359059267573246 0
    outer loop
      vertex 9.964318395909485 -10.840790388485317 0.20000000000000004
      vertex 10.148050297095269 -10.77163859753386 0
      vertex 9.964318395909485 -10.840790388485317 0
    endloop
  endfacet
  facet normal -0.3522500479212361 0.9359059267573246 0
    outer loop
      vertex 9.964318395909485 -10.840790388485317 0.20000000000000004
      vertex 10.148050297095269 -10.77163859753386 0.20000000000000004
      vertex 10.148050297095269 -10.77163859753386 0
    endloop
  endfacet
  facet normal 0 0 -1
    outer loop
      vertex 9.964318395909485 -10.840790388485317 0.20000000000000004
      vertex 10.0625 -9.840303983041933 0.20000000000000004
      vertex 10.148050297095269 -10.77163859753386 0.20000000000000004
    endloop
  endfacet
  facet normal 0 0 -1
    outer loop
      vertex 9.813202293775817 -9.963244006586484 0.20000000000000004
      vertex 9.939863466715378 -9.905854575756962 0.20000000000000004
      vertex 9.964318395909485 -10.840790388485317 0.20000000000000004
    endloop
  endfacet
  facet normal 0 0 -1
    outer loop
      vertex 9.964318395909485 -10.840790388485317 0.20000000000000004
      vertex 9.939863466715378 -9.905854575756962 0.20000000000000004
      vertex 10.0625 -9.840303983041933 0.20000000000000004
    endloop
  endfacet
  facet normal -0.41270702980439694 0.9108638249211747 0
    outer loop
      vertex 9.813202293775817 -9.963244006586484 0.20000000000000004
      vertex 9.813202293775817 -9.963244006586484 0.7999999999999998
      vertex 9.939863466715378 -9.905854575756962 0.20000000000000004
    endloop
  endfacet
  facet normal -0.471396736825991 0.8819212643483585 0
    outer loop
      vertex 9.939863466715378 -9.905854575756962 0.20000000000000004
      vertex 9.939863466715378 -9.905854575756962 0.7999999999999998
      vertex 10.0625 -9.840303983041933 0.20000000000000004
    endloop
  endfacet
  facet normal -0.5280678506503715 0.8492021815265766 0
    outer loop
      vertex 10.0625 -9.840303983041933 0.20000000000000004
      vertex 10.0625 -9.840303983041933 0.7999999999999998
      vertex 10.180586745166654 -9.76687292614291 0.20000000000000004
    endloop
  endfacet
  facet normal -0.2902846772544621 0.9569403357322089 0
    outer loop
      vertex 9.683058863769219 -10.0122265251771 0.20000000000000004
      vertex 9.549990470842857 -10.05259238086427 0.7999999999999998
      vertex 9.683058863769219 -10.0122265251771 0.7999999999999998
    endloop
  endfacet
  facet normal -0.3522500479212397 0.9359059267573233 0
    outer loop
      vertex 9.813202293775817 -9.963244006586484 0.20000000000000004
      vertex 9.683058863769219 -10.0122265251771 0.7999999999999998
      vertex 9.813202293775817 -9.963244006586484 0.7999999999999998
    endloop
  endfacet
  facet normal -0.41270702980439694 0.9108638249211747 0
    outer loop
      vertex 9.939863466715378 -9.905854575756962 0.20000000000000004
      vertex 9.813202293775817 -9.963244006586484 0.7999999999999998
      vertex 9.939863466715378 -9.905854575756962 0.7999999999999998
    endloop
  endfacet
  facet normal -0.471396736825991 0.8819212643483585 0
    outer loop
      vertex 10.0625 -9.840303983041933 0.20000000000000004
      vertex 9.939863466715378 -9.905854575756962 0.7999999999999998
      vertex 10.0625 -9.840303983041933 0.7999999999999998
    endloop
  endfacet
  facet normal -0.41270702980439 0.910863824921178 0
    outer loop
      vertex 10.148050297095269 -10.77163859753386 0.20000000000000004
      vertex 10.326866070657005 -10.690618224598065 0
      vertex 10.148050297095269 -10.77163859753386 0
    endloop
  endfacet
  facet normal 0 0 -1
    outer loop
      vertex 10.148050297095269 -10.77163859753386 0.20000000000000004
      vertex 10.180586745166654 -9.76687292614291 0.20000000000000004
      vertex 10.326866070657005 -10.690618224598065 0.20000000000000004
    endloop
  endfacet
  facet normal -0.471396736826 0.8819212643483537 0
    outer loop
      vertex 10.326866070657005 -10.690618224598065 0.20000000000000004
      vertex 10.5 -10.598076211353316 0
      vertex 10.326866070657005 -10.690618224598065 0
    endloop
  endfacet
  facet normal -0.41270702980439 0.910863824921178 0
    outer loop
      vertex 10.148050297095269 -10.77163859753386 0.20000000000000004
      vertex 10.326866070657005 -10.690618224598065 0.20000000000000004
      vertex 10.326866070657005 -10.690618224598065 0
    endloop
  endfacet
  facet normal 0 0 -1
    outer loop
      vertex 10.0625 -9.840303983041933 0.20000000000000004
      vertex 10.180586745166654 -9.76687292614291 0.20000000000000004
      vertex 10.148050297095269 -10.77163859753386 0.20000000000000004
    endloop
  endfacet
  facet normal 0 0 -1
    outer loop
      vertex 10.326866070657005 -10.690618224598065 0.20000000000000004
      vertex 10.180586745166654 -9.76687292614291 0.20000000000000004
      vertex 10.293618036643531 -9.685875848118874 0.20000000000000004
    endloop
  endfacet
  facet normal 0 0 -1
    outer loop
      vertex 10.326866070657005 -10.690618224598065 0.20000000000000004
      vertex 10.293618036643531 -9.685875848118874 0.20000000000000004
      vertex 10.401109857087647 -9.597659590892826 0.20000000000000004
    endloop
  endfacet
  facet normal -0.582477696867805 0.8128466845916131 0
    outer loop
      vertex 10.180586745166654 -9.76687292614291 0.20000000000000004
      vertex 10.180586745166654 -9.76687292614291 0.7999999999999998
      vertex 10.293618036643531 -9.685875848118874 0.20000000000000004
    endloop
  endfacet
  facet normal -0.6343932841636423 0.7730104533627397 0
    outer loop
      vertex 10.293618036643531 -9.685875848118874 0.20000000000000004
      vertex 10.293618036643531 -9.685875848118874 0.7999999999999998
      vertex 10.401109857087647 -9.597659590892826 0.20000000000000004
    endloop
  endfacet
  facet normal -0.471396736826 0.8819212643483537 0
    outer loop
      vertex 10.326866070657005 -10.690618224598065 0.20000000000000004
      vertex 10.5 -10.598076211353316 0.20000000000000004
      vertex 10.5 -10.598076211353316 0
    endloop
  endfacet
  facet normal 0 0 -1
    outer loop
      vertex 10.326866070657005 -10.690618224598065 0.20000000000000004
      vertex 10.401109857087647 -9.597659590892826 0.20000000000000004
      vertex 10.5 -10.598076211353316 0.20000000000000004
    endloop
  endfacet
  facet normal -0.5280678506503702 0.8492021815265774 0
    outer loop
      vertex 10.5 -10.598076211353316 0.20000000000000004
      vertex 10.666710699058807 -10.494408836907635 0
      vertex 10.5 -10.598076211353316 0
    endloop
  endfacet
  facet normal -0.5280678506503702 0.8492021815265774 0
    outer loop
      vertex 10.5 -10.598076211353316 0.20000000000000004
      vertex 10.666710699058807 -10.494408836907635 0.20000000000000004
      vertex 10.666710699058807 -10.494408836907635 0
    endloop
  endfacet
  facet normal 0 0 -1
    outer loop
      vertex 10.401109857087647 -9.597659590892826 0.20000000000000004
      vertex 10.502601910021413 -9.502601910021413 0.20000000000000004
      vertex 10.5 -10.598076211353316 0.20000000000000004
    endloop
  endfacet
  facet normal 0 0 -1
    outer loop
      vertex 10.5 -10.598076211353316 0.20000000000000004
      vertex 10.502601910021413 -9.502601910021413 0.20000000000000004
      vertex 10.666710699058807 -10.494408836907635 0.20000000000000004
    endloop
  endfacet
  facet normal 0 0 -1
    outer loop
      vertex 10.666710699058807 -10.494408836907635 0.20000000000000004
      vertex 10.502601910021413 -9.502601910021413 0.20000000000000004
      vertex 10.597659590892826 -9.401109857087647 0.20000000000000004
    endloop
  endfacet
  facet normal 0 0 -1
    outer loop
      vertex 10.666710699058807 -10.494408836907635 0.20000000000000004
      vertex 10.597659590892826 -9.401109857087647 0.20000000000000004
      vertex 10.685875848118874 -9.293618036643531 0.20000000000000004
    endloop
  endfacet
  facet normal -0.6835923020228736 0.7298640726978334 0
    outer loop
      vertex 10.401109857087647 -9.597659590892826 0.20000000000000004
      vertex 10.401109857087647 -9.597659590892826 0.7999999999999998
      vertex 10.502601910021413 -9.502601910021413 0.20000000000000004
    endloop
  endfacet
  facet normal -0.7298640726978334 0.6835923020228736 0
    outer loop
      vertex 10.502601910021413 -9.502601910021413 0.20000000000000004
      vertex 10.502601910021413 -9.502601910021413 0.7999999999999998
      vertex 10.597659590892826 -9.401109857087647 0.20000000000000004
    endloop
  endfacet
  facet normal -0.7730104533627397 0.6343932841636423 0
    outer loop
      vertex 10.597659590892826 -9.401109857087647 0.20000000000000004
      vertex 10.597659590892826 -9.401109857087647 0.7999999999999998
      vertex 10.685875848118874 -9.293618036643531 0.20000000000000004
    endloop
  endfacet
  facet normal -0.5280678506503715 0.8492021815265766 0
    outer loop
      vertex 10.0625 -9.840303983041933 0.7999999999999998
      vertex 10.180586745166654 -9.76687292614291 0.7999999999999998
      vertex 10.180586745166654 -9.76687292614291 0.20000000000000004
    endloop
  endfacet
  facet normal -0.582477696867805 0.8128466845916131 0
    outer loop
      vertex 10.293618036643531 -9.685875848118874 0.20000000000000004
      vertex 10.180586745166654 -9.76687292614291 0.7999999999999998
      vertex 10.293618036643531 -9.685875848118874 0.7999999999999998
    endloop
  endfacet
  facet normal -0.6343932841636423 0.7730104533627397 0
    outer loop
      vertex 10.401109857087647 -9.597659590892826 0.20000000000000004
      vertex 10.293618036643531 -9.685875848118874 0.7999999999999998
      vertex 10.401109857087647 -9.597659590892826 0.7999999999999998
    endloop
  endfacet
  facet normal -0.6835923020228736 0.7298640726978334 0
    outer loop
      vertex 10.502601910021413 -9.502601910021413 0.20000000000000004
      vertex 10.401109857087647 -9.597659590892826 0.7999999999999998
      vertex 10.502601910021413 -9.502601910021413 0.7999999999999998
    endloop
  endfacet
  facet normal -0.7298640726978334 0.6835923020228736 0
    outer loop
      vertex 10.597659590892826 -9.401109857087647 0.20000000000000004
      vertex 10.502601910021413 -9.502601910021413 0.7999999999999998
      vertex 10.597659590892826 -9.401109857087647 0.7999999999999998
    endloop
  endfacet
  facet normal -0.7730104533627397 0.6343932841636423 0
    outer loop
      vertex 10.685875848118874 -9.293618036643531 0.20000000000000004
      vertex 10.597659590892826 -9.401109857087647 0.7999999999999998
      vertex 10.685875848118874 -9.293618036643531 0.7999999999999998
    endloop
  endfacet
  facet normal -0.5824776968677962 0.8128466845916196 0
    outer loop
      vertex 10.666710699058807 -10.494408836907635 0.20000000000000004
      vertex 10.826284287026162 -10.380060020873707 0
      vertex 10.666710699058807 -10.494408836907635 0
    endloop
  endfacet
  facet normal -0.5824776968677962 0.8128466845916196 0
    outer loop
      vertex 10.666710699058807 -10.494408836907635 0.20000000000000004
      vertex 10.826284287026162 -10.380060020873707 0.20000000000000004
      vertex 10.826284287026162 -10.380060020873707 0
    endloop
  endfacet
  facet normal -0.6343932841636483 0.7730104533627347 0
    outer loop
      vertex 10.826284287026162 -10.380060020873707 0.20000000000000004
      vertex 10.978037445300206 -10.255519422436933 0
      vertex 10.826284287026162 -10.380060020873707 0
    endloop
  endfacet
  facet normal -0.6343932841636483 0.7730104533627347 0
    outer loop
      vertex 10.826284287026162 -10.380060020873707 0.20000000000000004
      vertex 10.978037445300206 -10.255519422436933 0.20000000000000004
      vertex 10.978037445300206 -10.255519422436933 0
    endloop
  endfacet
  facet normal 0 0 -1
    outer loop
      vertex 10.666710699058807 -10.494408836907635 0.20000000000000004
      vertex 10.685875848118874 -9.293618036643531 0.20000000000000004
      vertex 10.826284287026162 -10.380060020873707 0.20000000000000004
    endloop
  endfacet
  facet normal 0 0 -1
    outer loop
      vertex 10.685875848118874 -9.293618036643531 0.20000000000000004
      vertex 10.76687292614291 -9.180586745166654 0.20000000000000004
      vertex 10.826284287026162 -10.380060020873707 0.20000000000000004
    endloop
  endfacet
  facet normal 0 0 -1
    outer loop
      vertex 10.826284287026162 -10.380060020873707 0.20000000000000004
      vertex 10.76687292614291 -9.180586745166654 0.20000000000000004
      vertex 10.840303983041933 -9.0625 0.20000000000000004
    endloop
  endfacet
  facet normal 0 0 -1
    outer loop
      vertex 10.826284287026162 -10.380060020873707 0.20000000000000004
      vertex 10.840303983041933 -9.0625 0.20000000000000004
      vertex 10.978037445300206 -10.255519422436933 0.20000000000000004
    endloop
  endfacet
  facet normal 0 0 -1
    outer loop
      vertex 10.840303983041933 -9.0625 0.20000000000000004
      vertex 10.905854575756962 -8.939863466715378 0.20000000000000004
      vertex 10.978037445300206 -10.255519422436933 0.20000000000000004
    endloop
  endfacet
  facet normal 0 0 -1
    outer loop
      vertex 10.905854575756962 -8.939863466715378 0.20000000000000004
      vertex 10.963244006586484 -8.813202293775817 0.20000000000000004
      vertex 10.978037445300206 -10.255519422436933 0.20000000000000004
    endloop
  endfacet
  facet normal -0.8128466845916131 0.582477696867805 0
    outer loop
      vertex 10.685875848118874 -9.293618036643531 0.20000000000000004
      vertex 10.685875848118874 -9.293618036643531 0.7999999999999998
      vertex 10.76687292614291 -9.180586745166654 0.20000000000000004
    endloop
  endfacet
  facet normal -0.8492021815265766 0.5280678506503715 0
    outer loop
      vertex 10.76687292614291 -9.180586745166654 0.20000000000000004
      vertex 10.76687292614291 -9.180586745166654 0.7999999999999998
      vertex 10.840303983041933 -9.0625 0.20000000000000004
    endloop
  endfacet
  facet normal -0.6835923020228756 0.7298640726978316 0
    outer loop
      vertex 10.978037445300206 -10.255519422436933 0.20000000000000004
      vertex 11.121320343559642 -10.121320343559642 0
      vertex 10.978037445300206 -10.255519422436933 0
    endloop
  endfacet
  facet normal -0.6835923020228756 0.7298640726978316 0
    outer loop
      vertex 10.978037445300206 -10.255519422436933 0.20000000000000004
      vertex 11.121320343559642 -10.121320343559642 0.20000000000000004
      vertex 11.121320343559642 -10.121320343559642 0
    endloop
  endfacet
  facet normal 0 0 -1
    outer loop
      vertex 10.978037445300206 -10.255519422436933 0.20000000000000004
      vertex 11.0122265251771 -8.683058863769219 0.20000000000000004
      vertex 11.121320343559642 -10.121320343559642 0.20000000000000004
    endloop
  endfacet
  facet normal 0 0 -1
    outer loop
      vertex 10.963244006586484 -8.813202293775817 0.20000000000000004
      vertex 11.0122265251771 -8.683058863769219 0.20000000000000004
      vertex 10.978037445300206 -10.255519422436933 0.20000000000000004
    endloop
  endfacet
  facet normal -0.7298640726978316 0.6835923020228756 0
    outer loop
      vertex 11.121320343559642 -10.121320343559642 0.20000000000000004
      vertex 11.255519422436933 -9.978037445300206 0
      vertex 11.121320343559642 -10.121320343559642 0
    endloop
  endfacet
  facet normal -0.7298640726978316 0.6835923020228756 0
    outer loop
      vertex 11.121320343559642 -10.121320343559642 0.20000000000000004
      vertex 11.255519422436933 -9.978037445300206 0.20000000000000004
      vertex 11.255519422436933 -9.978037445300206 0
    endloop
  endfacet
  facet normal 0 0 -1
    outer loop
      vertex 11.121320343559642 -10.121320343559642 0.20000000000000004
      vertex 11.125 -8 0.20000000000000004
      vertex 11.255519422436933 -9.978037445300206 0.20000000000000004
    endloop
  endfacet
  facet normal -0.8128466845916131 0.582477696867805 0
    outer loop
      vertex 10.76687292614291 -9.180586745166654 0.20000000000000004
      vertex 10.685875848118874 -9.293618036643531 0.7999999999999998
      vertex 10.76687292614291 -9.180586745166654 0.7999999999999998
    endloop
  endfacet
  facet normal -0.8819212643483585 0.471396736825991 0
    outer loop
      vertex 10.840303983041933 -9.0625 0.20000000000000004
      vertex 10.840303983041933 -9.0625 0.7999999999999998
      vertex 10.905854575756962 -8.939863466715378 0.20000000000000004
    endloop
  endfacet
  facet normal -0.9108638249211747 0.41270702980439694 0
    outer loop
      vertex 10.905854575756962 -8.939863466715378 0.20000000000000004
      vertex 10.905854575756962 -8.939863466715378 0.7999999999999998
      vertex 10.963244006586484 -8.813202293775817 0.20000000000000004
    endloop
  endfacet
  facet normal -0.8492021815265783 -0.5280678506503688 0
    outer loop
      vertex 10.76687292614291 -6.8194132548333455 0.20000000000000004
      vertex 10.840303983041933 -6.9375 0.20000000000000004
      vertex 10.840303983041933 -6.9375 0.7999999999999998
    endloop
  endfacet
  facet normal -0.8819212643483585 -0.471396736825991 0
    outer loop
      vertex 10.840303983041933 -6.9375 0.20000000000000004
      vertex 10.905854575756962 -7.060136533284622 0.20000000000000004
      vertex 10.905854575756962 -7.060136533284622 0.7999999999999998
    endloop
  endfacet
  facet normal -0.9108638249211759 -0.4127070298043946 0
    outer loop
      vertex 10.905854575756962 -7.060136533284622 0.20000000000000004
      vertex 10.963244006586484 -7.186797706224184 0.20000000000000004
      vertex 10.963244006586484 -7.186797706224184 0.7999999999999998
    endloop
  endfacet
  facet normal 0 0 -1
    outer loop
      vertex 11.0122265251771 -8.683058863769219 0.20000000000000004
      vertex 11.05259238086427 -8.549990470842857 0.20000000000000004
      vertex 11.121320343559642 -10.121320343559642 0.20000000000000004
    endloop
  endfacet
  facet normal 0 0 -1
    outer loop
      vertex 11.05259238086427 -8.549990470842857 0.20000000000000004
      vertex 11.084168720856866 -8.414566934284272 0.20000000000000004
      vertex 11.121320343559642 -10.121320343559642 0.20000000000000004
    endloop
  endfacet
  facet normal 0 0 -1
    outer loop
      vertex 11.084168720856866 -8.414566934284272 0.20000000000000004
      vertex 11.106820330419346 -8.27736815846761 0.20000000000000004
      vertex 11.121320343559642 -10.121320343559642 0.20000000000000004
    endloop
  endfacet
  facet normal 0 0 -1
    outer loop
      vertex 11.121320343559642 -10.121320343559642 0.20000000000000004
      vertex 11.106820330419346 -8.27736815846761 0.20000000000000004
      vertex 11.120450211882032 -8.138981649614054 0.20000000000000004
    endloop
  endfacet
  facet normal 0 0 -1
    outer loop
      vertex 11.121320343559642 -10.121320343559642 0.20000000000000004
      vertex 11.120450211882032 -8.138981649614054 0.20000000000000004
      vertex 11.125 -8 0.20000000000000004
    endloop
  endfacet
  facet normal 0 0 -1
    outer loop
      vertex 11.125 -8 0.20000000000000004
      vertex 11.120450211882032 -7.861018350385946 0.20000000000000004
      vertex 11.255519422436933 -9.978037445300206 0.20000000000000004
    endloop
  endfacet
  facet normal -0.9359059267573233 0.3522500479212397 0
    outer loop
      vertex 10.963244006586484 -8.813202293775817 0.20000000000000004
      vertex 10.963244006586484 -8.813202293775817 0.7999999999999998
      vertex 11.0122265251771 -8.683058863769219 0.20000000000000004
    endloop
  endfacet
  facet normal -0.9569403357322089 0.2902846772544621 0
    outer loop
      vertex 11.0122265251771 -8.683058863769219 0.20000000000000004
      vertex 11.0122265251771 -8.683058863769219 0.7999999999999998
      vertex 11.05259238086427 -8.549990470842857 0.20000000000000004
    endloop
  endfacet
  facet normal -0.9738769792773332 0.2270762630343754 0
    outer loop
      vertex 11.05259238086427 -8.549990470842857 0.20000000000000004
      vertex 11.05259238086427 -8.549990470842857 0.7999999999999998
      vertex 11.084168720856866 -8.414566934284272 0.20000000000000004
    endloop
  endfacet
  facet normal -0.9866433320848814 0.1628954733945744 0
    outer loop
      vertex 11.084168720856866 -8.414566934284272 0.20000000000000004
      vertex 11.084168720856866 -8.414566934284272 0.7999999999999998
      vertex 11.106820330419346 -8.27736815846761 0.20000000000000004
    endloop
  endfacet
  facet normal -0.9951847266721966 0.09801714032956443 0
    outer loop
      vertex 11.106820330419346 -8.27736815846761 0.20000000000000004
      vertex 11.106820330419346 -8.27736815846761 0.7999999999999998
      vertex 11.120450211882032 -8.138981649614054 0.20000000000000004
    endloop
  endfacet
  facet normal -0.9994645874763655 0.03271908282178027 0
    outer loop
      vertex 11.120450211882032 -8.138981649614054 0.20000000000000004
      vertex 11.120450211882032 -8.138981649614054 0.7999999999999998
      vertex 11.125 -8 0.20000000000000004
    endloop
  endfacet
  facet normal 0 0 -1
    outer loop
      vertex 11.05259238086427 -7.4500095291571435 0.20000000000000004
      vertex 11.0122265251771 -7.316941136230781 0.20000000000000004
      vertex 11.121320343559642 -5.878679656440357 0.20000000000000004
    endloop
  endfacet
  facet normal 0 0 -1
    outer loop
      vertex 11.106820330419346 -7.72263184153239 0.20000000000000004
      vertex 11.084168720856866 -7.585433065715727 0.20000000000000004
      vertex 11.121320343559642 -5.878679656440357 0.20000000000000004
    endloop
  endfacet
  facet normal 0 0 -1
    outer loop
      vertex 11.05259238086427 -7.4500095291571435 0.20000000000000004
      vertex 11.121320343559642 -5.878679656440357 0.20000000000000004
      vertex 11.084168720856866 -7.585433065715727 0.20000000000000004
    endloop
  endfacet
  facet normal 0 0 -1
    outer loop
      vertex 11.120450211882032 -7.861018350385946 0.20000000000000004
      vertex 11.121320343559642 -5.878679656440357 0.20000000000000004
      vertex 11.255519422436933 -9.978037445300206 0.20000000000000004
    endloop
  endfacet
  facet normal 0 0 -1
    outer loop
      vertex 11.106820330419346 -7.72263184153239 0.20000000000000004
      vertex 11.121320343559642 -5.878679656440357 0.20000000000000004
      vertex 11.120450211882032 -7.861018350385946 0.20000000000000004
    endloop
  endfacet
  facet normal 0 0 -1
    outer loop
      vertex 11.121320343559642 -5.878679656440357 0.20000000000000004
      vertex 11.255519422436933 -6.021962554699794 0.20000000000000004
      vertex 11.255519422436933 -9.978037445300206 0.20000000000000004
    endloop
  endfacet
  facet normal -0.9738769792773325 -0.22707626303437822 0
    outer loop
      vertex 11.05259238086427 -7.4500095291571435 0.20000000000000004
      vertex 11.084168720856866 -7.585433065715727 0.20000000000000004
      vertex 11.084168720856866 -7.585433065715727 0.7999999999999998
    endloop
  endfacet
  facet normal -0.9866433320848816 -0.1628954733945734 0
    outer loop
      vertex 11.106820330419346 -7.72263184153239 0.20000000000000004
      vertex 11.106820330419346 -7.72263184153239 0.7999999999999998
      vertex 11.084168720856866 -7.585433065715727 0.20000000000000004
    endloop
  endfacet
  facet normal -0.9359059267573225 -0.3522500479212418 0
    outer loop
      vertex 10.963244006586484 -7.186797706224184 0.20000000000000004
      vertex 11.0122265251771 -7.316941136230781 0.20000000000000004
      vertex 11.0122265251771 -7.316941136230781 0.7999999999999998
    endloop
  endfacet
  facet normal -0.9569403357322095 -0.2902846772544604 0
    outer loop
      vertex 11.05259238086427 -7.4500095291571435 0.20000000000000004
      vertex 11.05259238086427 -7.4500095291571435 0.7999999999999998
      vertex 11.0122265251771 -7.316941136230781 0.20000000000000004
    endloop
  endfacet
  facet normal -0.9994645874763655 -0.03271908282178027 0
    outer loop
      vertex 11.125 -8 0.20000000000000004
      vertex 11.125 -8 0.7999999999999998
      vertex 11.120450211882032 -7.861018350385946 0.20000000000000004
    endloop
  endfacet
  facet normal -0.9951847266721966 -0.09801714032956443 0
    outer loop
      vertex 11.106820330419346 -7.72263184153239 0.20000000000000004
      vertex 11.120450211882032 -7.861018350385946 0.20000000000000004
      vertex 11.120450211882032 -7.861018350385946 0.7999999999999998
    endloop
  endfacet
  facet normal -0.8492021815265766 0.5280678506503715 0
    outer loop
      vertex 10.840303983041933 -9.0625 0.20000000000000004
      vertex 10.76687292614291 -9.180586745166654 0.7999999999999998
      vertex 10.840303983041933 -9.0625 0.7999999999999998
    endloop
  endfacet
  facet normal -0.8819212643483585 0.471396736825991 0
    outer loop
      vertex 10.905854575756962 -8.939863466715378 0.20000000000000004
      vertex 10.840303983041933 -9.0625 0.7999999999999998
      vertex 10.905854575756962 -8.939863466715378 0.7999999999999998
    endloop
  endfacet
  facet normal -0.9108638249211747 0.41270702980439694 0
    outer loop
      vertex 10.963244006586484 -8.813202293775817 0.20000000000000004
      vertex 10.905854575756962 -8.939863466715378 0.7999999999999998
      vertex 10.963244006586484 -8.813202293775817 0.7999999999999998
    endloop
  endfacet
  facet normal -0.8492021815265783 -0.5280678506503688 0
    outer loop
      vertex 10.76687292614291 -6.8194132548333455 0.20000000000000004
      vertex 10.840303983041933 -6.9375 0.7999999999999998
      vertex 10.76687292614291 -6.8194132548333455 0.7999999999999998
    endloop
  endfacet
  facet normal -0.8819212643483585 -0.471396736825991 0
    outer loop
      vertex 10.840303983041933 -6.9375 0.20000000000000004
      vertex 10.905854575756962 -7.060136533284622 0.7999999999999998
      vertex 10.840303983041933 -6.9375 0.7999999999999998
    endloop
  endfacet
  facet normal -0.9108638249211759 -0.4127070298043946 0
    outer loop
      vertex 10.905854575756962 -7.060136533284622 0.20000000000000004
      vertex 10.963244006586484 -7.186797706224184 0.7999999999999998
      vertex 10.905854575756962 -7.060136533284622 0.7999999999999998
    endloop
  endfacet
  facet normal -0.9359059267573233 0.3522500479212397 0
    outer loop
      vertex 11.0122265251771 -8.683058863769219 0.20000000000000004
      vertex 10.963244006586484 -8.813202293775817 0.7999999999999998
      vertex 11.0122265251771 -8.683058863769219 0.7999999999999998
    endloop
  endfacet
  facet normal -0.9569403357322089 0.2902846772544621 0
    outer loop
      vertex 11.05259238086427 -8.549990470842857 0.20000000000000004
      vertex 11.0122265251771 -8.683058863769219 0.7999999999999998
      vertex 11.05259238086427 -8.549990470842857 0.7999999999999998
    endloop
  endfacet
  facet normal -0.9738769792773332 0.2270762630343754 0
    outer loop
      vertex 11.084168720856866 -8.414566934284272 0.20000000000000004
      vertex 11.05259238086427 -8.549990470842857 0.7999999999999998
      vertex 11.084168720856866 -8.414566934284272 0.7999999999999998
    endloop
  endfacet
  facet normal -0.9866433320848814 0.1628954733945744 0
    outer loop
      vertex 11.106820330419346 -8.27736815846761 0.20000000000000004
      vertex 11.084168720856866 -8.414566934284272 0.7999999999999998
      vertex 11.106820330419346 -8.27736815846761 0.7999999999999998
    endloop
  endfacet
  facet normal -0.9951847266721966 0.09801714032956443 0
    outer loop
      vertex 11.120450211882032 -8.138981649614054 0.20000000000000004
      vertex 11.106820330419346 -8.27736815846761 0.7999999999999998
      vertex 11.120450211882032 -8.138981649614054 0.7999999999999998
    endloop
  endfacet
  facet normal -0.9994645874763655 0.03271908282178027 0
    outer loop
      vertex 11.125 -8 0.20000000000000004
      vertex 11.120450211882032 -8.138981649614054 0.7999999999999998
      vertex 11.125 -8 0.7999999999999998
    endloop
  endfacet
  facet normal -0.9738769792773325 -0.22707626303437822 0
    outer loop
      vertex 11.05259238086427 -7.4500095291571435 0.20000000000000004
      vertex 11.084168720856866 -7.585433065715727 0.7999999999999998
      vertex 11.05259238086427 -7.4500095291571435 0.7999999999999998
    endloop
  endfacet
  facet normal -0.9866433320848816 -0.1628954733945734 0
    outer loop
      vertex 11.084168720856866 -7.585433065715727 0.20000000000000004
      vertex 11.106820330419346 -7.72263184153239 0.7999999999999998
      vertex 11.084168720856866 -7.585433065715727 0.7999999999999998
    endloop
  endfacet
  facet normal -0.9359059267573225 -0.3522500479212418 0
    outer loop
      vertex 10.963244006586484 -7.186797706224184 0.20000000000000004
      vertex 11.0122265251771 -7.316941136230781 0.7999999999999998
      vertex 10.963244006586484 -7.186797706224184 0.7999999999999998
    endloop
  endfacet
  facet normal -0.9569403357322095 -0.2902846772544604 0
    outer loop
      vertex 11.0122265251771 -7.316941136230781 0.20000000000000004
      vertex 11.05259238086427 -7.4500095291571435 0.7999999999999998
      vertex 11.0122265251771 -7.316941136230781 0.7999999999999998
    endloop
  endfacet
  facet normal -0.9994645874763655 -0.03271908282178027 0
    outer loop
      vertex 11.120450211882032 -7.861018350385946 0.20000000000000004
      vertex 11.125 -8 0.7999999999999998
      vertex 11.120450211882032 -7.861018350385946 0.7999999999999998
    endloop
  endfacet
  facet normal -0.9951847266721966 -0.09801714032956443 0
    outer loop
      vertex 11.106820330419346 -7.72263184153239 0.20000000000000004
      vertex 11.120450211882032 -7.861018350385946 0.7999999999999998
      vertex 11.106820330419346 -7.72263184153239 0.7999999999999998
    endloop
  endfacet
  facet normal -0.026827745022932906 0.8195028344262377 0.5724468328712692
    outer loop
      vertex 9.138981649614054 -10.120450211882032 0.7999999999999998
      vertex 9 -12.360294117647058 4
      vertex 9.285176879657904 -12.350958393238912 4
    endloop
  endfacet
  facet normal -0.08036835454596043 0.8159935974768601 0.5724468328712693
    outer loop
      vertex 9.27736815846761 -10.106820330419346 0.7999999999999998
      vertex 9.285176879657904 -12.350958393238912 4
      vertex 9.569132588135961 -12.322991197019629 4
    endloop
  endfacet
  facet normal -0.13356481443643306 0.8089901506694717 0.572446832871269
    outer loop
      vertex 9.414566934284272 -10.084168720856866 0.7999999999999998
      vertex 9.569132588135961 -12.322991197019629 4
      vertex 9.850651183496796 -12.276512288817027 4
    endloop
  endfacet
  facet normal -0.18618932928625373 0.7985224838384881 0.5724468328712691
    outer loop
      vertex 9.549990470842857 -10.05259238086427 0.7999999999999998
      vertex 9.850651183496796 -12.276512288817027 4
      vertex 10.12852715989555 -12.2117206984516 4
    endloop
  endfacet
  facet normal -0.23801655284376574 0.7846354211403053 0.572446832871269
    outer loop
      vertex 9.683058863769219 -10.0122265251771 0.7999999999999998
      vertex 10.12852715989555 -12.2117206984516 4
      vertex 10.401570609740991 -12.128893873460276 4
    endloop
  endfacet
  facet normal -0.026827745022941916 0.8195028344262377 0.5724468328712689
    outer loop
      vertex 9 -10.125 0.7999999999999998
      vertex 9 -12.360294117647058 4
      vertex 9.138981649614054 -10.120450211882032 0.7999999999999998
    endloop
  endfacet
  facet normal -0.08036835454596013 0.8159935974768601 0.5724468328712693
    outer loop
      vertex 9.138981649614054 -10.120450211882032 0.7999999999999998
      vertex 9.285176879657904 -12.350958393238912 4
      vertex 9.27736815846761 -10.106820330419346 0.7999999999999998
    endloop
  endfacet
  facet normal -0.13356481443642365 0.8089901506694731 0.5724468328712694
    outer loop
      vertex 9.27736815846761 -10.106820330419346 0.7999999999999998
      vertex 9.569132588135961 -12.322991197019629 4
      vertex 9.414566934284272 -10.084168720856866 0.7999999999999998
    endloop
  endfacet
  facet normal -0.18618932928625553 0.7985224838384876 0.572446832871269
    outer loop
      vertex 9.414566934284272 -10.084168720856866 0.7999999999999998
      vertex 9.850651183496796 -12.276512288817027 4
      vertex 9.549990470842857 -10.05259238086427 0.7999999999999998
    endloop
  endfacet
  facet normal -0.23801655284376214 0.7846354211403064 0.572446832871269
    outer loop
      vertex 9.549990470842857 -10.05259238086427 0.7999999999999998
      vertex 10.12852715989555 -12.2117206984516 4
      vertex 9.683058863769219 -10.0122265251771 0.7999999999999998
    endloop
  endfacet
  facet normal -0.2888245529810332 0.7673884291093788 0.5724468328712687
    outer loop
      vertex 9.683058863769219 -10.0122265251771 0.7999999999999998
      vertex 10.401570609740991 -12.128893873460276 4
      vertex 9.813202293775817 -9.963244006586484 0.7999999999999998
    endloop
  endfacet
  facet normal -0.33839576204127875 0.7468553620133924 0.5724468328712693
    outer loop
      vertex 9.813202293775817 -9.963244006586484 0.7999999999999998
      vertex 10.668612319062488 -12.028386491023479 4
      vertex 9.939863466715378 -9.905854575756962 0.7999999999999998
    endloop
  endfacet
  facet normal -0.386517908496997 0.7231241455979466 0.5724468328712691
    outer loop
      vertex 9.939863466715378 -9.905854575756962 0.7999999999999998
      vertex 10.928508774263735 -11.91062893918297 4
      vertex 10.0625 -9.840303983041933 0.7999999999999998
    endloop
  endfacet
  facet normal -0.43298492592923826 0.6962964005750035 0.5724468328712686
    outer loop
      vertex 10.0625 -9.840303983041933 0.7999999999999998
      vertex 11.180147058823529 -11.776125473854206 4
      vertex 10.180586745166654 -9.76687292614291 0.7999999999999998
    endloop
  endfacet
  facet normal -0.477597835435586 0.6664870074674348 0.572446832871269
    outer loop
      vertex 10.180586745166654 -9.76687292614291 0.7999999999999998
      vertex 11.422449618975177 -11.625452059525069 4
      vertex 10.293618036643531 -9.685875848118874 0.7999999999999998
    endloop
  endfacet
  facet normal -0.5201655976884406 0.6338236146729471 0.5724468328712692
    outer loop
      vertex 10.293618036643531 -9.685875848118874 0.7999999999999998
      vertex 11.654378877957143 -11.459253902887518 4
      vertex 10.401109857087647 -9.597659590892826 0.7999999999999998
    endloop
  endfacet
  facet normal -0.5605059309947276 0.5984460918540507 0.5724468328712691
    outer loop
      vertex 10.401109857087647 -9.597659590892826 0.7999999999999998
      vertex 11.874941679076036 -11.278242689963482 4
      vertex 10.502601910021413 -9.502601910021413 0.7999999999999998
    endloop
  endfacet
  facet normal -0.5984460918540507 0.5605059309947276 0.5724468328712692
    outer loop
      vertex 10.502601910021413 -9.502601910021413 0.7999999999999998
      vertex 12.08319353855605 -11.08319353855605 4
      vertex 10.597659590892826 -9.401109857087647 0.7999999999999998
    endloop
  endfacet
  facet normal -0.6338236146729472 0.5201655976884407 0.5724468328712689
    outer loop
      vertex 10.597659590892826 -9.401109857087647 0.7999999999999998
      vertex 12.278242689963482 -10.874941679076036 4
      vertex 10.685875848118874 -9.293618036643531 0.7999999999999998
    endloop
  endfacet
  facet normal -0.28882455298102366 0.767388429109382 0.5724468328712692
    outer loop
      vertex 9.813202293775817 -9.963244006586484 0.7999999999999998
      vertex 10.401570609740991 -12.128893873460276 4
      vertex 10.668612319062488 -12.028386491023479 4
    endloop
  endfacet
  facet normal -0.3383957620412816 0.7468553620133913 0.5724468328712689
    outer loop
      vertex 9.939863466715378 -9.905854575756962 0.7999999999999998
      vertex 10.668612319062488 -12.028386491023479 4
      vertex 10.928508774263735 -11.91062893918297 4
    endloop
  endfacet
  facet normal -0.3865179084970031 0.7231241455979436 0.5724468328712689
    outer loop
      vertex 10.0625 -9.840303983041933 0.7999999999999998
      vertex 10.928508774263735 -11.91062893918297 4
      vertex 11.180147058823529 -11.776125473854206 4
    endloop
  endfacet
  facet normal -0.4329849259292333 0.6962964005750064 0.5724468328712692
    outer loop
      vertex 10.180586745166654 -9.76687292614291 0.7999999999999998
      vertex 11.180147058823529 -11.776125473854206 4
      vertex 11.422449618975177 -11.625452059525069 4
    endloop
  endfacet
  facet normal -0.47759783543558265 0.6664870074674369 0.5724468328712691
    outer loop
      vertex 10.293618036643531 -9.685875848118874 0.7999999999999998
      vertex 11.422449618975177 -11.625452059525069 4
      vertex 11.654378877957143 -11.459253902887518 4
    endloop
  endfacet
  facet normal -0.03271908282178027 -0.9994645874763655 0
    outer loop
      vertex 9 -5.875 0.20000000000000004
      vertex 9.138981649614054 -5.879549788117968 0.20000000000000004
      vertex 9.138981649614054 -5.879549788117968 0.7999999999999998
    endloop
  endfacet
  facet normal -0.0980171403295581 -0.995184726672197 0
    outer loop
      vertex 9.138981649614054 -5.879549788117968 0.20000000000000004
      vertex 9.27736815846761 -5.893179669580653 0.20000000000000004
      vertex 9.27736815846761 -5.893179669580653 0.7999999999999998
    endloop
  endfacet
  facet normal 0 0 -1
    outer loop
      vertex 9 -5.875 0.20000000000000004
      vertex 9 -5 0.20000000000000004
      vertex 9.196209387690429 -5.00642323028419 0.20000000000000004
    endloop
  endfacet
  facet normal 0 0 -1
    outer loop
      vertex 9 -5.875 0.20000000000000004
      vertex 9.196209387690429 -5.00642323028419 0.20000000000000004
      vertex 9.138981649614054 -5.879549788117968 0.20000000000000004
    endloop
  endfacet
  facet normal -0.032719082821777774 -0.9994645874763656 0
    outer loop
      vertex 9.196209387690429 -5.00642323028419 0.20000000000000004
      vertex 9 -5 0
      vertex 9.196209387690429 -5.00642323028419 0
    endloop
  endfacet
  facet normal -0.032719082821777774 -0.9994645874763656 0
    outer loop
      vertex 9 -5 0.20000000000000004
      vertex 9 -5 0
      vertex 9.196209387690429 -5.00642323028419 0.20000000000000004
    endloop
  endfacet
  facet normal 0 0 -1
    outer loop
      vertex 9.138981649614054 -5.879549788117968 0.20000000000000004
      vertex 9.391578576660155 -5.025665415878569 0.20000000000000004
      vertex 9.27736815846761 -5.893179669580653 0.20000000000000004
    endloop
  endfacet
  facet normal 0 0 -1
    outer loop
      vertex 9.138981649614054 -5.879549788117968 0.20000000000000004
      vertex 9.196209387690429 -5.00642323028419 0.20000000000000004
      vertex 9.391578576660155 -5.025665415878569 0.20000000000000004
    endloop
  endfacet
  facet normal -0.09801714032955963 -0.9951847266721969 0
    outer loop
      vertex 9.196209387690429 -5.00642323028419 0.20000000000000004
      vertex 9.196209387690429 -5.00642323028419 0
      vertex 9.391578576660155 -5.025665415878569 0.20000000000000004
    endloop
  endfacet
  facet normal -0.16289547339458685 -0.9866433320848792 0
    outer loop
      vertex 9.27736815846761 -5.893179669580653 0.20000000000000004
      vertex 9.414566934284272 -5.915831279143135 0.20000000000000004
      vertex 9.414566934284272 -5.915831279143135 0.7999999999999998
    endloop
  endfacet
  facet normal -0.22707626303436937 -0.9738769792773346 0
    outer loop
      vertex 9.414566934284272 -5.915831279143135 0.20000000000000004
      vertex 9.549990470842857 -5.9474076191357295 0.20000000000000004
      vertex 9.549990470842857 -5.9474076191357295 0.7999999999999998
    endloop
  endfacet
  facet normal 0 0 -1
    outer loop
      vertex 9.27736815846761 -5.893179669580653 0.20000000000000004
      vertex 9.391578576660155 -5.025665415878569 0.20000000000000004
      vertex 9.414566934284272 -5.915831279143135 0.20000000000000004
    endloop
  endfacet
  facet normal -0.09801714032955963 -0.9951847266721969 0
    outer loop
      vertex 9.391578576660155 -5.025665415878569 0.20000000000000004
      vertex 9.196209387690429 -5.00642323028419 0
      vertex 9.391578576660155 -5.025665415878569 0
    endloop
  endfacet
  facet normal 0 0 -1
    outer loop
      vertex 9.414566934284272 -5.915831279143135 0.20000000000000004
      vertex 9.391578576660155 -5.025665415878569 0.20000000000000004
      vertex 9.585270966048384 -5.057644158790309 0.20000000000000004
    endloop
  endfacet
  facet normal 0 0 -1
    outer loop
      vertex 9.414566934284272 -5.915831279143135 0.20000000000000004
      vertex 9.585270966048384 -5.057644158790309 0.20000000000000004
      vertex 9.549990470842857 -5.9474076191357295 0.20000000000000004
    endloop
  endfacet
  facet normal -0.1628954733945891 -0.986643332084879 0
    outer loop
      vertex 9.585270966048384 -5.057644158790309 0.20000000000000004
      vertex 9.391578576660155 -5.025665415878569 0
      vertex 9.585270966048384 -5.057644158790309 0
    endloop
  endfacet
  facet normal -0.1628954733945891 -0.986643332084879 0
    outer loop
      vertex 9.391578576660155 -5.025665415878569 0.20000000000000004
      vertex 9.391578576660155 -5.025665415878569 0
      vertex 9.585270966048384 -5.057644158790309 0.20000000000000004
    endloop
  endfacet
  facet normal -0.03271908282178027 -0.9994645874763655 0
    outer loop
      vertex 9 -5.875 0.20000000000000004
      vertex 9.138981649614054 -5.879549788117968 0.7999999999999998
      vertex 9 -5.875 0.7999999999999998
    endloop
  endfacet
  facet normal -0.0980171403295581 -0.995184726672197 0
    outer loop
      vertex 9.138981649614054 -5.879549788117968 0.20000000000000004
      vertex 9.27736815846761 -5.893179669580653 0.7999999999999998
      vertex 9.138981649614054 -5.879549788117968 0.7999999999999998
    endloop
  endfacet
  facet normal -0.16289547339458685 -0.9866433320848792 0
    outer loop
      vertex 9.27736815846761 -5.893179669580653 0.20000000000000004
      vertex 9.414566934284272 -5.915831279143135 0.7999999999999998
      vertex 9.27736815846761 -5.893179669580653 0.7999999999999998
    endloop
  endfacet
  facet normal -0.22707626303436937 -0.9738769792773346 0
    outer loop
      vertex 9.414566934284272 -5.915831279143135 0.20000000000000004
      vertex 9.549990470842857 -5.9474076191357295 0.7999999999999998
      vertex 9.414566934284272 -5.915831279143135 0.7999999999999998
    endloop
  endfacet
  facet normal 0 0 -1
    outer loop
      vertex 9.683058863769219 -5.9877734748229 0.20000000000000004
      vertex 9.964318395909485 -5.159209611514683 0.20000000000000004
      vertex 9.813202293775817 -6.036755993413516 0.20000000000000004
    endloop
  endfacet
  facet normal -0.2902846772544621 -0.9569403357322089 0
    outer loop
      vertex 9.549990470842857 -5.9474076191357295 0.20000000000000004
      vertex 9.683058863769219 -5.9877734748229 0.20000000000000004
      vertex 9.683058863769219 -5.9877734748229 0.7999999999999998
    endloop
  endfacet
  facet normal -0.3522500479212397 -0.9359059267573233 0
    outer loop
      vertex 9.683058863769219 -5.9877734748229 0.20000000000000004
      vertex 9.813202293775817 -6.036755993413516 0.20000000000000004
      vertex 9.813202293775817 -6.036755993413516 0.7999999999999998
    endloop
  endfacet
  facet normal 0 0 -1
    outer loop
      vertex 9.549990470842857 -5.9474076191357295 0.20000000000000004
      vertex 9.776457135307563 -5.102222521132795 0.20000000000000004
      vertex 9.683058863769219 -5.9877734748229 0.20000000000000004
    endloop
  endfacet
  facet normal 0 0 -1
    outer loop
      vertex 9.549990470842857 -5.9474076191357295 0.20000000000000004
      vertex 9.585270966048384 -5.057644158790309 0.20000000000000004
      vertex 9.776457135307563 -5.102222521132795 0.20000000000000004
    endloop
  endfacet
  facet normal -0.2270762630343701 -0.9738769792773342 0
    outer loop
      vertex 9.585270966048384 -5.057644158790309 0.20000000000000004
      vertex 9.585270966048384 -5.057644158790309 0
      vertex 9.776457135307563 -5.102222521132795 0.20000000000000004
    endloop
  endfacet
  facet normal 0 0 -1
    outer loop
      vertex 9.683058863769219 -5.9877734748229 0.20000000000000004
      vertex 9.776457135307563 -5.102222521132795 0.20000000000000004
      vertex 9.964318395909485 -5.159209611514683 0.20000000000000004
    endloop
  endfacet
  facet normal -0.2270762630343701 -0.9738769792773342 0
    outer loop
      vertex 9.776457135307563 -5.102222521132795 0.20000000000000004
      vertex 9.585270966048384 -5.057644158790309 0
      vertex 9.776457135307563 -5.102222521132795 0
    endloop
  endfacet
  facet normal -0.2902846772544639 -0.9569403357322083 0
    outer loop
      vertex 9.776457135307563 -5.102222521132795 0.20000000000000004
      vertex 9.776457135307563 -5.102222521132795 0
      vertex 9.964318395909485 -5.159209611514683 0.20000000000000004
    endloop
  endfacet
  facet normal 0 0 -1
    outer loop
      vertex 9.813202293775817 -6.036755993413516 0.20000000000000004
      vertex 9.964318395909485 -5.159209611514683 0.20000000000000004
      vertex 9.939863466715378 -6.094145424243037 0.20000000000000004
    endloop
  endfacet
  facet normal 0 0 -1
    outer loop
      vertex 9.939863466715378 -6.094145424243037 0.20000000000000004
      vertex 10.148050297095269 -5.22836140246614 0.20000000000000004
      vertex 10.0625 -6.159696016958068 0.20000000000000004
    endloop
  endfacet
  facet normal -0.41270702980439167 -0.9108638249211771 0
    outer loop
      vertex 9.813202293775817 -6.036755993413516 0.20000000000000004
      vertex 9.939863466715378 -6.094145424243037 0.20000000000000004
      vertex 9.939863466715378 -6.094145424243037 0.7999999999999998
    endloop
  endfacet
  facet normal -0.47139673682600086 -0.8819212643483533 0
    outer loop
      vertex 9.939863466715378 -6.094145424243037 0.20000000000000004
      vertex 10.0625 -6.159696016958068 0.20000000000000004
      vertex 10.0625 -6.159696016958068 0.7999999999999998
    endloop
  endfacet
  facet normal -0.2902846772544639 -0.9569403357322083 0
    outer loop
      vertex 9.964318395909485 -5.159209611514683 0.20000000000000004
      vertex 9.776457135307563 -5.102222521132795 0
      vertex 9.964318395909485 -5.159209611514683 0
    endloop
  endfacet
  facet normal -0.3522500479212361 -0.9359059267573246 0
    outer loop
      vertex 10.148050297095269 -5.22836140246614 0.20000000000000004
      vertex 9.964318395909485 -5.159209611514683 0
      vertex 10.148050297095269 -5.22836140246614 0
    endloop
  endfacet
  facet normal 0 0 -1
    outer loop
      vertex 9.939863466715378 -6.094145424243037 0.20000000000000004
      vertex 9.964318395909485 -5.159209611514683 0.20000000000000004
      vertex 10.148050297095269 -5.22836140246614 0.20000000000000004
    endloop
  endfacet
  facet normal -0.3522500479212361 -0.9359059267573246 0
    outer loop
      vertex 9.964318395909485 -5.159209611514683 0.20000000000000004
      vertex 9.964318395909485 -5.159209611514683 0
      vertex 10.148050297095269 -5.22836140246614 0.20000000000000004
    endloop
  endfacet
  facet normal -0.2902846772544621 -0.9569403357322089 0
    outer loop
      vertex 9.549990470842857 -5.9474076191357295 0.20000000000000004
      vertex 9.683058863769219 -5.9877734748229 0.7999999999999998
      vertex 9.549990470842857 -5.9474076191357295 0.7999999999999998
    endloop
  endfacet
  facet normal -0.3522500479212397 -0.9359059267573233 0
    outer loop
      vertex 9.683058863769219 -5.9877734748229 0.20000000000000004
      vertex 9.813202293775817 -6.036755993413516 0.7999999999999998
      vertex 9.683058863769219 -5.9877734748229 0.7999999999999998
    endloop
  endfacet
  facet normal -0.41270702980439167 -0.9108638249211771 0
    outer loop
      vertex 9.813202293775817 -6.036755993413516 0.20000000000000004
      vertex 9.939863466715378 -6.094145424243037 0.7999999999999998
      vertex 9.813202293775817 -6.036755993413516 0.7999999999999998
    endloop
  endfacet
  facet normal -0.47139673682600086 -0.8819212643483533 0
    outer loop
      vertex 9.939863466715378 -6.094145424243037 0.20000000000000004
      vertex 10.0625 -6.159696016958068 0.7999999999999998
      vertex 9.939863466715378 -6.094145424243037 0.7999999999999998
    endloop
  endfacet
  facet normal -0.5280678506503715 -0.8492021815265766 0
    outer loop
      vertex 10.0625 -6.159696016958068 0.20000000000000004
      vertex 10.180586745166654 -6.233127073857092 0.7999999999999998
      vertex 10.0625 -6.159696016958068 0.7999999999999998
    endloop
  endfacet
  facet normal 0 0 -1
    outer loop
      vertex 10.0625 -6.159696016958068 0.20000000000000004
      vertex 10.148050297095269 -5.22836140246614 0.20000000000000004
      vertex 10.180586745166654 -6.233127073857092 0.20000000000000004
    endloop
  endfacet
  facet normal 0 0 -1
    outer loop
      vertex 10.293618036643531 -6.314124151881125 0.20000000000000004
      vertex 10.180586745166654 -6.233127073857092 0.20000000000000004
      vertex 10.326866070657005 -5.309381775401935 0.20000000000000004
    endloop
  endfacet
  facet normal 0 0 -1
    outer loop
      vertex 10.293618036643531 -6.314124151881125 0.20000000000000004
      vertex 10.5 -5.401923788646684 0.20000000000000004
      vertex 10.401109857087647 -6.402340409107174 0.20000000000000004
    endloop
  endfacet
  facet normal -0.5824776968677966 -0.8128466845916192 0
    outer loop
      vertex 10.293618036643531 -6.314124151881125 0.20000000000000004
      vertex 10.293618036643531 -6.314124151881125 0.7999999999999998
      vertex 10.180586745166654 -6.233127073857092 0.20000000000000004
    endloop
  endfacet
  facet normal -0.5280678506503715 -0.8492021815265766 0
    outer loop
      vertex 10.0625 -6.159696016958068 0.20000000000000004
      vertex 10.180586745166654 -6.233127073857092 0.20000000000000004
      vertex 10.180586745166654 -6.233127073857092 0.7999999999999998
    endloop
  endfacet
  facet normal -0.6343932841636462 -0.7730104533627365 0
    outer loop
      vertex 10.293618036643531 -6.314124151881125 0.20000000000000004
      vertex 10.401109857087647 -6.402340409107174 0.20000000000000004
      vertex 10.401109857087647 -6.402340409107174 0.7999999999999998
    endloop
  endfacet
  facet normal 0 0 -1
    outer loop
      vertex 10.180586745166654 -6.233127073857092 0.20000000000000004
      vertex 10.148050297095269 -5.22836140246614 0.20000000000000004
      vertex 10.326866070657005 -5.309381775401935 0.20000000000000004
    endloop
  endfacet
  facet normal -0.41270702980439 -0.910863824921178 0
    outer loop
      vertex 10.148050297095269 -5.22836140246614 0.20000000000000004
      vertex 10.148050297095269 -5.22836140246614 0
      vertex 10.326866070657005 -5.309381775401935 0.20000000000000004
    endloop
  endfacet
  facet normal -0.41270702980439 -0.910863824921178 0
    outer loop
      vertex 10.326866070657005 -5.309381775401935 0.20000000000000004
      vertex 10.148050297095269 -5.22836140246614 0
      vertex 10.326866070657005 -5.309381775401935 0
    endloop
  endfacet
  facet normal 0 0 -1
    outer loop
      vertex 10.293618036643531 -6.314124151881125 0.20000000000000004
      vertex 10.326866070657005 -5.309381775401935 0.20000000000000004
      vertex 10.5 -5.401923788646684 0.20000000000000004
    endloop
  endfacet
  facet normal -0.471396736826 -0.8819212643483537 0
    outer loop
      vertex 10.326866070657005 -5.309381775401935 0.20000000000000004
      vertex 10.326866070657005 -5.309381775401935 0
      vertex 10.5 -5.401923788646684 0.20000000000000004
    endloop
  endfacet
  facet normal 0 0 -1
    outer loop
      vertex 10.401109857087647 -6.402340409107174 0.20000000000000004
      vertex 10.5 -5.401923788646684 0.20000000000000004
      vertex 10.502601910021413 -6.497398089978587 0.20000000000000004
    endloop
  endfacet
  facet normal 0 0 -1
    outer loop
      vertex 10.502601910021413 -6.497398089978587 0.20000000000000004
      vertex 10.666710699058807 -5.505591163092364 0.20000000000000004
      vertex 10.597659590892826 -6.598890142912354 0.20000000000000004
    endloop
  endfacet
  facet normal 0 0 -1
    outer loop
      vertex 10.502601910021413 -6.497398089978587 0.20000000000000004
      vertex 10.5 -5.401923788646684 0.20000000000000004
      vertex 10.666710699058807 -5.505591163092364 0.20000000000000004
    endloop
  endfacet
  facet normal 0 0 -1
    outer loop
      vertex 10.597659590892826 -6.598890142912354 0.20000000000000004
      vertex 10.666710699058807 -5.505591163092364 0.20000000000000004
      vertex 10.685875848118874 -6.706381963356469 0.20000000000000004
    endloop
  endfacet
  facet normal -0.6835923020228736 -0.7298640726978334 0
    outer loop
      vertex 10.401109857087647 -6.402340409107174 0.20000000000000004
      vertex 10.502601910021413 -6.497398089978587 0.20000000000000004
      vertex 10.502601910021413 -6.497398089978587 0.7999999999999998
    endloop
  endfacet
  facet normal -0.7298640726978364 -0.6835923020228706 0
    outer loop
      vertex 10.502601910021413 -6.497398089978587 0.20000000000000004
      vertex 10.597659590892826 -6.598890142912354 0.20000000000000004
      vertex 10.597659590892826 -6.598890142912354 0.7999999999999998
    endloop
  endfacet
  facet normal -0.773010453362737 -0.6343932841636454 0
    outer loop
      vertex 10.597659590892826 -6.598890142912354 0.20000000000000004
      vertex 10.685875848118874 -6.706381963356469 0.20000000000000004
      vertex 10.685875848118874 -6.706381963356469 0.7999999999999998
    endloop
  endfacet
  facet normal -0.471396736826 -0.8819212643483537 0
    outer loop
      vertex 10.5 -5.401923788646684 0.20000000000000004
      vertex 10.326866070657005 -5.309381775401935 0
      vertex 10.5 -5.401923788646684 0
    endloop
  endfacet
  facet normal -0.5280678506503669 -0.8492021815265794 0
    outer loop
      vertex 10.666710699058807 -5.505591163092364 0.20000000000000004
      vertex 10.5 -5.401923788646684 0
      vertex 10.666710699058807 -5.505591163092364 0
    endloop
  endfacet
  facet normal -0.5280678506503669 -0.8492021815265794 0
    outer loop
      vertex 10.5 -5.401923788646684 0.20000000000000004
      vertex 10.5 -5.401923788646684 0
      vertex 10.666710699058807 -5.505591163092364 0.20000000000000004
    endloop
  endfacet
  facet normal -0.5824776968677966 -0.8128466845916192 0
    outer loop
      vertex 10.180586745166654 -6.233127073857092 0.20000000000000004
      vertex 10.293618036643531 -6.314124151881125 0.7999999999999998
      vertex 10.180586745166654 -6.233127073857092 0.7999999999999998
    endloop
  endfacet
  facet normal -0.6343932841636462 -0.7730104533627365 0
    outer loop
      vertex 10.293618036643531 -6.314124151881125 0.20000000000000004
      vertex 10.401109857087647 -6.402340409107174 0.7999999999999998
      vertex 10.293618036643531 -6.314124151881125 0.7999999999999998
    endloop
  endfacet
  facet normal -0.6835923020228736 -0.7298640726978334 0
    outer loop
      vertex 10.401109857087647 -6.402340409107174 0.20000000000000004
      vertex 10.502601910021413 -6.497398089978587 0.7999999999999998
      vertex 10.401109857087647 -6.402340409107174 0.7999999999999998
    endloop
  endfacet
  facet normal -0.7298640726978364 -0.6835923020228706 0
    outer loop
      vertex 10.502601910021413 -6.497398089978587 0.20000000000000004
      vertex 10.597659590892826 -6.598890142912354 0.7999999999999998
      vertex 10.502601910021413 -6.497398089978587 0.7999999999999998
    endloop
  endfacet
  facet normal -0.773010453362737 -0.6343932841636454 0
    outer loop
      vertex 10.597659590892826 -6.598890142912354 0.20000000000000004
      vertex 10.685875848118874 -6.706381963356469 0.7999999999999998
      vertex 10.597659590892826 -6.598890142912354 0.7999999999999998
    endloop
  endfacet
  facet normal 0 0 -1
    outer loop
      vertex 10.685875848118874 -6.706381963356469 0.20000000000000004
      vertex 10.826284287026162 -5.619939979126294 0.20000000000000004
      vertex 10.76687292614291 -6.8194132548333455 0.20000000000000004
    endloop
  endfacet
  facet normal 0 0 -1
    outer loop
      vertex 10.76687292614291 -6.8194132548333455 0.20000000000000004
      vertex 10.826284287026162 -5.619939979126294 0.20000000000000004
      vertex 10.840303983041933 -6.9375 0.20000000000000004
    endloop
  endfacet
  facet normal 0 0 -1
    outer loop
      vertex 10.685875848118874 -6.706381963356469 0.20000000000000004
      vertex 10.666710699058807 -5.505591163092364 0.20000000000000004
      vertex 10.826284287026162 -5.619939979126294 0.20000000000000004
    endloop
  endfacet
  facet normal 0 0 -1
    outer loop
      vertex 10.840303983041933 -6.9375 0.20000000000000004
      vertex 10.978037445300206 -5.744480577563068 0.20000000000000004
      vertex 10.905854575756962 -7.060136533284622 0.20000000000000004
    endloop
  endfacet
  facet normal 0 0 -1
    outer loop
      vertex 10.905854575756962 -7.060136533284622 0.20000000000000004
      vertex 10.978037445300206 -5.744480577563068 0.20000000000000004
      vertex 10.963244006586484 -7.186797706224184 0.20000000000000004
    endloop
  endfacet
  facet normal 0 0 -1
    outer loop
      vertex 10.840303983041933 -6.9375 0.20000000000000004
      vertex 10.826284287026162 -5.619939979126294 0.20000000000000004
      vertex 10.978037445300206 -5.744480577563068 0.20000000000000004
    endloop
  endfacet
  facet normal -0.812846684591611 -0.582477696867808 0
    outer loop
      vertex 10.685875848118874 -6.706381963356469 0.20000000000000004
      vertex 10.76687292614291 -6.8194132548333455 0.20000000000000004
      vertex 10.76687292614291 -6.8194132548333455 0.7999999999999998
    endloop
  endfacet
  facet normal -0.582477696867802 -0.8128466845916152 0
    outer loop
      vertex 10.826284287026162 -5.619939979126294 0.20000000000000004
      vertex 10.666710699058807 -5.505591163092364 0
      vertex 10.826284287026162 -5.619939979126294 0
    endloop
  endfacet
  facet normal -0.582477696867802 -0.8128466845916152 0
    outer loop
      vertex 10.666710699058807 -5.505591163092364 0.20000000000000004
      vertex 10.666710699058807 -5.505591163092364 0
      vertex 10.826284287026162 -5.619939979126294 0.20000000000000004
    endloop
  endfacet
  facet normal -0.6343932841636483 -0.7730104533627347 0
    outer loop
      vertex 10.978037445300206 -5.744480577563068 0.20000000000000004
      vertex 10.826284287026162 -5.619939979126294 0
      vertex 10.978037445300206 -5.744480577563068 0
    endloop
  endfacet
  facet normal -0.6343932841636483 -0.7730104533627347 0
    outer loop
      vertex 10.826284287026162 -5.619939979126294 0.20000000000000004
      vertex 10.826284287026162 -5.619939979126294 0
      vertex 10.978037445300206 -5.744480577563068 0.20000000000000004
    endloop
  endfacet
  facet normal 0 0 -1
    outer loop
      vertex 10.963244006586484 -7.186797706224184 0.20000000000000004
      vertex 10.978037445300206 -5.744480577563068 0.20000000000000004
      vertex 11.0122265251771 -7.316941136230781 0.20000000000000004
    endloop
  endfacet
  facet normal 0 0 -1
    outer loop
      vertex 11.0122265251771 -7.316941136230781 0.20000000000000004
      vertex 10.978037445300206 -5.744480577563068 0.20000000000000004
      vertex 11.121320343559642 -5.878679656440357 0.20000000000000004
    endloop
  endfacet
  facet normal -0.6835923020228707 -0.729864072697836 0
    outer loop
      vertex 11.121320343559642 -5.878679656440357 0.20000000000000004
      vertex 10.978037445300206 -5.744480577563068 0
      vertex 11.121320343559642 -5.878679656440357 0
    endloop
  endfacet
  facet normal -0.6835923020228707 -0.729864072697836 0
    outer loop
      vertex 10.978037445300206 -5.744480577563068 0.20000000000000004
      vertex 10.978037445300206 -5.744480577563068 0
      vertex 11.121320343559642 -5.878679656440357 0.20000000000000004
    endloop
  endfacet
  facet normal -0.7298640726978337 -0.6835923020228734 0
    outer loop
      vertex 11.255519422436933 -6.021962554699794 0.20000000000000004
      vertex 11.121320343559642 -5.878679656440357 0
      vertex 11.255519422436933 -6.021962554699794 0
    endloop
  endfacet
  facet normal -0.7298640726978337 -0.6835923020228734 0
    outer loop
      vertex 11.121320343559642 -5.878679656440357 0.20000000000000004
      vertex 11.121320343559642 -5.878679656440357 0
      vertex 11.255519422436933 -6.021962554699794 0.20000000000000004
    endloop
  endfacet
  facet normal -0.812846684591611 -0.582477696867808 0
    outer loop
      vertex 10.685875848118874 -6.706381963356469 0.20000000000000004
      vertex 10.76687292614291 -6.8194132548333455 0.7999999999999998
      vertex 10.685875848118874 -6.706381963356469 0.7999999999999998
    endloop
  endfacet
  facet normal -0.026827745022941912 -0.8195028344262376 0.5724468328712691
    outer loop
      vertex 9 -5.875 0.7999999999999998
      vertex 9.138981649614054 -5.879549788117968 0.7999999999999998
      vertex 9.285176879657904 -3.64904160676109 4
    endloop
  endfacet
  facet normal -0.08036835454595496 -0.815993597476861 0.5724468328712689
    outer loop
      vertex 9.138981649614054 -5.879549788117968 0.7999999999999998
      vertex 9.27736815846761 -5.893179669580653 0.7999999999999998
      vertex 9.569132588135961 -3.6770088029803714 4
    endloop
  endfacet
  facet normal -0.13356481443643387 -0.8089901506694717 0.5724468328712689
    outer loop
      vertex 9.27736815846761 -5.893179669580653 0.7999999999999998
      vertex 9.414566934284272 -5.915831279143135 0.7999999999999998
      vertex 9.850651183496796 -3.7234877111829734 4
    endloop
  endfacet
  facet normal -0.1861893292862506 -0.7985224838384889 0.5724468328712689
    outer loop
      vertex 9.414566934284272 -5.915831279143135 0.7999999999999998
      vertex 9.549990470842857 -5.9474076191357295 0.7999999999999998
      vertex 10.12852715989555 -3.7882793015484006 4
    endloop
  endfacet
  facet normal -0.23801655284376214 -0.7846354211403064 0.5724468328712689
    outer loop
      vertex 9.549990470842857 -5.9474076191357295 0.7999999999999998
      vertex 9.683058863769219 -5.9877734748229 0.7999999999999998
      vertex 10.401570609740991 -3.8711061265397233 4
    endloop
  endfacet
  facet normal -0.28882455298103316 -0.7673884291093785 0.5724468328712691
    outer loop
      vertex 9.683058863769219 -5.9877734748229 0.7999999999999998
      vertex 9.813202293775817 -6.036755993413516 0.7999999999999998
      vertex 10.668612319062488 -3.9716135089765223 4
    endloop
  endfacet
  facet normal -0.026827745022940084 -0.8195028344262377 0.572446832871269
    outer loop
      vertex 9 -5.875 0.7999999999999998
      vertex 9.285176879657904 -3.64904160676109 4
      vertex 9 -3.639705882352941 4
    endloop
  endfacet
  facet normal -0.0803683545459565 -0.8159935974768607 0.5724468328712691
    outer loop
      vertex 9.138981649614054 -5.879549788117968 0.7999999999999998
      vertex 9.569132588135961 -3.6770088029803714 4
      vertex 9.285176879657904 -3.64904160676109 4
    endloop
  endfacet
  facet normal -0.13356481443643464 -0.8089901506694717 0.572446832871269
    outer loop
      vertex 9.27736815846761 -5.893179669580653 0.7999999999999998
      vertex 9.850651183496796 -3.7234877111829734 4
      vertex 9.569132588135961 -3.6770088029803714 4
    endloop
  endfacet
  facet normal -0.1861893292862537 -0.7985224838384882 0.572446832871269
    outer loop
      vertex 9.414566934284272 -5.915831279143135 0.7999999999999998
      vertex 10.12852715989555 -3.7882793015484006 4
      vertex 9.850651183496796 -3.7234877111829734 4
    endloop
  endfacet
  facet normal -0.238016552843762 -0.7846354211403065 0.5724468328712687
    outer loop
      vertex 9.549990470842857 -5.9474076191357295 0.7999999999999998
      vertex 10.401570609740991 -3.8711061265397233 4
      vertex 10.12852715989555 -3.7882793015484006 4
    endloop
  endfacet
  facet normal -0.33839576204127453 -0.7468553620133946 0.572446832871269
    outer loop
      vertex 9.813202293775817 -6.036755993413516 0.7999999999999998
      vertex 9.939863466715378 -6.094145424243037 0.7999999999999998
      vertex 10.928508774263735 -4.089371060817029 4
    endloop
  endfacet
  facet normal -0.38651790849700524 -0.7231241455979422 0.5724468328712691
    outer loop
      vertex 9.939863466715378 -6.094145424243037 0.7999999999999998
      vertex 10.0625 -6.159696016958068 0.7999999999999998
      vertex 11.180147058823529 -4.223874526145793 4
    endloop
  endfacet
  facet normal -0.43298492592923815 -0.6962964005750034 0.5724468328712693
    outer loop
      vertex 10.0625 -6.159696016958068 0.7999999999999998
      vertex 10.180586745166654 -6.233127073857092 0.7999999999999998
      vertex 11.422449618975177 -4.3745479404749315 4
    endloop
  endfacet
  facet normal -0.520165597688444 -0.6338236146729448 0.572446832871269
    outer loop
      vertex 10.293618036643531 -6.314124151881125 0.7999999999999998
      vertex 10.401109857087647 -6.402340409107174 0.7999999999999998
      vertex 11.874941679076036 -4.721757310036518 4
    endloop
  endfacet
  facet normal -0.4775978354355791 -0.6664870074674397 0.572446832871269
    outer loop
      vertex 10.293618036643531 -6.314124151881125 0.7999999999999998
      vertex 11.654378877957143 -4.540746097112482 4
      vertex 10.180586745166654 -6.233127073857092 0.7999999999999998
    endloop
  endfacet
  facet normal -0.5605059309947276 -0.5984460918540507 0.5724468328712692
    outer loop
      vertex 10.401109857087647 -6.402340409107174 0.7999999999999998
      vertex 10.502601910021413 -6.497398089978587 0.7999999999999998
      vertex 12.08319353855605 -4.91680646144395 4
    endloop
  endfacet
  facet normal -0.5984460918540532 -0.560505930994725 0.5724468328712692
    outer loop
      vertex 10.502601910021413 -6.497398089978587 0.7999999999999998
      vertex 10.597659590892826 -6.598890142912354 0.7999999999999998
      vertex 12.278242689963482 -5.125058320923964 4
    endloop
  endfacet
  facet normal -0.633823614672945 -0.5201655976884432 0.5724468328712692
    outer loop
      vertex 10.597659590892826 -6.598890142912354 0.7999999999999998
      vertex 10.685875848118874 -6.706381963356469 0.7999999999999998
      vertex 12.459253902887518 -5.345621122042857 4
    endloop
  endfacet
  facet normal -0.2888245529810279 -0.7673884291093808 0.5724468328712689
    outer loop
      vertex 9.683058863769219 -5.9877734748229 0.7999999999999998
      vertex 10.668612319062488 -3.9716135089765223 4
      vertex 10.401570609740991 -3.8711061265397233 4
    endloop
  endfacet
  facet normal -0.33839576204127636 -0.7468553620133939 0.5724468328712689
    outer loop
      vertex 9.813202293775817 -6.036755993413516 0.7999999999999998
      vertex 10.928508774263735 -4.089371060817029 4
      vertex 10.668612319062488 -3.9716135089765223 4
    endloop
  endfacet
  facet normal -0.38651790849700307 -0.7231241455979434 0.572446832871269
    outer loop
      vertex 9.939863466715378 -6.094145424243037 0.7999999999999998
      vertex 11.180147058823529 -4.223874526145793 4
      vertex 10.928508774263735 -4.089371060817029 4
    endloop
  endfacet
  facet normal -0.432984925929235 -0.6962964005750053 0.5724468328712691
    outer loop
      vertex 10.0625 -6.159696016958068 0.7999999999999998
      vertex 11.422449618975177 -4.3745479404749315 4
      vertex 11.180147058823529 -4.223874526145793 4
    endloop
  endfacet
  facet normal -0.4775978354355825 -0.666487007467437 0.5724468328712692
    outer loop
      vertex 10.180586745166654 -6.233127073857092 0.7999999999999998
      vertex 11.654378877957143 -4.540746097112482 4
      vertex 11.422449618975177 -4.3745479404749315 4
    endloop
  endfacet
  facet normal 0 -1 0
    outer loop
      vertex 0 -16 0
      vertex 18 -16 0
      vertex 18 -16 4
    endloop
  endfacet
  facet normal -0.7730104533627347 0.6343932841636483 0
    outer loop
      vertex 11.255519422436933 -9.978037445300206 0.20000000000000004
      vertex 11.380060020873707 -9.826284287026162 0
      vertex 11.255519422436933 -9.978037445300206 0
    endloop
  endfacet
  facet normal -0.7730104533627347 0.6343932841636483 0
    outer loop
      vertex 11.255519422436933 -9.978037445300206 0.20000000000000004
      vertex 11.380060020873707 -9.826284287026162 0.20000000000000004
      vertex 11.380060020873707 -9.826284287026162 0
    endloop
  endfacet
  facet normal -0.8128466845916196 0.5824776968677962 0
    outer loop
      vertex 11.380060020873707 -9.826284287026162 0.20000000000000004
      vertex 11.494408836907635 -9.666710699058807 0
      vertex 11.380060020873707 -9.826284287026162 0
    endloop
  endfacet
  facet normal -0.8128466845916196 0.5824776968677962 0
    outer loop
      vertex 11.380060020873707 -9.826284287026162 0.20000000000000004
      vertex 11.494408836907635 -9.666710699058807 0.20000000000000004
      vertex 11.494408836907635 -9.666710699058807 0
    endloop
  endfacet
  facet normal -0.8492021815265774 0.5280678506503702 0
    outer loop
      vertex 11.494408836907635 -9.666710699058807 0.20000000000000004
      vertex 11.598076211353316 -9.5 0
      vertex 11.494408836907635 -9.666710699058807 0
    endloop
  endfacet
  facet normal -0.8819212643483537 0.471396736826 0
    outer loop
      vertex 11.598076211353316 -9.5 0.20000000000000004
      vertex 11.690618224598065 -9.326866070657005 0
      vertex 11.598076211353316 -9.5 0
    endloop
  endfacet
  facet normal -0.8492021815265774 0.5280678506503702 0
    outer loop
      vertex 11.494408836907635 -9.666710699058807 0.20000000000000004
      vertex 11.598076211353316 -9.5 0.20000000000000004
      vertex 11.598076211353316 -9.5 0
    endloop
  endfacet
  facet normal -0.8819212643483537 0.471396736826 0
    outer loop
      vertex 11.598076211353316 -9.5 0.20000000000000004
      vertex 11.690618224598065 -9.326866070657005 0.20000000000000004
      vertex 11.690618224598065 -9.326866070657005 0
    endloop
  endfacet
  facet normal -0.910863824921178 0.41270702980439 0
    outer loop
      vertex 11.690618224598065 -9.326866070657005 0.20000000000000004
      vertex 11.77163859753386 -9.148050297095269 0
      vertex 11.690618224598065 -9.326866070657005 0
    endloop
  endfacet
  facet normal -0.910863824921178 0.41270702980439 0
    outer loop
      vertex 11.690618224598065 -9.326866070657005 0.20000000000000004
      vertex 11.77163859753386 -9.148050297095269 0.20000000000000004
      vertex 11.77163859753386 -9.148050297095269 0
    endloop
  endfacet
  facet normal 0 0 -1
    outer loop
      vertex 11.255519422436933 -9.978037445300206 0.20000000000000004
      vertex 11.255519422436933 -6.021962554699794 0.20000000000000004
      vertex 11.380060020873707 -9.826284287026162 0.20000000000000004
    endloop
  endfacet
  facet normal 0 0 -1
    outer loop
      vertex 11.380060020873707 -9.826284287026162 0.20000000000000004
      vertex 11.380060020873707 -6.173715712973838 0.20000000000000004
      vertex 11.494408836907635 -9.666710699058807 0.20000000000000004
    endloop
  endfacet
  facet normal 0 0 -1
    outer loop
      vertex 11.494408836907635 -9.666710699058807 0.20000000000000004
      vertex 11.494408836907635 -6.3332893009411935 0.20000000000000004
      vertex 11.598076211353316 -9.5 0.20000000000000004
    endloop
  endfacet
  facet normal 0 0 -1
    outer loop
      vertex 11.380060020873707 -9.826284287026162 0.20000000000000004
      vertex 11.255519422436933 -6.021962554699794 0.20000000000000004
      vertex 11.380060020873707 -6.173715712973838 0.20000000000000004
    endloop
  endfacet
  facet normal 0 0 -1
    outer loop
      vertex 11.494408836907635 -9.666710699058807 0.20000000000000004
      vertex 11.380060020873707 -6.173715712973838 0.20000000000000004
      vertex 11.494408836907635 -6.3332893009411935 0.20000000000000004
    endloop
  endfacet
  facet normal 0 0 -1
    outer loop
      vertex 11.598076211353316 -9.5 0.20000000000000004
      vertex 11.598076211353316 -6.5 0.20000000000000004
      vertex 11.690618224598065 -9.326866070657005 0.20000000000000004
    endloop
  endfacet
  facet normal -0.9359059267573246 0.3522500479212361 0
    outer loop
      vertex 11.77163859753386 -9.148050297095269 0.20000000000000004
      vertex 11.840790388485317 -8.964318395909485 0
      vertex 11.77163859753386 -9.148050297095269 0
    endloop
  endfacet
  facet normal 0 0 -1
    outer loop
      vertex 11.690618224598065 -9.326866070657005 0.20000000000000004
      vertex 11.690618224598065 -6.673133929342996 0.20000000000000004
      vertex 11.77163859753386 -9.148050297095269 0.20000000000000004
    endloop
  endfacet
  facet normal 0 0 -1
    outer loop
      vertex 11.77163859753386 -9.148050297095269 0.20000000000000004
      vertex 11.77163859753386 -6.851949702904731 0.20000000000000004
      vertex 11.840790388485317 -8.964318395909485 0.20000000000000004
    endloop
  endfacet
  facet normal 0 0 -1
    outer loop
      vertex 11.598076211353316 -9.5 0.20000000000000004
      vertex 11.494408836907635 -6.3332893009411935 0.20000000000000004
      vertex 11.598076211353316 -6.5 0.20000000000000004
    endloop
  endfacet
  facet normal 0 0 -1
    outer loop
      vertex 11.690618224598065 -9.326866070657005 0.20000000000000004
      vertex 11.598076211353316 -6.5 0.20000000000000004
      vertex 11.690618224598065 -6.673133929342996 0.20000000000000004
    endloop
  endfacet
  facet normal 0 0 -1
    outer loop
      vertex 11.77163859753386 -9.148050297095269 0.20000000000000004
      vertex 11.690618224598065 -6.673133929342996 0.20000000000000004
      vertex 11.77163859753386 -6.851949702904731 0.20000000000000004
    endloop
  endfacet
  facet normal -0.9359059267573246 -0.3522500479212361 0
    outer loop
      vertex 11.77163859753386 -6.851949702904731 0.20000000000000004
      vertex 11.77163859753386 -6.851949702904731 0
      vertex 11.840790388485317 -7.035681604090515 0.20000000000000004
    endloop
  endfacet
  facet normal -0.9569403357322083 0.2902846772544639 0
    outer loop
      vertex 11.840790388485317 -8.964318395909485 0.20000000000000004
      vertex 11.897777478867205 -8.776457135307563 0
      vertex 11.840790388485317 -8.964318395909485 0
    endloop
  endfacet
  facet normal -0.9738769792773342 0.2270762630343701 0
    outer loop
      vertex 11.897777478867205 -8.776457135307563 0.20000000000000004
      vertex 11.942355841209691 -8.585270966048384 0
      vertex 11.897777478867205 -8.776457135307563 0
    endloop
  endfacet
  facet normal -0.9359059267573246 0.3522500479212361 0
    outer loop
      vertex 11.77163859753386 -9.148050297095269 0.20000000000000004
      vertex 11.840790388485317 -8.964318395909485 0.20000000000000004
      vertex 11.840790388485317 -8.964318395909485 0
    endloop
  endfacet
  facet normal -0.9569403357322083 0.2902846772544639 0
    outer loop
      vertex 11.840790388485317 -8.964318395909485 0.20000000000000004
      vertex 11.897777478867205 -8.776457135307563 0.20000000000000004
      vertex 11.897777478867205 -8.776457135307563 0
    endloop
  endfacet
  facet normal -0.9738769792773342 0.2270762630343701 0
    outer loop
      vertex 11.897777478867205 -8.776457135307563 0.20000000000000004
      vertex 11.942355841209691 -8.585270966048384 0.20000000000000004
      vertex 11.942355841209691 -8.585270966048384 0
    endloop
  endfacet
  facet normal -0.986643332084879 0.1628954733945891 0
    outer loop
      vertex 11.942355841209691 -8.585270966048384 0.20000000000000004
      vertex 11.974334584121431 -8.391578576660155 0
      vertex 11.942355841209691 -8.585270966048384 0
    endloop
  endfacet
  facet normal 0 0 -1
    outer loop
      vertex 11.840790388485317 -8.964318395909485 0.20000000000000004
      vertex 11.840790388485317 -7.035681604090515 0.20000000000000004
      vertex 11.897777478867205 -8.776457135307563 0.20000000000000004
    endloop
  endfacet
  facet normal 0 0 -1
    outer loop
      vertex 11.897777478867205 -8.776457135307563 0.20000000000000004
      vertex 11.897777478867205 -7.223542864692438 0.20000000000000004
      vertex 11.942355841209691 -8.585270966048384 0.20000000000000004
    endloop
  endfacet
  facet normal 0 0 -1
    outer loop
      vertex 11.942355841209691 -8.585270966048384 0.20000000000000004
      vertex 11.942355841209691 -7.414729033951615 0.20000000000000004
      vertex 11.974334584121431 -8.391578576660155 0.20000000000000004
    endloop
  endfacet
  facet normal -0.9951847266721969 0.09801714032955963 0
    outer loop
      vertex 11.974334584121431 -8.391578576660155 0.20000000000000004
      vertex 11.99357676971581 -8.196209387690429 0
      vertex 11.974334584121431 -8.391578576660155 0
    endloop
  endfacet
  facet normal -0.9994645874763656 0.032719082821777774 0
    outer loop
      vertex 11.99357676971581 -8.196209387690429 0.20000000000000004
      vertex 12 -8 0
      vertex 11.99357676971581 -8.196209387690429 0
    endloop
  endfacet
  facet normal -0.986643332084879 0.1628954733945891 0
    outer loop
      vertex 11.942355841209691 -8.585270966048384 0.20000000000000004
      vertex 11.974334584121431 -8.391578576660155 0.20000000000000004
      vertex 11.974334584121431 -8.391578576660155 0
    endloop
  endfacet
  facet normal -0.9951847266721969 0.09801714032955963 0
    outer loop
      vertex 11.974334584121431 -8.391578576660155 0.20000000000000004
      vertex 11.99357676971581 -8.196209387690429 0.20000000000000004
      vertex 11.99357676971581 -8.196209387690429 0
    endloop
  endfacet
  facet normal -0.9994645874763656 0.032719082821777774 0
    outer loop
      vertex 11.99357676971581 -8.196209387690429 0.20000000000000004
      vertex 12 -8 0.20000000000000004
      vertex 12 -8 0
    endloop
  endfacet
  facet normal 0 0 -1
    outer loop
      vertex 11.974334584121431 -8.391578576660155 0.20000000000000004
      vertex 11.974334584121431 -7.608421423339845 0.20000000000000004
      vertex 11.99357676971581 -8.196209387690429 0.20000000000000004
    endloop
  endfacet
  facet normal 0 0 -1
    outer loop
      vertex 11.99357676971581 -8.196209387690429 0.20000000000000004
      vertex 11.99357676971581 -7.803790612309571 0.20000000000000004
      vertex 12 -8 0.20000000000000004
    endloop
  endfacet
  facet normal 0 0 -1
    outer loop
      vertex 11.77163859753386 -6.851949702904731 0.20000000000000004
      vertex 11.840790388485317 -7.035681604090515 0.20000000000000004
      vertex 11.840790388485317 -8.964318395909485 0.20000000000000004
    endloop
  endfacet
  facet normal 0 0 -1
    outer loop
      vertex 11.897777478867205 -8.776457135307563 0.20000000000000004
      vertex 11.840790388485317 -7.035681604090515 0.20000000000000004
      vertex 11.897777478867205 -7.223542864692438 0.20000000000000004
    endloop
  endfacet
  facet normal 0 0 -1
    outer loop
      vertex 11.942355841209691 -8.585270966048384 0.20000000000000004
      vertex 11.897777478867205 -7.223542864692438 0.20000000000000004
      vertex 11.942355841209691 -7.414729033951615 0.20000000000000004
    endloop
  endfacet
  facet normal -0.9866433320848791 -0.16289547339458835 0
    outer loop
      vertex 11.942355841209691 -7.414729033951615 0.20000000000000004
      vertex 11.942355841209691 -7.414729033951615 0
      vertex 11.974334584121431 -7.608421423339845 0.20000000000000004
    endloop
  endfacet
  facet normal -0.9569403357322088 -0.29028467725446266 0
    outer loop
      vertex 11.897777478867205 -7.223542864692438 0.20000000000000004
      vertex 11.840790388485317 -7.035681604090515 0
      vertex 11.897777478867205 -7.223542864692438 0
    endloop
  endfacet
  facet normal -0.9359059267573246 -0.3522500479212361 0
    outer loop
      vertex 11.840790388485317 -7.035681604090515 0.20000000000000004
      vertex 11.77163859753386 -6.851949702904731 0
      vertex 11.840790388485317 -7.035681604090515 0
    endloop
  endfacet
  facet normal -0.9738769792773339 -0.2270762630343721 0
    outer loop
      vertex 11.942355841209691 -7.414729033951615 0.20000000000000004
      vertex 11.897777478867205 -7.223542864692438 0
      vertex 11.942355841209691 -7.414729033951615 0
    endloop
  endfacet
  facet normal -0.9569403357322088 -0.29028467725446266 0
    outer loop
      vertex 11.840790388485317 -7.035681604090515 0.20000000000000004
      vertex 11.840790388485317 -7.035681604090515 0
      vertex 11.897777478867205 -7.223542864692438 0.20000000000000004
    endloop
  endfacet
  facet normal -0.9738769792773339 -0.2270762630343721 0
    outer loop
      vertex 11.942355841209691 -7.414729033951615 0.20000000000000004
      vertex 11.897777478867205 -7.223542864692438 0.20000000000000004
      vertex 11.897777478867205 -7.223542864692438 0
    endloop
  endfacet
  facet normal -0.9951847266721969 -0.09801714032955963 0
    outer loop
      vertex 11.99357676971581 -7.803790612309571 0.20000000000000004
      vertex 11.974334584121431 -7.608421423339845 0
      vertex 11.99357676971581 -7.803790612309571 0
    endloop
  endfacet
  facet normal -0.9994645874763656 -0.032719082821777774 0
    outer loop
      vertex 12 -8 0.20000000000000004
      vertex 11.99357676971581 -7.803790612309571 0
      vertex 12 -8 0
    endloop
  endfacet
  facet normal -0.9866433320848791 -0.16289547339458835 0
    outer loop
      vertex 11.974334584121431 -7.608421423339845 0.20000000000000004
      vertex 11.942355841209691 -7.414729033951615 0
      vertex 11.974334584121431 -7.608421423339845 0
    endloop
  endfacet
  facet normal -0.9994645874763656 -0.032719082821777774 0
    outer loop
      vertex 12 -8 0.20000000000000004
      vertex 11.99357676971581 -7.803790612309571 0.20000000000000004
      vertex 11.99357676971581 -7.803790612309571 0
    endloop
  endfacet
  facet normal 0 0 -1
    outer loop
      vertex 11.99357676971581 -8.196209387690429 0.20000000000000004
      vertex 11.974334584121431 -7.608421423339845 0.20000000000000004
      vertex 11.99357676971581 -7.803790612309571 0.20000000000000004
    endloop
  endfacet
  facet normal 0 0 -1
    outer loop
      vertex 11.974334584121431 -8.391578576660155 0.20000000000000004
      vertex 11.942355841209691 -7.414729033951615 0.20000000000000004
      vertex 11.974334584121431 -7.608421423339845 0.20000000000000004
    endloop
  endfacet
  facet normal -0.9951847266721969 -0.09801714032955963 0
    outer loop
      vertex 11.974334584121431 -7.608421423339845 0.20000000000000004
      vertex 11.974334584121431 -7.608421423339845 0
      vertex 11.99357676971581 -7.803790612309571 0.20000000000000004
    endloop
  endfacet
  facet normal 0 0 -1
    outer loop
      vertex 18 -16 0
      vertex 10.148050297095269 -10.77163859753386 0
      vertex 10.326866070657005 -10.690618224598065 0
    endloop
  endfacet
  facet normal 0 0 -1
    outer loop
      vertex 18 -16 0
      vertex 10.326866070657005 -10.690618224598065 0
      vertex 10.5 -10.598076211353316 0
    endloop
  endfacet
  facet normal 0 0 -1
    outer loop
      vertex 18 -16 0
      vertex 10.5 -10.598076211353316 0
      vertex 10.666710699058807 -10.494408836907635 0
    endloop
  endfacet
  facet normal 0 0 -1
    outer loop
      vertex 18 -16 0
      vertex 10.666710699058807 -10.494408836907635 0
      vertex 10.826284287026162 -10.380060020873707 0
    endloop
  endfacet
  facet normal 0 0 -1
    outer loop
      vertex 18 -16 0
      vertex 10.826284287026162 -10.380060020873707 0
      vertex 10.978037445300206 -10.255519422436933 0
    endloop
  endfacet
  facet normal 0 0 -1
    outer loop
      vertex 18 -16 0
      vertex 10.978037445300206 -10.255519422436933 0
      vertex 11.121320343559642 -10.121320343559642 0
    endloop
  endfacet
  facet normal 0 0 -1
    outer loop
      vertex 18 -16 0
      vertex 11.121320343559642 -10.121320343559642 0
      vertex 11.255519422436933 -9.978037445300206 0
    endloop
  endfacet
  facet normal -0.6664870074674347 0.4775978354355859 0.5724468328712693
    outer loop
      vertex 10.685875848118874 -9.293618036643531 0.7999999999999998
      vertex 12.459253902887518 -10.654378877957143 4
      vertex 10.76687292614291 -9.180586745166654 0.7999999999999998
    endloop
  endfacet
  facet normal -0.6962964005750034 0.43298492592923815 0.5724468328712691
    outer loop
      vertex 10.76687292614291 -9.180586745166654 0.7999999999999998
      vertex 12.625452059525069 -10.422449618975177 4
      vertex 10.840303983041933 -9.0625 0.7999999999999998
    endloop
  endfacet
  facet normal -0.7231241455979469 0.3865179084969972 0.5724468328712685
    outer loop
      vertex 10.840303983041933 -9.0625 0.7999999999999998
      vertex 12.776125473854206 -10.180147058823529 4
      vertex 10.905854575756962 -8.939863466715378 0.7999999999999998
    endloop
  endfacet
  facet normal -0.7468553620133926 0.33839576204127886 0.5724468328712691
    outer loop
      vertex 10.905854575756962 -8.939863466715378 0.7999999999999998
      vertex 12.91062893918297 -9.928508774263735 4
      vertex 10.963244006586484 -8.813202293775817 0.7999999999999998
    endloop
  endfacet
  facet normal -0.7673884291093784 0.2888245529810331 0.5724468328712693
    outer loop
      vertex 10.963244006586484 -8.813202293775817 0.7999999999999998
      vertex 13.028386491023479 -9.668612319062488 4
      vertex 11.0122265251771 -8.683058863769219 0.7999999999999998
    endloop
  endfacet
  facet normal -0.7846354211403066 0.2380165528437622 0.5724468328712687
    outer loop
      vertex 11.0122265251771 -8.683058863769219 0.7999999999999998
      vertex 13.128893873460276 -9.401570609740991 4
      vertex 11.05259238086427 -8.549990470842857 0.7999999999999998
    endloop
  endfacet
  facet normal -0.7985224838384876 0.18618932928625553 0.5724468328712691
    outer loop
      vertex 11.05259238086427 -8.549990470842857 0.7999999999999998
      vertex 13.2117206984516 -9.12852715989555 4
      vertex 11.084168720856866 -8.414566934284272 0.7999999999999998
    endloop
  endfacet
  facet normal -0.7468553620133933 -0.33839576204127675 0.5724468328712692
    outer loop
      vertex 10.905854575756962 -7.060136533284622 0.7999999999999998
      vertex 10.963244006586484 -7.186797706224184 0.7999999999999998
      vertex 13.028386491023479 -6.331387680937513 4
    endloop
  endfacet
  facet normal -0.7673884291093782 -0.288824552981035 0.5724468328712686
    outer loop
      vertex 10.963244006586484 -7.186797706224184 0.7999999999999998
      vertex 11.0122265251771 -7.316941136230781 0.7999999999999998
      vertex 13.128893873460276 -6.5984293902590085 4
    endloop
  endfacet
  facet normal -0.7846354211403068 -0.2380165528437607 0.5724468328712691
    outer loop
      vertex 11.05259238086427 -7.4500095291571435 0.7999999999999998
      vertex 13.2117206984516 -6.871472840104451 4
      vertex 11.0122265251771 -7.316941136230781 0.7999999999999998
    endloop
  endfacet
  facet normal -0.7985224838384871 -0.18618932928625787 0.5724468328712689
    outer loop
      vertex 11.05259238086427 -7.4500095291571435 0.7999999999999998
      vertex 11.084168720856866 -7.585433065715727 0.7999999999999998
      vertex 13.276512288817027 -7.149348816503206 4
    endloop
  endfacet
  facet normal -0.8089901506694734 0.1335648144364237 0.5724468328712687
    outer loop
      vertex 11.084168720856866 -8.414566934284272 0.7999999999999998
      vertex 13.276512288817027 -8.850651183496796 4
      vertex 11.106820330419346 -8.27736815846761 0.7999999999999998
    endloop
  endfacet
  facet normal -0.8159935974768601 0.08036835454596013 0.5724468328712692
    outer loop
      vertex 11.106820330419346 -8.27736815846761 0.7999999999999998
      vertex 13.322991197019629 -8.569132588135961 4
      vertex 11.120450211882032 -8.138981649614054 0.7999999999999998
    endloop
  endfacet
  facet normal -0.8195028344262374 0.026827745022941905 0.5724468328712693
    outer loop
      vertex 11.120450211882032 -8.138981649614054 0.7999999999999998
      vertex 13.350958393238912 -8.285176879657904 4
      vertex 11.125 -8 0.7999999999999998
    endloop
  endfacet
  facet normal -0.8195028344262377 -0.026827745022941916 0.5724468328712689
    outer loop
      vertex 11.125 -8 0.7999999999999998
      vertex 13.360294117647058 -8 4
      vertex 11.120450211882032 -7.861018350385946 0.7999999999999998
    endloop
  endfacet
  facet normal -0.8159935974768601 -0.08036835454596013 0.5724468328712693
    outer loop
      vertex 11.106820330419346 -7.72263184153239 0.7999999999999998
      vertex 11.120450211882032 -7.861018350385946 0.7999999999999998
      vertex 13.350958393238912 -7.714823120342096 4
    endloop
  endfacet
  facet normal -0.8089901506694732 -0.1335648144364228 0.5724468328712693
    outer loop
      vertex 11.106820330419346 -7.72263184153239 0.7999999999999998
      vertex 13.322991197019629 -7.43086741186404 4
      vertex 11.084168720856866 -7.585433065715727 0.7999999999999998
    endloop
  endfacet
  facet normal -0.5201655976884436 0.6338236146729448 0.5724468328712692
    outer loop
      vertex 10.401109857087647 -9.597659590892826 0.7999999999999998
      vertex 11.654378877957143 -11.459253902887518 4
      vertex 11.874941679076036 -11.278242689963482 4
    endloop
  endfacet
  facet normal -0.5605059309947263 0.5984460918540521 0.5724468328712691
    outer loop
      vertex 10.502601910021413 -9.502601910021413 0.7999999999999998
      vertex 11.874941679076036 -11.278242689963482 4
      vertex 12.08319353855605 -11.08319353855605 4
    endloop
  endfacet
  facet normal -0.5984460918540521 0.5605059309947263 0.5724468328712691
    outer loop
      vertex 10.597659590892826 -9.401109857087647 0.7999999999999998
      vertex 12.08319353855605 -11.08319353855605 4
      vertex 12.278242689963482 -10.874941679076036 4
    endloop
  endfacet
  facet normal -0.6338236146729456 0.5201655976884428 0.5724468328712687
    outer loop
      vertex 10.685875848118874 -9.293618036643531 0.7999999999999998
      vertex 12.278242689963482 -10.874941679076036 4
      vertex 12.459253902887518 -10.654378877957143 4
    endloop
  endfacet
  facet normal -0.6664870074674373 0.4775978354355826 0.5724468328712689
    outer loop
      vertex 10.76687292614291 -9.180586745166654 0.7999999999999998
      vertex 12.459253902887518 -10.654378877957143 4
      vertex 12.625452059525069 -10.422449618975177 4
    endloop
  endfacet
  facet normal -0.6962964005750064 0.4329849259292333 0.572446832871269
    outer loop
      vertex 10.840303983041933 -9.0625 0.7999999999999998
      vertex 12.625452059525069 -10.422449618975177 4
      vertex 12.776125473854206 -10.180147058823529 4
    endloop
  endfacet
  facet normal -0.7231241455979434 0.38651790849700307 0.572446832871269
    outer loop
      vertex 10.905854575756962 -8.939863466715378 0.7999999999999998
      vertex 12.776125473854206 -10.180147058823529 4
      vertex 12.91062893918297 -9.928508774263735 4
    endloop
  endfacet
  facet normal -0.7468553620133912 0.3383957620412815 0.5724468328712692
    outer loop
      vertex 10.963244006586484 -8.813202293775817 0.7999999999999998
      vertex 12.91062893918297 -9.928508774263735 4
      vertex 13.028386491023479 -9.668612319062488 4
    endloop
  endfacet
  facet normal -0.7673884291093823 0.28882455298102366 0.5724468328712689
    outer loop
      vertex 11.0122265251771 -8.683058863769219 0.7999999999999998
      vertex 13.028386491023479 -9.668612319062488 4
      vertex 13.128893873460276 -9.401570609740991 4
    endloop
  endfacet
  facet normal -0.7846354211403053 0.2380165528437664 0.5724468328712689
    outer loop
      vertex 11.05259238086427 -8.549990470842857 0.7999999999999998
      vertex 13.128893873460276 -9.401570609740991 4
      vertex 13.2117206984516 -9.12852715989555 4
    endloop
  endfacet
  facet normal -0.7985224838384882 0.1861893292862537 0.572446832871269
    outer loop
      vertex 11.084168720856866 -8.414566934284272 0.7999999999999998
      vertex 13.2117206984516 -9.12852715989555 4
      vertex 13.276512288817027 -8.850651183496796 4
    endloop
  endfacet
  facet normal -0.8089901506694717 0.13356481443643384 0.5724468328712691
    outer loop
      vertex 11.106820330419346 -8.27736815846761 0.7999999999999998
      vertex 13.276512288817027 -8.850651183496796 4
      vertex 13.322991197019629 -8.569132588135961 4
    endloop
  endfacet
  facet normal -0.8159935974768601 0.08036835454596043 0.5724468328712693
    outer loop
      vertex 11.120450211882032 -8.138981649614054 0.7999999999999998
      vertex 13.322991197019629 -8.569132588135961 4
      vertex 13.350958393238912 -8.285176879657904 4
    endloop
  endfacet
  facet normal -0.8195028344262381 0.026827745022932916 0.572446832871269
    outer loop
      vertex 11.125 -8 0.7999999999999998
      vertex 13.350958393238912 -8.285176879657904 4
      vertex 13.360294117647058 -8 4
    endloop
  endfacet
  facet normal -0.7985224838384882 -0.18618932928625254 0.572446832871269
    outer loop
      vertex 11.05259238086427 -7.4500095291571435 0.7999999999999998
      vertex 13.276512288817027 -7.149348816503206 4
      vertex 13.2117206984516 -6.871472840104451 4
    endloop
  endfacet
  facet normal -0.7846354211403053 -0.23801655284376574 0.572446832871269
    outer loop
      vertex 11.0122265251771 -7.316941136230781 0.7999999999999998
      vertex 13.2117206984516 -6.871472840104451 4
      vertex 13.128893873460276 -6.5984293902590085 4
    endloop
  endfacet
  facet normal -0.8195028344262377 -0.026827745022932906 0.5724468328712692
    outer loop
      vertex 11.120450211882032 -7.861018350385946 0.7999999999999998
      vertex 13.360294117647058 -8 4
      vertex 13.350958393238912 -7.714823120342096 4
    endloop
  endfacet
  facet normal -0.81599359747686 -0.08036835454596067 0.5724468328712692
    outer loop
      vertex 11.106820330419346 -7.72263184153239 0.7999999999999998
      vertex 13.350958393238912 -7.714823120342096 4
      vertex 13.322991197019629 -7.43086741186404 4
    endloop
  endfacet
  facet normal -0.8089901506694719 -0.1335648144364335 0.5724468328712689
    outer loop
      vertex 11.084168720856866 -7.585433065715727 0.7999999999999998
      vertex 13.322991197019629 -7.43086741186404 4
      vertex 13.276512288817027 -7.149348816503206 4
    endloop
  endfacet
  facet normal -0.7730104533627347 -0.6343932841636483 0
    outer loop
      vertex 11.380060020873707 -6.173715712973838 0.20000000000000004
      vertex 11.255519422436933 -6.021962554699794 0
      vertex 11.380060020873707 -6.173715712973838 0
    endloop
  endfacet
  facet normal -0.7730104533627347 -0.6343932841636483 0
    outer loop
      vertex 11.255519422436933 -6.021962554699794 0.20000000000000004
      vertex 11.255519422436933 -6.021962554699794 0
      vertex 11.380060020873707 -6.173715712973838 0.20000000000000004
    endloop
  endfacet
  facet normal -0.8128466845916209 -0.582477696867794 0
    outer loop
      vertex 11.494408836907635 -6.3332893009411935 0.20000000000000004
      vertex 11.380060020873707 -6.173715712973838 0
      vertex 11.494408836907635 -6.3332893009411935 0
    endloop
  endfacet
  facet normal -0.8492021815265762 -0.5280678506503723 0
    outer loop
      vertex 11.494408836907635 -6.3332893009411935 0.20000000000000004
      vertex 11.494408836907635 -6.3332893009411935 0
      vertex 11.598076211353316 -6.5 0.20000000000000004
    endloop
  endfacet
  facet normal -0.8128466845916209 -0.582477696867794 0
    outer loop
      vertex 11.494408836907635 -6.3332893009411935 0.20000000000000004
      vertex 11.380060020873707 -6.173715712973838 0.20000000000000004
      vertex 11.380060020873707 -6.173715712973838 0
    endloop
  endfacet
  facet normal -0.8492021815265762 -0.5280678506503723 0
    outer loop
      vertex 11.598076211353316 -6.5 0.20000000000000004
      vertex 11.494408836907635 -6.3332893009411935 0
      vertex 11.598076211353316 -6.5 0
    endloop
  endfacet
  facet normal -0.8819212643483548 -0.47139673682599825 0
    outer loop
      vertex 11.690618224598065 -6.673133929342996 0.20000000000000004
      vertex 11.598076211353316 -6.5 0
      vertex 11.690618224598065 -6.673133929342996 0
    endloop
  endfacet
  facet normal -0.8819212643483548 -0.47139673682599825 0
    outer loop
      vertex 11.598076211353316 -6.5 0.20000000000000004
      vertex 11.598076211353316 -6.5 0
      vertex 11.690618224598065 -6.673133929342996 0.20000000000000004
    endloop
  endfacet
  facet normal -0.9108638249211772 -0.4127070298043918 0
    outer loop
      vertex 11.77163859753386 -6.851949702904731 0.20000000000000004
      vertex 11.690618224598065 -6.673133929342996 0
      vertex 11.77163859753386 -6.851949702904731 0
    endloop
  endfacet
  facet normal -0.9108638249211772 -0.4127070298043918 0
    outer loop
      vertex 11.690618224598065 -6.673133929342996 0.20000000000000004
      vertex 11.690618224598065 -6.673133929342996 0
      vertex 11.77163859753386 -6.851949702904731 0.20000000000000004
    endloop
  endfacet
  facet normal 0 0 -1
    outer loop
      vertex 18 0 0
      vertex 8.035681604090515 -5.159209611514683 0
      vertex 7.851949702904731 -5.22836140246614 0
    endloop
  endfacet
  facet normal 0 0 -1
    outer loop
      vertex 18 0 0
      vertex 8.223542864692437 -5.102222521132795 0
      vertex 8.035681604090515 -5.159209611514683 0
    endloop
  endfacet
  facet normal 0 0 -1
    outer loop
      vertex 18 0 0
      vertex 8.414729033951616 -5.057644158790309 0
      vertex 8.223542864692437 -5.102222521132795 0
    endloop
  endfacet
  facet normal 0 0 -1
    outer loop
      vertex 18 0 0
      vertex 8.608421423339845 -5.025665415878569 0
      vertex 8.414729033951616 -5.057644158790309 0
    endloop
  endfacet
  facet normal 0 0 -1
    outer loop
      vertex 18 0 0
      vertex 8.803790612309571 -5.00642323028419 0
      vertex 8.608421423339845 -5.025665415878569 0
    endloop
  endfacet
  facet normal 0 0 -1
    outer loop
      vertex 18 0 0
      vertex 9 -5 0
      vertex 8.803790612309571 -5.00642323028419 0
    endloop
  endfacet
  facet normal 0 0 -1
    outer loop
      vertex 18 0 0
      vertex 9.196209387690429 -5.00642323028419 0
      vertex 9 -5 0
    endloop
  endfacet
  facet normal 0 0 -1
    outer loop
      vertex 18 0 0
      vertex 9.391578576660155 -5.025665415878569 0
      vertex 9.196209387690429 -5.00642323028419 0
    endloop
  endfacet
  facet normal 0 0 -1
    outer loop
      vertex 18 0 0
      vertex 9.585270966048384 -5.057644158790309 0
      vertex 9.391578576660155 -5.025665415878569 0
    endloop
  endfacet
  facet normal 0 0 -1
    outer loop
      vertex 18 0 0
      vertex 9.964318395909485 -5.159209611514683 0
      vertex 9.776457135307563 -5.102222521132795 0
    endloop
  endfacet
  facet normal 0 0 -1
    outer loop
      vertex 18 0 0
      vertex 9.776457135307563 -5.102222521132795 0
      vertex 9.585270966048384 -5.057644158790309 0
    endloop
  endfacet
  facet normal 0 0 -1
    outer loop
      vertex 18 0 0
      vertex 10.148050297095269 -5.22836140246614 0
      vertex 9.964318395909485 -5.159209611514683 0
    endloop
  endfacet
  facet normal 0 0 -1
    outer loop
      vertex 18 0 0
      vertex 10.326866070657005 -5.309381775401935 0
      vertex 10.148050297095269 -5.22836140246614 0
    endloop
  endfacet
  facet normal 0 0 -1
    outer loop
      vertex 18 0 0
      vertex 10.5 -5.401923788646684 0
      vertex 10.326866070657005 -5.309381775401935 0
    endloop
  endfacet
  facet normal 0 0 -1
    outer loop
      vertex 18 0 0
      vertex 10.666710699058807 -5.505591163092364 0
      vertex 10.5 -5.401923788646684 0
    endloop
  endfacet
  facet normal 0 0 -1
    outer loop
      vertex 18 0 0
      vertex 10.826284287026162 -5.619939979126294 0
      vertex 10.666710699058807 -5.505591163092364 0
    endloop
  endfacet
  facet normal 0 0 -1
    outer loop
      vertex 18 0 0
      vertex 10.978037445300206 -5.744480577563068 0
      vertex 10.826284287026162 -5.619939979126294 0
    endloop
  endfacet
  facet normal 0 0 -1
    outer loop
      vertex 18 0 0
      vertex 11.121320343559642 -5.878679656440357 0
      vertex 10.978037445300206 -5.744480577563068 0
    endloop
  endfacet
  facet normal 0 0 -1
    outer loop
      vertex 18 0 0
      vertex 11.255519422436933 -6.021962554699794 0
      vertex 11.121320343559642 -5.878679656440357 0
    endloop
  endfacet
  facet normal -0.6664870074674332 -0.47759783543558854 0.5724468328712687
    outer loop
      vertex 10.685875848118874 -6.706381963356469 0.7999999999999998
      vertex 10.76687292614291 -6.8194132548333455 0.7999999999999998
      vertex 12.625452059525069 -5.577550381024824 4
    endloop
  endfacet
  facet normal -0.6962964005750049 -0.4329849259292359 0.5724468328712687
    outer loop
      vertex 10.76687292614291 -6.8194132548333455 0.7999999999999998
      vertex 10.840303983041933 -6.9375 0.7999999999999998
      vertex 12.776125473854206 -5.819852941176471 4
    endloop
  endfacet
  facet normal -0.7231241455979467 -0.3865179084969971 0.572446832871269
    outer loop
      vertex 10.840303983041933 -6.9375 0.7999999999999998
      vertex 10.905854575756962 -7.060136533284622 0.7999999999999998
      vertex 12.91062893918297 -6.071491225736266 4
    endloop
  endfacet
  facet normal -0.5201655976884443 -0.6338236146729445 0.5724468328712689
    outer loop
      vertex 10.293618036643531 -6.314124151881125 0.7999999999999998
      vertex 11.874941679076036 -4.721757310036518 4
      vertex 11.654378877957143 -4.540746097112482 4
    endloop
  endfacet
  facet normal -0.5605059309947238 -0.5984460918540545 0.572446832871269
    outer loop
      vertex 10.401109857087647 -6.402340409107174 0.7999999999999998
      vertex 12.08319353855605 -4.91680646144395 4
      vertex 11.874941679076036 -4.721757310036518 4
    endloop
  endfacet
  facet normal -0.5984460918540531 -0.5605059309947249 0.5724468328712693
    outer loop
      vertex 10.502601910021413 -6.497398089978587 0.7999999999999998
      vertex 12.278242689963482 -5.125058320923964 4
      vertex 12.08319353855605 -4.91680646144395 4
    endloop
  endfacet
  facet normal -0.6338236146729448 -0.5201655976884436 0.5724468328712692
    outer loop
      vertex 10.597659590892826 -6.598890142912354 0.7999999999999998
      vertex 12.459253902887518 -5.345621122042857 4
      vertex 12.278242689963482 -5.125058320923964 4
    endloop
  endfacet
  facet normal -0.6664870074674377 -0.47759783543558154 0.5724468328712693
    outer loop
      vertex 10.685875848118874 -6.706381963356469 0.7999999999999998
      vertex 12.625452059525069 -5.577550381024824 4
      vertex 12.459253902887518 -5.345621122042857 4
    endloop
  endfacet
  facet normal -0.6962964005750057 -0.43298492592923443 0.5724468328712689
    outer loop
      vertex 10.76687292614291 -6.8194132548333455 0.7999999999999998
      vertex 12.776125473854206 -5.819852941176471 4
      vertex 12.625452059525069 -5.577550381024824 4
    endloop
  endfacet
  facet normal -0.7231241455979441 -0.38651790849700224 0.5724468328712689
    outer loop
      vertex 10.840303983041933 -6.9375 0.7999999999999998
      vertex 12.91062893918297 -6.071491225736266 4
      vertex 12.776125473854206 -5.819852941176471 4
    endloop
  endfacet
  facet normal -0.7468553620133913 -0.3383957620412816 0.5724468328712689
    outer loop
      vertex 10.905854575756962 -7.060136533284622 0.7999999999999998
      vertex 13.028386491023479 -6.331387680937513 4
      vertex 12.91062893918297 -6.071491225736266 4
    endloop
  endfacet
  facet normal -0.7673884291093818 -0.28882455298102455 0.5724468328712693
    outer loop
      vertex 10.963244006586484 -7.186797706224184 0.7999999999999998
      vertex 13.128893873460276 -6.5984293902590085 4
      vertex 13.028386491023479 -6.331387680937513 4
    endloop
  endfacet
  facet normal 0 0 1
    outer loop
      vertex 0 -16 4
      vertex 18 -16 4
      vertex 10.401570609740991 -12.128893873460276 4
    endloop
  endfacet
  facet normal 0 0 1
    outer loop
      vertex 18 -16 4
      vertex 10.668612319062488 -12.028386491023479 4
      vertex 10.401570609740991 -12.128893873460276 4
    endloop
  endfacet
  facet normal 0 0 1
    outer loop
      vertex 18 -16 4
      vertex 10.928508774263735 -11.91062893918297 4
      vertex 10.668612319062488 -12.028386491023479 4
    endloop
  endfacet
  facet normal 0 0 1
    outer loop
      vertex 18 -16 4
      vertex 11.180147058823529 -11.776125473854206 4
      vertex 10.928508774263735 -11.91062893918297 4
    endloop
  endfacet
  facet normal 0 0 1
    outer loop
      vertex 18 -3 4
      vertex 8.714823120342096 -3.64904160676109 4
      vertex 9 -3.639705882352941 4
    endloop
  endfacet
  facet normal 0 -0.0327190828217777 0.9994645874763656
    outer loop
      vertex 0 -2.803790612309571 4.00642323028419
      vertex 18 -3 4
      vertex 18 -2.803790612309571 4.00642323028419
    endloop
  endfacet
  facet normal 0 -0.09801714032956008 0.9951847266721969
    outer loop
      vertex 0 -2.6084214233398453 4.025665415878569
      vertex 18 -2.803790612309571 4.00642323028419
      vertex 18 -2.6084214233398453 4.025665415878569
    endloop
  endfacet
  facet normal 0 -0.162895473394588 0.9866433320848791
    outer loop
      vertex 0 -2.414729033951615 4.057644158790309
      vertex 18 -2.6084214233398453 4.025665415878569
      vertex 18 -2.414729033951615 4.057644158790309
    endloop
  endfacet
  facet normal 0 0 1
    outer loop
      vertex 18 -3 4
      vertex 9 -3.639705882352941 4
      vertex 9.285176879657904 -3.64904160676109 4
    endloop
  endfacet
  facet normal 0 0 1
    outer loop
      vertex 18 -3 4
      vertex 9.285176879657904 -3.64904160676109 4
      vertex 9.569132588135961 -3.6770088029803714 4
    endloop
  endfacet
  facet normal 0 -0.2270762630343721 0.9738769792773339
    outer loop
      vertex 0 -2.223542864692438 4.102222521132795
      vertex 18 -2.414729033951615 4.057644158790309
      vertex 18 -2.223542864692438 4.102222521132795
    endloop
  endfacet
  facet normal 0 -0.29028467725446333 0.9569403357322086
    outer loop
      vertex 0 -2.0356816040905152 4.159209611514683
      vertex 18 -2.223542864692438 4.102222521132795
      vertex 18 -2.0356816040905152 4.159209611514683
    endloop
  endfacet
  facet normal 0 -0.3522500479212346 0.9359059267573253
    outer loop
      vertex 0 -1.8519497029047307 4.22836140246614
      vertex 18 -2.0356816040905152 4.159209611514683
      vertex 18 -1.8519497029047307 4.22836140246614
    endloop
  endfacet
  facet normal 0 -0.41270702980439217 0.9108638249211771
    outer loop
      vertex 0 -1.673133929342996 4.309381775401935
      vertex 18 -1.8519497029047307 4.22836140246614
      vertex 18 -1.673133929342996 4.309381775401935
    endloop
  endfacet
  facet normal 0 -0.4713967368259987 0.8819212643483545
    outer loop
      vertex 0 -1.5 4.401923788646684
      vertex 18 -1.673133929342996 4.309381775401935
      vertex 18 -1.5 4.401923788646684
    endloop
  endfacet
  facet normal 0 -0.528067850650369 0.8492021815265782
    outer loop
      vertex 0 -1.3332893009411935 4.505591163092364
      vertex 18 -1.5 4.401923788646684
      vertex 18 -1.3332893009411935 4.505591163092364
    endloop
  endfacet
  facet normal 0 -0.5824776968678006 0.8128466845916165
    outer loop
      vertex 0 -1.173715712973838 4.619939979126294
      vertex 18 -1.3332893009411935 4.505591163092364
      vertex 18 -1.173715712973838 4.619939979126294
    endloop
  endfacet
  facet normal 0 -0.6343932841636466 0.7730104533627361
    outer loop
      vertex 0 -1.0219625546997935 4.744480577563068
      vertex 18 -1.173715712973838 4.619939979126294
      vertex 18 -1.0219625546997935 4.744480577563068
    endloop
  endfacet
  facet normal 0 -0.6835923020228697 0.7298640726978372
    outer loop
      vertex 0 -0.8786796564403572 4.878679656440357
      vertex 18 -1.0219625546997935 4.744480577563068
      vertex 18 -0.8786796564403572 4.878679656440357
    endloop
  endfacet
  facet normal 0 0 1
    outer loop
      vertex 18 -3 4
      vertex 9.569132588135961 -3.6770088029803714 4
      vertex 9.850651183496796 -3.7234877111829734 4
    endloop
  endfacet
  facet normal 0 0 1
    outer loop
      vertex 18 -3 4
      vertex 9.850651183496796 -3.7234877111829734 4
      vertex 10.12852715989555 -3.7882793015484006 4
    endloop
  endfacet
  facet normal 0 0 1
    outer loop
      vertex 18 -3 4
      vertex 10.12852715989555 -3.7882793015484006 4
      vertex 10.401570609740991 -3.8711061265397233 4
    endloop
  endfacet
  facet normal 0 0 1
    outer loop
      vertex 18 -3 4
      vertex 10.401570609740991 -3.8711061265397233 4
      vertex 10.668612319062488 -3.9716135089765223 4
    endloop
  endfacet
  facet normal 0 0 1
    outer loop
      vertex 18 -3 4
      vertex 10.668612319062488 -3.9716135089765223 4
      vertex 10.928508774263735 -4.089371060817029 4
    endloop
  endfacet
  facet normal 0 0 1
    outer loop
      vertex 18 -3 4
      vertex 10.928508774263735 -4.089371060817029 4
      vertex 11.180147058823529 -4.223874526145793 4
    endloop
  endfacet
  facet normal 0 -0.7298640726978383 0.6835923020228685
    outer loop
      vertex 0 -0.7444805775630678 5.021962554699794
      vertex 18 -0.8786796564403572 4.878679656440357
      vertex 18 -0.7444805775630678 5.021962554699794
    endloop
  endfacet
  facet normal 0 -0.7730104533627347 0.6343932841636483
    outer loop
      vertex 0 -0.6199399791262943 5.173715712973838
      vertex 18 -0.7444805775630678 5.021962554699794
      vertex 18 -0.6199399791262943 5.173715712973838
    endloop
  endfacet
  facet normal 0 -0.8128466845916167 0.5824776968678
    outer loop
      vertex 0 -0.5055911630923644 5.3332893009411935
      vertex 18 -0.6199399791262943 5.173715712973838
      vertex 18 -0.5055911630923644 5.3332893009411935
    endloop
  endfacet
  facet normal 0 -0.8492021815265782 0.528067850650369
    outer loop
      vertex 0 -0.401923788646684 5.5
      vertex 18 -0.5055911630923644 5.3332893009411935
      vertex 18 -0.401923788646684 5.5
    endloop
  endfacet
  facet normal 0 -0.8819212643483557 0.4713967368259964
    outer loop
      vertex 0 -0.30938177540193523 5.673133929342996
      vertex 18 -0.401923788646684 5.5
      vertex 18 -0.30938177540193523 5.673133929342996
    endloop
  endfacet
  facet normal 0 -0.9108638249211763 0.4127070298043936
    outer loop
      vertex 0 -0.22836140246614 5.851949702904731
      vertex 18 -0.30938177540193523 5.673133929342996
      vertex 18 -0.22836140246614 5.851949702904731
    endloop
  endfacet
  facet normal 0 -0.9359059267573248 0.35225004792123615
    outer loop
      vertex 0 -0.15920961151468305 6.035681604090515
      vertex 18 -0.22836140246614 5.851949702904731
      vertex 18 -0.15920961151468305 6.035681604090515
    endloop
  endfacet
  facet normal 0 -0.9569403357322088 0.2902846772544627
    outer loop
      vertex 0 -0.10222252113279495 6.223542864692438
      vertex 18 -0.15920961151468305 6.035681604090515
      vertex 18 -0.10222252113279495 6.223542864692438
    endloop
  endfacet
  facet normal 0 -0.9738769792773339 0.2270762630343721
    outer loop
      vertex 0 -0.05764415879030871 6.414729033951615
      vertex 18 -0.10222252113279495 6.223542864692438
      vertex 18 -0.05764415879030871 6.414729033951615
    endloop
  endfacet
  facet normal 0 0.41270702980439994 0.9108638249211736
    outer loop
      vertex 0 5.740779881161892 3.091344560986456
      vertex 18 5.669253571737198 3.1237527101607743
      vertex 18 5.740779881161892 3.091344560986456
    endloop
  endfacet
  facet normal 0 0.47139673682599464 0.8819212643483567
    outer loop
      vertex 0 5.669253571737198 3.1237527101607743
      vertex 18 5.6 3.1607695154586737
      vertex 18 5.669253571737198 3.1237527101607743
    endloop
  endfacet
  facet normal 0 0.5280678506503729 0.8492021815265759
    outer loop
      vertex 0 5.6 3.1607695154586737
      vertex 18 5.533315720376478 3.202236465236946
      vertex 18 5.6 3.1607695154586737
    endloop
  endfacet
  facet normal 0 0.5824776968677948 0.8128466845916203
    outer loop
      vertex 0 5.533315720376478 3.202236465236946
      vertex 18 5.469486285189535 3.2479759916505175
      vertex 18 5.533315720376478 3.202236465236946
    endloop
  endfacet
  facet normal 0 0.22707626303437525 0.9738769792773332
    outer loop
      vertex 0 5.965891613580646 3.0230576635161235
      vertex 18 5.889417145876975 3.040889008453118
      vertex 18 5.965891613580646 3.0230576635161235
    endloop
  endfacet
  facet normal 0 0.1628954733945909 0.9866433320848785
    outer loop
      vertex 0 6.043368569335938 3.0102661663514274
      vertex 18 5.965891613580646 3.0230576635161235
      vertex 18 6.043368569335938 3.0102661663514274
    endloop
  endfacet
  facet normal 0 0.09801714032955919 0.995184726672197
    outer loop
      vertex 0 6.1215162449238285 3.0025692921136757
      vertex 18 6.043368569335938 3.0102661663514274
      vertex 18 6.1215162449238285 3.0025692921136757
    endloop
  endfacet
  facet normal 0 0.03271908282177544 0.9994645874763658
    outer loop
      vertex 0 6.2 3
      vertex 18 6.1215162449238285 3.0025692921136757
      vertex 18 6.2 3
    endloop
  endfacet
  facet normal 0 0.29028467725446333 0.9569403357322086
    outer loop
      vertex 0 5.889417145876975 3.040889008453118
      vertex 18 5.814272641636206 3.0636838446058734
      vertex 18 5.889417145876975 3.040889008453118
    endloop
  endfacet
  facet normal 0 0.35225004792122766 0.9359059267573279
    outer loop
      vertex 0 5.814272641636206 3.0636838446058734
      vertex 18 5.740779881161892 3.091344560986456
      vertex 18 5.814272641636206 3.0636838446058734
    endloop
  endfacet
  facet normal 0 0 -1
    outer loop
      vertex 0 0 0
      vertex 18 41.2 0
      vertex 18 0 0
    endloop
  endfacet
  facet normal 0 0.6835923020228715 0.7298640726978356
    outer loop
      vertex 0 5.408785021879917 3.2977922310252272
      vertex 18 5.351471862576143 3.351471862576143
      vertex 18 5.408785021879917 3.2977922310252272
    endloop
  endfacet
  facet normal 0 0.6343932841636503 0.773010453362733
    outer loop
      vertex 0 5.469486285189535 3.2479759916505175
      vertex 18 5.408785021879917 3.2977922310252272
      vertex 18 5.469486285189535 3.2479759916505175
    endloop
  endfacet
  facet normal 0 0.7298640726978327 0.6835923020228744
    outer loop
      vertex 0 5.351471862576143 3.351471862576143
      vertex 18 5.297792231025227 3.4087850218799174
      vertex 18 5.351471862576143 3.351471862576143
    endloop
  endfacet
  facet normal 0 0.7730104533627358 0.6343932841636469
    outer loop
      vertex 0 5.297792231025227 3.4087850218799174
      vertex 18 5.2479759916505175 3.469486285189535
      vertex 18 5.297792231025227 3.4087850218799174
    endloop
  endfacet
  facet normal 0 0.8819212643483577 0.47139673682599254
    outer loop
      vertex 0 5.160769515458673 3.6
      vertex 18 5.123752710160774 3.6692535717371983
      vertex 18 5.160769515458673 3.6
    endloop
  endfacet
  facet normal 0 0.8128466845916203 0.5824776968677948
    outer loop
      vertex 0 5.2479759916505175 3.469486285189535
      vertex 18 5.202236465236946 3.5333157203764776
      vertex 18 5.2479759916505175 3.469486285189535
    endloop
  endfacet
  facet normal 0 0.8492021815265749 0.5280678506503744
    outer loop
      vertex 0 5.202236465236946 3.5333157203764776
      vertex 18 5.160769515458673 3.6
      vertex 18 5.202236465236946 3.5333157203764776
    endloop
  endfacet
  facet normal 0 0.9108638249211745 0.4127070298043978
    outer loop
      vertex 0 5.123752710160774 3.6692535717371983
      vertex 18 5.091344560986456 3.740779881161892
      vertex 18 5.123752710160774 3.6692535717371983
    endloop
  endfacet
  facet normal 0 0.9359059267573272 0.35225004792122955
    outer loop
      vertex 0 5.091344560986456 3.740779881161892
      vertex 18 5.063683844605873 3.8142726416362063
      vertex 18 5.091344560986456 3.740779881161892
    endloop
  endfacet
  facet normal 0 0.9569403357322086 0.29028467725446333
    outer loop
      vertex 0 5.063683844605873 3.8142726416362063
      vertex 18 5.040889008453118 3.8894171458769753
      vertex 18 5.063683844605873 3.8142726416362063
    endloop
  endfacet
  facet normal 0 0.9738769792773332 0.22707626303437525
    outer loop
      vertex 0 5.040889008453118 3.8894171458769753
      vertex 18 5.0230576635161235 3.965891613580646
      vertex 18 5.040889008453118 3.8894171458769753
    endloop
  endfacet
  facet normal 0 0.9866433320848785 0.1628954733945909
    outer loop
      vertex 0 5.0230576635161235 3.965891613580646
      vertex 18 5.010266166351427 4.043368569335938
      vertex 18 5.0230576635161235 3.965891613580646
    endloop
  endfacet
  facet normal 0 0.995184726672197 0.09801714032955919
    outer loop
      vertex 0 5.010266166351427 4.043368569335938
      vertex 18 5.002569292113676 4.1215162449238285
      vertex 18 5.010266166351427 4.043368569335938
    endloop
  endfacet
  facet normal 0 0.9994645874763658 0.03271908282177544
    outer loop
      vertex 0 5.002569292113676 4.1215162449238285
      vertex 18 5 4.2
      vertex 18 5.002569292113676 4.1215162449238285
    endloop
  endfacet
  facet normal 0 0 -1
    outer loop
      vertex 18 -16 0
      vertex 11.255519422436933 -9.978037445300206 0
      vertex 11.380060020873707 -9.826284287026162 0
    endloop
  endfacet
  facet normal 0 0 -1
    outer loop
      vertex 18 -16 0
      vertex 11.380060020873707 -9.826284287026162 0
      vertex 11.494408836907635 -9.666710699058807 0
    endloop
  endfacet
  facet normal 0 0 -1
    outer loop
      vertex 18 -16 0
      vertex 11.494408836907635 -9.666710699058807 0
      vertex 11.598076211353316 -9.5 0
    endloop
  endfacet
  facet normal 0 0 -1
    outer loop
      vertex 18 -16 0
      vertex 11.598076211353316 -9.5 0
      vertex 11.690618224598065 -9.326866070657005 0
    endloop
  endfacet
  facet normal 0 0 -1
    outer loop
      vertex 18 -16 0
      vertex 11.690618224598065 -9.326866070657005 0
      vertex 11.77163859753386 -9.148050297095269 0
    endloop
  endfacet
  facet normal 0 0 -1
    outer loop
      vertex 18 -16 0
      vertex 11.77163859753386 -9.148050297095269 0
      vertex 11.840790388485317 -8.964318395909485 0
    endloop
  endfacet
  facet normal 0 0 -1
    outer loop
      vertex 18 -16 0
      vertex 11.840790388485317 -8.964318395909485 0
      vertex 11.897777478867205 -8.776457135307563 0
    endloop
  endfacet
  facet normal 0 0 -1
    outer loop
      vertex 18 -16 0
      vertex 11.897777478867205 -8.776457135307563 0
      vertex 11.942355841209691 -8.585270966048384 0
    endloop
  endfacet
  facet normal 0 0 -1
    outer loop
      vertex 18 -16 0
      vertex 11.942355841209691 -8.585270966048384 0
      vertex 11.974334584121431 -8.391578576660155 0
    endloop
  endfacet
  facet normal 0 0 -1
    outer loop
      vertex 18 -16 0
      vertex 11.974334584121431 -8.391578576660155 0
      vertex 11.99357676971581 -8.196209387690429 0
    endloop
  endfacet
  facet normal 0 0 -1
    outer loop
      vertex 18 -16 0
      vertex 11.99357676971581 -7.803790612309571 0
      vertex 11.974334584121431 -7.608421423339845 0
    endloop
  endfacet
  facet normal 0 0 -1
    outer loop
      vertex 18 -16 0
      vertex 11.974334584121431 -7.608421423339845 0
      vertex 11.942355841209691 -7.414729033951615 0
    endloop
  endfacet
  facet normal 0 0 -1
    outer loop
      vertex 18 -16 0
      vertex 11.99357676971581 -8.196209387690429 0
      vertex 12 -8 0
    endloop
  endfacet
  facet normal 0 0 -1
    outer loop
      vertex 18 -16 0
      vertex 12 -8 0
      vertex 11.99357676971581 -7.803790612309571 0
    endloop
  endfacet
  facet normal 0 0 -1
    outer loop
      vertex 18 -16 0
      vertex 11.897777478867205 -7.223542864692438 0
      vertex 11.840790388485317 -7.035681604090515 0
    endloop
  endfacet
  facet normal 0 0 -1
    outer loop
      vertex 18 -16 0
      vertex 11.942355841209691 -7.414729033951615 0
      vertex 11.897777478867205 -7.223542864692438 0
    endloop
  endfacet
  facet normal 0 0 -1
    outer loop
      vertex 18 0 0
      vertex 11.840790388485317 -7.035681604090515 0
      vertex 11.77163859753386 -6.851949702904731 0
    endloop
  endfacet
  facet normal 0 0 -1
    outer loop
      vertex 18 0 0
      vertex 11.380060020873707 -6.173715712973838 0
      vertex 11.255519422436933 -6.021962554699794 0
    endloop
  endfacet
  facet normal 0 0 -1
    outer loop
      vertex 18 0 0
      vertex 11.494408836907635 -6.3332893009411935 0
      vertex 11.380060020873707 -6.173715712973838 0
    endloop
  endfacet
  facet normal 0 0 -1
    outer loop
      vertex 18 0 0
      vertex 11.598076211353316 -6.5 0
      vertex 11.494408836907635 -6.3332893009411935 0
    endloop
  endfacet
  facet normal 0 0 -1
    outer loop
      vertex 18 0 0
      vertex 11.690618224598065 -6.673133929342996 0
      vertex 11.598076211353316 -6.5 0
    endloop
  endfacet
  facet normal 0 0 -1
    outer loop
      vertex 18 0 0
      vertex 11.77163859753386 -6.851949702904731 0
      vertex 11.690618224598065 -6.673133929342996 0
    endloop
  endfacet
  facet normal 0 0 -1
    outer loop
      vertex 18 -16 0
      vertex 11.840790388485317 -7.035681604090515 0
      vertex 18 0 0
    endloop
  endfacet
  facet normal 1 0 0
    outer loop
      vertex 18 -16 0
      vertex 18 0 0
      vertex 18 -16 4
    endloop
  endfacet
  facet normal 1 0 0
    outer loop
      vertex 18 0 0
      vertex 18 -3 4
      vertex 18 -16 4
    endloop
  endfacet
  facet normal 1 0 0
    outer loop
      vertex 18 0 0
      vertex 18 0 4
      vertex 18 -3 4
    endloop
  endfacet
  facet normal 0 0 1
    outer loop
      vertex 18 -16 4
      vertex 11.422449618975177 -11.625452059525069 4
      vertex 11.180147058823529 -11.776125473854206 4
    endloop
  endfacet
  facet normal 0 0 1
    outer loop
      vertex 18 -16 4
      vertex 11.654378877957143 -11.459253902887518 4
      vertex 11.422449618975177 -11.625452059525069 4
    endloop
  endfacet
  facet normal 0 0 1
    outer loop
      vertex 18 -16 4
      vertex 11.874941679076036 -11.278242689963482 4
      vertex 11.654378877957143 -11.459253902887518 4
    endloop
  endfacet
  facet normal 0 0 1
    outer loop
      vertex 18 -16 4
      vertex 12.08319353855605 -11.08319353855605 4
      vertex 11.874941679076036 -11.278242689963482 4
    endloop
  endfacet
  facet normal 0 0 1
    outer loop
      vertex 18 -16 4
      vertex 12.278242689963482 -10.874941679076036 4
      vertex 12.08319353855605 -11.08319353855605 4
    endloop
  endfacet
  facet normal 0 0 1
    outer loop
      vertex 18 -16 4
      vertex 12.459253902887518 -10.654378877957143 4
      vertex 12.278242689963482 -10.874941679076036 4
    endloop
  endfacet
  facet normal 0 0 1
    outer loop
      vertex 18 -16 4
      vertex 12.625452059525069 -10.422449618975177 4
      vertex 12.459253902887518 -10.654378877957143 4
    endloop
  endfacet
  facet normal 0 0 1
    outer loop
      vertex 18 -16 4
      vertex 12.776125473854206 -10.180147058823529 4
      vertex 12.625452059525069 -10.422449618975177 4
    endloop
  endfacet
  facet normal 0 0 1
    outer loop
      vertex 18 -16 4
      vertex 12.91062893918297 -9.928508774263735 4
      vertex 12.776125473854206 -10.180147058823529 4
    endloop
  endfacet
  facet normal 0 0 1
    outer loop
      vertex 18 -16 4
      vertex 13.028386491023479 -9.668612319062488 4
      vertex 12.91062893918297 -9.928508774263735 4
    endloop
  endfacet
  facet normal 0 0 1
    outer loop
      vertex 18 -16 4
      vertex 13.128893873460276 -9.401570609740991 4
      vertex 13.028386491023479 -9.668612319062488 4
    endloop
  endfacet
  facet normal 0 0 1
    outer loop
      vertex 18 -16 4
      vertex 13.2117206984516 -9.12852715989555 4
      vertex 13.128893873460276 -9.401570609740991 4
    endloop
  endfacet
  facet normal 0 0 1
    outer loop
      vertex 18 -16 4
      vertex 13.276512288817027 -8.850651183496796 4
      vertex 13.2117206984516 -9.12852715989555 4
    endloop
  endfacet
  facet normal 0 0 1
    outer loop
      vertex 18 -16 4
      vertex 13.322991197019629 -8.569132588135961 4
      vertex 13.276512288817027 -8.850651183496796 4
    endloop
  endfacet
  facet normal 0 0 1
    outer loop
      vertex 18 -16 4
      vertex 13.350958393238912 -8.285176879657904 4
      vertex 13.322991197019629 -8.569132588135961 4
    endloop
  endfacet
  facet normal 0 0 1
    outer loop
      vertex 18 -16 4
      vertex 13.360294117647058 -8 4
      vertex 13.350958393238912 -8.285176879657904 4
    endloop
  endfacet
  facet normal 0 0 1
    outer loop
      vertex 18 -16 4
      vertex 13.350958393238912 -7.714823120342096 4
      vertex 13.360294117647058 -8 4
    endloop
  endfacet
  facet normal 0 0 1
    outer loop
      vertex 18 -16 4
      vertex 13.322991197019629 -7.43086741186404 4
      vertex 13.350958393238912 -7.714823120342096 4
    endloop
  endfacet
  facet normal 0 0 1
    outer loop
      vertex 18 -3 4
      vertex 11.180147058823529 -4.223874526145793 4
      vertex 11.422449618975177 -4.3745479404749315 4
    endloop
  endfacet
  facet normal 0 0 1
    outer loop
      vertex 18 -3 4
      vertex 11.422449618975177 -4.3745479404749315 4
      vertex 11.654378877957143 -4.540746097112482 4
    endloop
  endfacet
  facet normal 0 0 1
    outer loop
      vertex 18 -3 4
      vertex 11.654378877957143 -4.540746097112482 4
      vertex 11.874941679076036 -4.721757310036518 4
    endloop
  endfacet
  facet normal 0 0 1
    outer loop
      vertex 18 -3 4
      vertex 11.874941679076036 -4.721757310036518 4
      vertex 12.08319353855605 -4.91680646144395 4
    endloop
  endfacet
  facet normal 0 0 1
    outer loop
      vertex 18 -3 4
      vertex 12.459253902887518 -5.345621122042857 4
      vertex 12.625452059525069 -5.577550381024824 4
    endloop
  endfacet
  facet normal 0 0 1
    outer loop
      vertex 18 -3 4
      vertex 12.625452059525069 -5.577550381024824 4
      vertex 12.776125473854206 -5.819852941176471 4
    endloop
  endfacet
  facet normal 0 0 1
    outer loop
      vertex 18 -3 4
      vertex 12.776125473854206 -5.819852941176471 4
      vertex 12.91062893918297 -6.071491225736266 4
    endloop
  endfacet
  facet normal 0 0 1
    outer loop
      vertex 18 -3 4
      vertex 12.08319353855605 -4.91680646144395 4
      vertex 12.278242689963482 -5.125058320923964 4
    endloop
  endfacet
  facet normal 0 0 1
    outer loop
      vertex 18 -3 4
      vertex 12.278242689963482 -5.125058320923964 4
      vertex 12.459253902887518 -5.345621122042857 4
    endloop
  endfacet
  facet normal 0 0 1
    outer loop
      vertex 18 -3 4
      vertex 13.276512288817027 -7.149348816503206 4
      vertex 13.322991197019629 -7.43086741186404 4
    endloop
  endfacet
  facet normal 0 0 1
    outer loop
      vertex 18 -3 4
      vertex 13.028386491023479 -6.331387680937513 4
      vertex 13.128893873460276 -6.5984293902590085 4
    endloop
  endfacet
  facet normal 0 0 1
    outer loop
      vertex 18 -3 4
      vertex 12.91062893918297 -6.071491225736266 4
      vertex 13.028386491023479 -6.331387680937513 4
    endloop
  endfacet
  facet normal 0 0 1
    outer loop
      vertex 18 -3 4
      vertex 13.128893873460276 -6.5984293902590085 4
      vertex 13.2117206984516 -6.871472840104451 4
    endloop
  endfacet
  facet normal 0 0 1
    outer loop
      vertex 18 -3 4
      vertex 13.2117206984516 -6.871472840104451 4
      vertex 13.276512288817027 -7.149348816503206 4
    endloop
  endfacet
  facet normal 0 0 1
    outer loop
      vertex 18 -16 4
      vertex 18 -3 4
      vertex 13.322991197019629 -7.43086741186404 4
    endloop
  endfacet
  facet normal 1 0 0
    outer loop
      vertex 18 -3 4
      vertex 18 0 4
      vertex 18 -2.803790612309571 4.00642323028419
    endloop
  endfacet
  facet normal 1 0 0
    outer loop
      vertex 18 -2.803790612309571 4.00642323028419
      vertex 18 0 4
      vertex 18 -2.6084214233398453 4.025665415878569
    endloop
  endfacet
  facet normal 1 0 0
    outer loop
      vertex 18 -2.6084214233398453 4.025665415878569
      vertex 18 0 4
      vertex 18 -2.414729033951615 4.057644158790309
    endloop
  endfacet
  facet normal 1 0 0
    outer loop
      vertex 18 -2.414729033951615 4.057644158790309
      vertex 18 0 4
      vertex 18 -2.223542864692438 4.102222521132795
    endloop
  endfacet
  facet normal 1 0 0
    outer loop
      vertex 18 0 4
      vertex 18 -2.0356816040905152 4.159209611514683
      vertex 18 -2.223542864692438 4.102222521132795
    endloop
  endfacet
  facet normal 1 0 0
    outer loop
      vertex 18 0 4
      vertex 18 -1.8519497029047307 4.22836140246614
      vertex 18 -2.0356816040905152 4.159209611514683
    endloop
  endfacet
  facet normal 1 0 0
    outer loop
      vertex 18 0 4
      vertex 18 -1.673133929342996 4.309381775401935
      vertex 18 -1.8519497029047307 4.22836140246614
    endloop
  endfacet
  facet normal 1 0 0
    outer loop
      vertex 18 0 4
      vertex 18 -1.5 4.401923788646684
      vertex 18 -1.673133929342996 4.309381775401935
    endloop
  endfacet
  facet normal 1 0 0
    outer loop
      vertex 18 0 4
      vertex 18 -1.3332893009411935 4.505591163092364
      vertex 18 -1.5 4.401923788646684
    endloop
  endfacet
  facet normal 1 0 0
    outer loop
      vertex 18 0 4
      vertex 18 -1.173715712973838 4.619939979126294
      vertex 18 -1.3332893009411935 4.505591163092364
    endloop
  endfacet
  facet normal 1 0 0
    outer loop
      vertex 18 0 4
      vertex 18 -1.0219625546997935 4.744480577563068
      vertex 18 -1.173715712973838 4.619939979126294
    endloop
  endfacet
  facet normal 1 0 0
    outer loop
      vertex 18 0 4
      vertex 18 -0.8786796564403572 4.878679656440357
      vertex 18 -1.0219625546997935 4.744480577563068
    endloop
  endfacet
  facet normal 1 0 0
    outer loop
      vertex 18 0 4
      vertex 18 -0.7444805775630678 5.021962554699794
      vertex 18 -0.8786796564403572 4.878679656440357
    endloop
  endfacet
  facet normal 1 0 0
    outer loop
      vertex 18 0 4
      vertex 18 -0.6199399791262943 5.173715712973838
      vertex 18 -0.7444805775630678 5.021962554699794
    endloop
  endfacet
  facet normal 1 0 0
    outer loop
      vertex 18 0 4
      vertex 18 -0.5055911630923644 5.3332893009411935
      vertex 18 -0.6199399791262943 5.173715712973838
    endloop
  endfacet
  facet normal 1 0 0
    outer loop
      vertex 18 0 4
      vertex 18 -0.401923788646684 5.5
      vertex 18 -0.5055911630923644 5.3332893009411935
    endloop
  endfacet
  facet normal 1 0 0
    outer loop
      vertex 18 0 4
      vertex 18 -0.30938177540193523 5.673133929342996
      vertex 18 -0.401923788646684 5.5
    endloop
  endfacet
  facet normal 1 0 0
    outer loop
      vertex 18 0 4
      vertex 18 -0.22836140246614 5.851949702904731
      vertex 18 -0.30938177540193523 5.673133929342996
    endloop
  endfacet
  facet normal 1 0 0
    outer loop
      vertex 18 0 4
      vertex 18 -0.15920961151468305 6.035681604090515
      vertex 18 -0.22836140246614 5.851949702904731
    endloop
  endfacet
  facet normal 1 0 0
    outer loop
      vertex 18 0 4
      vertex 18 -0.10222252113279495 6.223542864692438
      vertex 18 -0.15920961151468305 6.035681604090515
    endloop
  endfacet
  facet normal 1 0 0
    outer loop
      vertex 18 0 4
      vertex 18 -0.05764415879030871 6.414729033951615
      vertex 18 -0.10222252113279495 6.223542864692438
    endloop
  endfacet
  facet normal 1 0 0
    outer loop
      vertex 18 0 4
      vertex 18 -0.025665415878568965 6.608421423339845
      vertex 18 -0.05764415879030871 6.414729033951615
    endloop
  endfacet
  facet normal 1 0 0
    outer loop
      vertex 18 0 0
      vertex 18 5 13
      vertex 18 0 4
    endloop
  endfacet
  facet normal 1 0 0
    outer loop
      vertex 18 0 4
      vertex 18 -0.006423230284189785 6.803790612309571
      vertex 18 -0.025665415878568965 6.608421423339845
    endloop
  endfacet
  facet normal 1 0 0
    outer loop
      vertex 18 0 4
      vertex 18 0 7
      vertex 18 -0.006423230284189785 6.803790612309571
    endloop
  endfacet
  facet normal 1 0 0
    outer loop
      vertex 18 0 0
      vertex 18 6.043368569335938 3.0102661663514274
      vertex 18 5.965891613580646 3.0230576635161235
    endloop
  endfacet
  facet normal 1 0 0
    outer loop
      vertex 18 0 0
      vertex 18 5.965891613580646 3.0230576635161235
      vertex 18 5.889417145876975 3.040889008453118
    endloop
  endfacet
  facet normal 1 0 0
    outer loop
      vertex 18 0 0
      vertex 18 6.1215162449238285 3.0025692921136757
      vertex 18 6.043368569335938 3.0102661663514274
    endloop
  endfacet
  facet normal 1 0 0
    outer loop
      vertex 18 0 0
      vertex 18 6.2 3
      vertex 18 6.1215162449238285 3.0025692921136757
    endloop
  endfacet
  facet normal 1 0 0
    outer loop
      vertex 18 0 0
      vertex 18 5.160769515458673 3.6
      vertex 18 5.123752710160774 3.6692535717371983
    endloop
  endfacet
  facet normal 1 0 0
    outer loop
      vertex 18 0 0
      vertex 18 5.6 3.1607695154586737
      vertex 18 5.533315720376478 3.202236465236946
    endloop
  endfacet
  facet normal 1 0 0
    outer loop
      vertex 18 0 0
      vertex 18 5.814272641636206 3.0636838446058734
      vertex 18 5.740779881161892 3.091344560986456
    endloop
  endfacet
  facet normal 1 0 0
    outer loop
      vertex 18 0 0
      vertex 18 5.740779881161892 3.091344560986456
      vertex 18 5.669253571737198 3.1237527101607743
    endloop
  endfacet
  facet normal 1 0 0
    outer loop
      vertex 18 0 0
      vertex 18 5.889417145876975 3.040889008453118
      vertex 18 5.814272641636206 3.0636838446058734
    endloop
  endfacet
  facet normal 1 0 0
    outer loop
      vertex 18 0 0
      vertex 18 5.669253571737198 3.1237527101607743
      vertex 18 5.6 3.1607695154586737
    endloop
  endfacet
  facet normal 1 0 0
    outer loop
      vertex 18 0 0
      vertex 18 5.533315720376478 3.202236465236946
      vertex 18 5.469486285189535 3.2479759916505175
    endloop
  endfacet
  facet normal 1 0 0
    outer loop
      vertex 18 0 0
      vertex 18 5.469486285189535 3.2479759916505175
      vertex 18 5.408785021879917 3.2977922310252272
    endloop
  endfacet
  facet normal 1 0 0
    outer loop
      vertex 18 0 0
      vertex 18 5.408785021879917 3.2977922310252272
      vertex 18 5.351471862576143 3.351471862576143
    endloop
  endfacet
  facet normal 1 0 0
    outer loop
      vertex 18 0 0
      vertex 18 5.351471862576143 3.351471862576143
      vertex 18 5.297792231025227 3.4087850218799174
    endloop
  endfacet
  facet normal 1 0 0
    outer loop
      vertex 18 0 0
      vertex 18 5.297792231025227 3.4087850218799174
      vertex 18 5.2479759916505175 3.469486285189535
    endloop
  endfacet
  facet normal 1 0 0
    outer loop
      vertex 18 0 0
      vertex 18 5.2479759916505175 3.469486285189535
      vertex 18 5.202236465236946 3.5333157203764776
    endloop
  endfacet
  facet normal 1 0 0
    outer loop
      vertex 18 0 0
      vertex 18 5.202236465236946 3.5333157203764776
      vertex 18 5.160769515458673 3.6
    endloop
  endfacet
  facet normal 1 0 0
    outer loop
      vertex 18 0 0
      vertex 18 5.123752710160774 3.6692535717371983
      vertex 18 5.091344560986456 3.740779881161892
    endloop
  endfacet
  facet normal 1 0 0
    outer loop
      vertex 18 0 0
      vertex 18 5.091344560986456 3.740779881161892
      vertex 18 5.063683844605873 3.8142726416362063
    endloop
  endfacet
  facet normal 1 0 0
    outer loop
      vertex 18 0 0
      vertex 18 5.063683844605873 3.8142726416362063
      vertex 18 5.040889008453118 3.8894171458769753
    endloop
  endfacet
  facet normal 1 0 0
    outer loop
      vertex 18 0 0
      vertex 18 5.040889008453118 3.8894171458769753
      vertex 18 5.0230576635161235 3.965891613580646
    endloop
  endfacet
  facet normal 1 0 0
    outer loop
      vertex 18 0 0
      vertex 18 5.0230576635161235 3.965891613580646
      vertex 18 5.010266166351427 4.043368569335938
    endloop
  endfacet
  facet normal 1 0 0
    outer loop
      vertex 18 0 0
      vertex 18 5.010266166351427 4.043368569335938
      vertex 18 5.002569292113676 4.1215162449238285
    endloop
  endfacet
  facet normal 1 0 0
    outer loop
      vertex 18 0 0
      vertex 18 5.002569292113676 4.1215162449238285
      vertex 18 5 4.2
    endloop
  endfacet
  facet normal 1 0 0
    outer loop
      vertex 18 0 0
      vertex 18 41.2 0
      vertex 18 6.2 3
    endloop
  endfacet
  facet normal 1 0 0
    outer loop
      vertex 18 0 0
      vertex 18 5 4.2
      vertex 18 5 13
    endloop
  endfacet
  facet normal 0 -0.986643332084879 0.16289547339458835
    outer loop
      vertex 0 -0.025665415878568965 6.608421423339845
      vertex 18 -0.05764415879030871 6.414729033951615
      vertex 18 -0.025665415878568965 6.608421423339845
    endloop
  endfacet
  facet normal 0 -0.9951847266721969 0.09801714032955963
    outer loop
      vertex 0 -0.006423230284189785 6.803790612309571
      vertex 18 -0.025665415878568965 6.608421423339845
      vertex 18 -0.006423230284189785 6.803790612309571
    endloop
  endfacet
  facet normal 0 -0.9994645874763657 0.032719082821777774
    outer loop
      vertex 0 0 7
      vertex 18 -0.006423230284189785 6.803790612309571
      vertex 18 0 7
    endloop
  endfacet
  facet normal 0 -1 0
    outer loop
      vertex 0 0 13
      vertex 18 0 7
      vertex 18 0 13
    endloop
  endfacet
  facet normal 0 1 0
    outer loop
      vertex 0 5 4.2
      vertex 18 5 13
      vertex 18 5 4.2
    endloop
  endfacet
  facet normal 0 0 1
    outer loop
      vertex 0 5 13
      vertex 18 0 13
      vertex 18 5 13
    endloop
  endfacet
  facet normal 1 0 0
    outer loop
      vertex 18 0 4
      vertex 18 5 13
      vertex 18 0 7
    endloop
  endfacet
  facet normal 1 0 0
    outer loop
      vertex 18 0 7
      vertex 18 5 13
      vertex 18 0 13
    endloop
  endfacet
  facet normal 0 0 1
    outer loop
      vertex 0 35 3
      vertex 18 6.2 3
      vertex 18 35 3
    endloop
  endfacet
  facet normal 0 -0.032719082821775804 0.9994645874763656
    outer loop
      vertex 0 35.07848375507617 3.0025692921136757
      vertex 18 35 3
      vertex 18 35.07848375507617 3.0025692921136757
    endloop
  endfacet
  facet normal 0 -0.09801714032955698 0.9951847266721973
    outer loop
      vertex 0 35.15663143066406 3.0102661663514274
      vertex 18 35.07848375507617 3.0025692921136757
      vertex 18 35.15663143066406 3.0102661663514274
    endloop
  endfacet
  facet normal 0 -0.1628954733946 0.9866433320848772
    outer loop
      vertex 0 35.23410838641935 3.0230576635161235
      vertex 18 35.15663143066406 3.0102661663514274
      vertex 18 35.23410838641935 3.0230576635161235
    endloop
  endfacet
  facet normal 0 -0.22707626303436027 0.9738769792773367
    outer loop
      vertex 0 35.31058285412303 3.040889008453118
      vertex 18 35.23410838641935 3.0230576635161235
      vertex 18 35.31058285412303 3.040889008453118
    endloop
  endfacet
  facet normal 0 -0.2902846772544665 0.9569403357322077
    outer loop
      vertex 0 35.385727358363795 3.0636838446058734
      vertex 18 35.31058285412303 3.040889008453118
      vertex 18 35.385727358363795 3.0636838446058734
    endloop
  endfacet
  facet normal 0 -0.3522500479212501 0.9359059267573195
    outer loop
      vertex 0 35.459220118838104 3.091344560986456
      vertex 18 35.385727358363795 3.0636838446058734
      vertex 18 35.459220118838104 3.091344560986456
    endloop
  endfacet
  facet normal 0 -0.4127070298043787 0.9108638249211831
    outer loop
      vertex 0 35.5307464282628 3.1237527101607743
      vertex 18 35.459220118838104 3.091344560986456
      vertex 18 35.5307464282628 3.1237527101607743
    endloop
  endfacet
  facet normal 0 -0.4713967368259899 0.8819212643483592
    outer loop
      vertex 0 35.6 3.1607695154586737
      vertex 18 35.5307464282628 3.1237527101607743
      vertex 18 35.6 3.1607695154586737
    endloop
  endfacet
  facet normal 0 -0.5280678506503678 0.849202181526579
    outer loop
      vertex 0 35.666684279623524 3.202236465236946
      vertex 18 35.6 3.1607695154586737
      vertex 18 35.666684279623524 3.202236465236946
    endloop
  endfacet
  facet normal 0 -0.5824776968678163 0.812846684591605
    outer loop
      vertex 0 35.73051371481046 3.2479759916505175
      vertex 18 35.666684279623524 3.202236465236946
      vertex 18 35.73051371481046 3.2479759916505175
    endloop
  endfacet
  facet normal 0 -0.6343932841636503 0.773010453362733
    outer loop
      vertex 0 35.79121497812008 3.2977922310252272
      vertex 18 35.73051371481046 3.2479759916505175
      vertex 18 35.79121497812008 3.2977922310252272
    endloop
  endfacet
  facet normal 0 -0.6835923020228715 0.7298640726978356
    outer loop
      vertex 0 35.848528137423855 3.351471862576143
      vertex 18 35.79121497812008 3.2977922310252272
      vertex 18 35.848528137423855 3.351471862576143
    endloop
  endfacet
  facet normal 0 -0.7298640726978045 0.6835923020229046
    outer loop
      vertex 0 35.902207768974776 3.4087850218799174
      vertex 18 35.848528137423855 3.351471862576143
      vertex 18 35.902207768974776 3.4087850218799174
    endloop
  endfacet
  facet normal 0 -0.7730104533627524 0.6343932841636266
    outer loop
      vertex 0 35.95202400834948 3.469486285189535
      vertex 18 35.902207768974776 3.4087850218799174
      vertex 18 35.95202400834948 3.469486285189535
    endloop
  endfacet
  facet normal 0 -0.8128466845916311 0.58247769686778
    outer loop
      vertex 0 35.99776353476305 3.5333157203764776
      vertex 18 35.95202400834948 3.469486285189535
      vertex 18 35.99776353476305 3.5333157203764776
    endloop
  endfacet
  facet normal 0 -0.8492021815265597 0.5280678506503989
    outer loop
      vertex 0 36.03923048454133 3.6
      vertex 18 35.99776353476305 3.5333157203764776
      vertex 18 36.03923048454133 3.6
    endloop
  endfacet
  facet normal 0 -0.881921264348339 0.4713967368260278
    outer loop
      vertex 0 36.07624728983923 3.6692535717371983
      vertex 18 36.03923048454133 3.6
      vertex 18 36.07624728983923 3.6692535717371983
    endloop
  endfacet
  facet normal 0 -0.9108638249211872 0.41270702980436963
    outer loop
      vertex 0 36.108655439013546 3.740779881161892
      vertex 18 36.07624728983923 3.6692535717371983
      vertex 18 36.108655439013546 3.740779881161892
    endloop
  endfacet
  facet normal 0 -0.9359059267573345 0.3522500479212097
    outer loop
      vertex 0 36.13631615539413 3.8142726416362063
      vertex 18 36.108655439013546 3.740779881161892
      vertex 18 36.13631615539413 3.8142726416362063
    endloop
  endfacet
  facet normal 0 -0.9569403357322086 0.29028467725446333
    outer loop
      vertex 0 36.15911099154688 3.8894171458769753
      vertex 18 36.13631615539413 3.8142726416362063
      vertex 18 36.15911099154688 3.8894171458769753
    endloop
  endfacet
  facet normal 0 -0.9738769792773356 0.2270762630343645
    outer loop
      vertex 0 36.176942336483876 3.965891613580646
      vertex 18 36.15911099154688 3.8894171458769753
      vertex 18 36.176942336483876 3.965891613580646
    endloop
  endfacet
  facet normal 0 -0.9866433320848731 0.16289547339462393
    outer loop
      vertex 0 36.189733833648575 4.043368569335938
      vertex 18 36.176942336483876 3.965891613580646
      vertex 18 36.189733833648575 4.043368569335938
    endloop
  endfacet
  facet normal 0 -0.995184726672197 0.09801714032955919
    outer loop
      vertex 0 36.197430707886326 4.1215162449238285
      vertex 18 36.189733833648575 4.043368569335938
      vertex 18 36.197430707886326 4.1215162449238285
    endloop
  endfacet
  facet normal 0 -0.9994645874763652 0.03271908282178674
    outer loop
      vertex 0 36.2 4.2
      vertex 18 36.197430707886326 4.1215162449238285
      vertex 18 36.2 4.2
    endloop
  endfacet
  facet normal 0 0 -1
    outer loop
      vertex 0 41.2 0
      vertex 10.148050297095269 46.428361402466145 0
      vertex 18 41.2 0
    endloop
  endfacet
  facet normal -0.03271908282178681 0.9994645874763652 0
    outer loop
      vertex 9 46.2 0.20000000000000004
      vertex 9.196209387690429 46.206423230284194 0
      vertex 9 46.2 0
    endloop
  endfacet
  facet normal -0.03271908282178681 0.9994645874763652 0
    outer loop
      vertex 9 46.2 0.20000000000000004
      vertex 9.196209387690429 46.206423230284194 0.20000000000000004
      vertex 9.196209387690429 46.206423230284194 0
    endloop
  endfacet
  facet normal 0 0 -1
    outer loop
      vertex 9 46.2 0.20000000000000004
      vertex 9 47.075 0.20000000000000004
      vertex 9.138981649614054 47.07954978811797 0.20000000000000004
    endloop
  endfacet
  facet normal 0 0 -1
    outer loop
      vertex 9 46.2 0.20000000000000004
      vertex 9.138981649614054 47.07954978811797 0.20000000000000004
      vertex 9.196209387690429 46.206423230284194 0.20000000000000004
    endloop
  endfacet
  facet normal -0.09801714032955963 0.9951847266721969 0
    outer loop
      vertex 9.196209387690429 46.206423230284194 0.20000000000000004
      vertex 9.391578576660155 46.225665415878574 0
      vertex 9.196209387690429 46.206423230284194 0
    endloop
  endfacet
  facet normal 0 0 -1
    outer loop
      vertex 9.138981649614054 47.07954978811797 0.20000000000000004
      vertex 9.391578576660155 46.225665415878574 0.20000000000000004
      vertex 9.196209387690429 46.206423230284194 0.20000000000000004
    endloop
  endfacet
  facet normal 0 0 -1
    outer loop
      vertex 9.138981649614054 47.07954978811797 0.20000000000000004
      vertex 9.27736815846761 47.09317966958066 0.20000000000000004
      vertex 9.391578576660155 46.225665415878574 0.20000000000000004
    endloop
  endfacet
  facet normal -0.03271908282179303 0.9994645874763651 0
    outer loop
      vertex 9 47.075 0.20000000000000004
      vertex 9.138981649614054 47.07954978811797 0.7999999999999998
      vertex 9.138981649614054 47.07954978811797 0.20000000000000004
    endloop
  endfacet
  facet normal -0.09801714032955176 0.9951847266721977 0
    outer loop
      vertex 9.138981649614054 47.07954978811797 0.20000000000000004
      vertex 9.27736815846761 47.09317966958066 0.7999999999999998
      vertex 9.27736815846761 47.09317966958066 0.20000000000000004
    endloop
  endfacet
  facet normal -0.09801714032955963 0.9951847266721969 0
    outer loop
      vertex 9.196209387690429 46.206423230284194 0.20000000000000004
      vertex 9.391578576660155 46.225665415878574 0.20000000000000004
      vertex 9.391578576660155 46.225665415878574 0
    endloop
  endfacet
  facet normal 0 0 -1
    outer loop
      vertex 9.27736815846761 47.09317966958066 0.20000000000000004
      vertex 9.585270966048384 46.25764415879031 0.20000000000000004
      vertex 9.391578576660155 46.225665415878574 0.20000000000000004
    endloop
  endfacet
  facet normal -0.1628954733945891 0.986643332084879 0
    outer loop
      vertex 9.391578576660155 46.225665415878574 0.20000000000000004
      vertex 9.585270966048384 46.25764415879031 0
      vertex 9.391578576660155 46.225665415878574 0
    endloop
  endfacet
  facet normal -0.1628954733945891 0.986643332084879 0
    outer loop
      vertex 9.391578576660155 46.225665415878574 0.20000000000000004
      vertex 9.585270966048384 46.25764415879031 0.20000000000000004
      vertex 9.585270966048384 46.25764415879031 0
    endloop
  endfacet
  facet normal 0 0 -1
    outer loop
      vertex 9.27736815846761 47.09317966958066 0.20000000000000004
      vertex 9.414566934284272 47.11583127914314 0.20000000000000004
      vertex 9.585270966048384 46.25764415879031 0.20000000000000004
    endloop
  endfacet
  facet normal 0 0 -1
    outer loop
      vertex 9.414566934284272 47.11583127914314 0.20000000000000004
      vertex 9.549990470842857 47.147407619135734 0.20000000000000004
      vertex 9.585270966048384 46.25764415879031 0.20000000000000004
    endloop
  endfacet
  facet normal -0.1628954733945744 0.9866433320848814 0
    outer loop
      vertex 9.27736815846761 47.09317966958066 0.20000000000000004
      vertex 9.414566934284272 47.11583127914314 0.7999999999999998
      vertex 9.414566934284272 47.11583127914314 0.20000000000000004
    endloop
  endfacet
  facet normal -0.22707626303438752 0.9738769792773304 0
    outer loop
      vertex 9.414566934284272 47.11583127914314 0.20000000000000004
      vertex 9.549990470842857 47.147407619135734 0.7999999999999998
      vertex 9.549990470842857 47.147407619135734 0.20000000000000004
    endloop
  endfacet
  facet normal -0.03271908282179303 0.9994645874763651 0
    outer loop
      vertex 9 47.075 0.20000000000000004
      vertex 9 47.075 0.7999999999999998
      vertex 9.138981649614054 47.07954978811797 0.7999999999999998
    endloop
  endfacet
  facet normal -0.09801714032955176 0.9951847266721977 0
    outer loop
      vertex 9.138981649614054 47.07954978811797 0.20000000000000004
      vertex 9.138981649614054 47.07954978811797 0.7999999999999998
      vertex 9.27736815846761 47.09317966958066 0.7999999999999998
    endloop
  endfacet
  facet normal -0.1628954733945744 0.9866433320848814 0
    outer loop
      vertex 9.27736815846761 47.09317966958066 0.20000000000000004
      vertex 9.27736815846761 47.09317966958066 0.7999999999999998
      vertex 9.414566934284272 47.11583127914314 0.7999999999999998
    endloop
  endfacet
  facet normal -0.22707626303438752 0.9738769792773304 0
    outer loop
      vertex 9.414566934284272 47.11583127914314 0.20000000000000004
      vertex 9.414566934284272 47.11583127914314 0.7999999999999998
      vertex 9.549990470842857 47.147407619135734 0.7999999999999998
    endloop
  endfacet
  facet normal -0.22707626303436151 0.9738769792773363 0
    outer loop
      vertex 9.585270966048384 46.25764415879031 0.20000000000000004
      vertex 9.776457135307563 46.3022225211328 0
      vertex 9.585270966048384 46.25764415879031 0
    endloop
  endfacet
  facet normal 0 0 -1
    outer loop
      vertex 9.549990470842857 47.147407619135734 0.20000000000000004
      vertex 9.776457135307563 46.3022225211328 0.20000000000000004
      vertex 9.585270966048384 46.25764415879031 0.20000000000000004
    endloop
  endfacet
  facet normal 0 0 -1
    outer loop
      vertex 9.549990470842857 47.147407619135734 0.20000000000000004
      vertex 9.683058863769219 47.187773474822905 0.20000000000000004
      vertex 9.776457135307563 46.3022225211328 0.20000000000000004
    endloop
  endfacet
  facet normal -0.2902846772544639 0.9569403357322083 0
    outer loop
      vertex 9.776457135307563 46.3022225211328 0.20000000000000004
      vertex 9.964318395909485 46.359209611514686 0
      vertex 9.776457135307563 46.3022225211328 0
    endloop
  endfacet
  facet normal -0.22707626303436151 0.9738769792773363 0
    outer loop
      vertex 9.585270966048384 46.25764415879031 0.20000000000000004
      vertex 9.776457135307563 46.3022225211328 0.20000000000000004
      vertex 9.776457135307563 46.3022225211328 0
    endloop
  endfacet
  facet normal 0 0 -1
    outer loop
      vertex 9.683058863769219 47.187773474822905 0.20000000000000004
      vertex 9.964318395909485 46.359209611514686 0.20000000000000004
      vertex 9.776457135307563 46.3022225211328 0.20000000000000004
    endloop
  endfacet
  facet normal 0 0 -1
    outer loop
      vertex 9.683058863769219 47.187773474822905 0.20000000000000004
      vertex 9.813202293775817 47.23675599341352 0.20000000000000004
      vertex 9.964318395909485 46.359209611514686 0.20000000000000004
    endloop
  endfacet
  facet normal -0.2902846772544621 0.9569403357322089 0
    outer loop
      vertex 9.549990470842857 47.147407619135734 0.20000000000000004
      vertex 9.683058863769219 47.187773474822905 0.7999999999999998
      vertex 9.683058863769219 47.187773474822905 0.20000000000000004
    endloop
  endfacet
  facet normal -0.35225004792121734 0.9359059267573319 0
    outer loop
      vertex 9.683058863769219 47.187773474822905 0.20000000000000004
      vertex 9.813202293775817 47.23675599341352 0.7999999999999998
      vertex 9.813202293775817 47.23675599341352 0.20000000000000004
    endloop
  endfacet
  facet normal -0.2902846772544639 0.9569403357322083 0
    outer loop
      vertex 9.776457135307563 46.3022225211328 0.20000000000000004
      vertex 9.964318395909485 46.359209611514686 0.20000000000000004
      vertex 9.964318395909485 46.359209611514686 0
    endloop
  endfacet
  facet normal -0.3522500479212441 0.9359059267573219 0
    outer loop
      vertex 9.964318395909485 46.359209611514686 0.20000000000000004
      vertex 10.148050297095269 46.428361402466145 0
      vertex 9.964318395909485 46.359209611514686 0
    endloop
  endfacet
  facet normal 0 0 -1
    outer loop
      vertex 9.964318395909485 46.359209611514686 0.20000000000000004
      vertex 9.939863466715378 47.29414542424304 0.20000000000000004
      vertex 10.148050297095269 46.428361402466145 0.20000000000000004
    endloop
  endfacet
  facet normal -0.3522500479212441 0.9359059267573219 0
    outer loop
      vertex 9.964318395909485 46.359209611514686 0.20000000000000004
      vertex 10.148050297095269 46.428361402466145 0.20000000000000004
      vertex 10.148050297095269 46.428361402466145 0
    endloop
  endfacet
  facet normal 0 0 -1
    outer loop
      vertex 9.813202293775817 47.23675599341352 0.20000000000000004
      vertex 9.939863466715378 47.29414542424304 0.20000000000000004
      vertex 9.964318395909485 46.359209611514686 0.20000000000000004
    endloop
  endfacet
  facet normal 0 0 -1
    outer loop
      vertex 9.939863466715378 47.29414542424304 0.20000000000000004
      vertex 10.0625 47.35969601695807 0.20000000000000004
      vertex 10.148050297095269 46.428361402466145 0.20000000000000004
    endloop
  endfacet
  facet normal -0.41270702980440765 0.91086382492117 0
    outer loop
      vertex 9.813202293775817 47.23675599341352 0.20000000000000004
      vertex 9.939863466715378 47.29414542424304 0.7999999999999998
      vertex 9.939863466715378 47.29414542424304 0.20000000000000004
    endloop
  endfacet
  facet normal -0.47139673682598104 0.8819212643483639 0
    outer loop
      vertex 9.939863466715378 47.29414542424304 0.20000000000000004
      vertex 10.0625 47.35969601695807 0.7999999999999998
      vertex 10.0625 47.35969601695807 0.20000000000000004
    endloop
  endfacet
  facet normal -0.2902846772544621 0.9569403357322089 0
    outer loop
      vertex 9.549990470842857 47.147407619135734 0.20000000000000004
      vertex 9.549990470842857 47.147407619135734 0.7999999999999998
      vertex 9.683058863769219 47.187773474822905 0.7999999999999998
    endloop
  endfacet
  facet normal -0.35225004792121734 0.9359059267573319 0
    outer loop
      vertex 9.683058863769219 47.187773474822905 0.20000000000000004
      vertex 9.683058863769219 47.187773474822905 0.7999999999999998
      vertex 9.813202293775817 47.23675599341352 0.7999999999999998
    endloop
  endfacet
  facet normal -0.41270702980440765 0.91086382492117 0
    outer loop
      vertex 9.813202293775817 47.23675599341352 0.20000000000000004
      vertex 9.813202293775817 47.23675599341352 0.7999999999999998
      vertex 9.939863466715378 47.29414542424304 0.7999999999999998
    endloop
  endfacet
  facet normal -0.47139673682598104 0.8819212643483639 0
    outer loop
      vertex 9.939863466715378 47.29414542424304 0.20000000000000004
      vertex 9.939863466715378 47.29414542424304 0.7999999999999998
      vertex 10.0625 47.35969601695807 0.7999999999999998
    endloop
  endfacet
  facet normal -0.5280678506503809 0.8492021815265709 0
    outer loop
      vertex 10.0625 47.35969601695807 0.20000000000000004
      vertex 10.0625 47.35969601695807 0.7999999999999998
      vertex 10.180586745166654 47.433127073857094 0.7999999999999998
    endloop
  endfacet
  facet normal -0.4127070298043976 0.9108638249211746 0
    outer loop
      vertex 10.148050297095269 46.428361402466145 0.20000000000000004
      vertex 10.326866070657005 46.50938177540194 0
      vertex 10.148050297095269 46.428361402466145 0
    endloop
  endfacet
  facet normal 0 0 -1
    outer loop
      vertex 10.0625 47.35969601695807 0.20000000000000004
      vertex 10.326866070657005 46.50938177540194 0.20000000000000004
      vertex 10.148050297095269 46.428361402466145 0.20000000000000004
    endloop
  endfacet
  facet normal -0.471396736825986 0.8819212643483612 0
    outer loop
      vertex 10.326866070657005 46.50938177540194 0.20000000000000004
      vertex 10.5 46.60192378864669 0
      vertex 10.326866070657005 46.50938177540194 0
    endloop
  endfacet
  facet normal -0.4127070298043976 0.9108638249211746 0
    outer loop
      vertex 10.148050297095269 46.428361402466145 0.20000000000000004
      vertex 10.326866070657005 46.50938177540194 0.20000000000000004
      vertex 10.326866070657005 46.50938177540194 0
    endloop
  endfacet
  facet normal 0 0 -1
    outer loop
      vertex 10.326866070657005 46.50938177540194 0.20000000000000004
      vertex 10.293618036643531 47.51412415188113 0.20000000000000004
      vertex 10.5 46.60192378864669 0.20000000000000004
    endloop
  endfacet
  facet normal 0 0 -1
    outer loop
      vertex 10.0625 47.35969601695807 0.20000000000000004
      vertex 10.180586745166654 47.433127073857094 0.20000000000000004
      vertex 10.326866070657005 46.50938177540194 0.20000000000000004
    endloop
  endfacet
  facet normal 0 0 -1
    outer loop
      vertex 10.180586745166654 47.433127073857094 0.20000000000000004
      vertex 10.293618036643531 47.51412415188113 0.20000000000000004
      vertex 10.326866070657005 46.50938177540194 0.20000000000000004
    endloop
  endfacet
  facet normal 0 0 -1
    outer loop
      vertex 10.293618036643531 47.51412415188113 0.20000000000000004
      vertex 10.401109857087647 47.60234040910718 0.20000000000000004
      vertex 10.5 46.60192378864669 0.20000000000000004
    endloop
  endfacet
  facet normal -0.5280678506503809 0.8492021815265709 0
    outer loop
      vertex 10.0625 47.35969601695807 0.20000000000000004
      vertex 10.180586745166654 47.433127073857094 0.7999999999999998
      vertex 10.180586745166654 47.433127073857094 0.20000000000000004
    endloop
  endfacet
  facet normal -0.5824776968677966 0.8128466845916192 0
    outer loop
      vertex 10.180586745166654 47.433127073857094 0.20000000000000004
      vertex 10.293618036643531 47.51412415188113 0.7999999999999998
      vertex 10.293618036643531 47.51412415188113 0.20000000000000004
    endloop
  endfacet
  facet normal -0.6343932841636576 0.7730104533627271 0
    outer loop
      vertex 10.293618036643531 47.51412415188113 0.20000000000000004
      vertex 10.401109857087647 47.60234040910718 0.7999999999999998
      vertex 10.401109857087647 47.60234040910718 0.20000000000000004
    endloop
  endfacet
  facet normal -0.471396736825986 0.8819212643483612 0
    outer loop
      vertex 10.326866070657005 46.50938177540194 0.20000000000000004
      vertex 10.5 46.60192378864669 0.20000000000000004
      vertex 10.5 46.60192378864669 0
    endloop
  endfacet
  facet normal -0.5280678506503572 0.8492021815265857 0
    outer loop
      vertex 10.5 46.60192378864669 0.20000000000000004
      vertex 10.666710699058807 46.705591163092365 0
      vertex 10.5 46.60192378864669 0
    endloop
  endfacet
  facet normal -0.5280678506503572 0.8492021815265857 0
    outer loop
      vertex 10.5 46.60192378864669 0.20000000000000004
      vertex 10.666710699058807 46.705591163092365 0.20000000000000004
      vertex 10.666710699058807 46.705591163092365 0
    endloop
  endfacet
  facet normal 0 0 -1
    outer loop
      vertex 10.401109857087647 47.60234040910718 0.20000000000000004
      vertex 10.666710699058807 46.705591163092365 0.20000000000000004
      vertex 10.5 46.60192378864669 0.20000000000000004
    endloop
  endfacet
  facet normal 0 0 -1
    outer loop
      vertex 10.401109857087647 47.60234040910718 0.20000000000000004
      vertex 10.502601910021413 47.69739808997859 0.20000000000000004
      vertex 10.666710699058807 46.705591163092365 0.20000000000000004
    endloop
  endfacet
  facet normal 0 0 -1
    outer loop
      vertex 10.666710699058807 46.705591163092365 0.20000000000000004
      vertex 10.502601910021413 47.69739808997859 0.20000000000000004
      vertex 10.597659590892826 47.798890142912356 0.20000000000000004
    endloop
  endfacet
  facet normal -0.6835923020228736 0.7298640726978334 0
    outer loop
      vertex 10.401109857087647 47.60234040910718 0.20000000000000004
      vertex 10.502601910021413 47.69739808997859 0.7999999999999998
      vertex 10.502601910021413 47.69739808997859 0.20000000000000004
    endloop
  endfacet
  facet normal -0.7298640726978275 0.6835923020228801 0
    outer loop
      vertex 10.502601910021413 47.69739808997859 0.20000000000000004
      vertex 10.597659590892826 47.798890142912356 0.7999999999999998
      vertex 10.597659590892826 47.798890142912356 0.20000000000000004
    endloop
  endfacet
  facet normal -0.7730104533627448 0.6343932841636359 0
    outer loop
      vertex 10.597659590892826 47.798890142912356 0.20000000000000004
      vertex 10.685875848118874 47.90638196335647 0.7999999999999998
      vertex 10.685875848118874 47.90638196335647 0.20000000000000004
    endloop
  endfacet
  facet normal -0.5824776968677966 0.8128466845916192 0
    outer loop
      vertex 10.180586745166654 47.433127073857094 0.20000000000000004
      vertex 10.180586745166654 47.433127073857094 0.7999999999999998
      vertex 10.293618036643531 47.51412415188113 0.7999999999999998
    endloop
  endfacet
  facet normal -0.6343932841636576 0.7730104533627271 0
    outer loop
      vertex 10.293618036643531 47.51412415188113 0.20000000000000004
      vertex 10.293618036643531 47.51412415188113 0.7999999999999998
      vertex 10.401109857087647 47.60234040910718 0.7999999999999998
    endloop
  endfacet
  facet normal -0.6835923020228736 0.7298640726978334 0
    outer loop
      vertex 10.401109857087647 47.60234040910718 0.20000000000000004
      vertex 10.401109857087647 47.60234040910718 0.7999999999999998
      vertex 10.502601910021413 47.69739808997859 0.7999999999999998
    endloop
  endfacet
  facet normal -0.7298640726978275 0.6835923020228801 0
    outer loop
      vertex 10.502601910021413 47.69739808997859 0.20000000000000004
      vertex 10.502601910021413 47.69739808997859 0.7999999999999998
      vertex 10.597659590892826 47.798890142912356 0.7999999999999998
    endloop
  endfacet
  facet normal -0.7730104533627448 0.6343932841636359 0
    outer loop
      vertex 10.597659590892826 47.798890142912356 0.20000000000000004
      vertex 10.597659590892826 47.798890142912356 0.7999999999999998
      vertex 10.685875848118874 47.90638196335647 0.7999999999999998
    endloop
  endfacet
  facet normal -0.5824776968678081 0.8128466845916109 0
    outer loop
      vertex 10.666710699058807 46.705591163092365 0.20000000000000004
      vertex 10.826284287026162 46.819939979126296 0
      vertex 10.666710699058807 46.705591163092365 0
    endloop
  endfacet
  facet normal -0.5824776968678081 0.8128466845916109 0
    outer loop
      vertex 10.666710699058807 46.705591163092365 0.20000000000000004
      vertex 10.826284287026162 46.819939979126296 0.20000000000000004
      vertex 10.826284287026162 46.819939979126296 0
    endloop
  endfacet
  facet normal -0.6343932841636483 0.7730104533627347 0
    outer loop
      vertex 10.826284287026162 46.819939979126296 0.20000000000000004
      vertex 10.978037445300206 46.94448057756307 0
      vertex 10.826284287026162 46.819939979126296 0
    endloop
  endfacet
  facet normal -0.6343932841636483 0.7730104533627347 0
    outer loop
      vertex 10.826284287026162 46.819939979126296 0.20000000000000004
      vertex 10.978037445300206 46.94448057756307 0.20000000000000004
      vertex 10.978037445300206 46.94448057756307 0
    endloop
  endfacet
  facet normal 0 0 -1
    outer loop
      vertex 10.666710699058807 46.705591163092365 0.20000000000000004
      vertex 10.597659590892826 47.798890142912356 0.20000000000000004
      vertex 10.826284287026162 46.819939979126296 0.20000000000000004
    endloop
  endfacet
  facet normal 0 0 -1
    outer loop
      vertex 10.597659590892826 47.798890142912356 0.20000000000000004
      vertex 10.685875848118874 47.90638196335647 0.20000000000000004
      vertex 10.826284287026162 46.819939979126296 0.20000000000000004
    endloop
  endfacet
  facet normal 0 0 -1
    outer loop
      vertex 10.685875848118874 47.90638196335647 0.20000000000000004
      vertex 10.76687292614291 48.019413254833346 0.20000000000000004
      vertex 10.826284287026162 46.819939979126296 0.20000000000000004
    endloop
  endfacet
  facet normal 0 0 -1
    outer loop
      vertex 10.826284287026162 46.819939979126296 0.20000000000000004
      vertex 10.76687292614291 48.019413254833346 0.20000000000000004
      vertex 10.978037445300206 46.94448057756307 0.20000000000000004
    endloop
  endfacet
  facet normal 0 0 -1
    outer loop
      vertex 10.76687292614291 48.019413254833346 0.20000000000000004
      vertex 10.840303983041933 48.1375 0.20000000000000004
      vertex 10.978037445300206 46.94448057756307 0.20000000000000004
    endloop
  endfacet
  facet normal 0 0 -1
    outer loop
      vertex 10.840303983041933 48.1375 0.20000000000000004
      vertex 10.905854575756962 48.26013653328462 0.20000000000000004
      vertex 10.978037445300206 46.94448057756307 0.20000000000000004
    endloop
  endfacet
  facet normal 0 0 -1
    outer loop
      vertex 10.905854575756962 48.26013653328462 0.20000000000000004
      vertex 10.963244006586484 48.386797706224186 0.20000000000000004
      vertex 10.978037445300206 46.94448057756307 0.20000000000000004
    endloop
  endfacet
  facet normal -0.8128466845916001 0.5824776968678231 0
    outer loop
      vertex 10.685875848118874 47.90638196335647 0.20000000000000004
      vertex 10.76687292614291 48.019413254833346 0.7999999999999998
      vertex 10.76687292614291 48.019413254833346 0.20000000000000004
    endloop
  endfacet
  facet normal -0.6835923020228659 0.7298640726978406 0
    outer loop
      vertex 10.978037445300206 46.94448057756307 0.20000000000000004
      vertex 11.121320343559642 47.07867965644036 0
      vertex 10.978037445300206 46.94448057756307 0
    endloop
  endfacet
  facet normal 0 0 -1
    outer loop
      vertex 10.963244006586484 48.386797706224186 0.20000000000000004
      vertex 11.121320343559642 47.07867965644036 0.20000000000000004
      vertex 10.978037445300206 46.94448057756307 0.20000000000000004
    endloop
  endfacet
  facet normal -0.6835923020228659 0.7298640726978406 0
    outer loop
      vertex 10.978037445300206 46.94448057756307 0.20000000000000004
      vertex 11.121320343559642 47.07867965644036 0.20000000000000004
      vertex 11.121320343559642 47.07867965644036 0
    endloop
  endfacet
  facet normal 0 0 -1
    outer loop
      vertex 10.963244006586484 48.386797706224186 0.20000000000000004
      vertex 11.0122265251771 48.516941136230784 0.20000000000000004
      vertex 11.121320343559642 47.07867965644036 0.20000000000000004
    endloop
  endfacet
  facet normal -0.7298640726978316 0.6835923020228756 0
    outer loop
      vertex 11.121320343559642 47.07867965644036 0.20000000000000004
      vertex 11.255519422436933 47.22196255469979 0
      vertex 11.121320343559642 47.07867965644036 0
    endloop
  endfacet
  facet normal -0.7298640726978316 0.6835923020228756 0
    outer loop
      vertex 11.121320343559642 47.07867965644036 0.20000000000000004
      vertex 11.255519422436933 47.22196255469979 0.20000000000000004
      vertex 11.255519422436933 47.22196255469979 0
    endloop
  endfacet
  facet normal 0 0 -1
    outer loop
      vertex 11.121320343559642 47.07867965644036 0.20000000000000004
      vertex 11.120450211882032 49.06101835038595 0.20000000000000004
      vertex 11.255519422436933 47.22196255469979 0.20000000000000004
    endloop
  endfacet
  facet normal -0.8128466845916001 0.5824776968678231 0
    outer loop
      vertex 10.685875848118874 47.90638196335647 0.20000000000000004
      vertex 10.685875848118874 47.90638196335647 0.7999999999999998
      vertex 10.76687292614291 48.019413254833346 0.7999999999999998
    endloop
  endfacet
  facet normal -0.02682774502295238 0.8195028344262374 0.5724468328712685
    outer loop
      vertex 9 47.075 0.7999999999999998
      vertex 9 44.839705882352945 4
      vertex 9.138981649614054 47.07954978811797 0.7999999999999998
    endloop
  endfacet
  facet normal -0.08036835454594972 0.8159935974768607 0.5724468328712697
    outer loop
      vertex 9.138981649614054 47.07954978811797 0.7999999999999998
      vertex 9.285176879657904 44.84904160676109 4
      vertex 9.27736815846761 47.09317966958066 0.7999999999999998
    endloop
  endfacet
  facet normal -0.13356481443642357 0.8089901506694727 0.5724468328712699
    outer loop
      vertex 9.27736815846761 47.09317966958066 0.7999999999999998
      vertex 9.569132588135961 44.87700880298037 4
      vertex 9.414566934284272 47.11583127914314 0.7999999999999998
    endloop
  endfacet
  facet normal -0.18618932928626558 0.7985224838384858 0.5724468328712683
    outer loop
      vertex 9.414566934284272 47.11583127914314 0.7999999999999998
      vertex 9.850651183496796 44.92348771118298 4
      vertex 9.549990470842857 47.147407619135734 0.7999999999999998
    endloop
  endfacet
  facet normal -0.23801655284376205 0.784635421140306 0.5724468328712692
    outer loop
      vertex 9.549990470842857 47.147407619135734 0.7999999999999998
      vertex 10.12852715989555 44.9882793015484 4
      vertex 9.683058863769219 47.187773474822905 0.7999999999999998
    endloop
  endfacet
  facet normal -0.2888245529810147 0.7673884291093852 0.5724468328712696
    outer loop
      vertex 9.683058863769219 47.187773474822905 0.7999999999999998
      vertex 10.401570609740991 45.071106126539725 4
      vertex 9.813202293775817 47.23675599341352 0.7999999999999998
    endloop
  endfacet
  facet normal -0.0268277450229329 0.8195028344262376 0.5724468328712694
    outer loop
      vertex 9.138981649614054 47.07954978811797 0.7999999999999998
      vertex 9 44.839705882352945 4
      vertex 9.285176879657904 44.84904160676109 4
    endloop
  endfacet
  facet normal -0.08036835454595093 0.8159935974768607 0.5724468328712696
    outer loop
      vertex 9.27736815846761 47.09317966958066 0.7999999999999998
      vertex 9.285176879657904 44.84904160676109 4
      vertex 9.569132588135961 44.87700880298037 4
    endloop
  endfacet
  facet normal -0.1335648144364533 0.8089901506694687 0.5724468328712686
    outer loop
      vertex 9.414566934284272 47.11583127914314 0.7999999999999998
      vertex 9.569132588135961 44.87700880298037 4
      vertex 9.850651183496796 44.92348771118298 4
    endloop
  endfacet
  facet normal -0.18618932928624385 0.7985224838384902 0.5724468328712692
    outer loop
      vertex 9.549990470842857 47.147407619135734 0.7999999999999998
      vertex 9.850651183496796 44.92348771118298 4
      vertex 10.12852715989555 44.9882793015484 4
    endloop
  endfacet
  facet normal -0.2380165528437613 0.7846354211403064 0.5724468328712694
    outer loop
      vertex 9.683058863769219 47.187773474822905 0.7999999999999998
      vertex 10.12852715989555 44.9882793015484 4
      vertex 10.401570609740991 45.071106126539725 4
    endloop
  endfacet
  facet normal -0.33839576204128774 0.7468553620133891 0.5724468328712682
    outer loop
      vertex 9.813202293775817 47.23675599341352 0.7999999999999998
      vertex 10.668612319062488 45.17161350897653 4
      vertex 9.939863466715378 47.29414542424304 0.7999999999999998
    endloop
  endfacet
  facet normal -0.38651790849698886 0.7231241455979509 0.5724468328712692
    outer loop
      vertex 9.939863466715378 47.29414542424304 0.7999999999999998
      vertex 10.928508774263735 45.28937106081703 4
      vertex 10.0625 47.35969601695807 0.7999999999999998
    endloop
  endfacet
  facet normal -0.4329849259292459 0.696296400574999 0.5724468328712686
    outer loop
      vertex 10.0625 47.35969601695807 0.7999999999999998
      vertex 11.180147058823529 45.423874526145795 4
      vertex 10.180586745166654 47.433127073857094 0.7999999999999998
    endloop
  endfacet
  facet normal -0.4775978354355791 0.6664870074674397 0.5724468328712689
    outer loop
      vertex 10.180586745166654 47.433127073857094 0.7999999999999998
      vertex 11.422449618975177 45.574547940474936 4
      vertex 10.293618036643531 47.51412415188113 0.7999999999999998
    endloop
  endfacet
  facet normal -0.5201655976884533 0.6338236146729371 0.5724468328712687
    outer loop
      vertex 10.293618036643531 47.51412415188113 0.7999999999999998
      vertex 11.654378877957143 45.740746097112485 4
      vertex 10.401109857087647 47.60234040910718 0.7999999999999998
    endloop
  endfacet
  facet normal -0.5605059309947275 0.5984460918540506 0.5724468328712695
    outer loop
      vertex 10.401109857087647 47.60234040910718 0.7999999999999998
      vertex 11.874941679076036 45.92175731003652 4
      vertex 10.502601910021413 47.69739808997859 0.7999999999999998
    endloop
  endfacet
  facet normal -0.598446091854046 0.5605059309947329 0.5724468328712691
    outer loop
      vertex 10.502601910021413 47.69739808997859 0.7999999999999998
      vertex 12.08319353855605 46.11680646144396 4
      vertex 10.597659590892826 47.798890142912356 0.7999999999999998
    endloop
  endfacet
  facet normal -0.6338236146729515 0.5201655976884355 0.5724468328712691
    outer loop
      vertex 10.597659590892826 47.798890142912356 0.7999999999999998
      vertex 12.278242689963482 46.325058320923965 4
      vertex 10.685875848118874 47.90638196335647 0.7999999999999998
    endloop
  endfacet
  facet normal -0.2888245529810371 0.7673884291093773 0.5724468328712686
    outer loop
      vertex 9.813202293775817 47.23675599341352 0.7999999999999998
      vertex 10.401570609740991 45.071106126539725 4
      vertex 10.668612319062488 45.17161350897653 4
    endloop
  endfacet
  facet normal -0.33839576204127303 0.7468553620133954 0.5724468328712687
    outer loop
      vertex 9.939863466715378 47.29414542424304 0.7999999999999998
      vertex 10.668612319062488 45.17161350897653 4
      vertex 10.928508774263735 45.28937106081703 4
    endloop
  endfacet
  facet normal -0.3865179084969994 0.7231241455979456 0.5724468328712689
    outer loop
      vertex 10.0625 47.35969601695807 0.7999999999999998
      vertex 10.928508774263735 45.28937106081703 4
      vertex 11.180147058823529 45.423874526145795 4
    endloop
  endfacet
  facet normal -0.4329849259292408 0.6962964005750018 0.572446832871269
    outer loop
      vertex 10.180586745166654 47.433127073857094 0.7999999999999998
      vertex 11.180147058823529 45.423874526145795 4
      vertex 11.422449618975177 45.574547940474936 4
    endloop
  endfacet
  facet normal -0.477597835435579 0.6664870074674396 0.572446832871269
    outer loop
      vertex 10.293618036643531 47.51412415188113 0.7999999999999998
      vertex 11.422449618975177 45.574547940474936 4
      vertex 11.654378877957143 45.740746097112485 4
    endloop
  endfacet
  facet normal -0.03271908282179303 -0.9994645874763651 0
    outer loop
      vertex 9 51.325 0.20000000000000004
      vertex 9.138981649614054 51.32045021188203 0.20000000000000004
      vertex 9 51.325 0.7999999999999998
    endloop
  endfacet
  facet normal -0.09801714032955176 -0.9951847266721977 0
    outer loop
      vertex 9.138981649614054 51.32045021188203 0.20000000000000004
      vertex 9.27736815846761 51.30682033041935 0.20000000000000004
      vertex 9.138981649614054 51.32045021188203 0.7999999999999998
    endloop
  endfacet
  facet normal 0 0 -1
    outer loop
      vertex 9 51.325 0.20000000000000004
      vertex 9 52.2 0.20000000000000004
      vertex 9.138981649614054 51.32045021188203 0.20000000000000004
    endloop
  endfacet
  facet normal 0 0 -1
    outer loop
      vertex 9.138981649614054 51.32045021188203 0.20000000000000004
      vertex 9 52.2 0.20000000000000004
      vertex 9.196209387690429 52.19357676971581 0.20000000000000004
    endloop
  endfacet
  facet normal -0.03271908282178681 -0.9994645874763652 0
    outer loop
      vertex 9.196209387690429 52.19357676971581 0.20000000000000004
      vertex 9 52.2 0
      vertex 9.196209387690429 52.19357676971581 0
    endloop
  endfacet
  facet normal -0.03271908282178681 -0.9994645874763652 0
    outer loop
      vertex 9 52.2 0.20000000000000004
      vertex 9 52.2 0
      vertex 9.196209387690429 52.19357676971581 0.20000000000000004
    endloop
  endfacet
  facet normal 0 0 -1
    outer loop
      vertex 9.138981649614054 51.32045021188203 0.20000000000000004
      vertex 9.196209387690429 52.19357676971581 0.20000000000000004
      vertex 9.27736815846761 51.30682033041935 0.20000000000000004
    endloop
  endfacet
  facet normal -0.09801714032955963 -0.9951847266721969 0
    outer loop
      vertex 9.196209387690429 52.19357676971581 0.20000000000000004
      vertex 9.196209387690429 52.19357676971581 0
      vertex 9.391578576660155 52.17433458412143 0.20000000000000004
    endloop
  endfacet
  facet normal -0.1628954733945744 -0.9866433320848814 0
    outer loop
      vertex 9.27736815846761 51.30682033041935 0.20000000000000004
      vertex 9.414566934284272 51.28416872085687 0.20000000000000004
      vertex 9.27736815846761 51.30682033041935 0.7999999999999998
    endloop
  endfacet
  facet normal -0.22707626303438752 -0.9738769792773304 0
    outer loop
      vertex 9.414566934284272 51.28416872085687 0.20000000000000004
      vertex 9.549990470842857 51.25259238086427 0.20000000000000004
      vertex 9.414566934284272 51.28416872085687 0.7999999999999998
    endloop
  endfacet
  facet normal 0 0 -1
    outer loop
      vertex 9.27736815846761 51.30682033041935 0.20000000000000004
      vertex 9.196209387690429 52.19357676971581 0.20000000000000004
      vertex 9.391578576660155 52.17433458412143 0.20000000000000004
    endloop
  endfacet
  facet normal 0 0 -1
    outer loop
      vertex 9.27736815846761 51.30682033041935 0.20000000000000004
      vertex 9.391578576660155 52.17433458412143 0.20000000000000004
      vertex 9.414566934284272 51.28416872085687 0.20000000000000004
    endloop
  endfacet
  facet normal -0.09801714032955963 -0.9951847266721969 0
    outer loop
      vertex 9.391578576660155 52.17433458412143 0.20000000000000004
      vertex 9.196209387690429 52.19357676971581 0
      vertex 9.391578576660155 52.17433458412143 0
    endloop
  endfacet
  facet normal 0 0 -1
    outer loop
      vertex 9.414566934284272 51.28416872085687 0.20000000000000004
      vertex 9.391578576660155 52.17433458412143 0.20000000000000004
      vertex 9.549990470842857 51.25259238086427 0.20000000000000004
    endloop
  endfacet
  facet normal 0 0 -1
    outer loop
      vertex 9.549990470842857 51.25259238086427 0.20000000000000004
      vertex 9.391578576660155 52.17433458412143 0.20000000000000004
      vertex 9.585270966048384 52.14235584120969 0.20000000000000004
    endloop
  endfacet
  facet normal -0.1628954733945891 -0.986643332084879 0
    outer loop
      vertex 9.585270966048384 52.14235584120969 0.20000000000000004
      vertex 9.391578576660155 52.17433458412143 0
      vertex 9.585270966048384 52.14235584120969 0
    endloop
  endfacet
  facet normal -0.1628954733945891 -0.986643332084879 0
    outer loop
      vertex 9.391578576660155 52.17433458412143 0.20000000000000004
      vertex 9.391578576660155 52.17433458412143 0
      vertex 9.585270966048384 52.14235584120969 0.20000000000000004
    endloop
  endfacet
  facet normal -0.03271908282179303 -0.9994645874763651 0
    outer loop
      vertex 9.138981649614054 51.32045021188203 0.20000000000000004
      vertex 9.138981649614054 51.32045021188203 0.7999999999999998
      vertex 9 51.325 0.7999999999999998
    endloop
  endfacet
  facet normal -0.09801714032955176 -0.9951847266721977 0
    outer loop
      vertex 9.27736815846761 51.30682033041935 0.20000000000000004
      vertex 9.27736815846761 51.30682033041935 0.7999999999999998
      vertex 9.138981649614054 51.32045021188203 0.7999999999999998
    endloop
  endfacet
  facet normal -0.1628954733945744 -0.9866433320848814 0
    outer loop
      vertex 9.414566934284272 51.28416872085687 0.20000000000000004
      vertex 9.414566934284272 51.28416872085687 0.7999999999999998
      vertex 9.27736815846761 51.30682033041935 0.7999999999999998
    endloop
  endfacet
  facet normal -0.22707626303438752 -0.9738769792773304 0
    outer loop
      vertex 9.549990470842857 51.25259238086427 0.20000000000000004
      vertex 9.549990470842857 51.25259238086427 0.7999999999999998
      vertex 9.414566934284272 51.28416872085687 0.7999999999999998
    endloop
  endfacet
  facet normal -0.2902846772544621 -0.9569403357322089 0
    outer loop
      vertex 9.549990470842857 51.25259238086427 0.20000000000000004
      vertex 9.683058863769219 51.2122265251771 0.20000000000000004
      vertex 9.549990470842857 51.25259238086427 0.7999999999999998
    endloop
  endfacet
  facet normal -0.35225004792121734 -0.9359059267573319 0
    outer loop
      vertex 9.683058863769219 51.2122265251771 0.20000000000000004
      vertex 9.813202293775817 51.16324400658649 0.20000000000000004
      vertex 9.683058863769219 51.2122265251771 0.7999999999999998
    endloop
  endfacet
  facet normal 0 0 -1
    outer loop
      vertex 9.549990470842857 51.25259238086427 0.20000000000000004
      vertex 9.585270966048384 52.14235584120969 0.20000000000000004
      vertex 9.683058863769219 51.2122265251771 0.20000000000000004
    endloop
  endfacet
  facet normal 0 0 -1
    outer loop
      vertex 9.683058863769219 51.2122265251771 0.20000000000000004
      vertex 9.585270966048384 52.14235584120969 0.20000000000000004
      vertex 9.776457135307563 52.09777747886721 0.20000000000000004
    endloop
  endfacet
  facet normal -0.22707626303436151 -0.9738769792773363 0
    outer loop
      vertex 9.585270966048384 52.14235584120969 0.20000000000000004
      vertex 9.585270966048384 52.14235584120969 0
      vertex 9.776457135307563 52.09777747886721 0.20000000000000004
    endloop
  endfacet
  facet normal 0 0 -1
    outer loop
      vertex 9.683058863769219 51.2122265251771 0.20000000000000004
      vertex 9.776457135307563 52.09777747886721 0.20000000000000004
      vertex 9.813202293775817 51.16324400658649 0.20000000000000004
    endloop
  endfacet
  facet normal -0.22707626303436151 -0.9738769792773363 0
    outer loop
      vertex 9.776457135307563 52.09777747886721 0.20000000000000004
      vertex 9.585270966048384 52.14235584120969 0
      vertex 9.776457135307563 52.09777747886721 0
    endloop
  endfacet
  facet normal -0.2902846772544639 -0.9569403357322083 0
    outer loop
      vertex 9.776457135307563 52.09777747886721 0.20000000000000004
      vertex 9.776457135307563 52.09777747886721 0
      vertex 9.964318395909485 52.04079038848532 0.20000000000000004
    endloop
  endfacet
  facet normal 0 0 -1
    outer loop
      vertex 9.813202293775817 51.16324400658649 0.20000000000000004
      vertex 9.964318395909485 52.04079038848532 0.20000000000000004
      vertex 9.939863466715378 51.105854575756965 0.20000000000000004
    endloop
  endfacet
  facet normal 0 0 -1
    outer loop
      vertex 9.939863466715378 51.105854575756965 0.20000000000000004
      vertex 9.964318395909485 52.04079038848532 0.20000000000000004
      vertex 10.0625 51.04030398304194 0.20000000000000004
    endloop
  endfacet
  facet normal -0.41270702980440765 -0.91086382492117 0
    outer loop
      vertex 9.813202293775817 51.16324400658649 0.20000000000000004
      vertex 9.939863466715378 51.105854575756965 0.20000000000000004
      vertex 9.813202293775817 51.16324400658649 0.7999999999999998
    endloop
  endfacet
  facet normal -0.47139673682598104 -0.8819212643483639 0
    outer loop
      vertex 9.939863466715378 51.105854575756965 0.20000000000000004
      vertex 10.0625 51.04030398304194 0.20000000000000004
      vertex 9.939863466715378 51.105854575756965 0.7999999999999998
    endloop
  endfacet
  facet normal -0.5280678506503809 -0.8492021815265709 0
    outer loop
      vertex 10.0625 51.04030398304194 0.20000000000000004
      vertex 10.180586745166654 50.96687292614291 0.20000000000000004
      vertex 10.0625 51.04030398304194 0.7999999999999998
    endloop
  endfacet
  facet normal 0 0 -1
    outer loop
      vertex 9.813202293775817 51.16324400658649 0.20000000000000004
      vertex 9.776457135307563 52.09777747886721 0.20000000000000004
      vertex 9.964318395909485 52.04079038848532 0.20000000000000004
    endloop
  endfacet
  facet normal -0.2902846772544639 -0.9569403357322083 0
    outer loop
      vertex 9.964318395909485 52.04079038848532 0.20000000000000004
      vertex 9.776457135307563 52.09777747886721 0
      vertex 9.964318395909485 52.04079038848532 0
    endloop
  endfacet
  facet normal -0.3522500479212441 -0.9359059267573219 0
    outer loop
      vertex 10.148050297095269 51.97163859753386 0.20000000000000004
      vertex 9.964318395909485 52.04079038848532 0
      vertex 10.148050297095269 51.97163859753386 0
    endloop
  endfacet
  facet normal -0.3522500479212441 -0.9359059267573219 0
    outer loop
      vertex 9.964318395909485 52.04079038848532 0.20000000000000004
      vertex 9.964318395909485 52.04079038848532 0
      vertex 10.148050297095269 51.97163859753386 0.20000000000000004
    endloop
  endfacet
  facet normal 0 0 -1
    outer loop
      vertex 10.0625 51.04030398304194 0.20000000000000004
      vertex 9.964318395909485 52.04079038848532 0.20000000000000004
      vertex 10.148050297095269 51.97163859753386 0.20000000000000004
    endloop
  endfacet
  facet normal -0.2902846772544621 -0.9569403357322089 0
    outer loop
      vertex 9.683058863769219 51.2122265251771 0.20000000000000004
      vertex 9.683058863769219 51.2122265251771 0.7999999999999998
      vertex 9.549990470842857 51.25259238086427 0.7999999999999998
    endloop
  endfacet
  facet normal -0.35225004792121734 -0.9359059267573319 0
    outer loop
      vertex 9.813202293775817 51.16324400658649 0.20000000000000004
      vertex 9.813202293775817 51.16324400658649 0.7999999999999998
      vertex 9.683058863769219 51.2122265251771 0.7999999999999998
    endloop
  endfacet
  facet normal -0.41270702980440765 -0.91086382492117 0
    outer loop
      vertex 9.939863466715378 51.105854575756965 0.20000000000000004
      vertex 9.939863466715378 51.105854575756965 0.7999999999999998
      vertex 9.813202293775817 51.16324400658649 0.7999999999999998
    endloop
  endfacet
  facet normal -0.47139673682598104 -0.8819212643483639 0
    outer loop
      vertex 10.0625 51.04030398304194 0.20000000000000004
      vertex 10.0625 51.04030398304194 0.7999999999999998
      vertex 9.939863466715378 51.105854575756965 0.7999999999999998
    endloop
  endfacet
  facet normal 0 0 -1
    outer loop
      vertex 10.0625 51.04030398304194 0.20000000000000004
      vertex 10.148050297095269 51.97163859753386 0.20000000000000004
      vertex 10.180586745166654 50.96687292614291 0.20000000000000004
    endloop
  endfacet
  facet normal 0 0 -1
    outer loop
      vertex 10.180586745166654 50.96687292614291 0.20000000000000004
      vertex 10.148050297095269 51.97163859753386 0.20000000000000004
      vertex 10.293618036643531 50.88587584811888 0.20000000000000004
    endloop
  endfacet
  facet normal 0 0 -1
    outer loop
      vertex 10.293618036643531 50.88587584811888 0.20000000000000004
      vertex 10.326866070657005 51.890618224598065 0.20000000000000004
      vertex 10.401109857087647 50.79765959089283 0.20000000000000004
    endloop
  endfacet
  facet normal -0.5824776968677966 -0.8128466845916192 0
    outer loop
      vertex 10.180586745166654 50.96687292614291 0.20000000000000004
      vertex 10.293618036643531 50.88587584811888 0.20000000000000004
      vertex 10.180586745166654 50.96687292614291 0.7999999999999998
    endloop
  endfacet
  facet normal -0.6343932841636576 -0.7730104533627271 0
    outer loop
      vertex 10.293618036643531 50.88587584811888 0.20000000000000004
      vertex 10.401109857087647 50.79765959089283 0.20000000000000004
      vertex 10.293618036643531 50.88587584811888 0.7999999999999998
    endloop
  endfacet
  facet normal 0 0 -1
    outer loop
      vertex 10.293618036643531 50.88587584811888 0.20000000000000004
      vertex 10.148050297095269 51.97163859753386 0.20000000000000004
      vertex 10.326866070657005 51.890618224598065 0.20000000000000004
    endloop
  endfacet
  facet normal -0.4127070298043976 -0.9108638249211746 0
    outer loop
      vertex 10.148050297095269 51.97163859753386 0.20000000000000004
      vertex 10.148050297095269 51.97163859753386 0
      vertex 10.326866070657005 51.890618224598065 0.20000000000000004
    endloop
  endfacet
  facet normal -0.4127070298043976 -0.9108638249211746 0
    outer loop
      vertex 10.326866070657005 51.890618224598065 0.20000000000000004
      vertex 10.148050297095269 51.97163859753386 0
      vertex 10.326866070657005 51.890618224598065 0
    endloop
  endfacet
  facet normal -0.471396736825986 -0.8819212643483612 0
    outer loop
      vertex 10.326866070657005 51.890618224598065 0.20000000000000004
      vertex 10.326866070657005 51.890618224598065 0
      vertex 10.5 51.79807621135332 0.20000000000000004
    endloop
  endfacet
  facet normal 0 0 -1
    outer loop
      vertex 10.401109857087647 50.79765959089283 0.20000000000000004
      vertex 10.5 51.79807621135332 0.20000000000000004
      vertex 10.502601910021413 50.702601910021414 0.20000000000000004
    endloop
  endfacet
  facet normal 0 0 -1
    outer loop
      vertex 10.502601910021413 50.702601910021414 0.20000000000000004
      vertex 10.5 51.79807621135332 0.20000000000000004
      vertex 10.597659590892826 50.60110985708765 0.20000000000000004
    endloop
  endfacet
  facet normal 0 0 -1
    outer loop
      vertex 10.597659590892826 50.60110985708765 0.20000000000000004
      vertex 10.5 51.79807621135332 0.20000000000000004
      vertex 10.666710699058807 51.69440883690764 0.20000000000000004
    endloop
  endfacet
  facet normal 0 0 -1
    outer loop
      vertex 10.685875848118874 50.49361803664353 0.20000000000000004
      vertex 10.597659590892826 50.60110985708765 0.20000000000000004
      vertex 10.666710699058807 51.69440883690764 0.20000000000000004
    endloop
  endfacet
  facet normal -0.6835923020228736 -0.7298640726978334 0
    outer loop
      vertex 10.401109857087647 50.79765959089283 0.20000000000000004
      vertex 10.502601910021413 50.702601910021414 0.20000000000000004
      vertex 10.401109857087647 50.79765959089283 0.7999999999999998
    endloop
  endfacet
  facet normal -0.7298640726978275 -0.6835923020228801 0
    outer loop
      vertex 10.502601910021413 50.702601910021414 0.20000000000000004
      vertex 10.597659590892826 50.60110985708765 0.20000000000000004
      vertex 10.502601910021413 50.702601910021414 0.7999999999999998
    endloop
  endfacet
  facet normal -0.7730104533627448 -0.6343932841636359 0
    outer loop
      vertex 10.685875848118874 50.49361803664353 0.20000000000000004
      vertex 10.597659590892826 50.60110985708765 0.7999999999999998
      vertex 10.597659590892826 50.60110985708765 0.20000000000000004
    endloop
  endfacet
  facet normal -0.471396736825986 -0.8819212643483612 0
    outer loop
      vertex 10.5 51.79807621135332 0.20000000000000004
      vertex 10.326866070657005 51.890618224598065 0
      vertex 10.5 51.79807621135332 0
    endloop
  endfacet
  facet normal 0 0 -1
    outer loop
      vertex 10.401109857087647 50.79765959089283 0.20000000000000004
      vertex 10.326866070657005 51.890618224598065 0.20000000000000004
      vertex 10.5 51.79807621135332 0.20000000000000004
    endloop
  endfacet
  facet normal -0.5280678506503572 -0.8492021815265857 0
    outer loop
      vertex 10.666710699058807 51.69440883690764 0.20000000000000004
      vertex 10.5 51.79807621135332 0
      vertex 10.666710699058807 51.69440883690764 0
    endloop
  endfacet
  facet normal -0.5280678506503572 -0.8492021815265857 0
    outer loop
      vertex 10.5 51.79807621135332 0.20000000000000004
      vertex 10.5 51.79807621135332 0
      vertex 10.666710699058807 51.69440883690764 0.20000000000000004
    endloop
  endfacet
  facet normal -0.5280678506503809 -0.8492021815265709 0
    outer loop
      vertex 10.0625 51.04030398304194 0.7999999999999998
      vertex 10.180586745166654 50.96687292614291 0.20000000000000004
      vertex 10.180586745166654 50.96687292614291 0.7999999999999998
    endloop
  endfacet
  facet normal -0.5824776968677966 -0.8128466845916192 0
    outer loop
      vertex 10.293618036643531 50.88587584811888 0.20000000000000004
      vertex 10.293618036643531 50.88587584811888 0.7999999999999998
      vertex 10.180586745166654 50.96687292614291 0.7999999999999998
    endloop
  endfacet
  facet normal -0.6343932841636576 -0.7730104533627271 0
    outer loop
      vertex 10.401109857087647 50.79765959089283 0.20000000000000004
      vertex 10.401109857087647 50.79765959089283 0.7999999999999998
      vertex 10.293618036643531 50.88587584811888 0.7999999999999998
    endloop
  endfacet
  facet normal -0.6835923020228736 -0.7298640726978334 0
    outer loop
      vertex 10.502601910021413 50.702601910021414 0.20000000000000004
      vertex 10.502601910021413 50.702601910021414 0.7999999999999998
      vertex 10.401109857087647 50.79765959089283 0.7999999999999998
    endloop
  endfacet
  facet normal -0.7298640726978275 -0.6835923020228801 0
    outer loop
      vertex 10.597659590892826 50.60110985708765 0.20000000000000004
      vertex 10.597659590892826 50.60110985708765 0.7999999999999998
      vertex 10.502601910021413 50.702601910021414 0.7999999999999998
    endloop
  endfacet
  facet normal -0.7730104533627448 -0.6343932841636359 0
    outer loop
      vertex 10.685875848118874 50.49361803664353 0.20000000000000004
      vertex 10.685875848118874 50.49361803664353 0.7999999999999998
      vertex 10.597659590892826 50.60110985708765 0.7999999999999998
    endloop
  endfacet
  facet normal -0.8492021815265837 0.5280678506503601 0
    outer loop
      vertex 10.76687292614291 48.019413254833346 0.20000000000000004
      vertex 10.840303983041933 48.1375 0.7999999999999998
      vertex 10.840303983041933 48.1375 0.20000000000000004
    endloop
  endfacet
  facet normal -0.8819212643483557 0.4713967368259963 0
    outer loop
      vertex 10.840303983041933 48.1375 0.20000000000000004
      vertex 10.905854575756962 48.26013653328462 0.7999999999999998
      vertex 10.905854575756962 48.26013653328462 0.20000000000000004
    endloop
  endfacet
  facet normal -0.9108638249211769 0.41270702980439217 0
    outer loop
      vertex 10.905854575756962 48.26013653328462 0.20000000000000004
      vertex 10.963244006586484 48.386797706224186 0.7999999999999998
      vertex 10.963244006586484 48.386797706224186 0.20000000000000004
    endloop
  endfacet
  facet normal -0.8819212643483557 -0.4713967368259963 0
    outer loop
      vertex 10.840303983041933 50.2625 0.20000000000000004
      vertex 10.905854575756962 50.13986346671538 0.20000000000000004
      vertex 10.840303983041933 50.2625 0.7999999999999998
    endloop
  endfacet
  facet normal -0.9108638249211769 -0.41270702980439217 0
    outer loop
      vertex 10.963244006586484 50.01320229377582 0.20000000000000004
      vertex 10.905854575756962 50.13986346671538 0.7999999999999998
      vertex 10.905854575756962 50.13986346671538 0.20000000000000004
    endloop
  endfacet
  facet normal 0 0 -1
    outer loop
      vertex 11.121320343559642 47.07867965644036 0.20000000000000004
      vertex 11.0122265251771 48.516941136230784 0.20000000000000004
      vertex 11.05259238086427 48.650009529157145 0.20000000000000004
    endloop
  endfacet
  facet normal 0 0 -1
    outer loop
      vertex 11.121320343559642 47.07867965644036 0.20000000000000004
      vertex 11.05259238086427 48.650009529157145 0.20000000000000004
      vertex 11.084168720856866 48.78543306571573 0.20000000000000004
    endloop
  endfacet
  facet normal 0 0 -1
    outer loop
      vertex 11.121320343559642 47.07867965644036 0.20000000000000004
      vertex 11.084168720856866 48.78543306571573 0.20000000000000004
      vertex 11.106820330419346 48.92263184153239 0.20000000000000004
    endloop
  endfacet
  facet normal 0 0 -1
    outer loop
      vertex 11.121320343559642 47.07867965644036 0.20000000000000004
      vertex 11.106820330419346 48.92263184153239 0.20000000000000004
      vertex 11.120450211882032 49.06101835038595 0.20000000000000004
    endloop
  endfacet
  facet normal 0 0 -1
    outer loop
      vertex 11.120450211882032 49.06101835038595 0.20000000000000004
      vertex 11.125 49.2 0.20000000000000004
      vertex 11.255519422436933 47.22196255469979 0.20000000000000004
    endloop
  endfacet
  facet normal -0.9359059267573233 0.3522500479212397 0
    outer loop
      vertex 10.963244006586484 48.386797706224186 0.20000000000000004
      vertex 11.0122265251771 48.516941136230784 0.7999999999999998
      vertex 11.0122265251771 48.516941136230784 0.20000000000000004
    endloop
  endfacet
  facet normal -0.9569403357322089 0.2902846772544621 0
    outer loop
      vertex 11.0122265251771 48.516941136230784 0.20000000000000004
      vertex 11.05259238086427 48.650009529157145 0.7999999999999998
      vertex 11.05259238086427 48.650009529157145 0.20000000000000004
    endloop
  endfacet
  facet normal -0.9738769792773325 0.22707626303437822 0
    outer loop
      vertex 11.05259238086427 48.650009529157145 0.20000000000000004
      vertex 11.084168720856866 48.78543306571573 0.7999999999999998
      vertex 11.084168720856866 48.78543306571573 0.20000000000000004
    endloop
  endfacet
  facet normal -0.9866433320848818 0.16289547339457236 0
    outer loop
      vertex 11.084168720856866 48.78543306571573 0.20000000000000004
      vertex 11.106820330419346 48.92263184153239 0.7999999999999998
      vertex 11.106820330419346 48.92263184153239 0.20000000000000004
    endloop
  endfacet
  facet normal -0.9951847266721966 0.09801714032956317 0
    outer loop
      vertex 11.106820330419346 48.92263184153239 0.20000000000000004
      vertex 11.120450211882032 49.06101835038595 0.7999999999999998
      vertex 11.120450211882032 49.06101835038595 0.20000000000000004
    endloop
  endfacet
  facet normal -0.9994645874763656 0.032719082821780696 0
    outer loop
      vertex 11.120450211882032 49.06101835038595 0.20000000000000004
      vertex 11.125 49.2 0.7999999999999998
      vertex 11.125 49.2 0.20000000000000004
    endloop
  endfacet
  facet normal 0 0 -1
    outer loop
      vertex 11.106820330419346 49.47736815846761 0.20000000000000004
      vertex 11.084168720856866 49.61456693428428 0.20000000000000004
      vertex 11.121320343559642 51.32132034355965 0.20000000000000004
    endloop
  endfacet
  facet normal 0 0 -1
    outer loop
      vertex 11.05259238086427 49.74999047084286 0.20000000000000004
      vertex 11.121320343559642 51.32132034355965 0.20000000000000004
      vertex 11.084168720856866 49.61456693428428 0.20000000000000004
    endloop
  endfacet
  facet normal 0 0 -1
    outer loop
      vertex 11.125 49.2 0.20000000000000004
      vertex 11.121320343559642 51.32132034355965 0.20000000000000004
      vertex 11.255519422436933 47.22196255469979 0.20000000000000004
    endloop
  endfacet
  facet normal 0 0 -1
    outer loop
      vertex 11.125 49.2 0.20000000000000004
      vertex 11.120450211882032 49.338981649614055 0.20000000000000004
      vertex 11.121320343559642 51.32132034355965 0.20000000000000004
    endloop
  endfacet
  facet normal 0 0 -1
    outer loop
      vertex 11.106820330419346 49.47736815846761 0.20000000000000004
      vertex 11.121320343559642 51.32132034355965 0.20000000000000004
      vertex 11.120450211882032 49.338981649614055 0.20000000000000004
    endloop
  endfacet
  facet normal 0 0 -1
    outer loop
      vertex 11.121320343559642 51.32132034355965 0.20000000000000004
      vertex 11.255519422436933 51.17803744530021 0.20000000000000004
      vertex 11.255519422436933 47.22196255469979 0.20000000000000004
    endloop
  endfacet
  facet normal -0.9738769792773325 -0.22707626303437822 0
    outer loop
      vertex 11.05259238086427 49.74999047084286 0.20000000000000004
      vertex 11.084168720856866 49.61456693428428 0.20000000000000004
      vertex 11.05259238086427 49.74999047084286 0.7999999999999998
    endloop
  endfacet
  facet normal -0.9866433320848818 -0.16289547339457236 0
    outer loop
      vertex 11.106820330419346 49.47736815846761 0.20000000000000004
      vertex 11.084168720856866 49.61456693428428 0.7999999999999998
      vertex 11.084168720856866 49.61456693428428 0.20000000000000004
    endloop
  endfacet
  facet normal -0.9359059267573233 -0.3522500479212397 0
    outer loop
      vertex 10.963244006586484 50.01320229377582 0.20000000000000004
      vertex 11.0122265251771 49.88305886376922 0.20000000000000004
      vertex 10.963244006586484 50.01320229377582 0.7999999999999998
    endloop
  endfacet
  facet normal -0.9569403357322089 -0.2902846772544621 0
    outer loop
      vertex 11.0122265251771 49.88305886376922 0.20000000000000004
      vertex 11.05259238086427 49.74999047084286 0.20000000000000004
      vertex 11.0122265251771 49.88305886376922 0.7999999999999998
    endloop
  endfacet
  facet normal -0.9994645874763656 -0.032719082821780696 0
    outer loop
      vertex 11.125 49.2 0.20000000000000004
      vertex 11.120450211882032 49.338981649614055 0.7999999999999998
      vertex 11.120450211882032 49.338981649614055 0.20000000000000004
    endloop
  endfacet
  facet normal -0.9951847266721966 -0.09801714032956317 0
    outer loop
      vertex 11.106820330419346 49.47736815846761 0.20000000000000004
      vertex 11.120450211882032 49.338981649614055 0.20000000000000004
      vertex 11.106820330419346 49.47736815846761 0.7999999999999998
    endloop
  endfacet
  facet normal -0.8492021815265837 0.5280678506503601 0
    outer loop
      vertex 10.76687292614291 48.019413254833346 0.20000000000000004
      vertex 10.76687292614291 48.019413254833346 0.7999999999999998
      vertex 10.840303983041933 48.1375 0.7999999999999998
    endloop
  endfacet
  facet normal -0.8819212643483557 0.4713967368259963 0
    outer loop
      vertex 10.840303983041933 48.1375 0.20000000000000004
      vertex 10.840303983041933 48.1375 0.7999999999999998
      vertex 10.905854575756962 48.26013653328462 0.7999999999999998
    endloop
  endfacet
  facet normal -0.9108638249211769 0.41270702980439217 0
    outer loop
      vertex 10.905854575756962 48.26013653328462 0.20000000000000004
      vertex 10.905854575756962 48.26013653328462 0.7999999999999998
      vertex 10.963244006586484 48.386797706224186 0.7999999999999998
    endloop
  endfacet
  facet normal -0.8492021815265837 -0.5280678506503601 0
    outer loop
      vertex 10.840303983041933 50.2625 0.20000000000000004
      vertex 10.840303983041933 50.2625 0.7999999999999998
      vertex 10.76687292614291 50.38058674516666 0.7999999999999998
    endloop
  endfacet
  facet normal -0.8819212643483557 -0.4713967368259963 0
    outer loop
      vertex 10.905854575756962 50.13986346671538 0.20000000000000004
      vertex 10.905854575756962 50.13986346671538 0.7999999999999998
      vertex 10.840303983041933 50.2625 0.7999999999999998
    endloop
  endfacet
  facet normal -0.9108638249211769 -0.41270702980439217 0
    outer loop
      vertex 10.963244006586484 50.01320229377582 0.20000000000000004
      vertex 10.963244006586484 50.01320229377582 0.7999999999999998
      vertex 10.905854575756962 50.13986346671538 0.7999999999999998
    endloop
  endfacet
  facet normal -0.9359059267573233 0.3522500479212397 0
    outer loop
      vertex 10.963244006586484 48.386797706224186 0.20000000000000004
      vertex 10.963244006586484 48.386797706224186 0.7999999999999998
      vertex 11.0122265251771 48.516941136230784 0.7999999999999998
    endloop
  endfacet
  facet normal -0.9569403357322089 0.2902846772544621 0
    outer loop
      vertex 11.0122265251771 48.516941136230784 0.20000000000000004
      vertex 11.0122265251771 48.516941136230784 0.7999999999999998
      vertex 11.05259238086427 48.650009529157145 0.7999999999999998
    endloop
  endfacet
  facet normal -0.9738769792773325 0.22707626303437822 0
    outer loop
      vertex 11.05259238086427 48.650009529157145 0.20000000000000004
      vertex 11.05259238086427 48.650009529157145 0.7999999999999998
      vertex 11.084168720856866 48.78543306571573 0.7999999999999998
    endloop
  endfacet
  facet normal -0.9866433320848818 0.16289547339457236 0
    outer loop
      vertex 11.084168720856866 48.78543306571573 0.20000000000000004
      vertex 11.084168720856866 48.78543306571573 0.7999999999999998
      vertex 11.106820330419346 48.92263184153239 0.7999999999999998
    endloop
  endfacet
  facet normal -0.9951847266721966 0.09801714032956317 0
    outer loop
      vertex 11.106820330419346 48.92263184153239 0.20000000000000004
      vertex 11.106820330419346 48.92263184153239 0.7999999999999998
      vertex 11.120450211882032 49.06101835038595 0.7999999999999998
    endloop
  endfacet
  facet normal -0.9994645874763656 0.032719082821780696 0
    outer loop
      vertex 11.120450211882032 49.06101835038595 0.20000000000000004
      vertex 11.120450211882032 49.06101835038595 0.7999999999999998
      vertex 11.125 49.2 0.7999999999999998
    endloop
  endfacet
  facet normal -0.9738769792773325 -0.22707626303437822 0
    outer loop
      vertex 11.084168720856866 49.61456693428428 0.20000000000000004
      vertex 11.084168720856866 49.61456693428428 0.7999999999999998
      vertex 11.05259238086427 49.74999047084286 0.7999999999999998
    endloop
  endfacet
  facet normal -0.9866433320848818 -0.16289547339457236 0
    outer loop
      vertex 11.106820330419346 49.47736815846761 0.20000000000000004
      vertex 11.106820330419346 49.47736815846761 0.7999999999999998
      vertex 11.084168720856866 49.61456693428428 0.7999999999999998
    endloop
  endfacet
  facet normal -0.9359059267573233 -0.3522500479212397 0
    outer loop
      vertex 11.0122265251771 49.88305886376922 0.20000000000000004
      vertex 11.0122265251771 49.88305886376922 0.7999999999999998
      vertex 10.963244006586484 50.01320229377582 0.7999999999999998
    endloop
  endfacet
  facet normal -0.9569403357322089 -0.2902846772544621 0
    outer loop
      vertex 11.05259238086427 49.74999047084286 0.20000000000000004
      vertex 11.05259238086427 49.74999047084286 0.7999999999999998
      vertex 11.0122265251771 49.88305886376922 0.7999999999999998
    endloop
  endfacet
  facet normal -0.9994645874763656 -0.032719082821780696 0
    outer loop
      vertex 11.125 49.2 0.20000000000000004
      vertex 11.125 49.2 0.7999999999999998
      vertex 11.120450211882032 49.338981649614055 0.7999999999999998
    endloop
  endfacet
  facet normal -0.9951847266721966 -0.09801714032956317 0
    outer loop
      vertex 11.120450211882032 49.338981649614055 0.20000000000000004
      vertex 11.120450211882032 49.338981649614055 0.7999999999999998
      vertex 11.106820330419346 49.47736815846761 0.7999999999999998
    endloop
  endfacet
  facet normal 0 0 -1
    outer loop
      vertex 10.685875848118874 50.49361803664353 0.20000000000000004
      vertex 10.666710699058807 51.69440883690764 0.20000000000000004
      vertex 10.76687292614291 50.38058674516666 0.20000000000000004
    endloop
  endfacet
  facet normal 0 0 -1
    outer loop
      vertex 10.76687292614291 50.38058674516666 0.20000000000000004
      vertex 10.826284287026162 51.58006002087371 0.20000000000000004
      vertex 10.840303983041933 50.2625 0.20000000000000004
    endloop
  endfacet
  facet normal 0 0 -1
    outer loop
      vertex 10.666710699058807 51.69440883690764 0.20000000000000004
      vertex 10.826284287026162 51.58006002087371 0.20000000000000004
      vertex 10.76687292614291 50.38058674516666 0.20000000000000004
    endloop
  endfacet
  facet normal 0 0 -1
    outer loop
      vertex 10.826284287026162 51.58006002087371 0.20000000000000004
      vertex 10.905854575756962 50.13986346671538 0.20000000000000004
      vertex 10.840303983041933 50.2625 0.20000000000000004
    endloop
  endfacet
  facet normal 0 0 -1
    outer loop
      vertex 10.963244006586484 50.01320229377582 0.20000000000000004
      vertex 10.905854575756962 50.13986346671538 0.20000000000000004
      vertex 10.978037445300206 51.455519422436936 0.20000000000000004
    endloop
  endfacet
  facet normal 0 0 -1
    outer loop
      vertex 10.826284287026162 51.58006002087371 0.20000000000000004
      vertex 10.978037445300206 51.455519422436936 0.20000000000000004
      vertex 10.905854575756962 50.13986346671538 0.20000000000000004
    endloop
  endfacet
  facet normal -0.8128466845916001 -0.5824776968678231 0
    outer loop
      vertex 10.685875848118874 50.49361803664353 0.20000000000000004
      vertex 10.76687292614291 50.38058674516666 0.20000000000000004
      vertex 10.685875848118874 50.49361803664353 0.7999999999999998
    endloop
  endfacet
  facet normal -0.8492021815265837 -0.5280678506503601 0
    outer loop
      vertex 10.76687292614291 50.38058674516666 0.20000000000000004
      vertex 10.840303983041933 50.2625 0.20000000000000004
      vertex 10.76687292614291 50.38058674516666 0.7999999999999998
    endloop
  endfacet
  facet normal -0.5824776968678081 -0.8128466845916109 0
    outer loop
      vertex 10.826284287026162 51.58006002087371 0.20000000000000004
      vertex 10.666710699058807 51.69440883690764 0
      vertex 10.826284287026162 51.58006002087371 0
    endloop
  endfacet
  facet normal -0.5824776968678081 -0.8128466845916109 0
    outer loop
      vertex 10.666710699058807 51.69440883690764 0.20000000000000004
      vertex 10.666710699058807 51.69440883690764 0
      vertex 10.826284287026162 51.58006002087371 0.20000000000000004
    endloop
  endfacet
  facet normal -0.6343932841636483 -0.7730104533627347 0
    outer loop
      vertex 10.978037445300206 51.455519422436936 0.20000000000000004
      vertex 10.826284287026162 51.58006002087371 0
      vertex 10.978037445300206 51.455519422436936 0
    endloop
  endfacet
  facet normal -0.6343932841636483 -0.7730104533627347 0
    outer loop
      vertex 10.826284287026162 51.58006002087371 0.20000000000000004
      vertex 10.826284287026162 51.58006002087371 0
      vertex 10.978037445300206 51.455519422436936 0.20000000000000004
    endloop
  endfacet
  facet normal 0 0 -1
    outer loop
      vertex 10.963244006586484 50.01320229377582 0.20000000000000004
      vertex 10.978037445300206 51.455519422436936 0.20000000000000004
      vertex 11.0122265251771 49.88305886376922 0.20000000000000004
    endloop
  endfacet
  facet normal 0 0 -1
    outer loop
      vertex 11.0122265251771 49.88305886376922 0.20000000000000004
      vertex 10.978037445300206 51.455519422436936 0.20000000000000004
      vertex 11.05259238086427 49.74999047084286 0.20000000000000004
    endloop
  endfacet
  facet normal 0 0 -1
    outer loop
      vertex 11.05259238086427 49.74999047084286 0.20000000000000004
      vertex 10.978037445300206 51.455519422436936 0.20000000000000004
      vertex 11.121320343559642 51.32132034355965 0.20000000000000004
    endloop
  endfacet
  facet normal -0.6835923020228659 -0.7298640726978406 0
    outer loop
      vertex 11.121320343559642 51.32132034355965 0.20000000000000004
      vertex 10.978037445300206 51.455519422436936 0
      vertex 11.121320343559642 51.32132034355965 0
    endloop
  endfacet
  facet normal -0.6835923020228659 -0.7298640726978406 0
    outer loop
      vertex 10.978037445300206 51.455519422436936 0.20000000000000004
      vertex 10.978037445300206 51.455519422436936 0
      vertex 11.121320343559642 51.32132034355965 0.20000000000000004
    endloop
  endfacet
  facet normal -0.7298640726978316 -0.6835923020228756 0
    outer loop
      vertex 11.255519422436933 51.17803744530021 0.20000000000000004
      vertex 11.121320343559642 51.32132034355965 0
      vertex 11.255519422436933 51.17803744530021 0
    endloop
  endfacet
  facet normal -0.7298640726978316 -0.6835923020228756 0
    outer loop
      vertex 11.121320343559642 51.32132034355965 0.20000000000000004
      vertex 11.121320343559642 51.32132034355965 0
      vertex 11.255519422436933 51.17803744530021 0.20000000000000004
    endloop
  endfacet
  facet normal -0.8128466845916001 -0.5824776968678231 0
    outer loop
      vertex 10.76687292614291 50.38058674516666 0.20000000000000004
      vertex 10.76687292614291 50.38058674516666 0.7999999999999998
      vertex 10.685875848118874 50.49361803664353 0.7999999999999998
    endloop
  endfacet
  facet normal -0.02682774502295236 -0.8195028344262367 0.5724468328712699
    outer loop
      vertex 9 51.325 0.7999999999999998
      vertex 9.138981649614054 51.32045021188203 0.7999999999999998
      vertex 9.285176879657904 53.550958393238915 4
    endloop
  endfacet
  facet normal -0.08036835454594973 -0.815993597476861 0.5724468328712697
    outer loop
      vertex 9.138981649614054 51.32045021188203 0.7999999999999998
      vertex 9.27736815846761 51.30682033041935 0.7999999999999998
      vertex 9.569132588135961 53.522991197019635 4
    endloop
  endfacet
  facet normal -0.1335648144364238 -0.8089901506694739 0.5724468328712682
    outer loop
      vertex 9.27736815846761 51.30682033041935 0.7999999999999998
      vertex 9.414566934284272 51.28416872085687 0.7999999999999998
      vertex 9.850651183496796 53.47651228881703 4
    endloop
  endfacet
  facet normal -0.1861893292862654 -0.798522483838485 0.5724468328712696
    outer loop
      vertex 9.414566934284272 51.28416872085687 0.7999999999999998
      vertex 9.549990470842857 51.25259238086427 0.7999999999999998
      vertex 10.12852715989555 53.4117206984516 4
    endloop
  endfacet
  facet normal -0.23801655284376205 -0.784635421140306 0.5724468328712693
    outer loop
      vertex 9.549990470842857 51.25259238086427 0.7999999999999998
      vertex 9.683058863769219 51.2122265251771 0.7999999999999998
      vertex 10.401570609740991 53.32889387346028 4
    endloop
  endfacet
  facet normal -0.28882455298101506 -0.7673884291093861 0.5724468328712682
    outer loop
      vertex 9.683058863769219 51.2122265251771 0.7999999999999998
      vertex 9.813202293775817 51.16324400658649 0.7999999999999998
      vertex 10.668612319062488 53.22838649102348 4
    endloop
  endfacet
  facet normal -0.026827745022932916 -0.8195028344262381 0.572446832871269
    outer loop
      vertex 9 51.325 0.7999999999999998
      vertex 9.285176879657904 53.550958393238915 4
      vertex 9 53.56029411764706 4
    endloop
  endfacet
  facet normal -0.08036835454595012 -0.8159935974768607 0.5724468328712697
    outer loop
      vertex 9.138981649614054 51.32045021188203 0.7999999999999998
      vertex 9.569132588135961 53.522991197019635 4
      vertex 9.285176879657904 53.550958393238915 4
    endloop
  endfacet
  facet normal -0.13356481443645243 -0.8089901506694682 0.5724468328712696
    outer loop
      vertex 9.27736815846761 51.30682033041935 0.7999999999999998
      vertex 9.850651183496796 53.47651228881703 4
      vertex 9.569132588135961 53.522991197019635 4
    endloop
  endfacet
  facet normal -0.18618932928624393 -0.7985224838384908 0.5724468328712686
    outer loop
      vertex 9.414566934284272 51.28416872085687 0.7999999999999998
      vertex 10.12852715989555 53.4117206984516 4
      vertex 9.850651183496796 53.47651228881703 4
    endloop
  endfacet
  facet normal -0.2380165528437612 -0.7846354211403065 0.5724468328712692
    outer loop
      vertex 9.549990470842857 51.25259238086427 0.7999999999999998
      vertex 10.401570609740991 53.32889387346028 4
      vertex 10.12852715989555 53.4117206984516 4
    endloop
  endfacet
  facet normal -0.33839576204128746 -0.7468553620133885 0.5724468328712692
    outer loop
      vertex 9.813202293775817 51.16324400658649 0.7999999999999998
      vertex 9.939863466715378 51.105854575756965 0.7999999999999998
      vertex 10.928508774263735 53.11062893918297 4
    endloop
  endfacet
  facet normal -0.38651790849698914 -0.7231241455979514 0.5724468328712685
    outer loop
      vertex 9.939863466715378 51.105854575756965 0.7999999999999998
      vertex 10.0625 51.04030398304194 0.7999999999999998
      vertex 11.180147058823529 52.97612547385421 4
    endloop
  endfacet
  facet normal -0.43298492592924576 -0.6962964005749986 0.5724468328712689
    outer loop
      vertex 10.0625 51.04030398304194 0.7999999999999998
      vertex 10.180586745166654 50.96687292614291 0.7999999999999998
      vertex 11.422449618975177 52.82545205952507 4
    endloop
  endfacet
  facet normal -0.5201655976884528 -0.6338236146729366 0.5724468328712697
    outer loop
      vertex 10.293618036643531 50.88587584811888 0.7999999999999998
      vertex 10.401109857087647 50.79765959089283 0.7999999999999998
      vertex 11.874941679076036 52.47824268996349 4
    endloop
  endfacet
  facet normal -0.4775978354355791 -0.6664870074674397 0.5724468328712689
    outer loop
      vertex 10.180586745166654 50.96687292614291 0.7999999999999998
      vertex 10.293618036643531 50.88587584811888 0.7999999999999998
      vertex 11.654378877957143 52.65925390288752 4
    endloop
  endfacet
  facet normal -0.5605059309947277 -0.5984460918540508 0.572446832871269
    outer loop
      vertex 10.401109857087647 50.79765959089283 0.7999999999999998
      vertex 10.502601910021413 50.702601910021414 0.7999999999999998
      vertex 12.08319353855605 52.28319353855605 4
    endloop
  endfacet
  facet normal -0.598446091854046 -0.5605059309947329 0.5724468328712691
    outer loop
      vertex 10.502601910021413 50.702601910021414 0.7999999999999998
      vertex 10.597659590892826 50.60110985708765 0.7999999999999998
      vertex 12.278242689963482 52.07494167907604 4
    endloop
  endfacet
  facet normal -0.6338236146729517 -0.5201655976884357 0.5724468328712687
    outer loop
      vertex 10.685875848118874 50.49361803664353 0.7999999999999998
      vertex 12.459253902887518 51.85437887795714 4
      vertex 10.597659590892826 50.60110985708765 0.7999999999999998
    endloop
  endfacet
  facet normal -0.2888245529810376 -0.767388429109377 0.572446832871269
    outer loop
      vertex 9.683058863769219 51.2122265251771 0.7999999999999998
      vertex 10.668612319062488 53.22838649102348 4
      vertex 10.401570609740991 53.32889387346028 4
    endloop
  endfacet
  facet normal -0.33839576204127314 -0.7468553620133956 0.5724468328712682
    outer loop
      vertex 9.813202293775817 51.16324400658649 0.7999999999999998
      vertex 10.928508774263735 53.11062893918297 4
      vertex 10.668612319062488 53.22838649102348 4
    endloop
  endfacet
  facet normal -0.38651790849699935 -0.7231241455979454 0.572446832871269
    outer loop
      vertex 9.939863466715378 51.105854575756965 0.7999999999999998
      vertex 11.180147058823529 52.97612547385421 4
      vertex 10.928508774263735 53.11062893918297 4
    endloop
  endfacet
  facet normal -0.4329849259292409 -0.696296400575002 0.5724468328712686
    outer loop
      vertex 10.0625 51.04030398304194 0.7999999999999998
      vertex 11.422449618975177 52.82545205952507 4
      vertex 11.180147058823529 52.97612547385421 4
    endloop
  endfacet
  facet normal -0.4775978354355795 -0.6664870074674396 0.5724468328712685
    outer loop
      vertex 10.180586745166654 50.96687292614291 0.7999999999999998
      vertex 11.654378877957143 52.65925390288752 4
      vertex 11.422449618975177 52.82545205952507 4
    endloop
  endfacet
  facet normal -0.7730104533627419 0.6343932841636394 0
    outer loop
      vertex 11.255519422436933 47.22196255469979 0.20000000000000004
      vertex 11.380060020873707 47.37371571297384 0
      vertex 11.255519422436933 47.22196255469979 0
    endloop
  endfacet
  facet normal -0.7730104533627419 0.6343932841636394 0
    outer loop
      vertex 11.255519422436933 47.22196255469979 0.20000000000000004
      vertex 11.380060020873707 47.37371571297384 0.20000000000000004
      vertex 11.380060020873707 47.37371571297384 0
    endloop
  endfacet
  facet normal -0.8128466845916257 0.5824776968677876 0
    outer loop
      vertex 11.380060020873707 47.37371571297384 0.20000000000000004
      vertex 11.494408836907635 47.5332893009412 0
      vertex 11.380060020873707 47.37371571297384 0
    endloop
  endfacet
  facet normal -0.8492021815265725 0.5280678506503783 0
    outer loop
      vertex 11.494408836907635 47.5332893009412 0.20000000000000004
      vertex 11.598076211353316 47.7 0
      vertex 11.494408836907635 47.5332893009412 0
    endloop
  endfacet
  facet normal -0.8128466845916257 0.5824776968677876 0
    outer loop
      vertex 11.380060020873707 47.37371571297384 0.20000000000000004
      vertex 11.494408836907635 47.5332893009412 0.20000000000000004
      vertex 11.494408836907635 47.5332893009412 0
    endloop
  endfacet
  facet normal -0.8819212643483537 0.471396736826 0
    outer loop
      vertex 11.598076211353316 47.7 0.20000000000000004
      vertex 11.690618224598065 47.873133929343 0
      vertex 11.598076211353316 47.7 0
    endloop
  endfacet
  facet normal -0.8492021815265725 0.5280678506503783 0
    outer loop
      vertex 11.494408836907635 47.5332893009412 0.20000000000000004
      vertex 11.598076211353316 47.7 0.20000000000000004
      vertex 11.598076211353316 47.7 0
    endloop
  endfacet
  facet normal -0.8819212643483537 0.471396736826 0
    outer loop
      vertex 11.598076211353316 47.7 0.20000000000000004
      vertex 11.690618224598065 47.873133929343 0.20000000000000004
      vertex 11.690618224598065 47.873133929343 0
    endloop
  endfacet
  facet normal -0.9108638249211796 0.41270702980438667 0
    outer loop
      vertex 11.690618224598065 47.873133929343 0.20000000000000004
      vertex 11.77163859753386 48.051949702904736 0
      vertex 11.690618224598065 47.873133929343 0
    endloop
  endfacet
  facet normal -0.9108638249211796 0.41270702980438667 0
    outer loop
      vertex 11.690618224598065 47.873133929343 0.20000000000000004
      vertex 11.77163859753386 48.051949702904736 0.20000000000000004
      vertex 11.77163859753386 48.051949702904736 0
    endloop
  endfacet
  facet normal 0 0 -1
    outer loop
      vertex 18 41.2 0
      vertex 10.148050297095269 46.428361402466145 0
      vertex 10.326866070657005 46.50938177540194 0
    endloop
  endfacet
  facet normal 0 0 -1
    outer loop
      vertex 18 41.2 0
      vertex 10.326866070657005 46.50938177540194 0
      vertex 10.5 46.60192378864669 0
    endloop
  endfacet
  facet normal 0 0 -1
    outer loop
      vertex 18 41.2 0
      vertex 10.5 46.60192378864669 0
      vertex 10.666710699058807 46.705591163092365 0
    endloop
  endfacet
  facet normal 0 0 -1
    outer loop
      vertex 18 41.2 0
      vertex 10.666710699058807 46.705591163092365 0
      vertex 10.826284287026162 46.819939979126296 0
    endloop
  endfacet
  facet normal 0 0 -1
    outer loop
      vertex 18 41.2 0
      vertex 10.826284287026162 46.819939979126296 0
      vertex 10.978037445300206 46.94448057756307 0
    endloop
  endfacet
  facet normal 0 0 -1
    outer loop
      vertex 18 41.2 0
      vertex 10.978037445300206 46.94448057756307 0
      vertex 11.121320343559642 47.07867965644036 0
    endloop
  endfacet
  facet normal 0 0 -1
    outer loop
      vertex 18 41.2 0
      vertex 11.121320343559642 47.07867965644036 0
      vertex 11.255519422436933 47.22196255469979 0
    endloop
  endfacet
  facet normal -0.6664870074674242 0.47759783543560086 0.572446832871269
    outer loop
      vertex 10.685875848118874 47.90638196335647 0.7999999999999998
      vertex 12.459253902887518 46.54562112204287 4
      vertex 10.76687292614291 48.019413254833346 0.7999999999999998
    endloop
  endfacet
  facet normal -0.6962964005750094 0.4329849259292289 0.5724468328712687
    outer loop
      vertex 10.76687292614291 48.019413254833346 0.7999999999999998
      vertex 12.625452059525069 46.777550381024824 4
      vertex 10.840303983041933 48.1375 0.7999999999999998
    endloop
  endfacet
  facet normal -0.7231241455979446 0.3865179084970015 0.5724468328712687
    outer loop
      vertex 10.840303983041933 48.1375 0.7999999999999998
      vertex 12.776125473854206 47.019852941176474 4
      vertex 10.905854575756962 48.26013653328462 0.7999999999999998
    endloop
  endfacet
  facet normal -0.7468553620133946 0.338395762041275 0.5724468328712686
    outer loop
      vertex 10.905854575756962 48.26013653328462 0.7999999999999998
      vertex 12.91062893918297 47.27149122573627 4
      vertex 10.963244006586484 48.386797706224186 0.7999999999999998
    endloop
  endfacet
  facet normal -0.5201655976884401 0.6338236146729473 0.5724468328712694
    outer loop
      vertex 10.401109857087647 47.60234040910718 0.7999999999999998
      vertex 11.654378877957143 45.740746097112485 4
      vertex 11.874941679076036 45.92175731003652 4
    endloop
  endfacet
  facet normal -0.5605059309947342 0.5984460918540444 0.5724468328712692
    outer loop
      vertex 10.502601910021413 47.69739808997859 0.7999999999999998
      vertex 11.874941679076036 45.92175731003652 4
      vertex 12.08319353855605 46.11680646144396 4
    endloop
  endfacet
  facet normal -0.598446091854045 0.5605059309947338 0.5724468328712692
    outer loop
      vertex 10.597659590892826 47.798890142912356 0.7999999999999998
      vertex 12.08319353855605 46.11680646144396 4
      vertex 12.278242689963482 46.325058320923965 4
    endloop
  endfacet
  facet normal -0.6338236146729556 0.5201655976884306 0.572446832871269
    outer loop
      vertex 10.685875848118874 47.90638196335647 0.7999999999999998
      vertex 12.278242689963482 46.325058320923965 4
      vertex 12.459253902887518 46.54562112204287 4
    endloop
  endfacet
  facet normal -0.6664870074674288 0.47759783543559486 0.5724468328712685
    outer loop
      vertex 10.76687292614291 48.019413254833346 0.7999999999999998
      vertex 12.459253902887518 46.54562112204287 4
      vertex 12.625452059525069 46.777550381024824 4
    endloop
  endfacet
  facet normal -0.6962964005750075 0.43298492592923105 0.5724468328712692
    outer loop
      vertex 10.840303983041933 48.1375 0.7999999999999998
      vertex 12.625452059525069 46.777550381024824 4
      vertex 12.776125473854206 47.019852941176474 4
    endloop
  endfacet
  facet normal -0.7231241455979446 0.38651790849700113 0.5724468328712689
    outer loop
      vertex 10.905854575756962 48.26013653328462 0.7999999999999998
      vertex 12.776125473854206 47.019852941176474 4
      vertex 12.91062893918297 47.27149122573627 4
    endloop
  endfacet
  facet normal -0.746855362013393 0.3383957620412778 0.5724468328712689
    outer loop
      vertex 10.963244006586484 48.386797706224186 0.7999999999999998
      vertex 12.91062893918297 47.27149122573627 4
      vertex 13.028386491023479 47.53138768093752 4
    endloop
  endfacet
  facet normal -0.7673884291093797 0.28882455298103044 0.5724468328712687
    outer loop
      vertex 11.0122265251771 48.516941136230784 0.7999999999999998
      vertex 13.028386491023479 47.53138768093752 4
      vertex 13.128893873460276 47.79842939025901 4
    endloop
  endfacet
  facet normal 0 0 -1
    outer loop
      vertex 11.255519422436933 47.22196255469979 0.20000000000000004
      vertex 11.255519422436933 51.17803744530021 0.20000000000000004
      vertex 11.380060020873707 47.37371571297384 0.20000000000000004
    endloop
  endfacet
  facet normal 0 0 -1
    outer loop
      vertex 11.380060020873707 47.37371571297384 0.20000000000000004
      vertex 11.380060020873707 51.026284287026165 0.20000000000000004
      vertex 11.494408836907635 47.5332893009412 0.20000000000000004
    endloop
  endfacet
  facet normal 0 0 -1
    outer loop
      vertex 11.494408836907635 47.5332893009412 0.20000000000000004
      vertex 11.494408836907635 50.86671069905881 0.20000000000000004
      vertex 11.598076211353316 47.7 0.20000000000000004
    endloop
  endfacet
  facet normal 0 0 -1
    outer loop
      vertex 11.380060020873707 47.37371571297384 0.20000000000000004
      vertex 11.255519422436933 51.17803744530021 0.20000000000000004
      vertex 11.380060020873707 51.026284287026165 0.20000000000000004
    endloop
  endfacet
  facet normal 0 0 -1
    outer loop
      vertex 11.494408836907635 47.5332893009412 0.20000000000000004
      vertex 11.380060020873707 51.026284287026165 0.20000000000000004
      vertex 11.494408836907635 50.86671069905881 0.20000000000000004
    endloop
  endfacet
  facet normal 0 0 -1
    outer loop
      vertex 11.598076211353316 47.7 0.20000000000000004
      vertex 11.598076211353316 50.7 0.20000000000000004
      vertex 11.690618224598065 47.873133929343 0.20000000000000004
    endloop
  endfacet
  facet normal -0.9359059267573225 0.3522500479212421 0
    outer loop
      vertex 11.77163859753386 48.051949702904736 0.20000000000000004
      vertex 11.840790388485317 48.235681604090516 0
      vertex 11.77163859753386 48.051949702904736 0
    endloop
  endfacet
  facet normal 0 0 -1
    outer loop
      vertex 11.690618224598065 47.873133929343 0.20000000000000004
      vertex 11.690618224598065 50.52686607065701 0.20000000000000004
      vertex 11.77163859753386 48.051949702904736 0.20000000000000004
    endloop
  endfacet
  facet normal 0 0 -1
    outer loop
      vertex 11.77163859753386 48.051949702904736 0.20000000000000004
      vertex 11.77163859753386 50.34805029709527 0.20000000000000004
      vertex 11.840790388485317 48.235681604090516 0.20000000000000004
    endloop
  endfacet
  facet normal 0 0 -1
    outer loop
      vertex 11.598076211353316 47.7 0.20000000000000004
      vertex 11.494408836907635 50.86671069905881 0.20000000000000004
      vertex 11.598076211353316 50.7 0.20000000000000004
    endloop
  endfacet
  facet normal 0 0 -1
    outer loop
      vertex 11.690618224598065 47.873133929343 0.20000000000000004
      vertex 11.598076211353316 50.7 0.20000000000000004
      vertex 11.690618224598065 50.52686607065701 0.20000000000000004
    endloop
  endfacet
  facet normal 0 0 -1
    outer loop
      vertex 11.77163859753386 48.051949702904736 0.20000000000000004
      vertex 11.690618224598065 50.52686607065701 0.20000000000000004
      vertex 11.77163859753386 50.34805029709527 0.20000000000000004
    endloop
  endfacet
  facet normal -0.9359059267573225 -0.3522500479212421 0
    outer loop
      vertex 11.77163859753386 50.34805029709527 0.20000000000000004
      vertex 11.77163859753386 50.34805029709527 0
      vertex 11.840790388485317 50.16431839590949 0.20000000000000004
    endloop
  endfacet
  facet normal -0.7730104533627419 -0.6343932841636394 0
    outer loop
      vertex 11.380060020873707 51.026284287026165 0.20000000000000004
      vertex 11.255519422436933 51.17803744530021 0
      vertex 11.380060020873707 51.026284287026165 0
    endloop
  endfacet
  facet normal -0.7730104533627419 -0.6343932841636394 0
    outer loop
      vertex 11.255519422436933 51.17803744530021 0.20000000000000004
      vertex 11.255519422436933 51.17803744530021 0
      vertex 11.380060020873707 51.026284287026165 0.20000000000000004
    endloop
  endfacet
  facet normal -0.8492021815265725 -0.5280678506503783 0
    outer loop
      vertex 11.494408836907635 50.86671069905881 0.20000000000000004
      vertex 11.494408836907635 50.86671069905881 0
      vertex 11.598076211353316 50.7 0.20000000000000004
    endloop
  endfacet
  facet normal -0.8128466845916257 -0.5824776968677876 0
    outer loop
      vertex 11.494408836907635 50.86671069905881 0.20000000000000004
      vertex 11.380060020873707 51.026284287026165 0
      vertex 11.494408836907635 50.86671069905881 0
    endloop
  endfacet
  facet normal -0.8128466845916257 -0.5824776968677876 0
    outer loop
      vertex 11.380060020873707 51.026284287026165 0.20000000000000004
      vertex 11.380060020873707 51.026284287026165 0
      vertex 11.494408836907635 50.86671069905881 0.20000000000000004
    endloop
  endfacet
  facet normal -0.8492021815265725 -0.5280678506503783 0
    outer loop
      vertex 11.598076211353316 50.7 0.20000000000000004
      vertex 11.494408836907635 50.86671069905881 0
      vertex 11.598076211353316 50.7 0
    endloop
  endfacet
  facet normal -0.8819212643483537 -0.471396736826 0
    outer loop
      vertex 11.690618224598065 50.52686607065701 0.20000000000000004
      vertex 11.598076211353316 50.7 0
      vertex 11.690618224598065 50.52686607065701 0
    endloop
  endfacet
  facet normal -0.8819212643483537 -0.471396736826 0
    outer loop
      vertex 11.598076211353316 50.7 0.20000000000000004
      vertex 11.598076211353316 50.7 0
      vertex 11.690618224598065 50.52686607065701 0.20000000000000004
    endloop
  endfacet
  facet normal -0.9108638249211796 -0.41270702980438667 0
    outer loop
      vertex 11.77163859753386 50.34805029709527 0.20000000000000004
      vertex 11.690618224598065 50.52686607065701 0
      vertex 11.77163859753386 50.34805029709527 0
    endloop
  endfacet
  facet normal -0.9108638249211796 -0.41270702980438667 0
    outer loop
      vertex 11.690618224598065 50.52686607065701 0.20000000000000004
      vertex 11.690618224598065 50.52686607065701 0
      vertex 11.77163859753386 50.34805029709527 0.20000000000000004
    endloop
  endfacet
  facet normal -0.9569403357322106 0.29028467725445634 0
    outer loop
      vertex 11.840790388485317 48.235681604090516 0.20000000000000004
      vertex 11.897777478867205 48.42354286469244 0
      vertex 11.840790388485317 48.235681604090516 0
    endloop
  endfacet
  facet normal -0.9738769792773334 0.22707626303437414 0
    outer loop
      vertex 11.897777478867205 48.42354286469244 0.20000000000000004
      vertex 11.942355841209691 48.61472903395162 0
      vertex 11.897777478867205 48.42354286469244 0
    endloop
  endfacet
  facet normal -0.9359059267573225 0.3522500479212421 0
    outer loop
      vertex 11.77163859753386 48.051949702904736 0.20000000000000004
      vertex 11.840790388485317 48.235681604090516 0.20000000000000004
      vertex 11.840790388485317 48.235681604090516 0
    endloop
  endfacet
  facet normal -0.9569403357322106 0.29028467725445634 0
    outer loop
      vertex 11.840790388485317 48.235681604090516 0.20000000000000004
      vertex 11.897777478867205 48.42354286469244 0.20000000000000004
      vertex 11.897777478867205 48.42354286469244 0
    endloop
  endfacet
  facet normal -0.9738769792773334 0.22707626303437414 0
    outer loop
      vertex 11.897777478867205 48.42354286469244 0.20000000000000004
      vertex 11.942355841209691 48.61472903395162 0.20000000000000004
      vertex 11.942355841209691 48.61472903395162 0
    endloop
  endfacet
  facet normal -0.9866433320848794 0.16289547339458615 0
    outer loop
      vertex 11.942355841209691 48.61472903395162 0.20000000000000004
      vertex 11.974334584121431 48.80842142333985 0
      vertex 11.942355841209691 48.61472903395162 0
    endloop
  endfacet
  facet normal 0 0 -1
    outer loop
      vertex 11.840790388485317 48.235681604090516 0.20000000000000004
      vertex 11.840790388485317 50.16431839590949 0.20000000000000004
      vertex 11.897777478867205 48.42354286469244 0.20000000000000004
    endloop
  endfacet
  facet normal 0 0 -1
    outer loop
      vertex 11.897777478867205 48.42354286469244 0.20000000000000004
      vertex 11.897777478867205 49.97645713530756 0.20000000000000004
      vertex 11.942355841209691 48.61472903395162 0.20000000000000004
    endloop
  endfacet
  facet normal 0 0 -1
    outer loop
      vertex 11.942355841209691 48.61472903395162 0.20000000000000004
      vertex 11.942355841209691 49.78527096604839 0.20000000000000004
      vertex 11.974334584121431 48.80842142333985 0.20000000000000004
    endloop
  endfacet
  facet normal -0.9951847266721968 0.09801714032956228 0
    outer loop
      vertex 11.974334584121431 48.80842142333985 0.20000000000000004
      vertex 11.99357676971581 49.00379061230957 0
      vertex 11.974334584121431 48.80842142333985 0
    endloop
  endfacet
  facet normal -0.9994645874763656 0.03271908282177748 0
    outer loop
      vertex 11.99357676971581 49.00379061230957 0.20000000000000004
      vertex 12 49.2 0
      vertex 11.99357676971581 49.00379061230957 0
    endloop
  endfacet
  facet normal -0.9866433320848794 0.16289547339458615 0
    outer loop
      vertex 11.942355841209691 48.61472903395162 0.20000000000000004
      vertex 11.974334584121431 48.80842142333985 0.20000000000000004
      vertex 11.974334584121431 48.80842142333985 0
    endloop
  endfacet
  facet normal -0.9951847266721968 0.09801714032956228 0
    outer loop
      vertex 11.974334584121431 48.80842142333985 0.20000000000000004
      vertex 11.99357676971581 49.00379061230957 0.20000000000000004
      vertex 11.99357676971581 49.00379061230957 0
    endloop
  endfacet
  facet normal -0.9994645874763656 0.03271908282177748 0
    outer loop
      vertex 11.99357676971581 49.00379061230957 0.20000000000000004
      vertex 12 49.2 0.20000000000000004
      vertex 12 49.2 0
    endloop
  endfacet
  facet normal 0 0 -1
    outer loop
      vertex 11.974334584121431 48.80842142333985 0.20000000000000004
      vertex 11.974334584121431 49.591578576660154 0.20000000000000004
      vertex 11.99357676971581 49.00379061230957 0.20000000000000004
    endloop
  endfacet
  facet normal 0 0 -1
    outer loop
      vertex 11.77163859753386 50.34805029709527 0.20000000000000004
      vertex 11.840790388485317 50.16431839590949 0.20000000000000004
      vertex 11.840790388485317 48.235681604090516 0.20000000000000004
    endloop
  endfacet
  facet normal 0 0 -1
    outer loop
      vertex 11.897777478867205 48.42354286469244 0.20000000000000004
      vertex 11.840790388485317 50.16431839590949 0.20000000000000004
      vertex 11.897777478867205 49.97645713530756 0.20000000000000004
    endloop
  endfacet
  facet normal 0 0 -1
    outer loop
      vertex 11.942355841209691 48.61472903395162 0.20000000000000004
      vertex 11.897777478867205 49.97645713530756 0.20000000000000004
      vertex 11.942355841209691 49.78527096604839 0.20000000000000004
    endloop
  endfacet
  facet normal -0.9866433320848794 -0.16289547339458615 0
    outer loop
      vertex 11.942355841209691 49.78527096604839 0.20000000000000004
      vertex 11.942355841209691 49.78527096604839 0
      vertex 11.974334584121431 49.591578576660154 0.20000000000000004
    endloop
  endfacet
  facet normal -0.9569403357322106 -0.29028467725445634 0
    outer loop
      vertex 11.897777478867205 49.97645713530756 0.20000000000000004
      vertex 11.840790388485317 50.16431839590949 0
      vertex 11.897777478867205 49.97645713530756 0
    endloop
  endfacet
  facet normal -0.9359059267573225 -0.3522500479212421 0
    outer loop
      vertex 11.840790388485317 50.16431839590949 0.20000000000000004
      vertex 11.77163859753386 50.34805029709527 0
      vertex 11.840790388485317 50.16431839590949 0
    endloop
  endfacet
  facet normal -0.9738769792773334 -0.22707626303437414 0
    outer loop
      vertex 11.942355841209691 49.78527096604839 0.20000000000000004
      vertex 11.897777478867205 49.97645713530756 0
      vertex 11.942355841209691 49.78527096604839 0
    endloop
  endfacet
  facet normal -0.9569403357322106 -0.29028467725445634 0
    outer loop
      vertex 11.840790388485317 50.16431839590949 0.20000000000000004
      vertex 11.840790388485317 50.16431839590949 0
      vertex 11.897777478867205 49.97645713530756 0.20000000000000004
    endloop
  endfacet
  facet normal -0.9738769792773334 -0.22707626303437414 0
    outer loop
      vertex 11.897777478867205 49.97645713530756 0.20000000000000004
      vertex 11.897777478867205 49.97645713530756 0
      vertex 11.942355841209691 49.78527096604839 0.20000000000000004
    endloop
  endfacet
  facet normal -0.9951847266721968 -0.09801714032956228 0
    outer loop
      vertex 11.99357676971581 49.39620938769043 0.20000000000000004
      vertex 11.974334584121431 49.591578576660154 0
      vertex 11.99357676971581 49.39620938769043 0
    endloop
  endfacet
  facet normal -0.9994645874763656 -0.03271908282177748 0
    outer loop
      vertex 12 49.2 0.20000000000000004
      vertex 11.99357676971581 49.39620938769043 0
      vertex 12 49.2 0
    endloop
  endfacet
  facet normal -0.9866433320848794 -0.16289547339458615 0
    outer loop
      vertex 11.974334584121431 49.591578576660154 0.20000000000000004
      vertex 11.942355841209691 49.78527096604839 0
      vertex 11.974334584121431 49.591578576660154 0
    endloop
  endfacet
  facet normal -0.9994645874763656 -0.03271908282177748 0
    outer loop
      vertex 12 49.2 0.20000000000000004
      vertex 11.99357676971581 49.39620938769043 0.20000000000000004
      vertex 11.99357676971581 49.39620938769043 0
    endloop
  endfacet
  facet normal 0 0 -1
    outer loop
      vertex 11.99357676971581 49.00379061230957 0.20000000000000004
      vertex 11.974334584121431 49.591578576660154 0.20000000000000004
      vertex 11.99357676971581 49.39620938769043 0.20000000000000004
    endloop
  endfacet
  facet normal 0 0 -1
    outer loop
      vertex 11.974334584121431 48.80842142333985 0.20000000000000004
      vertex 11.942355841209691 49.78527096604839 0.20000000000000004
      vertex 11.974334584121431 49.591578576660154 0.20000000000000004
    endloop
  endfacet
  facet normal 0 0 -1
    outer loop
      vertex 11.99357676971581 49.00379061230957 0.20000000000000004
      vertex 11.99357676971581 49.39620938769043 0.20000000000000004
      vertex 12 49.2 0.20000000000000004
    endloop
  endfacet
  facet normal -0.9951847266721968 -0.09801714032956228 0
    outer loop
      vertex 11.99357676971581 49.39620938769043 0.20000000000000004
      vertex 11.974334584121431 49.591578576660154 0.20000000000000004
      vertex 11.974334584121431 49.591578576660154 0
    endloop
  endfacet
  facet normal 0 0 -1
    outer loop
      vertex 18 57.2 0
      vertex 8.035681604090515 52.04079038848532 0
      vertex 7.851949702904731 51.97163859753386 0
    endloop
  endfacet
  facet normal 0 0 -1
    outer loop
      vertex 18 57.2 0
      vertex 8.223542864692437 52.09777747886721 0
      vertex 8.035681604090515 52.04079038848532 0
    endloop
  endfacet
  facet normal 0 0 -1
    outer loop
      vertex 18 57.2 0
      vertex 8.414729033951616 52.14235584120969 0
      vertex 8.223542864692437 52.09777747886721 0
    endloop
  endfacet
  facet normal 0 0 -1
    outer loop
      vertex 18 57.2 0
      vertex 8.608421423339845 52.17433458412143 0
      vertex 8.414729033951616 52.14235584120969 0
    endloop
  endfacet
  facet normal 0 0 -1
    outer loop
      vertex 18 57.2 0
      vertex 8.803790612309571 52.19357676971581 0
      vertex 8.608421423339845 52.17433458412143 0
    endloop
  endfacet
  facet normal 0 0 -1
    outer loop
      vertex 18 57.2 0
      vertex 9 52.2 0
      vertex 8.803790612309571 52.19357676971581 0
    endloop
  endfacet
  facet normal 0 0 -1
    outer loop
      vertex 18 57.2 0
      vertex 9.196209387690429 52.19357676971581 0
      vertex 9 52.2 0
    endloop
  endfacet
  facet normal 0 0 -1
    outer loop
      vertex 18 57.2 0
      vertex 9.391578576660155 52.17433458412143 0
      vertex 9.196209387690429 52.19357676971581 0
    endloop
  endfacet
  facet normal 0 0 -1
    outer loop
      vertex 18 57.2 0
      vertex 9.585270966048384 52.14235584120969 0
      vertex 9.391578576660155 52.17433458412143 0
    endloop
  endfacet
  facet normal 0 0 -1
    outer loop
      vertex 18 57.2 0
      vertex 9.776457135307563 52.09777747886721 0
      vertex 9.585270966048384 52.14235584120969 0
    endloop
  endfacet
  facet normal 0 0 -1
    outer loop
      vertex 18 57.2 0
      vertex 9.964318395909485 52.04079038848532 0
      vertex 9.776457135307563 52.09777747886721 0
    endloop
  endfacet
  facet normal 0 0 -1
    outer loop
      vertex 18 57.2 0
      vertex 10.148050297095269 51.97163859753386 0
      vertex 9.964318395909485 52.04079038848532 0
    endloop
  endfacet
  facet normal 0 0 -1
    outer loop
      vertex 18 57.2 0
      vertex 10.326866070657005 51.890618224598065 0
      vertex 10.148050297095269 51.97163859753386 0
    endloop
  endfacet
  facet normal 0 0 -1
    outer loop
      vertex 18 57.2 0
      vertex 10.5 51.79807621135332 0
      vertex 10.326866070657005 51.890618224598065 0
    endloop
  endfacet
  facet normal 0 0 -1
    outer loop
      vertex 18 57.2 0
      vertex 10.666710699058807 51.69440883690764 0
      vertex 10.5 51.79807621135332 0
    endloop
  endfacet
  facet normal 0 0 -1
    outer loop
      vertex 18 57.2 0
      vertex 10.826284287026162 51.58006002087371 0
      vertex 10.666710699058807 51.69440883690764 0
    endloop
  endfacet
  facet normal 0 0 -1
    outer loop
      vertex 18 57.2 0
      vertex 10.978037445300206 51.455519422436936 0
      vertex 10.826284287026162 51.58006002087371 0
    endloop
  endfacet
  facet normal 0 0 -1
    outer loop
      vertex 18 57.2 0
      vertex 11.121320343559642 51.32132034355965 0
      vertex 10.978037445300206 51.455519422436936 0
    endloop
  endfacet
  facet normal 0 0 -1
    outer loop
      vertex 18 57.2 0
      vertex 11.255519422436933 51.17803744530021 0
      vertex 11.121320343559642 51.32132034355965 0
    endloop
  endfacet
  facet normal -0.7673884291093788 0.2888245529810332 0.572446832871269
    outer loop
      vertex 10.963244006586484 48.386797706224186 0.7999999999999998
      vertex 13.028386491023479 47.53138768093752 4
      vertex 11.0122265251771 48.516941136230784 0.7999999999999998
    endloop
  endfacet
  facet normal -0.7846354211403066 0.2380165528437622 0.5724468328712689
    outer loop
      vertex 11.0122265251771 48.516941136230784 0.7999999999999998
      vertex 13.128893873460276 47.79842939025901 4
      vertex 11.05259238086427 48.650009529157145 0.7999999999999998
    endloop
  endfacet
  facet normal -0.7985224838384871 0.18618932928625787 0.572446832871269
    outer loop
      vertex 11.05259238086427 48.650009529157145 0.7999999999999998
      vertex 13.2117206984516 48.071472840104455 4
      vertex 11.084168720856866 48.78543306571573 0.7999999999999998
    endloop
  endfacet
  facet normal -0.7673884291093788 -0.2888245529810332 0.5724468328712689
    outer loop
      vertex 10.963244006586484 50.01320229377582 0.7999999999999998
      vertex 11.0122265251771 49.88305886376922 0.7999999999999998
      vertex 13.128893873460276 50.601570609740996 4
    endloop
  endfacet
  facet normal -0.7846354211403064 -0.23801655284376214 0.5724468328712689
    outer loop
      vertex 11.0122265251771 49.88305886376922 0.7999999999999998
      vertex 11.05259238086427 49.74999047084286 0.7999999999999998
      vertex 13.2117206984516 50.32852715989555 4
    endloop
  endfacet
  facet normal -0.7985224838384871 -0.18618932928625787 0.5724468328712687
    outer loop
      vertex 11.05259238086427 49.74999047084286 0.7999999999999998
      vertex 11.084168720856866 49.61456693428428 0.7999999999999998
      vertex 13.276512288817027 50.0506511834968 4
    endloop
  endfacet
  facet normal -0.6664870074674244 -0.477597835435601 0.5724468328712685
    outer loop
      vertex 10.685875848118874 50.49361803664353 0.7999999999999998
      vertex 10.76687292614291 50.38058674516666 0.7999999999999998
      vertex 12.625452059525069 51.62244961897518 4
    endloop
  endfacet
  facet normal -0.6962964005750094 -0.4329849259292289 0.572446832871269
    outer loop
      vertex 10.76687292614291 50.38058674516666 0.7999999999999998
      vertex 10.840303983041933 50.2625 0.7999999999999998
      vertex 12.776125473854206 51.38014705882353 4
    endloop
  endfacet
  facet normal -0.7231241455979446 -0.3865179084970015 0.5724468328712686
    outer loop
      vertex 10.840303983041933 50.2625 0.7999999999999998
      vertex 10.905854575756962 50.13986346671538 0.7999999999999998
      vertex 12.91062893918297 51.128508774263736 4
    endloop
  endfacet
  facet normal -0.7468553620133944 -0.3383957620412749 0.572446832871269
    outer loop
      vertex 10.963244006586484 50.01320229377582 0.7999999999999998
      vertex 13.028386491023479 50.868612319062485 4
      vertex 10.905854575756962 50.13986346671538 0.7999999999999998
    endloop
  endfacet
  facet normal -0.8089901506694738 0.13356481443642204 0.5724468328712686
    outer loop
      vertex 11.084168720856866 48.78543306571573 0.7999999999999998
      vertex 13.276512288817027 48.34934881650321 4
      vertex 11.106820330419346 48.92263184153239 0.7999999999999998
    endloop
  endfacet
  facet normal -0.8159935974768602 0.08036835454595909 0.5724468328712691
    outer loop
      vertex 11.106820330419346 48.92263184153239 0.7999999999999998
      vertex 13.322991197019629 48.63086741186404 4
      vertex 11.120450211882032 49.06101835038595 0.7999999999999998
    endloop
  endfacet
  facet normal -0.8195028344262374 0.026827745022942245 0.5724468328712693
    outer loop
      vertex 11.120450211882032 49.06101835038595 0.7999999999999998
      vertex 13.350958393238912 48.9148231203421 4
      vertex 11.125 49.2 0.7999999999999998
    endloop
  endfacet
  facet normal -0.8195028344262377 -0.026827745022942256 0.5724468328712687
    outer loop
      vertex 11.125 49.2 0.7999999999999998
      vertex 13.360294117647058 49.2 4
      vertex 11.120450211882032 49.338981649614055 0.7999999999999998
    endloop
  endfacet
  facet normal -0.8159935974768602 -0.08036835454595909 0.5724468328712691
    outer loop
      vertex 11.106820330419346 49.47736815846761 0.7999999999999998
      vertex 11.120450211882032 49.338981649614055 0.7999999999999998
      vertex 13.350958393238912 49.48517687965791 4
    endloop
  endfacet
  facet normal -0.8089901506694733 -0.13356481443642196 0.5724468328712694
    outer loop
      vertex 11.106820330419346 49.47736815846761 0.7999999999999998
      vertex 13.322991197019629 49.76913258813597 4
      vertex 11.084168720856866 49.61456693428428 0.7999999999999998
    endloop
  endfacet
  facet normal -0.5201655976884401 -0.6338236146729481 0.5724468328712686
    outer loop
      vertex 10.293618036643531 50.88587584811888 0.7999999999999998
      vertex 11.874941679076036 52.47824268996349 4
      vertex 11.654378877957143 52.65925390288752 4
    endloop
  endfacet
  facet normal -0.5605059309947347 -0.598446091854044 0.5724468328712693
    outer loop
      vertex 10.401109857087647 50.79765959089283 0.7999999999999998
      vertex 12.08319353855605 52.28319353855605 4
      vertex 11.874941679076036 52.47824268996349 4
    endloop
  endfacet
  facet normal -0.598446091854045 -0.5605059309947338 0.5724468328712692
    outer loop
      vertex 10.502601910021413 50.702601910021414 0.7999999999999998
      vertex 12.278242689963482 52.07494167907604 4
      vertex 12.08319353855605 52.28319353855605 4
    endloop
  endfacet
  facet normal -0.6338236146729552 -0.5201655976884313 0.5724468328712687
    outer loop
      vertex 10.597659590892826 50.60110985708765 0.7999999999999998
      vertex 12.459253902887518 51.85437887795714 4
      vertex 12.278242689963482 52.07494167907604 4
    endloop
  endfacet
  facet normal -0.6664870074674285 -0.47759783543559486 0.5724468328712689
    outer loop
      vertex 10.685875848118874 50.49361803664353 0.7999999999999998
      vertex 12.625452059525069 51.62244961897518 4
      vertex 12.459253902887518 51.85437887795714 4
    endloop
  endfacet
  facet normal -0.6962964005750079 -0.432984925929231 0.5724468328712689
    outer loop
      vertex 10.76687292614291 50.38058674516666 0.7999999999999998
      vertex 12.776125473854206 51.38014705882353 4
      vertex 12.625452059525069 51.62244961897518 4
    endloop
  endfacet
  facet normal -0.7231241455979448 -0.3865179084970011 0.5724468328712687
    outer loop
      vertex 10.840303983041933 50.2625 0.7999999999999998
      vertex 12.91062893918297 51.128508774263736 4
      vertex 12.776125473854206 51.38014705882353 4
    endloop
  endfacet
  facet normal -0.7468553620133934 -0.3383957620412778 0.5724468328712687
    outer loop
      vertex 10.905854575756962 50.13986346671538 0.7999999999999998
      vertex 13.028386491023479 50.868612319062485 4
      vertex 12.91062893918297 51.128508774263736 4
    endloop
  endfacet
  facet normal -0.7673884291093797 -0.28882455298103044 0.572446832871269
    outer loop
      vertex 10.963244006586484 50.01320229377582 0.7999999999999998
      vertex 13.128893873460276 50.601570609740996 4
      vertex 13.028386491023479 50.868612319062485 4
    endloop
  endfacet
  facet normal 0 1 0
    outer loop
      vertex 0 57.2 4
      vertex 18 57.2 4
      vertex 18 57.2 0
    endloop
  endfacet
  facet normal -0.784635421140306 0.2380165528437637 0.5724468328712689
    outer loop
      vertex 11.05259238086427 48.650009529157145 0.7999999999999998
      vertex 13.128893873460276 47.79842939025901 4
      vertex 13.2117206984516 48.071472840104455 4
    endloop
  endfacet
  facet normal -0.7985224838384881 0.18618932928625373 0.5724468328712689
    outer loop
      vertex 11.084168720856866 48.78543306571573 0.7999999999999998
      vertex 13.2117206984516 48.071472840104455 4
      vertex 13.276512288817027 48.34934881650321 4
    endloop
  endfacet
  facet normal -0.808990150669471 0.13356481443643628 0.5724468328712693
    outer loop
      vertex 11.106820330419346 48.92263184153239 0.7999999999999998
      vertex 13.276512288817027 48.34934881650321 4
      vertex 13.322991197019629 48.63086741186404 4
    endloop
  endfacet
  facet normal -0.8159935974768601 0.08036835454595942 0.5724468328712692
    outer loop
      vertex 11.120450211882032 49.06101835038595 0.7999999999999998
      vertex 13.322991197019629 48.63086741186404 4
      vertex 13.350958393238912 48.9148231203421 4
    endloop
  endfacet
  facet normal -0.8195028344262381 0.026827745022932916 0.572446832871269
    outer loop
      vertex 11.125 49.2 0.7999999999999998
      vertex 13.350958393238912 48.9148231203421 4
      vertex 13.360294117647058 49.2 4
    endloop
  endfacet
  facet normal -0.7985224838384881 -0.1861893292862537 0.5724468328712689
    outer loop
      vertex 11.05259238086427 49.74999047084286 0.7999999999999998
      vertex 13.276512288817027 50.0506511834968 4
      vertex 13.2117206984516 50.32852715989555 4
    endloop
  endfacet
  facet normal -0.7846354211403063 -0.23801655284376289 0.5724468328712689
    outer loop
      vertex 11.0122265251771 49.88305886376922 0.7999999999999998
      vertex 13.2117206984516 50.32852715989555 4
      vertex 13.128893873460276 50.601570609740996 4
    endloop
  endfacet
  facet normal -0.8195028344262377 -0.026827745022932906 0.5724468328712692
    outer loop
      vertex 11.120450211882032 49.338981649614055 0.7999999999999998
      vertex 13.360294117647058 49.2 4
      vertex 13.350958393238912 49.48517687965791 4
    endloop
  endfacet
  facet normal -0.8159935974768603 -0.08036835454595943 0.5724468328712692
    outer loop
      vertex 11.106820330419346 49.47736815846761 0.7999999999999998
      vertex 13.350958393238912 49.48517687965791 4
      vertex 13.322991197019629 49.76913258813597 4
    endloop
  endfacet
  facet normal -0.8089901506694714 -0.13356481443643556 0.5724468328712689
    outer loop
      vertex 11.084168720856866 49.61456693428428 0.7999999999999998
      vertex 13.322991197019629 49.76913258813597 4
      vertex 13.276512288817027 50.0506511834968 4
    endloop
  endfacet
  facet normal 0 0 1
    outer loop
      vertex 0 57.2 4
      vertex 10.401570609740991 53.32889387346028 4
      vertex 18 57.2 4
    endloop
  endfacet
  facet normal 0 0.2902846772544564 0.9569403357322106
    outer loop
      vertex 0 43.42354286469244 4.102222521132795
      vertex 18 43.235681604090516 4.159209611514683
      vertex 18 43.42354286469244 4.102222521132795
    endloop
  endfacet
  facet normal 0 0.3522500479212421 0.9359059267573225
    outer loop
      vertex 0 43.235681604090516 4.159209611514683
      vertex 18 43.051949702904736 4.22836140246614
      vertex 18 43.235681604090516 4.159209611514683
    endloop
  endfacet
  facet normal 0 0.4127070298043866 0.9108638249211796
    outer loop
      vertex 0 43.051949702904736 4.22836140246614
      vertex 18 42.873133929343 4.309381775401935
      vertex 18 43.051949702904736 4.22836140246614
    endloop
  endfacet
  facet normal 0 0.4713967368260001 0.8819212643483537
    outer loop
      vertex 0 42.873133929343 4.309381775401935
      vertex 18 42.7 4.401923788646684
      vertex 18 42.873133929343 4.309381775401935
    endloop
  endfacet
  facet normal 0 0.5280678506503751 0.8492021815265745
    outer loop
      vertex 0 42.7 4.401923788646684
      vertex 18 42.5332893009412 4.505591163092364
      vertex 18 42.7 4.401923788646684
    endloop
  endfacet
  facet normal 0 0.6343932841636394 0.7730104533627419
    outer loop
      vertex 0 42.37371571297384 4.619939979126294
      vertex 18 42.22196255469979 4.744480577563068
      vertex 18 42.37371571297384 4.619939979126294
    endloop
  endfacet
  facet normal 0 0.6835923020228708 0.7298640726978362
    outer loop
      vertex 0 42.22196255469979 4.744480577563068
      vertex 18 42.07867965644036 4.878679656440357
      vertex 18 42.22196255469979 4.744480577563068
    endloop
  endfacet
  facet normal 0 0.5824776968677936 0.8128466845916213
    outer loop
      vertex 0 42.5332893009412 4.505591163092364
      vertex 18 42.37371571297384 4.619939979126294
      vertex 18 42.5332893009412 4.505591163092364
    endloop
  endfacet
  facet normal 0 0.16289547339458618 0.9866433320848794
    outer loop
      vertex 0 43.80842142333985 4.025665415878569
      vertex 18 43.61472903395162 4.057644158790309
      vertex 18 43.80842142333985 4.025665415878569
    endloop
  endfacet
  facet normal 0 0.09801714032956228 0.9951847266721967
    outer loop
      vertex 0 44.00379061230957 4.00642323028419
      vertex 18 43.80842142333985 4.025665415878569
      vertex 18 44.00379061230957 4.00642323028419
    endloop
  endfacet
  facet normal 0 0.032719082821777476 0.9994645874763657
    outer loop
      vertex 0 44.2 4
      vertex 18 44.00379061230957 4.00642323028419
      vertex 18 44.2 4
    endloop
  endfacet
  facet normal 0 0 1
    outer loop
      vertex 18 44.2 4
      vertex 9 44.839705882352945 4
      vertex 8.714823120342096 44.84904160676109 4
    endloop
  endfacet
  facet normal 0 0 1
    outer loop
      vertex 18 44.2 4
      vertex 9.285176879657904 44.84904160676109 4
      vertex 9 44.839705882352945 4
    endloop
  endfacet
  facet normal 0 0 1
    outer loop
      vertex 18 44.2 4
      vertex 9.569132588135961 44.87700880298037 4
      vertex 9.285176879657904 44.84904160676109 4
    endloop
  endfacet
  facet normal 0 0.22707626303437412 0.9738769792773335
    outer loop
      vertex 0 43.61472903395162 4.057644158790309
      vertex 18 43.42354286469244 4.102222521132795
      vertex 18 43.61472903395162 4.057644158790309
    endloop
  endfacet
  facet normal 0 0 1
    outer loop
      vertex 18 44.2 4
      vertex 9.850651183496796 44.92348771118298 4
      vertex 9.569132588135961 44.87700880298037 4
    endloop
  endfacet
  facet normal 0 0 1
    outer loop
      vertex 18 44.2 4
      vertex 10.12852715989555 44.9882793015484 4
      vertex 9.850651183496796 44.92348771118298 4
    endloop
  endfacet
  facet normal 0 0 1
    outer loop
      vertex 18 44.2 4
      vertex 10.401570609740991 45.071106126539725 4
      vertex 10.12852715989555 44.9882793015484 4
    endloop
  endfacet
  facet normal 0 0 1
    outer loop
      vertex 18 44.2 4
      vertex 10.668612319062488 45.17161350897653 4
      vertex 10.401570609740991 45.071106126539725 4
    endloop
  endfacet
  facet normal 0 0 1
    outer loop
      vertex 18 44.2 4
      vertex 10.928508774263735 45.28937106081703 4
      vertex 10.668612319062488 45.17161350897653 4
    endloop
  endfacet
  facet normal 0 0 1
    outer loop
      vertex 18 44.2 4
      vertex 11.180147058823529 45.423874526145795 4
      vertex 10.928508774263735 45.28937106081703 4
    endloop
  endfacet
  facet normal -3.373066280721321e-17 0.7298640726978427 0.6835923020228637
    outer loop
      vertex 0 42.07867965644036 4.878679656440356
      vertex 18 41.94448057756307 5.021962554699794
      vertex 18 42.07867965644036 4.878679656440357
    endloop
  endfacet
  facet normal 0 0.7730104533627347 0.6343932841636483
    outer loop
      vertex 0 41.94448057756307 5.021962554699794
      vertex 18 41.819939979126296 5.173715712973838
      vertex 18 41.94448057756307 5.021962554699794
    endloop
  endfacet
  facet normal 0 0.8128466845916125 0.5824776968678059
    outer loop
      vertex 0 41.819939979126296 5.173715712973838
      vertex 18 41.705591163092365 5.3332893009411935
      vertex 18 41.819939979126296 5.173715712973838
    endloop
  endfacet
  facet normal 0 0.8492021815265843 0.5280678506503592
    outer loop
      vertex 0 41.705591163092365 5.3332893009411935
      vertex 18 41.60192378864669 5.5
      vertex 18 41.705591163092365 5.3332893009411935
    endloop
  endfacet
  facet normal 0 0.8819212643483623 0.47139673682598415
    outer loop
      vertex 0 41.60192378864669 5.5
      vertex 18 41.50938177540194 5.673133929342996
      vertex 18 41.60192378864669 5.5
    endloop
  endfacet
  facet normal 0 0.9108638249211738 0.4127070298043992
    outer loop
      vertex 0 41.50938177540194 5.673133929342996
      vertex 18 41.428361402466145 5.851949702904731
      vertex 18 41.50938177540194 5.673133929342996
    endloop
  endfacet
  facet normal 0 0.9359059267573216 0.35225004792124404
    outer loop
      vertex 0 41.428361402466145 5.851949702904731
      vertex 18 41.359209611514686 6.035681604090515
      vertex 18 41.428361402466145 5.851949702904731
    endloop
  endfacet
  facet normal 0 0.9569403357322088 0.2902846772544627
    outer loop
      vertex 0 41.359209611514686 6.035681604090515
      vertex 18 41.3022225211328 6.223542864692438
      vertex 18 41.359209611514686 6.035681604090515
    endloop
  endfacet
  facet normal 0 0.973876979277336 0.22707626303436354
    outer loop
      vertex 0 41.3022225211328 6.223542864692438
      vertex 18 41.25764415879031 6.414729033951615
      vertex 18 41.3022225211328 6.223542864692438
    endloop
  endfacet
  facet normal 0 0.986643332084879 0.16289547339458835
    outer loop
      vertex 0 41.25764415879031 6.414729033951615
      vertex 18 41.225665415878574 6.608421423339845
      vertex 18 41.25764415879031 6.414729033951615
    endloop
  endfacet
  facet normal 0 0 1
    outer loop
      vertex 18 57.2 4
      vertex 10.401570609740991 53.32889387346028 4
      vertex 10.668612319062488 53.22838649102348 4
    endloop
  endfacet
  facet normal 0 0 1
    outer loop
      vertex 18 57.2 4
      vertex 10.668612319062488 53.22838649102348 4
      vertex 10.928508774263735 53.11062893918297 4
    endloop
  endfacet
  facet normal 0 0 1
    outer loop
      vertex 18 57.2 4
      vertex 10.928508774263735 53.11062893918297 4
      vertex 11.180147058823529 52.97612547385421 4
    endloop
  endfacet
  facet normal 1 0 0
    outer loop
      vertex 18 6.2 3
      vertex 18 41.2 0
      vertex 18 35 3
    endloop
  endfacet
  facet normal 1 0 0
    outer loop
      vertex 18 35 3
      vertex 18 41.2 0
      vertex 18 35.07848375507617 3.0025692921136757
    endloop
  endfacet
  facet normal 1 0 0
    outer loop
      vertex 18 35.07848375507617 3.0025692921136757
      vertex 18 41.2 0
      vertex 18 35.15663143066406 3.0102661663514274
    endloop
  endfacet
  facet normal 1 0 0
    outer loop
      vertex 18 35.15663143066406 3.0102661663514274
      vertex 18 41.2 0
      vertex 18 35.23410838641935 3.0230576635161235
    endloop
  endfacet
  facet normal 1 0 0
    outer loop
      vertex 18 35.23410838641935 3.0230576635161235
      vertex 18 41.2 0
      vertex 18 35.31058285412303 3.040889008453118
    endloop
  endfacet
  facet normal 1 0 0
    outer loop
      vertex 18 35.31058285412303 3.040889008453118
      vertex 18 41.2 0
      vertex 18 35.385727358363795 3.0636838446058734
    endloop
  endfacet
  facet normal 1 0 0
    outer loop
      vertex 18 35.385727358363795 3.0636838446058734
      vertex 18 41.2 0
      vertex 18 35.459220118838104 3.091344560986456
    endloop
  endfacet
  facet normal 1 0 0
    outer loop
      vertex 18 35.459220118838104 3.091344560986456
      vertex 18 41.2 0
      vertex 18 35.5307464282628 3.1237527101607743
    endloop
  endfacet
  facet normal 1 0 0
    outer loop
      vertex 18 35.5307464282628 3.1237527101607743
      vertex 18 41.2 0
      vertex 18 35.6 3.1607695154586737
    endloop
  endfacet
  facet normal 1 0 0
    outer loop
      vertex 18 35.6 3.1607695154586737
      vertex 18 41.2 0
      vertex 18 35.666684279623524 3.202236465236946
    endloop
  endfacet
  facet normal 1 0 0
    outer loop
      vertex 18 35.666684279623524 3.202236465236946
      vertex 18 41.2 0
      vertex 18 35.73051371481046 3.2479759916505175
    endloop
  endfacet
  facet normal 1 0 0
    outer loop
      vertex 18 35.73051371481046 3.2479759916505175
      vertex 18 41.2 0
      vertex 18 35.79121497812008 3.2977922310252272
    endloop
  endfacet
  facet normal 1 0 0
    outer loop
      vertex 18 35.79121497812008 3.2977922310252272
      vertex 18 41.2 0
      vertex 18 35.848528137423855 3.351471862576143
    endloop
  endfacet
  facet normal 1 0 0
    outer loop
      vertex 18 35.848528137423855 3.351471862576143
      vertex 18 41.2 0
      vertex 18 35.902207768974776 3.4087850218799174
    endloop
  endfacet
  facet normal 1 0 0
    outer loop
      vertex 18 35.902207768974776 3.4087850218799174
      vertex 18 41.2 0
      vertex 18 35.95202400834948 3.469486285189535
    endloop
  endfacet
  facet normal 1 0 0
    outer loop
      vertex 18 35.95202400834948 3.469486285189535
      vertex 18 41.2 0
      vertex 18 35.99776353476305 3.5333157203764776
    endloop
  endfacet
  facet normal 1 0 0
    outer loop
      vertex 18 35.99776353476305 3.5333157203764776
      vertex 18 41.2 0
      vertex 18 36.03923048454133 3.6
    endloop
  endfacet
  facet normal 1 0 0
    outer loop
      vertex 18 36.03923048454133 3.6
      vertex 18 41.2 0
      vertex 18 36.07624728983923 3.6692535717371983
    endloop
  endfacet
  facet normal 1 0 0
    outer loop
      vertex 18 36.07624728983923 3.6692535717371983
      vertex 18 41.2 0
      vertex 18 36.108655439013546 3.740779881161892
    endloop
  endfacet
  facet normal 1 0 0
    outer loop
      vertex 18 36.108655439013546 3.740779881161892
      vertex 18 41.2 0
      vertex 18 36.13631615539413 3.8142726416362063
    endloop
  endfacet
  facet normal 1 0 0
    outer loop
      vertex 18 36.13631615539413 3.8142726416362063
      vertex 18 41.2 0
      vertex 18 36.15911099154688 3.8894171458769753
    endloop
  endfacet
  facet normal 1 0 0
    outer loop
      vertex 18 36.15911099154688 3.8894171458769753
      vertex 18 41.2 0
      vertex 18 36.176942336483876 3.965891613580646
    endloop
  endfacet
  facet normal 1 0 0
    outer loop
      vertex 18 36.176942336483876 3.965891613580646
      vertex 18 41.2 0
      vertex 18 36.189733833648575 4.043368569335938
    endloop
  endfacet
  facet normal 1 0 0
    outer loop
      vertex 18 36.189733833648575 4.043368569335938
      vertex 18 41.2 0
      vertex 18 36.197430707886326 4.1215162449238285
    endloop
  endfacet
  facet normal 1 0 0
    outer loop
      vertex 18 36.197430707886326 4.1215162449238285
      vertex 18 41.2 0
      vertex 18 36.2 4.2
    endloop
  endfacet
  facet normal 0 0 -1
    outer loop
      vertex 18 41.2 0
      vertex 11.255519422436933 47.22196255469979 0
      vertex 11.380060020873707 47.37371571297384 0
    endloop
  endfacet
  facet normal 0 0 -1
    outer loop
      vertex 18 41.2 0
      vertex 11.380060020873707 47.37371571297384 0
      vertex 11.494408836907635 47.5332893009412 0
    endloop
  endfacet
  facet normal 0 0 -1
    outer loop
      vertex 18 41.2 0
      vertex 11.494408836907635 47.5332893009412 0
      vertex 11.598076211353316 47.7 0
    endloop
  endfacet
  facet normal 0 0 -1
    outer loop
      vertex 18 41.2 0
      vertex 11.598076211353316 47.7 0
      vertex 11.690618224598065 47.873133929343 0
    endloop
  endfacet
  facet normal 0 0 -1
    outer loop
      vertex 18 41.2 0
      vertex 11.690618224598065 47.873133929343 0
      vertex 11.77163859753386 48.051949702904736 0
    endloop
  endfacet
  facet normal 0 0 -1
    outer loop
      vertex 18 41.2 0
      vertex 11.77163859753386 48.051949702904736 0
      vertex 11.840790388485317 48.235681604090516 0
    endloop
  endfacet
  facet normal 0 0 -1
    outer loop
      vertex 18 41.2 0
      vertex 11.840790388485317 48.235681604090516 0
      vertex 11.897777478867205 48.42354286469244 0
    endloop
  endfacet
  facet normal 0 0 -1
    outer loop
      vertex 18 41.2 0
      vertex 11.897777478867205 48.42354286469244 0
      vertex 11.942355841209691 48.61472903395162 0
    endloop
  endfacet
  facet normal 0 0 -1
    outer loop
      vertex 18 41.2 0
      vertex 11.942355841209691 48.61472903395162 0
      vertex 11.974334584121431 48.80842142333985 0
    endloop
  endfacet
  facet normal 0 0 -1
    outer loop
      vertex 18 41.2 0
      vertex 11.974334584121431 48.80842142333985 0
      vertex 11.99357676971581 49.00379061230957 0
    endloop
  endfacet
  facet normal 0 0 -1
    outer loop
      vertex 18 41.2 0
      vertex 11.99357676971581 49.39620938769043 0
      vertex 11.974334584121431 49.591578576660154 0
    endloop
  endfacet
  facet normal 0 0 -1
    outer loop
      vertex 18 41.2 0
      vertex 11.974334584121431 49.591578576660154 0
      vertex 11.942355841209691 49.78527096604839 0
    endloop
  endfacet
  facet normal 0 0 -1
    outer loop
      vertex 18 41.2 0
      vertex 11.99357676971581 49.00379061230957 0
      vertex 12 49.2 0
    endloop
  endfacet
  facet normal 0 0 -1
    outer loop
      vertex 18 41.2 0
      vertex 12 49.2 0
      vertex 11.99357676971581 49.39620938769043 0
    endloop
  endfacet
  facet normal 0 0 -1
    outer loop
      vertex 18 41.2 0
      vertex 11.897777478867205 49.97645713530756 0
      vertex 11.840790388485317 50.16431839590949 0
    endloop
  endfacet
  facet normal 0 0 -1
    outer loop
      vertex 18 41.2 0
      vertex 11.942355841209691 49.78527096604839 0
      vertex 11.897777478867205 49.97645713530756 0
    endloop
  endfacet
  facet normal 0 0 -1
    outer loop
      vertex 18 57.2 0
      vertex 11.840790388485317 50.16431839590949 0
      vertex 11.77163859753386 50.34805029709527 0
    endloop
  endfacet
  facet normal 0 0 -1
    outer loop
      vertex 18 57.2 0
      vertex 11.380060020873707 51.026284287026165 0
      vertex 11.255519422436933 51.17803744530021 0
    endloop
  endfacet
  facet normal 0 0 -1
    outer loop
      vertex 18 57.2 0
      vertex 11.494408836907635 50.86671069905881 0
      vertex 11.380060020873707 51.026284287026165 0
    endloop
  endfacet
  facet normal 0 0 -1
    outer loop
      vertex 18 57.2 0
      vertex 11.598076211353316 50.7 0
      vertex 11.494408836907635 50.86671069905881 0
    endloop
  endfacet
  facet normal 0 0 -1
    outer loop
      vertex 18 57.2 0
      vertex 11.690618224598065 50.52686607065701 0
      vertex 11.598076211353316 50.7 0
    endloop
  endfacet
  facet normal 0 0 -1
    outer loop
      vertex 18 57.2 0
      vertex 11.77163859753386 50.34805029709527 0
      vertex 11.690618224598065 50.52686607065701 0
    endloop
  endfacet
  facet normal 1 0 0
    outer loop
      vertex 18 41.2 0
      vertex 18 57.2 0
      vertex 18 41.2 4
    endloop
  endfacet
  facet normal 1 0 0
    outer loop
      vertex 18 36.2 4.2
      vertex 18 41.2 0
      vertex 18 41.2 4
    endloop
  endfacet
  facet normal 1 0 0
    outer loop
      vertex 18 57.2 0
      vertex 18 44.2 4
      vertex 18 41.2 4
    endloop
  endfacet
  facet normal 0 0 -1
    outer loop
      vertex 18 41.2 0
      vertex 11.840790388485317 50.16431839590949 0
      vertex 18 57.2 0
    endloop
  endfacet
  facet normal 1 0 0
    outer loop
      vertex 18 57.2 0
      vertex 18 57.2 4
      vertex 18 44.2 4
    endloop
  endfacet
  facet normal 0 0 1
    outer loop
      vertex 18 44.2 4
      vertex 11.422449618975177 45.574547940474936 4
      vertex 11.180147058823529 45.423874526145795 4
    endloop
  endfacet
  facet normal 0 0 1
    outer loop
      vertex 18 44.2 4
      vertex 11.654378877957143 45.740746097112485 4
      vertex 11.422449618975177 45.574547940474936 4
    endloop
  endfacet
  facet normal 0 0 1
    outer loop
      vertex 18 44.2 4
      vertex 11.874941679076036 45.92175731003652 4
      vertex 11.654378877957143 45.740746097112485 4
    endloop
  endfacet
  facet normal 0 0 1
    outer loop
      vertex 18 44.2 4
      vertex 12.08319353855605 46.11680646144396 4
      vertex 11.874941679076036 45.92175731003652 4
    endloop
  endfacet
  facet normal 0 0 1
    outer loop
      vertex 18 44.2 4
      vertex 12.278242689963482 46.325058320923965 4
      vertex 12.08319353855605 46.11680646144396 4
    endloop
  endfacet
  facet normal 0 0 1
    outer loop
      vertex 18 44.2 4
      vertex 12.459253902887518 46.54562112204287 4
      vertex 12.278242689963482 46.325058320923965 4
    endloop
  endfacet
  facet normal 0 0 1
    outer loop
      vertex 18 44.2 4
      vertex 12.625452059525069 46.777550381024824 4
      vertex 12.459253902887518 46.54562112204287 4
    endloop
  endfacet
  facet normal 0 0 1
    outer loop
      vertex 18 44.2 4
      vertex 12.776125473854206 47.019852941176474 4
      vertex 12.625452059525069 46.777550381024824 4
    endloop
  endfacet
  facet normal 0 0 1
    outer loop
      vertex 18 44.2 4
      vertex 12.91062893918297 47.27149122573627 4
      vertex 12.776125473854206 47.019852941176474 4
    endloop
  endfacet
  facet normal 0 0 1
    outer loop
      vertex 18 44.2 4
      vertex 13.028386491023479 47.53138768093752 4
      vertex 12.91062893918297 47.27149122573627 4
    endloop
  endfacet
  facet normal 0 0 1
    outer loop
      vertex 18 44.2 4
      vertex 13.128893873460276 47.79842939025901 4
      vertex 13.028386491023479 47.53138768093752 4
    endloop
  endfacet
  facet normal 0 0 1
    outer loop
      vertex 18 44.2 4
      vertex 13.2117206984516 48.071472840104455 4
      vertex 13.128893873460276 47.79842939025901 4
    endloop
  endfacet
  facet normal 0 0 1
    outer loop
      vertex 18 44.2 4
      vertex 13.276512288817027 48.34934881650321 4
      vertex 13.2117206984516 48.071472840104455 4
    endloop
  endfacet
  facet normal 0 0 1
    outer loop
      vertex 18 44.2 4
      vertex 13.322991197019629 48.63086741186404 4
      vertex 13.276512288817027 48.34934881650321 4
    endloop
  endfacet
  facet normal 0 0 1
    outer loop
      vertex 18 44.2 4
      vertex 13.350958393238912 48.9148231203421 4
      vertex 13.322991197019629 48.63086741186404 4
    endloop
  endfacet
  facet normal 0 0 1
    outer loop
      vertex 18 44.2 4
      vertex 13.360294117647058 49.2 4
      vertex 13.350958393238912 48.9148231203421 4
    endloop
  endfacet
  facet normal 0 0 1
    outer loop
      vertex 18 44.2 4
      vertex 13.350958393238912 49.48517687965791 4
      vertex 13.360294117647058 49.2 4
    endloop
  endfacet
  facet normal 0 0 1
    outer loop
      vertex 18 44.2 4
      vertex 13.276512288817027 50.0506511834968 4
      vertex 13.322991197019629 49.76913258813597 4
    endloop
  endfacet
  facet normal 0 0 1
    outer loop
      vertex 18 44.2 4
      vertex 13.322991197019629 49.76913258813597 4
      vertex 13.350958393238912 49.48517687965791 4
    endloop
  endfacet
  facet normal 0 0 1
    outer loop
      vertex 18 57.2 4
      vertex 11.180147058823529 52.97612547385421 4
      vertex 11.422449618975177 52.82545205952507 4
    endloop
  endfacet
  facet normal 0 0 1
    outer loop
      vertex 18 57.2 4
      vertex 11.422449618975177 52.82545205952507 4
      vertex 11.654378877957143 52.65925390288752 4
    endloop
  endfacet
  facet normal 0 0 1
    outer loop
      vertex 18 57.2 4
      vertex 11.654378877957143 52.65925390288752 4
      vertex 11.874941679076036 52.47824268996349 4
    endloop
  endfacet
  facet normal 0 0 1
    outer loop
      vertex 18 57.2 4
      vertex 11.874941679076036 52.47824268996349 4
      vertex 12.08319353855605 52.28319353855605 4
    endloop
  endfacet
  facet normal 0 0 1
    outer loop
      vertex 18 57.2 4
      vertex 12.278242689963482 52.07494167907604 4
      vertex 12.459253902887518 51.85437887795714 4
    endloop
  endfacet
  facet normal 0 0 1
    outer loop
      vertex 18 57.2 4
      vertex 12.08319353855605 52.28319353855605 4
      vertex 12.278242689963482 52.07494167907604 4
    endloop
  endfacet
  facet normal 0 0 1
    outer loop
      vertex 18 57.2 4
      vertex 12.459253902887518 51.85437887795714 4
      vertex 12.625452059525069 51.62244961897518 4
    endloop
  endfacet
  facet normal 0 0 1
    outer loop
      vertex 18 57.2 4
      vertex 12.625452059525069 51.62244961897518 4
      vertex 12.776125473854206 51.38014705882353 4
    endloop
  endfacet
  facet normal 0 0 1
    outer loop
      vertex 18 57.2 4
      vertex 12.776125473854206 51.38014705882353 4
      vertex 12.91062893918297 51.128508774263736 4
    endloop
  endfacet
  facet normal 0 0 1
    outer loop
      vertex 18 44.2 4
      vertex 13.2117206984516 50.32852715989555 4
      vertex 13.276512288817027 50.0506511834968 4
    endloop
  endfacet
  facet normal 0 0 1
    outer loop
      vertex 18 57.2 4
      vertex 12.91062893918297 51.128508774263736 4
      vertex 13.028386491023479 50.868612319062485 4
    endloop
  endfacet
  facet normal 0 0 1
    outer loop
      vertex 18 57.2 4
      vertex 13.028386491023479 50.868612319062485 4
      vertex 13.128893873460276 50.601570609740996 4
    endloop
  endfacet
  facet normal 0 0 1
    outer loop
      vertex 18 57.2 4
      vertex 13.128893873460276 50.601570609740996 4
      vertex 13.2117206984516 50.32852715989555 4
    endloop
  endfacet
  facet normal 1 0 0
    outer loop
      vertex 18 41.2 4
      vertex 18 43.61472903395162 4.057644158790309
      vertex 18 43.42354286469244 4.102222521132795
    endloop
  endfacet
  facet normal 1 0 0
    outer loop
      vertex 18 41.2 4
      vertex 18 43.80842142333985 4.025665415878569
      vertex 18 43.61472903395162 4.057644158790309
    endloop
  endfacet
  facet normal 1 0 0
    outer loop
      vertex 18 41.2 4
      vertex 18 44.00379061230957 4.00642323028419
      vertex 18 43.80842142333985 4.025665415878569
    endloop
  endfacet
  facet normal 1 0 0
    outer loop
      vertex 18 41.2 4
      vertex 18 44.2 4
      vertex 18 44.00379061230957 4.00642323028419
    endloop
  endfacet
  facet normal 1 0 0
    outer loop
      vertex 18 41.2 4
      vertex 18 42.873133929343 4.309381775401935
      vertex 18 42.7 4.401923788646684
    endloop
  endfacet
  facet normal 1 0 0
    outer loop
      vertex 18 41.2 4
      vertex 18 42.7 4.401923788646684
      vertex 18 42.5332893009412 4.505591163092364
    endloop
  endfacet
  facet normal 1 0 0
    outer loop
      vertex 18 41.2 4
      vertex 18 42.5332893009412 4.505591163092364
      vertex 18 42.37371571297384 4.619939979126294
    endloop
  endfacet
  facet normal 1 0 0
    outer loop
      vertex 18 41.2 4
      vertex 18 42.37371571297384 4.619939979126294
      vertex 18 42.22196255469979 4.744480577563068
    endloop
  endfacet
  facet normal 1 0 0
    outer loop
      vertex 18 41.2 4
      vertex 18 43.235681604090516 4.159209611514683
      vertex 18 43.051949702904736 4.22836140246614
    endloop
  endfacet
  facet normal 1 0 0
    outer loop
      vertex 18 41.2 4
      vertex 18 43.42354286469244 4.102222521132795
      vertex 18 43.235681604090516 4.159209611514683
    endloop
  endfacet
  facet normal 1 0 0
    outer loop
      vertex 18 41.2 4
      vertex 18 43.051949702904736 4.22836140246614
      vertex 18 42.873133929343 4.309381775401935
    endloop
  endfacet
  facet normal 1 0 0
    outer loop
      vertex 18 41.2 4
      vertex 18 42.07867965644036 4.878679656440357
      vertex 18 41.94448057756307 5.021962554699794
    endloop
  endfacet
  facet normal 1 0 0
    outer loop
      vertex 18 41.2 4
      vertex 18 42.22196255469979 4.744480577563068
      vertex 18 42.07867965644036 4.878679656440357
    endloop
  endfacet
  facet normal 1 0 0
    outer loop
      vertex 18 41.2 4
      vertex 18 41.94448057756307 5.021962554699794
      vertex 18 41.819939979126296 5.173715712973838
    endloop
  endfacet
  facet normal 1 0 0
    outer loop
      vertex 18 41.2 4
      vertex 18 41.819939979126296 5.173715712973838
      vertex 18 41.705591163092365 5.3332893009411935
    endloop
  endfacet
  facet normal 1 0 0
    outer loop
      vertex 18 36.2 4.2
      vertex 18 41.2 4
      vertex 18 41.2 7
    endloop
  endfacet
  facet normal 1 0 0
    outer loop
      vertex 18 41.2 4
      vertex 18 41.705591163092365 5.3332893009411935
      vertex 18 41.60192378864669 5.5
    endloop
  endfacet
  facet normal 1 0 0
    outer loop
      vertex 18 41.2 4
      vertex 18 41.60192378864669 5.5
      vertex 18 41.50938177540194 5.673133929342996
    endloop
  endfacet
  facet normal 1 0 0
    outer loop
      vertex 18 41.2 4
      vertex 18 41.50938177540194 5.673133929342996
      vertex 18 41.428361402466145 5.851949702904731
    endloop
  endfacet
  facet normal 1 0 0
    outer loop
      vertex 18 41.2 4
      vertex 18 41.428361402466145 5.851949702904731
      vertex 18 41.359209611514686 6.035681604090515
    endloop
  endfacet
  facet normal 1 0 0
    outer loop
      vertex 18 41.2 4
      vertex 18 41.359209611514686 6.035681604090515
      vertex 18 41.3022225211328 6.223542864692438
    endloop
  endfacet
  facet normal 1 0 0
    outer loop
      vertex 18 41.2 4
      vertex 18 41.3022225211328 6.223542864692438
      vertex 18 41.25764415879031 6.414729033951615
    endloop
  endfacet
  facet normal 1 0 0
    outer loop
      vertex 18 41.2 4
      vertex 18 41.25764415879031 6.414729033951615
      vertex 18 41.225665415878574 6.608421423339845
    endloop
  endfacet
  facet normal 1 0 0
    outer loop
      vertex 18 41.2 4
      vertex 18 41.225665415878574 6.608421423339845
      vertex 18 41.206423230284194 6.803790612309571
    endloop
  endfacet
  facet normal 1 0 0
    outer loop
      vertex 18 41.2 4
      vertex 18 41.206423230284194 6.803790612309571
      vertex 18 41.2 7
    endloop
  endfacet
  facet normal 0 0 1
    outer loop
      vertex 18 44.2 4
      vertex 18 57.2 4
      vertex 13.2117206984516 50.32852715989555 4
    endloop
  endfacet
  facet normal 0 -1 0
    outer loop
      vertex 0 36.2 13
      vertex 18 36.2 4.2
      vertex 18 36.2 13
    endloop
  endfacet
  facet normal 0 0.9951847266721969 0.09801714032955963
    outer loop
      vertex 0 41.225665415878574 6.608421423339845
      vertex 18 41.206423230284194 6.803790612309571
      vertex 18 41.225665415878574 6.608421423339845
    endloop
  endfacet
  facet normal 0 0.9994645874763652 0.03271908282178681
    outer loop
      vertex 0 41.206423230284194 6.803790612309571
      vertex 18 41.2 7
      vertex 18 41.206423230284194 6.803790612309571
    endloop
  endfacet
  facet normal 0 1 0
    outer loop
      vertex 0 41.2 7
      vertex 18 41.2 13
      vertex 18 41.2 7
    endloop
  endfacet
  facet normal 0 0 1
    outer loop
      vertex 0 41.2 13
      vertex 18 36.2 13
      vertex 18 41.2 13
    endloop
  endfacet
  facet normal 1 0 0
    outer loop
      vertex 18 36.2 4.2
      vertex 18 41.2 13
      vertex 18 36.2 13
    endloop
  endfacet
  facet normal 1 0 0
    outer loop
      vertex 18 36.2 4.2
      vertex 18 41.2 7
      vertex 18 41.2 13
    endloop
  endfacet
endsolid OpenSCAD_Model
