solid OpenSCAD_Model
  facet normal -1 0 0
    outer loop
      vertex -9 -25 0
      vertex -9 -25 4
      vertex -9 -10 4
    endloop
  endfacet
  facet normal 0 0 1
    outer loop
      vertex -9 -25 4
      vertex -4.276512288817027 -19.850651183496794 4
      vertex -9 -10 4
    endloop
  endfacet
  facet normal 0 0 -1
    outer loop
      vertex -9 -25 0
      vertex -2.6906182245980648 -20.326866070657005 0
      vertex -2.598076211353316 -20.5 0
    endloop
  endfacet
  facet normal 0 0 -1
    outer loop
      vertex -9 -25 0
      vertex -2.598076211353316 -20.5 0
      vertex -2.4944088369076356 -20.666710699058807 0
    endloop
  endfacet
  facet normal 0 0 -1
    outer loop
      vertex -9 -25 0
      vertex -2.3800600208737057 -20.826284287026162 0
      vertex -2.255519422436932 -20.978037445300206 0
    endloop
  endfacet
  facet normal 0 0 -1
    outer loop
      vertex -9 -25 0
      vertex -2.4944088369076356 -20.666710699058807 0
      vertex -2.3800600208737057 -20.826284287026162 0
    endloop
  endfacet
  facet normal 0 0 -1
    outer loop
      vertex -9 -25 0
      vertex -2.974334584121431 -19.391578576660155 0
      vertex -2.9423558412096913 -19.585270966048384 0
    endloop
  endfacet
  facet normal 0 0 -1
    outer loop
      vertex -9 -25 0
      vertex -2.9423558412096913 -19.585270966048384 0
      vertex -2.897777478867205 -19.776457135307563 0
    endloop
  endfacet
  facet normal 0 0 -1
    outer loop
      vertex -9 -25 0
      vertex -2.99357676971581 -19.19620938769043 0
      vertex -2.974334584121431 -19.391578576660155 0
    endloop
  endfacet
  facet normal 0 0 -1
    outer loop
      vertex -9 -25 0
      vertex -2.840790388485317 -19.964318395909483 0
      vertex -2.77163859753386 -20.14805029709527 0
    endloop
  endfacet
  facet normal 0 0 -1
    outer loop
      vertex -9 -25 0
      vertex -2.897777478867205 -19.776457135307563 0
      vertex -2.840790388485317 -19.964318395909483 0
    endloop
  endfacet
  facet normal 0 0 -1
    outer loop
      vertex -9 -25 0
      vertex -2.77163859753386 -20.14805029709527 0
      vertex -2.6906182245980648 -20.326866070657005 0
    endloop
  endfacet
  facet normal 0 0 -1
    outer loop
      vertex -9 -25 0
      vertex -3 -19 0
      vertex -2.99357676971581 -19.19620938769043 0
    endloop
  endfacet
  facet normal 0 0 1
    outer loop
      vertex -9 -25 4
      vertex -4.028386491023478 -20.668612319062486 4
      vertex -4.128893873460277 -20.40157060974099 4
    endloop
  endfacet
  facet normal 0 0 1
    outer loop
      vertex -9 -25 4
      vertex -3.9106289391829714 -20.928508774263733 4
      vertex -4.028386491023478 -20.668612319062486 4
    endloop
  endfacet
  facet normal 0 0 1
    outer loop
      vertex -9 -25 4
      vertex -4.128893873460277 -20.40157060974099 4
      vertex -4.211720698451599 -20.12852715989555 4
    endloop
  endfacet
  facet normal 0 0 1
    outer loop
      vertex -9 -25 4
      vertex -4.211720698451599 -20.12852715989555 4
      vertex -4.276512288817027 -19.850651183496794 4
    endloop
  endfacet
  facet normal 0 0 1
    outer loop
      vertex -9 -25 4
      vertex -3.459253902887518 -21.654378877957143 4
      vertex -3.625452059525068 -21.422449618975175 4
    endloop
  endfacet
  facet normal 0 0 1
    outer loop
      vertex -9 -25 4
      vertex -3.7761254738542065 -21.18014705882353 4
      vertex -3.9106289391829714 -20.928508774263733 4
    endloop
  endfacet
  facet normal 0 0 1
    outer loop
      vertex -9 -25 4
      vertex -3.625452059525068 -21.422449618975175 4
      vertex -3.7761254738542065 -21.18014705882353 4
    endloop
  endfacet
  facet normal 0 0 1
    outer loop
      vertex -9 -25 4
      vertex -3.278242689963482 -21.874941679076038 4
      vertex -3.459253902887518 -21.654378877957143 4
    endloop
  endfacet
  facet normal 0 0 1
    outer loop
      vertex -9 -25 4
      vertex -3.0831935385560496 -22.08319353855605 4
      vertex -3.278242689963482 -21.874941679076038 4
    endloop
  endfacet
  facet normal 0 0 1
    outer loop
      vertex -9 -25 4
      vertex -2.1801470588235294 -22.776125473854208 4
      vertex -2.422449618975177 -22.62545205952507 4
    endloop
  endfacet
  facet normal 0 0 1
    outer loop
      vertex -9 -25 4
      vertex -2.8749416790760356 -22.278242689963484 4
      vertex -3.0831935385560496 -22.08319353855605 4
    endloop
  endfacet
  facet normal 0 0 1
    outer loop
      vertex -9 -25 4
      vertex -2.654378877957142 -22.459253902887518 4
      vertex -2.8749416790760356 -22.278242689963484 4
    endloop
  endfacet
  facet normal 0 0 1
    outer loop
      vertex -9 -25 4
      vertex -2.422449618975177 -22.62545205952507 4
      vertex -2.654378877957142 -22.459253902887518 4
    endloop
  endfacet
  facet normal 0 0 1
    outer loop
      vertex -9 -10 4
      vertex -4.276512288817027 -19.850651183496794 4
      vertex -4.322991197019629 -19.569132588135957 4
    endloop
  endfacet
  facet normal 0 0 1
    outer loop
      vertex -9 -10 4
      vertex -4.322991197019629 -19.569132588135957 4
      vertex -4.35095839323891 -19.2851768796579 4
    endloop
  endfacet
  facet normal 0 0 1
    outer loop
      vertex -9 -10 4
      vertex -4.35095839323891 -19.2851768796579 4
      vertex -4.360294117647059 -19 4
    endloop
  endfacet
  facet normal 0 0 1
    outer loop
      vertex -9 -10 4
      vertex -4.360294117647059 -19 4
      vertex -4.35095839323891 -18.7148231203421 4
    endloop
  endfacet
  facet normal 0 0 1
    outer loop
      vertex -9 -10 4
      vertex -4.35095839323891 -18.7148231203421 4
      vertex -4.322991197019629 -18.430867411864043 4
    endloop
  endfacet
  facet normal 0 0 1
    outer loop
      vertex -9 -10 4
      vertex -4.322991197019629 -18.430867411864043 4
      vertex -4.276512288817027 -18.149348816503206 4
    endloop
  endfacet
  facet normal 0 0 1
    outer loop
      vertex -9 -10 4
      vertex -4.276512288817027 -18.149348816503206 4
      vertex -4.211720698451599 -17.87147284010445 4
    endloop
  endfacet
  facet normal 0 0 1
    outer loop
      vertex -9 -10 4
      vertex -4.211720698451599 -17.87147284010445 4
      vertex -4.128893873460277 -17.59842939025901 4
    endloop
  endfacet
  facet normal 0 0 1
    outer loop
      vertex -9 -10 4
      vertex -4.128893873460277 -17.59842939025901 4
      vertex -4.028386491023478 -17.331387680937514 4
    endloop
  endfacet
  facet normal 0 0 1
    outer loop
      vertex -9 -10 4
      vertex -4.028386491023478 -17.331387680937514 4
      vertex -3.9106289391829714 -17.071491225736267 4
    endloop
  endfacet
  facet normal 0 0 1
    outer loop
      vertex -9 -10 4
      vertex -3.9106289391829714 -17.071491225736267 4
      vertex -3.7761254738542065 -16.81985294117647 4
    endloop
  endfacet
  facet normal 0 0 1
    outer loop
      vertex -9 -10 4
      vertex -3.7761254738542065 -16.81985294117647 4
      vertex -3.625452059525068 -16.577550381024825 4
    endloop
  endfacet
  facet normal 0 0 1
    outer loop
      vertex -9 -10 4
      vertex -3.625452059525068 -16.577550381024825 4
      vertex -3.459253902887518 -16.345621122042857 4
    endloop
  endfacet
  facet normal 0 0 1
    outer loop
      vertex -9 -10 4
      vertex -3.459253902887518 -16.345621122042857 4
      vertex -3.278242689963482 -16.125058320923962 4
    endloop
  endfacet
  facet normal 0 0 1
    outer loop
      vertex -9 -10 4
      vertex -3.278242689963482 -16.125058320923962 4
      vertex -3.0831935385560496 -15.91680646144395 4
    endloop
  endfacet
  facet normal 0 0 1
    outer loop
      vertex -9 -10 4
      vertex -3.0831935385560496 -15.91680646144395 4
      vertex -2.8749416790760356 -15.721757310036518 4
    endloop
  endfacet
  facet normal 0 0 1
    outer loop
      vertex -9 -10 4
      vertex -2.8749416790760356 -15.721757310036518 4
      vertex -2.654378877957142 -15.540746097112482 4
    endloop
  endfacet
  facet normal 0 0 1
    outer loop
      vertex -9 -10 4
      vertex -2.654378877957142 -15.540746097112482 4
      vertex -2.422449618975177 -15.374547940474931 4
    endloop
  endfacet
  facet normal 0 0 1
    outer loop
      vertex -9 -10 4
      vertex -2.422449618975177 -15.374547940474931 4
      vertex -2.1801470588235294 -15.223874526145794 4
    endloop
  endfacet
  facet normal -1 0 0
    outer loop
      vertex -9 -13.527551844716072 11.53000795841217
      vertex -9 -13.747727081179619 12
      vertex -9 -13.740502461791039 12
    endloop
  endfacet
  facet normal -1 0 0
    outer loop
      vertex -9 -13.740502461791039 12
      vertex -9 -13.85819298774004 12.259748511016369
      vertex -9 -10.162674859166145 13.790482245385647
    endloop
  endfacet
  facet normal -1 0 0
    outer loop
      vertex -9 -14.203951939940453 13.17840801924467
      vertex -9 -10.41623142361641 14.46416588127613
      vertex -9 -13.85819298774004 12.259748511016369
    endloop
  endfacet
  facet normal 0 0 -1
    outer loop
      vertex -9 -25 0
      vertex -9 25 0
      vertex -3 -19 0
    endloop
  endfacet
  facet normal -1 0 0
    outer loop
      vertex -9 -10 4
      vertex -9 -5.5 8.47372055798769
      vertex -9 -4.86517558991909 8.134399846196175
    endloop
  endfacet
  facet normal -1 0 0
    outer loop
      vertex -9 -10 4
      vertex -9 -4.86517558991909 8.134399846196175
      vertex -9 -4.209517754614353 7.837325140833855
    endloop
  endfacet
  facet normal -1 0 0
    outer loop
      vertex -9 -25 0
      vertex -9 -10 4
      vertex -9 25 0
    endloop
  endfacet
  facet normal -1 0 0
    outer loop
      vertex -9 -10 4
      vertex -9 -4.209517754614353 7.837325140833855
      vertex -9 -3.5358341187238693 7.583768576383591
    endloop
  endfacet
  facet normal -1 0 0
    outer loop
      vertex -9 -10 4
      vertex -9 -3.5358341187238693 7.583768576383591
      vertex -9 -2.8470094949007034 7.374815911054611
    endloop
  endfacet
  facet normal -1 0 0
    outer loop
      vertex -9 -10 4
      vertex -9 -2.8470094949007034 7.374815911054611
      vertex -9 -2.145993545651436 7.211361914873123
    endloop
  endfacet
  facet normal -1 0 0
    outer loop
      vertex -9 -10 4
      vertex -9 -2.145993545651436 7.211361914873123
      vertex -9 -1.4357881173491478 7.094106525182724
    endloop
  endfacet
  facet normal -1 0 0
    outer loop
      vertex -9 -10 4
      vertex -9 -1.4357881173491478 7.094106525182724
      vertex -9 -0.7194344252347946 7.023551844060421
    endloop
  endfacet
  facet normal -1 0 0
    outer loop
      vertex -9 -10 4
      vertex -9 -0.7194344252347946 7.023551844060421
      vertex -9 0 7
    endloop
  endfacet
  facet normal 0 0 -1
    outer loop
      vertex -9 25 0
      vertex -2.99357676971581 -18.80379061230957 0
      vertex -3 -19 0
    endloop
  endfacet
  facet normal 0 0 -1
    outer loop
      vertex -9 25 0
      vertex -2.974334584121431 -18.608421423339845 0
      vertex -2.99357676971581 -18.80379061230957 0
    endloop
  endfacet
  facet normal 0 0 -1
    outer loop
      vertex -9 25 0
      vertex -2.9423558412096913 -18.414729033951616 0
      vertex -2.974334584121431 -18.608421423339845 0
    endloop
  endfacet
  facet normal 0 0 -1
    outer loop
      vertex -9 25 0
      vertex -2.897777478867205 -18.223542864692437 0
      vertex -2.9423558412096913 -18.414729033951616 0
    endloop
  endfacet
  facet normal 0 0 -1
    outer loop
      vertex -9 25 0
      vertex -2.840790388485317 -18.035681604090517 0
      vertex -2.897777478867205 -18.223542864692437 0
    endloop
  endfacet
  facet normal 0 0 -1
    outer loop
      vertex -9 25 0
      vertex -2.77163859753386 -17.85194970290473 0
      vertex -2.840790388485317 -18.035681604090517 0
    endloop
  endfacet
  facet normal 0 0 -1
    outer loop
      vertex -9 25 0
      vertex -2.6906182245980648 -17.673133929342995 0
      vertex -2.77163859753386 -17.85194970290473 0
    endloop
  endfacet
  facet normal 0 0 -1
    outer loop
      vertex -9 25 0
      vertex -2.598076211353316 -17.5 0
      vertex -2.6906182245980648 -17.673133929342995 0
    endloop
  endfacet
  facet normal 0 0 -1
    outer loop
      vertex -9 25 0
      vertex -2.4944088369076356 -17.333289300941193 0
      vertex -2.598076211353316 -17.5 0
    endloop
  endfacet
  facet normal 0 0 -1
    outer loop
      vertex -9 25 0
      vertex -2.3800600208737057 -17.173715712973838 0
      vertex -2.4944088369076356 -17.333289300941193 0
    endloop
  endfacet
  facet normal 0 0 -1
    outer loop
      vertex -9 25 0
      vertex -2.255519422436932 -17.021962554699794 0
      vertex -2.3800600208737057 -17.173715712973838 0
    endloop
  endfacet
  facet normal -1 0 0
    outer loop
      vertex -9 -13.432646542787552 11.3274205327034
      vertex -9 -9.146165736019611 11.888727433979511
      vertex -9 -10 4
    endloop
  endfacet
  facet normal -1 0 0
    outer loop
      vertex -9 -10 4
      vertex -9 -7.2528039664030075 9.729762114584446
      vertex -9 -6.696375720202923 9.273113258183002
    endloop
  endfacet
  facet normal -1 0 0
    outer loop
      vertex -9 -10 4
      vertex -9 -8.726886741816998 11.303624279797077
      vertex -9 -8.270237885415554 10.747196033596992
    endloop
  endfacet
  facet normal -1 0 0
    outer loop
      vertex -9 -10 4
      vertex -9 -8.270237885415554 10.747196033596992
      vertex -9 -7.778174594044685 10.221825405955315
    endloop
  endfacet
  facet normal -1 0 0
    outer loop
      vertex -9 -10 4
      vertex -9 -7.778174594044685 10.221825405955315
      vertex -9 -7.2528039664030075 9.729762114584446
    endloop
  endfacet
  facet normal -1 0 0
    outer loop
      vertex -9 -10 4
      vertex -9 -6.696375720202923 9.273113258183002
      vertex -9 -6.111272566020489 8.853834263980389
    endloop
  endfacet
  facet normal -1 0 0
    outer loop
      vertex -9 -10 4
      vertex -9 -6.111272566020489 8.853834263980389
      vertex -9 -5.5 8.47372055798769
    endloop
  endfacet
  facet normal -1 0 0
    outer loop
      vertex -9 -10 4
      vertex -9 -9.146165736019611 11.888727433979511
      vertex -9 -8.726886741816998 11.303624279797077
    endloop
  endfacet
  facet normal -1 0 0
    outer loop
      vertex -9 -13.432646542787552 11.3274205327034
      vertex -9 -13.453091122210026 11.365669645369053
      vertex -9 -9.865600153803825 13.13482441008091
    endloop
  endfacet
  facet normal -1 0 0
    outer loop
      vertex -9 -13.527551844716072 11.53000795841217
      vertex -9 -9.865600153803825 13.13482441008091
      vertex -9 -13.453091122210026 11.365669645369053
    endloop
  endfacet
  facet normal -1 0 0
    outer loop
      vertex -9 -13.527551844716072 11.53000795841217
      vertex -9 -13.740502461791039 12
      vertex -9 -9.865600153803825 13.13482441008091
    endloop
  endfacet
  facet normal -1 0 0
    outer loop
      vertex -9 -13.432646542787552 11.3274205327034
      vertex -9 -9.52627944201231 12.5
      vertex -9 -9.146165736019611 11.888727433979511
    endloop
  endfacet
  facet normal -1 0 0
    outer loop
      vertex -9 -13.432646542787552 11.3274205327034
      vertex -9 -9.865600153803825 13.13482441008091
      vertex -9 -9.52627944201231 12.5
    endloop
  endfacet
  facet normal -1 0 0
    outer loop
      vertex -9 -13.740502461791039 12
      vertex -9 -10.162674859166145 13.790482245385647
      vertex -9 -9.865600153803825 13.13482441008091
    endloop
  endfacet
  facet normal -1 0 0
    outer loop
      vertex -9 -13.85819298774004 12.259748511016369
      vertex -9 -10.41623142361641 14.46416588127613
      vertex -9 -10.162674859166145 13.790482245385647
    endloop
  endfacet
  facet normal 0 0 -1
    outer loop
      vertex -9 -25 0
      vertex -2.255519422436932 -20.978037445300206 0
      vertex -2.121320343559643 -21.121320343559642 0
    endloop
  endfacet
  facet normal 0 0 -1
    outer loop
      vertex -9 -25 0
      vertex -2.121320343559643 -21.121320343559642 0
      vertex -1.9780374453002065 -21.255519422436933 0
    endloop
  endfacet
  facet normal 0 0 -1
    outer loop
      vertex -9 -25 0
      vertex -1.9780374453002065 -21.255519422436933 0
      vertex -1.826284287026162 -21.380060020873707 0
    endloop
  endfacet
  facet normal 0 0 -1
    outer loop
      vertex -9 -25 0
      vertex -1.6667106990588065 -21.494408836907635 0
      vertex -1.5 -21.598076211353316 0
    endloop
  endfacet
  facet normal 0 0 -1
    outer loop
      vertex -9 -25 0
      vertex -1.5 -21.598076211353316 0
      vertex -1.326866070657004 -21.690618224598065 0
    endloop
  endfacet
  facet normal 0 0 -1
    outer loop
      vertex -9 -25 0
      vertex -1.826284287026162 -21.380060020873707 0
      vertex -1.6667106990588065 -21.494408836907635 0
    endloop
  endfacet
  facet normal 0 0 -1
    outer loop
      vertex -9 -25 0
      vertex -1.326866070657004 -21.690618224598065 0
      vertex -1.1480502970952693 -21.771638597533858 0
    endloop
  endfacet
  facet normal 0 0 -1
    outer loop
      vertex -9 -25 0
      vertex -1.1480502970952693 -21.771638597533858 0
      vertex -0.9643183959094848 -21.840790388485317 0
    endloop
  endfacet
  facet normal 0.8089901506694716 0.1335648144364346 0.5724468328712687
    outer loop
      vertex -2.084168720856865 -19.414566934284274 0.7999999999999998
      vertex -4.322991197019629 -19.569132588135957 4
      vertex -4.276512288817027 -19.850651183496794 4
    endloop
  endfacet
  facet normal 0.7846354211403058 0.2380165528437642 0.5724468328712691
    outer loop
      vertex -2.0122265251770997 -19.68305886376922 0.7999999999999998
      vertex -4.211720698451599 -20.12852715989555 4
      vertex -4.128893873460277 -20.40157060974099 4
    endloop
  endfacet
  facet normal 0.7985224838384886 0.18618932928625143 0.572446832871269
    outer loop
      vertex -2.05259238086427 -19.549990470842857 0.7999999999999998
      vertex -4.276512288817027 -19.850651183496794 4
      vertex -4.211720698451599 -20.12852715989555 4
    endloop
  endfacet
  facet normal 0.8159935974768607 0.0803683545459557 0.572446832871269
    outer loop
      vertex -2.106820330419347 -19.27736815846761 0.7999999999999998
      vertex -4.35095839323891 -19.2851768796579 4
      vertex -4.322991197019629 -19.569132588135957 4
    endloop
  endfacet
  facet normal 0.8195028344262377 0.02682774502294042 0.572446832871269
    outer loop
      vertex -2.1204502118820323 -19.138981649614053 0.7999999999999998
      vertex -4.360294117647059 -19 4
      vertex -4.35095839323891 -19.2851768796579 4
    endloop
  endfacet
  facet normal 0.8195028344262377 -0.02682774502294042 0.5724468328712691
    outer loop
      vertex -2.125 -19 0.7999999999999998
      vertex -4.35095839323891 -18.7148231203421 4
      vertex -4.360294117647059 -19 4
    endloop
  endfacet
  facet normal 0 -1 0
    outer loop
      vertex -9 -25 0
      vertex 9 -25 4
      vertex -9 -25 4
    endloop
  endfacet
  facet normal 0.935905926757327 0.35225004792123016 0
    outer loop
      vertex -2.840790388485317 -19.964318395909483 0.20000000000000004
      vertex -2.77163859753386 -20.14805029709527 0
      vertex -2.840790388485317 -19.964318395909483 0
    endloop
  endfacet
  facet normal 0.9738769792773342 0.2270762630343701 0
    outer loop
      vertex -2.9423558412096913 -19.585270966048384 0.20000000000000004
      vertex -2.897777478867205 -19.776457135307563 0
      vertex -2.9423558412096913 -19.585270966048384 0
    endloop
  endfacet
  facet normal 0.9738769792773342 0.2270762630343701 0
    outer loop
      vertex -2.9423558412096913 -19.585270966048384 0.20000000000000004
      vertex -2.897777478867205 -19.776457135307563 0.20000000000000004
      vertex -2.897777478867205 -19.776457135307563 0
    endloop
  endfacet
  facet normal 0.9569403357322076 0.29028467725446644 0
    outer loop
      vertex -2.897777478867205 -19.776457135307563 0.20000000000000004
      vertex -2.840790388485317 -19.964318395909483 0
      vertex -2.897777478867205 -19.776457135307563 0
    endloop
  endfacet
  facet normal 0.9569403357322076 0.29028467725446644 0
    outer loop
      vertex -2.840790388485317 -19.964318395909483 0.20000000000000004
      vertex -2.840790388485317 -19.964318395909483 0
      vertex -2.897777478867205 -19.776457135307563 0.20000000000000004
    endloop
  endfacet
  facet normal 0.986643332084879 0.1628954733945891 0
    outer loop
      vertex -2.974334584121431 -19.391578576660155 0.20000000000000004
      vertex -2.9423558412096913 -19.585270966048384 0
      vertex -2.974334584121431 -19.391578576660155 0
    endloop
  endfacet
  facet normal 0.9951847266721968 0.09801714032956052 0
    outer loop
      vertex -2.99357676971581 -19.19620938769043 0.20000000000000004
      vertex -2.974334584121431 -19.391578576660155 0
      vertex -2.99357676971581 -19.19620938769043 0
    endloop
  endfacet
  facet normal 0.9951847266721968 0.09801714032956052 0
    outer loop
      vertex -2.99357676971581 -19.19620938769043 0.20000000000000004
      vertex -2.974334584121431 -19.391578576660155 0.20000000000000004
      vertex -2.974334584121431 -19.391578576660155 0
    endloop
  endfacet
  facet normal 0 0 -1
    outer loop
      vertex -2.974334584121431 -19.391578576660155 0.20000000000000004
      vertex -2.974334584121431 -18.608421423339845 0.20000000000000004
      vertex -2.9423558412096913 -19.585270966048384 0.20000000000000004
    endloop
  endfacet
  facet normal 0.9994645874763656 0.03271908282177748 0
    outer loop
      vertex -3 -19 0.20000000000000004
      vertex -2.99357676971581 -19.19620938769043 0
      vertex -3 -19 0
    endloop
  endfacet
  facet normal 0.9994645874763656 0.03271908282177748 0
    outer loop
      vertex -2.99357676971581 -19.19620938769043 0.20000000000000004
      vertex -2.99357676971581 -19.19620938769043 0
      vertex -3 -19 0.20000000000000004
    endloop
  endfacet
  facet normal 0 0 -1
    outer loop
      vertex -2.99357676971581 -19.19620938769043 0.20000000000000004
      vertex -3 -19 0.20000000000000004
      vertex -2.99357676971581 -18.80379061230957 0.20000000000000004
    endloop
  endfacet
  facet normal 0 0 -1
    outer loop
      vertex -2.99357676971581 -19.19620938769043 0.20000000000000004
      vertex -2.99357676971581 -18.80379061230957 0.20000000000000004
      vertex -2.974334584121431 -19.391578576660155 0.20000000000000004
    endloop
  endfacet
  facet normal 0.9994645874763656 -0.03271908282177748 0
    outer loop
      vertex -2.99357676971581 -18.80379061230957 0.20000000000000004
      vertex -3 -19 0
      vertex -2.99357676971581 -18.80379061230957 0
    endloop
  endfacet
  facet normal 0.9994645874763656 -0.03271908282177748 0
    outer loop
      vertex -3 -19 0.20000000000000004
      vertex -3 -19 0
      vertex -2.99357676971581 -18.80379061230957 0.20000000000000004
    endloop
  endfacet
  facet normal 0 0 -1
    outer loop
      vertex -2.974334584121431 -19.391578576660155 0.20000000000000004
      vertex -2.99357676971581 -18.80379061230957 0.20000000000000004
      vertex -2.974334584121431 -18.608421423339845 0.20000000000000004
    endloop
  endfacet
  facet normal 0.986643332084879 0.1628954733945891 0
    outer loop
      vertex -2.974334584121431 -19.391578576660155 0.20000000000000004
      vertex -2.9423558412096913 -19.585270966048384 0.20000000000000004
      vertex -2.9423558412096913 -19.585270966048384 0
    endloop
  endfacet
  facet normal 0 0 -1
    outer loop
      vertex -2.9423558412096913 -19.585270966048384 0.20000000000000004
      vertex -2.9423558412096913 -18.414729033951616 0.20000000000000004
      vertex -2.897777478867205 -19.776457135307563 0.20000000000000004
    endloop
  endfacet
  facet normal 0 0 -1
    outer loop
      vertex -2.840790388485317 -19.964318395909483 0.20000000000000004
      vertex -2.840790388485317 -18.035681604090517 0.20000000000000004
      vertex -2.77163859753386 -20.14805029709527 0.20000000000000004
    endloop
  endfacet
  facet normal 0 0 -1
    outer loop
      vertex -2.840790388485317 -19.964318395909483 0.20000000000000004
      vertex -2.897777478867205 -19.776457135307563 0.20000000000000004
      vertex -2.897777478867205 -18.223542864692437 0.20000000000000004
    endloop
  endfacet
  facet normal 0 0 -1
    outer loop
      vertex -2.9423558412096913 -19.585270966048384 0.20000000000000004
      vertex -2.974334584121431 -18.608421423339845 0.20000000000000004
      vertex -2.9423558412096913 -18.414729033951616 0.20000000000000004
    endloop
  endfacet
  facet normal 0 0 -1
    outer loop
      vertex -2.897777478867205 -19.776457135307563 0.20000000000000004
      vertex -2.9423558412096913 -18.414729033951616 0.20000000000000004
      vertex -2.897777478867205 -18.223542864692437 0.20000000000000004
    endloop
  endfacet
  facet normal 0.8819212643483546 0.47139673682599825 0
    outer loop
      vertex -2.6906182245980648 -20.326866070657005 0.20000000000000004
      vertex -2.598076211353316 -20.5 0
      vertex -2.6906182245980648 -20.326866070657005 0
    endloop
  endfacet
  facet normal 0.8819212643483546 0.47139673682599825 0
    outer loop
      vertex -2.6906182245980648 -20.326866070657005 0.20000000000000004
      vertex -2.598076211353316 -20.5 0.20000000000000004
      vertex -2.598076211353316 -20.5 0
    endloop
  endfacet
  facet normal 0.8492021815265794 0.5280678506503669 0
    outer loop
      vertex -2.598076211353316 -20.5 0.20000000000000004
      vertex -2.4944088369076356 -20.666710699058807 0
      vertex -2.598076211353316 -20.5 0
    endloop
  endfacet
  facet normal 0.8128466845916152 0.582477696867802 0
    outer loop
      vertex -2.4944088369076356 -20.666710699058807 0.20000000000000004
      vertex -2.3800600208737057 -20.826284287026162 0
      vertex -2.4944088369076356 -20.666710699058807 0
    endloop
  endfacet
  facet normal 0.8128466845916152 0.582477696867802 0
    outer loop
      vertex -2.4944088369076356 -20.666710699058807 0.20000000000000004
      vertex -2.3800600208737057 -20.826284287026162 0.20000000000000004
      vertex -2.3800600208737057 -20.826284287026162 0
    endloop
  endfacet
  facet normal 0.8492021815265794 0.5280678506503669 0
    outer loop
      vertex -2.4944088369076356 -20.666710699058807 0.20000000000000004
      vertex -2.4944088369076356 -20.666710699058807 0
      vertex -2.598076211353316 -20.5 0.20000000000000004
    endloop
  endfacet
  facet normal 0.7730104533627347 0.6343932841636483 0
    outer loop
      vertex -2.3800600208737057 -20.826284287026162 0.20000000000000004
      vertex -2.255519422436932 -20.978037445300206 0
      vertex -2.3800600208737057 -20.826284287026162 0
    endloop
  endfacet
  facet normal 0.7730104533627347 0.6343932841636483 0
    outer loop
      vertex -2.3800600208737057 -20.826284287026162 0.20000000000000004
      vertex -2.255519422436932 -20.978037445300206 0.20000000000000004
      vertex -2.255519422436932 -20.978037445300206 0
    endloop
  endfacet
  facet normal 0.9108638249211756 0.41270702980439533 0
    outer loop
      vertex -2.77163859753386 -20.14805029709527 0.20000000000000004
      vertex -2.6906182245980648 -20.326866070657005 0
      vertex -2.77163859753386 -20.14805029709527 0
    endloop
  endfacet
  facet normal 0.935905926757327 0.35225004792123016 0
    outer loop
      vertex -2.840790388485317 -19.964318395909483 0.20000000000000004
      vertex -2.77163859753386 -20.14805029709527 0.20000000000000004
      vertex -2.77163859753386 -20.14805029709527 0
    endloop
  endfacet
  facet normal 0.9108638249211756 0.41270702980439533 0
    outer loop
      vertex -2.77163859753386 -20.14805029709527 0.20000000000000004
      vertex -2.6906182245980648 -20.326866070657005 0.20000000000000004
      vertex -2.6906182245980648 -20.326866070657005 0
    endloop
  endfacet
  facet normal 0 0 -1
    outer loop
      vertex -2.4944088369076356 -20.666710699058807 0.20000000000000004
      vertex -2.598076211353316 -20.5 0.20000000000000004
      vertex -2.598076211353316 -17.5 0.20000000000000004
    endloop
  endfacet
  facet normal 0 0 -1
    outer loop
      vertex -2.77163859753386 -20.14805029709527 0.20000000000000004
      vertex -2.77163859753386 -17.85194970290473 0.20000000000000004
      vertex -2.6906182245980648 -20.326866070657005 0.20000000000000004
    endloop
  endfacet
  facet normal 0 0 -1
    outer loop
      vertex -2.6906182245980648 -20.326866070657005 0.20000000000000004
      vertex -2.6906182245980648 -17.673133929342995 0.20000000000000004
      vertex -2.598076211353316 -20.5 0.20000000000000004
    endloop
  endfacet
  facet normal 0 0 -1
    outer loop
      vertex -2.4944088369076356 -20.666710699058807 0.20000000000000004
      vertex -2.4944088369076356 -17.333289300941193 0.20000000000000004
      vertex -2.3800600208737057 -20.826284287026162 0.20000000000000004
    endloop
  endfacet
  facet normal 0 0 -1
    outer loop
      vertex -2.3800600208737057 -20.826284287026162 0.20000000000000004
      vertex -2.3800600208737057 -17.173715712973838 0.20000000000000004
      vertex -2.255519422436932 -20.978037445300206 0.20000000000000004
    endloop
  endfacet
  facet normal 0.7468553620133933 0.33839576204127764 0.5724468328712687
    outer loop
      vertex -1.9058545757569625 -19.939863466715376 0.7999999999999998
      vertex -4.028386491023478 -20.668612319062486 4
      vertex -3.9106289391829714 -20.928508774263733 4
    endloop
  endfacet
  facet normal 0.7231241455979438 0.3865179084970029 0.5724468328712687
    outer loop
      vertex -1.840303983041932 -20.0625 0.7999999999999998
      vertex -3.9106289391829714 -20.928508774263733 4
      vertex -3.7761254738542065 -21.18014705882353 4
    endloop
  endfacet
  facet normal 0.6664870074674396 0.47759783543557927 0.5724468328712689
    outer loop
      vertex -1.6858758481188747 -20.293618036643533 0.7999999999999998
      vertex -3.625452059525068 -21.422449618975175 4
      vertex -3.459253902887518 -21.654378877957143 4
    endloop
  endfacet
  facet normal 0.6962964005750044 0.43298492592923665 0.5724468328712689
    outer loop
      vertex -1.7668729261429086 -20.180586745166654 0.7999999999999998
      vertex -3.7761254738542065 -21.18014705882353 4
      vertex -3.625452059525068 -21.422449618975175 4
    endloop
  endfacet
  facet normal 0.808990150669472 0.1335648144364322 0.572446832871269
    outer loop
      vertex -2.106820330419347 -19.27736815846761 0.7999999999999998
      vertex -4.322991197019629 -19.569132588135957 4
      vertex -2.084168720856865 -19.414566934284274 0.7999999999999998
    endloop
  endfacet
  facet normal 0.8159935974768606 0.08036835454595652 0.5724468328712689
    outer loop
      vertex -2.1204502118820323 -19.138981649614053 0.7999999999999998
      vertex -4.35095839323891 -19.2851768796579 4
      vertex -2.106820330419347 -19.27736815846761 0.7999999999999998
    endloop
  endfacet
  facet normal 0.8195028344262377 0.02682774502293964 0.5724468328712689
    outer loop
      vertex -2.1204502118820323 -19.138981649614053 0.7999999999999998
      vertex -2.125 -19 0.7999999999999998
      vertex -4.360294117647059 -19 4
    endloop
  endfacet
  facet normal 0.8195028344262377 -0.02682774502293964 0.5724468328712689
    outer loop
      vertex -2.125 -19 0.7999999999999998
      vertex -2.1204502118820323 -18.861018350385947 0.7999999999999998
      vertex -4.35095839323891 -18.7148231203421 4
    endloop
  endfacet
  facet normal 0.7673884291093805 0.28882455298102855 0.5724468328712686
    outer loop
      vertex -1.9632440065864842 -19.813202293775817 0.7999999999999998
      vertex -4.128893873460277 -20.40157060974099 4
      vertex -4.028386491023478 -20.668612319062486 4
    endloop
  endfacet
  facet normal 0.6962964005750035 0.43298492592923826 0.572446832871269
    outer loop
      vertex -1.840303983041932 -20.0625 0.7999999999999998
      vertex -3.7761254738542065 -21.18014705882353 4
      vertex -1.7668729261429086 -20.180586745166654 0.7999999999999998
    endloop
  endfacet
  facet normal 0.6664870074674419 0.4775978354355759 0.5724468328712691
    outer loop
      vertex -1.7668729261429086 -20.180586745166654 0.7999999999999998
      vertex -3.625452059525068 -21.422449618975175 4
      vertex -1.6858758481188747 -20.293618036643533 0.7999999999999998
    endloop
  endfacet
  facet normal 0.6338236146729461 0.5201655976884416 0.5724468328712693
    outer loop
      vertex -1.5976595908928268 -20.401109857087647 0.7999999999999998
      vertex -3.459253902887518 -21.654378877957143 4
      vertex -3.278242689963482 -21.874941679076038 4
    endloop
  endfacet
  facet normal 0.5984460918540512 0.5605059309947275 0.5724468328712687
    outer loop
      vertex -1.5026019100214136 -20.502601910021415 0.7999999999999998
      vertex -3.278242689963482 -21.874941679076038 4
      vertex -3.0831935385560496 -22.08319353855605 4
    endloop
  endfacet
  facet normal 0.5605059309947278 0.5984460918540508 0.5724468328712689
    outer loop
      vertex -1.4011098570876463 -20.597659590892828 0.7999999999999998
      vertex -3.0831935385560496 -22.08319353855605 4
      vertex -2.8749416790760356 -22.278242689963484 4
    endloop
  endfacet
  facet normal 0.5201655976884397 0.6338236146729483 0.5724468328712685
    outer loop
      vertex -1.2936180366435315 -20.685875848118876 0.7999999999999998
      vertex -2.8749416790760356 -22.278242689963484 4
      vertex -2.654378877957142 -22.459253902887518 4
    endloop
  endfacet
  facet normal 0.7673884291093804 0.28882455298102866 0.572446832871269
    outer loop
      vertex -2.0122265251770997 -19.68305886376922 0.7999999999999998
      vertex -4.128893873460277 -20.40157060974099 4
      vertex -1.9632440065864842 -19.813202293775817 0.7999999999999998
    endloop
  endfacet
  facet normal 0.7846354211403064 0.23801655284376214 0.5724468328712691
    outer loop
      vertex -2.05259238086427 -19.549990470842857 0.7999999999999998
      vertex -4.211720698451599 -20.12852715989555 4
      vertex -2.0122265251770997 -19.68305886376922 0.7999999999999998
    endloop
  endfacet
  facet normal 0.7985224838384878 0.18618932928625537 0.5724468328712689
    outer loop
      vertex -2.05259238086427 -19.549990470842857 0.7999999999999998
      vertex -2.084168720856865 -19.414566934284274 0.7999999999999998
      vertex -4.276512288817027 -19.850651183496794 4
    endloop
  endfacet
  facet normal 0.7468553620133913 0.3383957620412817 0.5724468328712687
    outer loop
      vertex -1.9058545757569625 -19.939863466715376 0.7999999999999998
      vertex -1.9632440065864842 -19.813202293775817 0.7999999999999998
      vertex -4.028386491023478 -20.668612319062486 4
    endloop
  endfacet
  facet normal 0.7231241455979458 0.3865179084969989 0.5724468328712691
    outer loop
      vertex -1.9058545757569625 -19.939863466715376 0.7999999999999998
      vertex -3.9106289391829714 -20.928508774263733 4
      vertex -1.840303983041932 -20.0625 0.7999999999999998
    endloop
  endfacet
  facet normal 0 0 1
    outer loop
      vertex -9 -25 4
      vertex -1.9285087742637337 -22.91062893918297 4
      vertex -2.1801470588235294 -22.776125473854208 4
    endloop
  endfacet
  facet normal 0 0 1
    outer loop
      vertex -9 -25 4
      vertex -1.6686123190624869 -23.02838649102348 4
      vertex -1.9285087742637337 -22.91062893918297 4
    endloop
  endfacet
  facet normal 0 0 1
    outer loop
      vertex -9 -25 4
      vertex -1.4015706097409912 -23.128893873460278 4
      vertex -1.6686123190624869 -23.02838649102348 4
    endloop
  endfacet
  facet normal 0 0 1
    outer loop
      vertex -9 -25 4
      vertex -1.12852715989555 -23.2117206984516 4
      vertex -1.4015706097409912 -23.128893873460278 4
    endloop
  endfacet
  facet normal 0 0 1
    outer loop
      vertex -9 -25 4
      vertex -0.8506511834967945 -23.276512288817027 4
      vertex -1.12852715989555 -23.2117206984516 4
    endloop
  endfacet
  facet normal 0.8159935974768607 -0.0803683545459557 0.572446832871269
    outer loop
      vertex -2.1204502118820323 -18.861018350385947 0.7999999999999998
      vertex -4.322991197019629 -18.430867411864043 4
      vertex -4.35095839323891 -18.7148231203421 4
    endloop
  endfacet
  facet normal 0.8089901506694714 -0.1335648144364346 0.5724468328712689
    outer loop
      vertex -2.106820330419347 -18.72263184153239 0.7999999999999998
      vertex -4.276512288817027 -18.149348816503206 4
      vertex -4.322991197019629 -18.430867411864043 4
    endloop
  endfacet
  facet normal 0.7985224838384888 -0.18618932928625148 0.5724468328712689
    outer loop
      vertex -2.084168720856865 -18.585433065715726 0.7999999999999998
      vertex -4.211720698451599 -17.87147284010445 4
      vertex -4.276512288817027 -18.149348816503206 4
    endloop
  endfacet
  facet normal 0.7846354211403058 -0.23801655284376413 0.5724468328712691
    outer loop
      vertex -2.05259238086427 -18.450009529157143 0.7999999999999998
      vertex -4.128893873460277 -17.59842939025901 4
      vertex -4.211720698451599 -17.87147284010445 4
    endloop
  endfacet
  facet normal 0.7673884291093807 -0.2888245529810286 0.5724468328712685
    outer loop
      vertex -2.0122265251770997 -18.31694113623078 0.7999999999999998
      vertex -4.028386491023478 -17.331387680937514 4
      vertex -4.128893873460277 -17.59842939025901 4
    endloop
  endfacet
  facet normal 0.9951847266721968 -0.09801714032956052 0
    outer loop
      vertex -2.974334584121431 -18.608421423339845 0.20000000000000004
      vertex -2.99357676971581 -18.80379061230957 0
      vertex -2.974334584121431 -18.608421423339845 0
    endloop
  endfacet
  facet normal 0.9951847266721968 -0.09801714032956052 0
    outer loop
      vertex -2.99357676971581 -18.80379061230957 0.20000000000000004
      vertex -2.99357676971581 -18.80379061230957 0
      vertex -2.974334584121431 -18.608421423339845 0.20000000000000004
    endloop
  endfacet
  facet normal 0.986643332084879 -0.1628954733945891 0
    outer loop
      vertex -2.974334584121431 -18.608421423339845 0.20000000000000004
      vertex -2.974334584121431 -18.608421423339845 0
      vertex -2.9423558412096913 -18.414729033951616 0.20000000000000004
    endloop
  endfacet
  facet normal 0.986643332084879 -0.1628954733945891 0
    outer loop
      vertex -2.9423558412096913 -18.414729033951616 0.20000000000000004
      vertex -2.974334584121431 -18.608421423339845 0
      vertex -2.9423558412096913 -18.414729033951616 0
    endloop
  endfacet
  facet normal 0 0 -1
    outer loop
      vertex -2.840790388485317 -19.964318395909483 0.20000000000000004
      vertex -2.897777478867205 -18.223542864692437 0.20000000000000004
      vertex -2.840790388485317 -18.035681604090517 0.20000000000000004
    endloop
  endfacet
  facet normal 0.9738769792773342 -0.2270762630343701 0
    outer loop
      vertex -2.897777478867205 -18.223542864692437 0.20000000000000004
      vertex -2.9423558412096913 -18.414729033951616 0
      vertex -2.897777478867205 -18.223542864692437 0
    endloop
  endfacet
  facet normal 0.9738769792773342 -0.2270762630343701 0
    outer loop
      vertex -2.9423558412096913 -18.414729033951616 0.20000000000000004
      vertex -2.9423558412096913 -18.414729033951616 0
      vertex -2.897777478867205 -18.223542864692437 0.20000000000000004
    endloop
  endfacet
  facet normal 0.9569403357322076 -0.29028467725446644 0
    outer loop
      vertex -2.840790388485317 -18.035681604090517 0.20000000000000004
      vertex -2.897777478867205 -18.223542864692437 0
      vertex -2.840790388485317 -18.035681604090517 0
    endloop
  endfacet
  facet normal 0.9569403357322076 -0.29028467725446644 0
    outer loop
      vertex -2.897777478867205 -18.223542864692437 0.20000000000000004
      vertex -2.897777478867205 -18.223542864692437 0
      vertex -2.840790388485317 -18.035681604090517 0.20000000000000004
    endloop
  endfacet
  facet normal 0.935905926757327 -0.35225004792123016 0
    outer loop
      vertex -2.840790388485317 -18.035681604090517 0.20000000000000004
      vertex -2.840790388485317 -18.035681604090517 0
      vertex -2.77163859753386 -17.85194970290473 0.20000000000000004
    endloop
  endfacet
  facet normal 0 0 -1
    outer loop
      vertex -2.840790388485317 -18.035681604090517 0.20000000000000004
      vertex -2.77163859753386 -17.85194970290473 0.20000000000000004
      vertex -2.77163859753386 -20.14805029709527 0.20000000000000004
    endloop
  endfacet
  facet normal 0 0 -1
    outer loop
      vertex -2.6906182245980648 -20.326866070657005 0.20000000000000004
      vertex -2.77163859753386 -17.85194970290473 0.20000000000000004
      vertex -2.6906182245980648 -17.673133929342995 0.20000000000000004
    endloop
  endfacet
  facet normal 0 0 -1
    outer loop
      vertex -2.598076211353316 -20.5 0.20000000000000004
      vertex -2.6906182245980648 -17.673133929342995 0.20000000000000004
      vertex -2.598076211353316 -17.5 0.20000000000000004
    endloop
  endfacet
  facet normal 0.935905926757327 -0.35225004792123016 0
    outer loop
      vertex -2.77163859753386 -17.85194970290473 0.20000000000000004
      vertex -2.840790388485317 -18.035681604090517 0
      vertex -2.77163859753386 -17.85194970290473 0
    endloop
  endfacet
  facet normal 0.9108638249211756 -0.41270702980439533 0
    outer loop
      vertex -2.77163859753386 -17.85194970290473 0.20000000000000004
      vertex -2.77163859753386 -17.85194970290473 0
      vertex -2.6906182245980648 -17.673133929342995 0.20000000000000004
    endloop
  endfacet
  facet normal 0.9108638249211756 -0.41270702980439533 0
    outer loop
      vertex -2.6906182245980648 -17.673133929342995 0.20000000000000004
      vertex -2.77163859753386 -17.85194970290473 0
      vertex -2.6906182245980648 -17.673133929342995 0
    endloop
  endfacet
  facet normal 0.8819212643483546 -0.47139673682599825 0
    outer loop
      vertex -2.6906182245980648 -17.673133929342995 0.20000000000000004
      vertex -2.6906182245980648 -17.673133929342995 0
      vertex -2.598076211353316 -17.5 0.20000000000000004
    endloop
  endfacet
  facet normal 0.8819212643483546 -0.47139673682599825 0
    outer loop
      vertex -2.598076211353316 -17.5 0.20000000000000004
      vertex -2.6906182245980648 -17.673133929342995 0
      vertex -2.598076211353316 -17.5 0
    endloop
  endfacet
  facet normal 0.8492021815265794 -0.5280678506503669 0
    outer loop
      vertex -2.598076211353316 -17.5 0.20000000000000004
      vertex -2.598076211353316 -17.5 0
      vertex -2.4944088369076356 -17.333289300941193 0.20000000000000004
    endloop
  endfacet
  facet normal 0 0 -1
    outer loop
      vertex -2.4944088369076356 -20.666710699058807 0.20000000000000004
      vertex -2.598076211353316 -17.5 0.20000000000000004
      vertex -2.4944088369076356 -17.333289300941193 0.20000000000000004
    endloop
  endfacet
  facet normal 0 0 -1
    outer loop
      vertex -2.3800600208737057 -20.826284287026162 0.20000000000000004
      vertex -2.4944088369076356 -17.333289300941193 0.20000000000000004
      vertex -2.3800600208737057 -17.173715712973838 0.20000000000000004
    endloop
  endfacet
  facet normal 0 0 -1
    outer loop
      vertex -2.255519422436932 -20.978037445300206 0.20000000000000004
      vertex -2.3800600208737057 -17.173715712973838 0.20000000000000004
      vertex -2.255519422436932 -17.021962554699794 0.20000000000000004
    endloop
  endfacet
  facet normal 0.8492021815265794 -0.5280678506503669 0
    outer loop
      vertex -2.4944088369076356 -17.333289300941193 0.20000000000000004
      vertex -2.598076211353316 -17.5 0
      vertex -2.4944088369076356 -17.333289300941193 0
    endloop
  endfacet
  facet normal 0.8128466845916152 -0.582477696867802 0
    outer loop
      vertex -2.3800600208737057 -17.173715712973838 0.20000000000000004
      vertex -2.4944088369076356 -17.333289300941193 0
      vertex -2.3800600208737057 -17.173715712973838 0
    endloop
  endfacet
  facet normal 0.8128466845916152 -0.582477696867802 0
    outer loop
      vertex -2.4944088369076356 -17.333289300941193 0.20000000000000004
      vertex -2.4944088369076356 -17.333289300941193 0
      vertex -2.3800600208737057 -17.173715712973838 0.20000000000000004
    endloop
  endfacet
  facet normal 0.7730104533627347 -0.6343932841636483 0
    outer loop
      vertex -2.3800600208737057 -17.173715712973838 0.20000000000000004
      vertex -2.3800600208737057 -17.173715712973838 0
      vertex -2.255519422436932 -17.021962554699794 0.20000000000000004
    endloop
  endfacet
  facet normal 0.7730104533627347 -0.6343932841636483 0
    outer loop
      vertex -2.255519422436932 -17.021962554699794 0.20000000000000004
      vertex -2.3800600208737057 -17.173715712973838 0
      vertex -2.255519422436932 -17.021962554699794 0
    endloop
  endfacet
  facet normal 0.8159935974768606 -0.08036835454595652 0.5724468328712689
    outer loop
      vertex -2.1204502118820323 -18.861018350385947 0.7999999999999998
      vertex -2.106820330419347 -18.72263184153239 0.7999999999999998
      vertex -4.322991197019629 -18.430867411864043 4
    endloop
  endfacet
  facet normal 0.8089901506694721 -0.13356481443643223 0.572446832871269
    outer loop
      vertex -2.106820330419347 -18.72263184153239 0.7999999999999998
      vertex -2.084168720856865 -18.585433065715726 0.7999999999999998
      vertex -4.276512288817027 -18.149348816503206 4
    endloop
  endfacet
  facet normal 0.7468553620133933 -0.3383957620412771 0.572446832871269
    outer loop
      vertex -1.9632440065864842 -18.186797706224183 0.7999999999999998
      vertex -3.9106289391829714 -17.071491225736267 4
      vertex -4.028386491023478 -17.331387680937514 4
    endloop
  endfacet
  facet normal 0.7231241455979444 -0.3865179084970016 0.5724468328712691
    outer loop
      vertex -1.9058545757569625 -18.060136533284624 0.7999999999999998
      vertex -3.7761254738542065 -16.81985294117647 4
      vertex -3.9106289391829714 -17.071491225736267 4
    endloop
  endfacet
  facet normal 0.6962964005750042 -0.4329849259292373 0.5724468328712687
    outer loop
      vertex -1.840303983041932 -17.9375 0.7999999999999998
      vertex -3.625452059525068 -16.577550381024825 4
      vertex -3.7761254738542065 -16.81985294117647 4
    endloop
  endfacet
  facet normal 0.6664870074674395 -0.47759783543557915 0.5724468328712691
    outer loop
      vertex -1.7668729261429086 -17.819413254833346 0.7999999999999998
      vertex -3.459253902887518 -16.345621122042857 4
      vertex -3.625452059525068 -16.577550381024825 4
    endloop
  endfacet
  facet normal 0.7985224838384877 -0.18618932928625534 0.5724468328712691
    outer loop
      vertex -2.084168720856865 -18.585433065715726 0.7999999999999998
      vertex -2.05259238086427 -18.450009529157143 0.7999999999999998
      vertex -4.211720698451599 -17.87147284010445 4
    endloop
  endfacet
  facet normal 0.7846354211403064 -0.23801655284376214 0.5724468328712689
    outer loop
      vertex -2.05259238086427 -18.450009529157143 0.7999999999999998
      vertex -2.0122265251770997 -18.31694113623078 0.7999999999999998
      vertex -4.128893873460277 -17.59842939025901 4
    endloop
  endfacet
  facet normal 0.7673884291093804 -0.28882455298102866 0.572446832871269
    outer loop
      vertex -2.0122265251770997 -18.31694113623078 0.7999999999999998
      vertex -1.9632440065864842 -18.186797706224183 0.7999999999999998
      vertex -4.028386491023478 -17.331387680937514 4
    endloop
  endfacet
  facet normal 0.7468553620133912 -0.33839576204128163 0.572446832871269
    outer loop
      vertex -1.9632440065864842 -18.186797706224183 0.7999999999999998
      vertex -1.9058545757569625 -18.060136533284624 0.7999999999999998
      vertex -3.9106289391829714 -17.071491225736267 4
    endloop
  endfacet
  facet normal 0.7231241455979458 -0.3865179084969989 0.5724468328712689
    outer loop
      vertex -1.9058545757569625 -18.060136533284624 0.7999999999999998
      vertex -1.840303983041932 -17.9375 0.7999999999999998
      vertex -3.7761254738542065 -16.81985294117647 4
    endloop
  endfacet
  facet normal 0.6962964005750035 -0.43298492592923826 0.572446832871269
    outer loop
      vertex -1.840303983041932 -17.9375 0.7999999999999998
      vertex -1.7668729261429086 -17.819413254833346 0.7999999999999998
      vertex -3.625452059525068 -16.577550381024825 4
    endloop
  endfacet
  facet normal 0.6664870074674422 -0.477597835435576 0.5724468328712687
    outer loop
      vertex -1.7668729261429086 -17.819413254833346 0.7999999999999998
      vertex -1.6858758481188747 -17.706381963356467 0.7999999999999998
      vertex -3.459253902887518 -16.345621122042857 4
    endloop
  endfacet
  facet normal 0.6338236146729468 -0.5201655976884415 0.5724468328712687
    outer loop
      vertex -1.6858758481188747 -17.706381963356467 0.7999999999999998
      vertex -3.278242689963482 -16.125058320923962 4
      vertex -3.459253902887518 -16.345621122042857 4
    endloop
  endfacet
  facet normal 0.5984460918540511 -0.5605059309947273 0.5724468328712691
    outer loop
      vertex -1.5976595908928268 -17.598890142912353 0.7999999999999998
      vertex -3.0831935385560496 -15.91680646144395 4
      vertex -3.278242689963482 -16.125058320923962 4
    endloop
  endfacet
  facet normal 0.560505930994725 -0.5984460918540532 0.5724468328712691
    outer loop
      vertex -1.5026019100214136 -17.497398089978585 0.7999999999999998
      vertex -2.8749416790760356 -15.721757310036518 4
      vertex -3.0831935385560496 -15.91680646144395 4
    endloop
  endfacet
  facet normal 0.5201655976884428 -0.6338236146729456 0.5724468328712692
    outer loop
      vertex -1.4011098570876463 -17.402340409107172 0.7999999999999998
      vertex -2.654378877957142 -15.540746097112482 4
      vertex -2.8749416790760356 -15.721757310036518 4
    endloop
  endfacet
  facet normal 0 0 1
    outer loop
      vertex -9 -10 4
      vertex -2.1801470588235294 -15.223874526145794 4
      vertex -1.9285087742637337 -15.08937106081703 4
    endloop
  endfacet
  facet normal 0 0 1
    outer loop
      vertex -9 -10 4
      vertex -1.9285087742637337 -15.08937106081703 4
      vertex -1.6686123190624869 -14.971613508976521 4
    endloop
  endfacet
  facet normal 0 0 1
    outer loop
      vertex -9 -10 4
      vertex -1.6686123190624869 -14.971613508976521 4
      vertex -1.4015706097409912 -14.871106126539724 4
    endloop
  endfacet
  facet normal 0.4775978354355868 0.6664870074674341 0.572446832871269
    outer loop
      vertex -1.1805867451666545 -20.76687292614291 0.7999999999999998
      vertex -2.654378877957142 -22.459253902887518 4
      vertex -2.422449618975177 -22.62545205952507 4
    endloop
  endfacet
  facet normal 0.43298492592923365 0.6962964005750057 0.5724468328712694
    outer loop
      vertex -1.0625 -20.84030398304193 0.7999999999999998
      vertex -2.422449618975177 -22.62545205952507 4
      vertex -2.1801470588235294 -22.776125473854208 4
    endloop
  endfacet
  facet normal 0.3865179084969974 0.7231241455979466 0.5724468328712689
    outer loop
      vertex -0.9398634667153778 -20.905854575756962 0.7999999999999998
      vertex -2.1801470588235294 -22.776125473854208 4
      vertex -1.9285087742637337 -22.91062893918297 4
    endloop
  endfacet
  facet normal 0.3383957620412818 0.7468553620133914 0.5724468328712686
    outer loop
      vertex -0.8132022937758158 -20.963244006586486 0.7999999999999998
      vertex -1.9285087742637337 -22.91062893918297 4
      vertex -1.6686123190624869 -23.02838649102348 4
    endloop
  endfacet
  facet normal 0.28882455298102927 0.7673884291093797 0.5724468328712693
    outer loop
      vertex -0.6830588637692183 -21.0122265251771 0.7999999999999998
      vertex -1.6686123190624869 -23.02838649102348 4
      vertex -1.4015706097409912 -23.128893873460278 4
    endloop
  endfacet
  facet normal 0.6835923020228745 0.7298640726978326 0
    outer loop
      vertex -2.121320343559643 -21.121320343559642 0.20000000000000004
      vertex -1.9780374453002065 -21.255519422436933 0
      vertex -2.121320343559643 -21.121320343559642 0
    endloop
  endfacet
  facet normal 0.6835923020228745 0.7298640726978326 0
    outer loop
      vertex -2.121320343559643 -21.121320343559642 0.20000000000000004
      vertex -1.9780374453002065 -21.255519422436933 0.20000000000000004
      vertex -1.9780374453002065 -21.255519422436933 0
    endloop
  endfacet
  facet normal 0.729864072697836 0.6835923020228707 0
    outer loop
      vertex -2.255519422436932 -20.978037445300206 0.20000000000000004
      vertex -2.121320343559643 -21.121320343559642 0
      vertex -2.255519422436932 -20.978037445300206 0
    endloop
  endfacet
  facet normal 0.729864072697836 0.6835923020228707 0
    outer loop
      vertex -2.255519422436932 -20.978037445300206 0.20000000000000004
      vertex -2.121320343559643 -21.121320343559642 0.20000000000000004
      vertex -2.121320343559643 -21.121320343559642 0
    endloop
  endfacet
  facet normal 0 0 -1
    outer loop
      vertex -2.121320343559643 -21.121320343559642 0.20000000000000004
      vertex -2.05259238086427 -19.549990470842857 0.20000000000000004
      vertex -1.9780374453002065 -21.255519422436933 0.20000000000000004
    endloop
  endfacet
  facet normal 0.6343932841636466 0.773010453362736 0
    outer loop
      vertex -1.9780374453002065 -21.255519422436933 0.20000000000000004
      vertex -1.826284287026162 -21.380060020873707 0
      vertex -1.9780374453002065 -21.255519422436933 0
    endloop
  endfacet
  facet normal 0.6343932841636466 0.773010453362736 0
    outer loop
      vertex -1.9780374453002065 -21.255519422436933 0.20000000000000004
      vertex -1.826284287026162 -21.380060020873707 0.20000000000000004
      vertex -1.826284287026162 -21.380060020873707 0
    endloop
  endfacet
  facet normal 0.5824776968677945 0.8128466845916206 0
    outer loop
      vertex -1.826284287026162 -21.380060020873707 0.20000000000000004
      vertex -1.6667106990588065 -21.494408836907635 0
      vertex -1.826284287026162 -21.380060020873707 0
    endloop
  endfacet
  facet normal 0.5824776968677945 0.8128466845916206 0
    outer loop
      vertex -1.826284287026162 -21.380060020873707 0.20000000000000004
      vertex -1.6667106990588065 -21.494408836907635 0.20000000000000004
      vertex -1.6667106990588065 -21.494408836907635 0
    endloop
  endfacet
  facet normal 0 0 -1
    outer loop
      vertex -1.9780374453002065 -21.255519422436933 0.20000000000000004
      vertex -1.9058545757569625 -19.939863466715376 0.20000000000000004
      vertex -1.826284287026162 -21.380060020873707 0.20000000000000004
    endloop
  endfacet
  facet normal 0 0 -1
    outer loop
      vertex -1.9780374453002065 -21.255519422436933 0.20000000000000004
      vertex -1.9632440065864842 -19.813202293775817 0.20000000000000004
      vertex -1.9058545757569625 -19.939863466715376 0.20000000000000004
    endloop
  endfacet
  facet normal 0 0 -1
    outer loop
      vertex -1.826284287026162 -21.380060020873707 0.20000000000000004
      vertex -1.9058545757569625 -19.939863466715376 0.20000000000000004
      vertex -1.840303983041932 -20.0625 0.20000000000000004
    endloop
  endfacet
  facet normal 0 0 -1
    outer loop
      vertex -1.826284287026162 -21.380060020873707 0.20000000000000004
      vertex -1.7668729261429086 -20.180586745166654 0.20000000000000004
      vertex -1.6667106990588065 -21.494408836907635 0.20000000000000004
    endloop
  endfacet
  facet normal 0 0 -1
    outer loop
      vertex -1.826284287026162 -21.380060020873707 0.20000000000000004
      vertex -1.840303983041932 -20.0625 0.20000000000000004
      vertex -1.7668729261429086 -20.180586745166654 0.20000000000000004
    endloop
  endfacet
  facet normal 0 0 -1
    outer loop
      vertex -1.7668729261429086 -20.180586745166654 0.20000000000000004
      vertex -1.6858758481188747 -20.293618036643533 0.20000000000000004
      vertex -1.6667106990588065 -21.494408836907635 0.20000000000000004
    endloop
  endfacet
  facet normal 0 0 -1
    outer loop
      vertex -2.255519422436932 -20.978037445300206 0.20000000000000004
      vertex -2.255519422436932 -17.021962554699794 0.20000000000000004
      vertex -2.121320343559643 -21.121320343559642 0.20000000000000004
    endloop
  endfacet
  facet normal 0 0 -1
    outer loop
      vertex -2.121320343559643 -21.121320343559642 0.20000000000000004
      vertex -2.1204502118820323 -19.138981649614053 0.20000000000000004
      vertex -2.106820330419347 -19.27736815846761 0.20000000000000004
    endloop
  endfacet
  facet normal 0 0 -1
    outer loop
      vertex -2.121320343559643 -21.121320343559642 0.20000000000000004
      vertex -2.125 -19 0.20000000000000004
      vertex -2.1204502118820323 -19.138981649614053 0.20000000000000004
    endloop
  endfacet
  facet normal 0 0 -1
    outer loop
      vertex -2.121320343559643 -21.121320343559642 0.20000000000000004
      vertex -2.084168720856865 -19.414566934284274 0.20000000000000004
      vertex -2.05259238086427 -19.549990470842857 0.20000000000000004
    endloop
  endfacet
  facet normal 0 0 -1
    outer loop
      vertex -2.121320343559643 -21.121320343559642 0.20000000000000004
      vertex -2.106820330419347 -19.27736815846761 0.20000000000000004
      vertex -2.084168720856865 -19.414566934284274 0.20000000000000004
    endloop
  endfacet
  facet normal 0 0 -1
    outer loop
      vertex -1.9780374453002065 -21.255519422436933 0.20000000000000004
      vertex -2.05259238086427 -19.549990470842857 0.20000000000000004
      vertex -2.0122265251770997 -19.68305886376922 0.20000000000000004
    endloop
  endfacet
  facet normal 0 0 -1
    outer loop
      vertex -1.9780374453002065 -21.255519422436933 0.20000000000000004
      vertex -2.0122265251770997 -19.68305886376922 0.20000000000000004
      vertex -1.9632440065864842 -19.813202293775817 0.20000000000000004
    endloop
  endfacet
  facet normal 0.9359059267573255 0.3522500479212341 0
    outer loop
      vertex -2.0122265251770997 -19.68305886376922 0.20000000000000004
      vertex -1.9632440065864842 -19.813202293775817 0.7999999999999998
      vertex -1.9632440065864842 -19.813202293775817 0.20000000000000004
    endloop
  endfacet
  facet normal 0.9569403357322089 0.2902846772544621 0
    outer loop
      vertex -2.05259238086427 -19.549990470842857 0.20000000000000004
      vertex -2.0122265251770997 -19.68305886376922 0.7999999999999998
      vertex -2.0122265251770997 -19.68305886376922 0.20000000000000004
    endloop
  endfacet
  facet normal 0.9569403357322089 0.2902846772544621 0
    outer loop
      vertex -2.05259238086427 -19.549990470842857 0.20000000000000004
      vertex -2.05259238086427 -19.549990470842857 0.7999999999999998
      vertex -2.0122265251770997 -19.68305886376922 0.7999999999999998
    endloop
  endfacet
  facet normal 0.9359059267573255 0.3522500479212341 0
    outer loop
      vertex -2.0122265251770997 -19.68305886376922 0.20000000000000004
      vertex -2.0122265251770997 -19.68305886376922 0.7999999999999998
      vertex -1.9632440065864842 -19.813202293775817 0.7999999999999998
    endloop
  endfacet
  facet normal 0.9951847266721969 0.09801714032956 0
    outer loop
      vertex -2.1204502118820323 -19.138981649614053 0.20000000000000004
      vertex -2.106820330419347 -19.27736815846761 0.7999999999999998
      vertex -2.106820330419347 -19.27736815846761 0.20000000000000004
    endloop
  endfacet
  facet normal 0 0 -1
    outer loop
      vertex -2.255519422436932 -17.021962554699794 0.20000000000000004
      vertex -2.125 -19 0.20000000000000004
      vertex -2.121320343559643 -21.121320343559642 0.20000000000000004
    endloop
  endfacet
  facet normal 0.9994645874763656 0.032719082821777504 0
    outer loop
      vertex -2.1204502118820323 -19.138981649614053 0.20000000000000004
      vertex -2.125 -19 0.20000000000000004
      vertex -2.1204502118820323 -19.138981649614053 0.7999999999999998
    endloop
  endfacet
  facet normal 0.9994645874763656 -0.032719082821777504 0
    outer loop
      vertex -2.125 -19 0.20000000000000004
      vertex -2.1204502118820323 -18.861018350385947 0.20000000000000004
      vertex -2.125 -19 0.7999999999999998
    endloop
  endfacet
  facet normal 0.9951847266721969 -0.09801714032956 0
    outer loop
      vertex -2.1204502118820323 -18.861018350385947 0.20000000000000004
      vertex -2.106820330419347 -18.72263184153239 0.20000000000000004
      vertex -2.1204502118820323 -18.861018350385947 0.7999999999999998
    endloop
  endfacet
  facet normal 0.9866433320848798 0.16289547339458482 0
    outer loop
      vertex -2.106820330419347 -19.27736815846761 0.20000000000000004
      vertex -2.084168720856865 -19.414566934284274 0.7999999999999998
      vertex -2.084168720856865 -19.414566934284274 0.20000000000000004
    endloop
  endfacet
  facet normal 0.9738769792773332 0.2270762630343752 0
    outer loop
      vertex -2.05259238086427 -19.549990470842857 0.20000000000000004
      vertex -2.084168720856865 -19.414566934284274 0.20000000000000004
      vertex -2.05259238086427 -19.549990470842857 0.7999999999999998
    endloop
  endfacet
  facet normal 0.9951847266721969 0.09801714032956 0
    outer loop
      vertex -2.1204502118820323 -19.138981649614053 0.20000000000000004
      vertex -2.1204502118820323 -19.138981649614053 0.7999999999999998
      vertex -2.106820330419347 -19.27736815846761 0.7999999999999998
    endloop
  endfacet
  facet normal 0.9994645874763656 0.032719082821777504 0
    outer loop
      vertex -2.125 -19 0.20000000000000004
      vertex -2.125 -19 0.7999999999999998
      vertex -2.1204502118820323 -19.138981649614053 0.7999999999999998
    endloop
  endfacet
  facet normal 0.9994645874763656 -0.032719082821777504 0
    outer loop
      vertex -2.1204502118820323 -18.861018350385947 0.20000000000000004
      vertex -2.1204502118820323 -18.861018350385947 0.7999999999999998
      vertex -2.125 -19 0.7999999999999998
    endloop
  endfacet
  facet normal 0.9951847266721969 -0.09801714032956 0
    outer loop
      vertex -2.106820330419347 -18.72263184153239 0.20000000000000004
      vertex -2.106820330419347 -18.72263184153239 0.7999999999999998
      vertex -2.1204502118820323 -18.861018350385947 0.7999999999999998
    endloop
  endfacet
  facet normal 0.9738769792773332 0.2270762630343752 0
    outer loop
      vertex -2.084168720856865 -19.414566934284274 0.20000000000000004
      vertex -2.084168720856865 -19.414566934284274 0.7999999999999998
      vertex -2.05259238086427 -19.549990470842857 0.7999999999999998
    endloop
  endfacet
  facet normal 0.9866433320848798 0.16289547339458482 0
    outer loop
      vertex -2.106820330419347 -19.27736815846761 0.20000000000000004
      vertex -2.106820330419347 -19.27736815846761 0.7999999999999998
      vertex -2.084168720856865 -19.414566934284274 0.7999999999999998
    endloop
  endfacet
  facet normal 0.8819212643483576 0.47139673682599315 0
    outer loop
      vertex -1.9058545757569625 -19.939863466715376 0.20000000000000004
      vertex -1.840303983041932 -20.0625 0.7999999999999998
      vertex -1.840303983041932 -20.0625 0.20000000000000004
    endloop
  endfacet
  facet normal 0.9108638249211732 0.4127070298044005 0
    outer loop
      vertex -1.9058545757569625 -19.939863466715376 0.20000000000000004
      vertex -1.9632440065864842 -19.813202293775817 0.20000000000000004
      vertex -1.9058545757569625 -19.939863466715376 0.7999999999999998
    endloop
  endfacet
  facet normal 0.8492021815265766 0.5280678506503715 0
    outer loop
      vertex -1.840303983041932 -20.0625 0.20000000000000004
      vertex -1.7668729261429086 -20.180586745166654 0.7999999999999998
      vertex -1.7668729261429086 -20.180586745166654 0.20000000000000004
    endloop
  endfacet
  facet normal 0.812846684591622 0.5824776968677926 0
    outer loop
      vertex -1.7668729261429086 -20.180586745166654 0.20000000000000004
      vertex -1.6858758481188747 -20.293618036643533 0.7999999999999998
      vertex -1.6858758481188747 -20.293618036643533 0.20000000000000004
    endloop
  endfacet
  facet normal 0.8819212643483576 0.47139673682599315 0
    outer loop
      vertex -1.9058545757569625 -19.939863466715376 0.20000000000000004
      vertex -1.9058545757569625 -19.939863466715376 0.7999999999999998
      vertex -1.840303983041932 -20.0625 0.7999999999999998
    endloop
  endfacet
  facet normal 0.9108638249211732 0.4127070298044005 0
    outer loop
      vertex -1.9632440065864842 -19.813202293775817 0.20000000000000004
      vertex -1.9632440065864842 -19.813202293775817 0.7999999999999998
      vertex -1.9058545757569625 -19.939863466715376 0.7999999999999998
    endloop
  endfacet
  facet normal 0.8492021815265766 0.5280678506503715 0
    outer loop
      vertex -1.840303983041932 -20.0625 0.20000000000000004
      vertex -1.840303983041932 -20.0625 0.7999999999999998
      vertex -1.7668729261429086 -20.180586745166654 0.7999999999999998
    endloop
  endfacet
  facet normal 0.812846684591622 0.5824776968677926 0
    outer loop
      vertex -1.7668729261429086 -20.180586745166654 0.20000000000000004
      vertex -1.7668729261429086 -20.180586745166654 0.7999999999999998
      vertex -1.6858758481188747 -20.293618036643533 0.7999999999999998
    endloop
  endfacet
  facet normal 0.5280678506503723 0.8492021815265762 0
    outer loop
      vertex -1.6667106990588065 -21.494408836907635 0.20000000000000004
      vertex -1.5 -21.598076211353316 0
      vertex -1.6667106990588065 -21.494408836907635 0
    endloop
  endfacet
  facet normal 0.5280678506503723 0.8492021815265762 0
    outer loop
      vertex -1.6667106990588065 -21.494408836907635 0.20000000000000004
      vertex -1.5 -21.598076211353316 0.20000000000000004
      vertex -1.5 -21.598076211353316 0
    endloop
  endfacet
  facet normal 0 0 -1
    outer loop
      vertex -1.6667106990588065 -21.494408836907635 0.20000000000000004
      vertex -1.5976595908928268 -20.401109857087647 0.20000000000000004
      vertex -1.5 -21.598076211353316 0.20000000000000004
    endloop
  endfacet
  facet normal 0.4713967368259986 0.8819212643483544 0
    outer loop
      vertex -1.5 -21.598076211353316 0.20000000000000004
      vertex -1.326866070657004 -21.690618224598065 0
      vertex -1.5 -21.598076211353316 0
    endloop
  endfacet
  facet normal 0 0 -1
    outer loop
      vertex -1.5 -21.598076211353316 0.20000000000000004
      vertex -1.4011098570876463 -20.597659590892828 0.20000000000000004
      vertex -1.326866070657004 -21.690618224598065 0.20000000000000004
    endloop
  endfacet
  facet normal 0 0 -1
    outer loop
      vertex -1.6667106990588065 -21.494408836907635 0.20000000000000004
      vertex -1.6858758481188747 -20.293618036643533 0.20000000000000004
      vertex -1.5976595908928268 -20.401109857087647 0.20000000000000004
    endloop
  endfacet
  facet normal 0.7730104533627337 0.6343932841636495 0
    outer loop
      vertex -1.6858758481188747 -20.293618036643533 0.20000000000000004
      vertex -1.5976595908928268 -20.401109857087647 0.7999999999999998
      vertex -1.5976595908928268 -20.401109857087647 0.20000000000000004
    endloop
  endfacet
  facet normal 0 0 -1
    outer loop
      vertex -1.5 -21.598076211353316 0.20000000000000004
      vertex -1.5976595908928268 -20.401109857087647 0.20000000000000004
      vertex -1.5026019100214136 -20.502601910021415 0.20000000000000004
    endloop
  endfacet
  facet normal 0 0 -1
    outer loop
      vertex -1.5 -21.598076211353316 0.20000000000000004
      vertex -1.5026019100214136 -20.502601910021415 0.20000000000000004
      vertex -1.4011098570876463 -20.597659590892828 0.20000000000000004
    endloop
  endfacet
  facet normal 0.7298640726978394 0.6835923020228674 0
    outer loop
      vertex -1.5976595908928268 -20.401109857087647 0.20000000000000004
      vertex -1.5026019100214136 -20.502601910021415 0.7999999999999998
      vertex -1.5026019100214136 -20.502601910021415 0.20000000000000004
    endloop
  endfacet
  facet normal 0.6835923020228697 0.729864072697837 0
    outer loop
      vertex -1.4011098570876463 -20.597659590892828 0.20000000000000004
      vertex -1.5026019100214136 -20.502601910021415 0.20000000000000004
      vertex -1.4011098570876463 -20.597659590892828 0.7999999999999998
    endloop
  endfacet
  facet normal 0.7730104533627337 0.6343932841636495 0
    outer loop
      vertex -1.6858758481188747 -20.293618036643533 0.20000000000000004
      vertex -1.6858758481188747 -20.293618036643533 0.7999999999999998
      vertex -1.5976595908928268 -20.401109857087647 0.7999999999999998
    endloop
  endfacet
  facet normal 0.7298640726978394 0.6835923020228674 0
    outer loop
      vertex -1.5976595908928268 -20.401109857087647 0.20000000000000004
      vertex -1.5976595908928268 -20.401109857087647 0.7999999999999998
      vertex -1.5026019100214136 -20.502601910021415 0.7999999999999998
    endloop
  endfacet
  facet normal 0.6835923020228697 0.729864072697837 0
    outer loop
      vertex -1.5026019100214136 -20.502601910021415 0.20000000000000004
      vertex -1.5026019100214136 -20.502601910021415 0.7999999999999998
      vertex -1.4011098570876463 -20.597659590892828 0.7999999999999998
    endloop
  endfacet
  facet normal 0.4713967368259986 0.8819212643483544 0
    outer loop
      vertex -1.5 -21.598076211353316 0.20000000000000004
      vertex -1.326866070657004 -21.690618224598065 0.20000000000000004
      vertex -1.326866070657004 -21.690618224598065 0
    endloop
  endfacet
  facet normal 0.4127070298043847 0.9108638249211803 0
    outer loop
      vertex -1.326866070657004 -21.690618224598065 0.20000000000000004
      vertex -1.1480502970952693 -21.771638597533858 0
      vertex -1.326866070657004 -21.690618224598065 0
    endloop
  endfacet
  facet normal 0.4127070298043847 0.9108638249211803 0
    outer loop
      vertex -1.326866070657004 -21.690618224598065 0.20000000000000004
      vertex -1.1480502970952693 -21.771638597533858 0.20000000000000004
      vertex -1.1480502970952693 -21.771638597533858 0
    endloop
  endfacet
  facet normal 0 0 -1
    outer loop
      vertex -1.326866070657004 -21.690618224598065 0.20000000000000004
      vertex -1.2936180366435315 -20.685875848118876 0.20000000000000004
      vertex -1.1480502970952693 -21.771638597533858 0.20000000000000004
    endloop
  endfacet
  facet normal 0 0 -1
    outer loop
      vertex -1.1480502970952693 -21.771638597533858 0.20000000000000004
      vertex -1.1805867451666545 -20.76687292614291 0.20000000000000004
      vertex -1.0625 -20.84030398304193 0.20000000000000004
    endloop
  endfacet
  facet normal 0 0 -1
    outer loop
      vertex -1.326866070657004 -21.690618224598065 0.20000000000000004
      vertex -1.4011098570876463 -20.597659590892828 0.20000000000000004
      vertex -1.2936180366435315 -20.685875848118876 0.20000000000000004
    endloop
  endfacet
  facet normal 0.6343932841636454 0.773010453362737 0
    outer loop
      vertex -1.4011098570876463 -20.597659590892828 0.20000000000000004
      vertex -1.2936180366435315 -20.685875848118876 0.7999999999999998
      vertex -1.2936180366435315 -20.685875848118876 0.20000000000000004
    endloop
  endfacet
  facet normal 0 0 -1
    outer loop
      vertex -1.2936180366435315 -20.685875848118876 0.20000000000000004
      vertex -1.1805867451666545 -20.76687292614291 0.20000000000000004
      vertex -1.1480502970952693 -21.771638597533858 0.20000000000000004
    endloop
  endfacet
  facet normal 0.5824776968677988 0.8128466845916176 0
    outer loop
      vertex -1.2936180366435315 -20.685875848118876 0.20000000000000004
      vertex -1.1805867451666545 -20.76687292614291 0.7999999999999998
      vertex -1.1805867451666545 -20.76687292614291 0.20000000000000004
    endloop
  endfacet
  facet normal 0.6343932841636454 0.773010453362737 0
    outer loop
      vertex -1.4011098570876463 -20.597659590892828 0.20000000000000004
      vertex -1.4011098570876463 -20.597659590892828 0.7999999999999998
      vertex -1.2936180366435315 -20.685875848118876 0.7999999999999998
    endloop
  endfacet
  facet normal 0.5824776968677988 0.8128466845916176 0
    outer loop
      vertex -1.2936180366435315 -20.685875848118876 0.20000000000000004
      vertex -1.2936180366435315 -20.685875848118876 0.7999999999999998
      vertex -1.1805867451666545 -20.76687292614291 0.7999999999999998
    endloop
  endfacet
  facet normal 0.5280678506503595 0.849202181526584 0
    outer loop
      vertex -1.1805867451666545 -20.76687292614291 0.20000000000000004
      vertex -1.1805867451666545 -20.76687292614291 0.7999999999999998
      vertex -1.0625 -20.84030398304193 0.7999999999999998
    endloop
  endfacet
  facet normal 0.6338236146729425 0.5201655976884466 0.5724468328712689
    outer loop
      vertex -1.6858758481188747 -20.293618036643533 0.7999999999999998
      vertex -3.459253902887518 -21.654378877957143 4
      vertex -1.5976595908928268 -20.401109857087647 0.7999999999999998
    endloop
  endfacet
  facet normal 0.5984460918540557 0.5605059309947223 0.5724468328712693
    outer loop
      vertex -1.5976595908928268 -20.401109857087647 0.7999999999999998
      vertex -3.278242689963482 -21.874941679076038 4
      vertex -1.5026019100214136 -20.502601910021415 0.7999999999999998
    endloop
  endfacet
  facet normal 0.5605059309947245 0.5984460918540538 0.5724468328712689
    outer loop
      vertex -1.4011098570876463 -20.597659590892828 0.7999999999999998
      vertex -1.5026019100214136 -20.502601910021415 0.7999999999999998
      vertex -3.0831935385560496 -22.08319353855605 4
    endloop
  endfacet
  facet normal 0.5201655976884433 0.6338236146729451 0.5724468328712691
    outer loop
      vertex -1.4011098570876463 -20.597659590892828 0.7999999999999998
      vertex -2.8749416790760356 -22.278242689963484 4
      vertex -1.2936180366435315 -20.685875848118876 0.7999999999999998
    endloop
  endfacet
  facet normal 0.47759783543558104 0.6664870074674386 0.5724468328712687
    outer loop
      vertex -1.2936180366435315 -20.685875848118876 0.7999999999999998
      vertex -2.654378877957142 -22.459253902887518 4
      vertex -1.1805867451666545 -20.76687292614291 0.7999999999999998
    endloop
  endfacet
  facet normal 0.4329849259292282 0.6962964005750094 0.5724468328712691
    outer loop
      vertex -1.1805867451666545 -20.76687292614291 0.7999999999999998
      vertex -2.422449618975177 -22.62545205952507 4
      vertex -1.0625 -20.84030398304193 0.7999999999999998
    endloop
  endfacet
  facet normal 0.386517908497004 0.7231241455979427 0.5724468328712693
    outer loop
      vertex -1.0625 -20.84030398304193 0.7999999999999998
      vertex -2.1801470588235294 -22.776125473854208 4
      vertex -0.9398634667153778 -20.905854575756962 0.7999999999999998
    endloop
  endfacet
  facet normal 0.3383957620412867 0.7468553620133889 0.572446832871269
    outer loop
      vertex -0.9398634667153778 -20.905854575756962 0.7999999999999998
      vertex -1.9285087742637337 -22.91062893918297 4
      vertex -0.8132022937758158 -20.963244006586486 0.7999999999999998
    endloop
  endfacet
  facet normal 0.2902846772544633 0.9569403357322086 0
    outer loop
      vertex -0.9643183959094848 -21.840790388485317 0.20000000000000004
      vertex -0.7764571353075622 -21.897777478867205 0.20000000000000004
      vertex -0.7764571353075622 -21.897777478867205 0
    endloop
  endfacet
  facet normal 0.2270762630343635 0.9738769792773359 0
    outer loop
      vertex -0.7764571353075622 -21.897777478867205 0.20000000000000004
      vertex -0.5852709660483848 -21.94235584120969 0
      vertex -0.7764571353075622 -21.897777478867205 0
    endloop
  endfacet
  facet normal 0.2270762630343635 0.9738769792773359 0
    outer loop
      vertex -0.7764571353075622 -21.897777478867205 0.20000000000000004
      vertex -0.5852709660483848 -21.94235584120969 0.20000000000000004
      vertex -0.5852709660483848 -21.94235584120969 0
    endloop
  endfacet
  facet normal 0 0 -1
    outer loop
      vertex -9 -25 0
      vertex -0.9643183959094848 -21.840790388485317 0
      vertex 9 -25 0
    endloop
  endfacet
  facet normal 0.162895473394588 0.9866433320848791 0
    outer loop
      vertex -0.5852709660483848 -21.94235584120969 0.20000000000000004
      vertex -0.3915785766601547 -21.97433458412143 0
      vertex -0.5852709660483848 -21.94235584120969 0
    endloop
  endfacet
  facet normal 0.162895473394588 0.9866433320848791 0
    outer loop
      vertex -0.5852709660483848 -21.94235584120969 0.20000000000000004
      vertex -0.3915785766601547 -21.97433458412143 0.20000000000000004
      vertex -0.3915785766601547 -21.97433458412143 0
    endloop
  endfacet
  facet normal 0.09801714032956008 0.9951847266721969 0
    outer loop
      vertex -0.3915785766601547 -21.97433458412143 0.20000000000000004
      vertex -0.19620938769042917 -21.99357676971581 0
      vertex -0.3915785766601547 -21.97433458412143 0
    endloop
  endfacet
  facet normal 0.09801714032956008 0.9951847266721969 0
    outer loop
      vertex -0.3915785766601547 -21.97433458412143 0.20000000000000004
      vertex -0.19620938769042917 -21.99357676971581 0.20000000000000004
      vertex -0.19620938769042917 -21.99357676971581 0
    endloop
  endfacet
  facet normal 0.03271908282178673 0.9994645874763652 0
    outer loop
      vertex -0.19620938769042917 -21.99357676971581 0.20000000000000004
      vertex 0 -22 0
      vertex -0.19620938769042917 -21.99357676971581 0
    endloop
  endfacet
  facet normal 0.03271908282178673 0.9994645874763652 0
    outer loop
      vertex -0.19620938769042917 -21.99357676971581 0.20000000000000004
      vertex 0 -22 0.20000000000000004
      vertex 0 -22 0
    endloop
  endfacet
  facet normal 0.2380165528437619 0.7846354211403063 0.5724468328712693
    outer loop
      vertex -0.5499904708428566 -21.05259238086427 0.7999999999999998
      vertex -1.4015706097409912 -23.128893873460278 4
      vertex -1.12852715989555 -23.2117206984516 4
    endloop
  endfacet
  facet normal 0.1861893292862526 0.7985224838384883 0.5724468328712689
    outer loop
      vertex -0.41456693428427255 -21.084168720856866 0.7999999999999998
      vertex -1.12852715989555 -23.2117206984516 4
      vertex -0.8506511834967945 -23.276512288817027 4
    endloop
  endfacet
  facet normal 0.1335648144364339 0.8089901506694714 0.5724468328712692
    outer loop
      vertex -0.2773681584676096 -21.106820330419346 0.7999999999999998
      vertex -0.8506511834967945 -23.276512288817027 4
      vertex -0.5691325881359601 -23.32299119701963 4
    endloop
  endfacet
  facet normal 0.08036835454596054 0.8159935974768602 0.5724468328712689
    outer loop
      vertex -0.13898164961405401 -21.120450211882034 0.7999999999999998
      vertex -0.5691325881359601 -23.32299119701963 4
      vertex -0.28517687965790317 -23.350958393238912 4
    endloop
  endfacet
  facet normal 0.026827745022932965 0.819502834426238 0.572446832871269
    outer loop
      vertex 0 -21.125 0.7999999999999998
      vertex -0.28517687965790317 -23.350958393238912 4
      vertex 0 -23.360294117647058 4
    endloop
  endfacet
  facet normal 0.35225004792124254 0.9359059267573223 0
    outer loop
      vertex -1.1480502970952693 -21.771638597533858 0.20000000000000004
      vertex -0.9643183959094848 -21.840790388485317 0
      vertex -1.1480502970952693 -21.771638597533858 0
    endloop
  endfacet
  facet normal 0.35225004792124254 0.9359059267573223 0
    outer loop
      vertex -1.1480502970952693 -21.771638597533858 0.20000000000000004
      vertex -0.9643183959094848 -21.840790388485317 0.20000000000000004
      vertex -0.9643183959094848 -21.840790388485317 0
    endloop
  endfacet
  facet normal 0 0 -1
    outer loop
      vertex -1.1480502970952693 -21.771638597533858 0.20000000000000004
      vertex -1.0625 -20.84030398304193 0.20000000000000004
      vertex -0.9643183959094848 -21.840790388485317 0.20000000000000004
    endloop
  endfacet
  facet normal 0 0 -1
    outer loop
      vertex -1.0625 -20.84030398304193 0.20000000000000004
      vertex -0.9398634667153778 -20.905854575756962 0.20000000000000004
      vertex -0.9643183959094848 -21.840790388485317 0.20000000000000004
    endloop
  endfacet
  facet normal 0.2902846772544633 0.9569403357322086 0
    outer loop
      vertex -0.9643183959094848 -21.840790388485317 0.20000000000000004
      vertex -0.7764571353075622 -21.897777478867205 0
      vertex -0.9643183959094848 -21.840790388485317 0
    endloop
  endfacet
  facet normal 0 0 -1
    outer loop
      vertex -0.9643183959094848 -21.840790388485317 0.20000000000000004
      vertex -0.8132022937758158 -20.963244006586486 0.20000000000000004
      vertex -0.7764571353075622 -21.897777478867205 0.20000000000000004
    endloop
  endfacet
  facet normal 0 0 -1
    outer loop
      vertex -0.9643183959094848 -21.840790388485317 0.20000000000000004
      vertex -0.9398634667153778 -20.905854575756962 0.20000000000000004
      vertex -0.8132022937758158 -20.963244006586486 0.20000000000000004
    endloop
  endfacet
  facet normal 0.5280678506503595 0.849202181526584 0
    outer loop
      vertex -1.1805867451666545 -20.76687292614291 0.20000000000000004
      vertex -1.0625 -20.84030398304193 0.7999999999999998
      vertex -1.0625 -20.84030398304193 0.20000000000000004
    endloop
  endfacet
  facet normal 0.47139673682599953 0.8819212643483539 0
    outer loop
      vertex -1.0625 -20.84030398304193 0.20000000000000004
      vertex -0.9398634667153778 -20.905854575756962 0.7999999999999998
      vertex -0.9398634667153778 -20.905854575756962 0.20000000000000004
    endloop
  endfacet
  facet normal 0.41270702980440677 0.9108638249211704 0
    outer loop
      vertex -0.9398634667153778 -20.905854575756962 0.20000000000000004
      vertex -0.8132022937758158 -20.963244006586486 0.7999999999999998
      vertex -0.8132022937758158 -20.963244006586486 0.20000000000000004
    endloop
  endfacet
  facet normal 0.47139673682599953 0.8819212643483539 0
    outer loop
      vertex -1.0625 -20.84030398304193 0.20000000000000004
      vertex -1.0625 -20.84030398304193 0.7999999999999998
      vertex -0.9398634667153778 -20.905854575756962 0.7999999999999998
    endloop
  endfacet
  facet normal 0.41270702980440677 0.9108638249211704 0
    outer loop
      vertex -0.9398634667153778 -20.905854575756962 0.20000000000000004
      vertex -0.9398634667153778 -20.905854575756962 0.7999999999999998
      vertex -0.8132022937758158 -20.963244006586486 0.7999999999999998
    endloop
  endfacet
  facet normal 0 0 -1
    outer loop
      vertex -0.7764571353075622 -21.897777478867205 0.20000000000000004
      vertex -0.8132022937758158 -20.963244006586486 0.20000000000000004
      vertex -0.6830588637692183 -21.0122265251771 0.20000000000000004
    endloop
  endfacet
  facet normal 0 0 -1
    outer loop
      vertex -0.7764571353075622 -21.897777478867205 0.20000000000000004
      vertex -0.6830588637692183 -21.0122265251771 0.20000000000000004
      vertex -0.5852709660483848 -21.94235584120969 0.20000000000000004
    endloop
  endfacet
  facet normal 0 0 -1
    outer loop
      vertex -0.5852709660483848 -21.94235584120969 0.20000000000000004
      vertex -0.6830588637692183 -21.0122265251771 0.20000000000000004
      vertex -0.5499904708428566 -21.05259238086427 0.20000000000000004
    endloop
  endfacet
  facet normal 0.3522500479212181 0.9359059267573315 0
    outer loop
      vertex -0.8132022937758158 -20.963244006586486 0.20000000000000004
      vertex -0.6830588637692183 -21.0122265251771 0.7999999999999998
      vertex -0.6830588637692183 -21.0122265251771 0.20000000000000004
    endloop
  endfacet
  facet normal 0.2902846772544615 0.9569403357322092 0
    outer loop
      vertex -0.6830588637692183 -21.0122265251771 0.20000000000000004
      vertex -0.5499904708428566 -21.05259238086427 0.7999999999999998
      vertex -0.5499904708428566 -21.05259238086427 0.20000000000000004
    endloop
  endfacet
  facet normal 0.3522500479212181 0.9359059267573315 0
    outer loop
      vertex -0.8132022937758158 -20.963244006586486 0.20000000000000004
      vertex -0.8132022937758158 -20.963244006586486 0.7999999999999998
      vertex -0.6830588637692183 -21.0122265251771 0.7999999999999998
    endloop
  endfacet
  facet normal 0.2902846772544615 0.9569403357322092 0
    outer loop
      vertex -0.6830588637692183 -21.0122265251771 0.20000000000000004
      vertex -0.6830588637692183 -21.0122265251771 0.7999999999999998
      vertex -0.5499904708428566 -21.05259238086427 0.7999999999999998
    endloop
  endfacet
  facet normal 0 0 -1
    outer loop
      vertex -0.5852709660483848 -21.94235584120969 0.20000000000000004
      vertex -0.5499904708428566 -21.05259238086427 0.20000000000000004
      vertex -0.3915785766601547 -21.97433458412143 0.20000000000000004
    endloop
  endfacet
  facet normal 0 0 -1
    outer loop
      vertex -0.5499904708428566 -21.05259238086427 0.20000000000000004
      vertex -0.41456693428427255 -21.084168720856866 0.20000000000000004
      vertex -0.3915785766601547 -21.97433458412143 0.20000000000000004
    endloop
  endfacet
  facet normal 0 0 -1
    outer loop
      vertex -0.3915785766601547 -21.97433458412143 0.20000000000000004
      vertex -0.2773681584676096 -21.106820330419346 0.20000000000000004
      vertex -0.19620938769042917 -21.99357676971581 0.20000000000000004
    endloop
  endfacet
  facet normal 0 0 -1
    outer loop
      vertex -0.3915785766601547 -21.97433458412143 0.20000000000000004
      vertex -0.41456693428427255 -21.084168720856866 0.20000000000000004
      vertex -0.2773681584676096 -21.106820330419346 0.20000000000000004
    endloop
  endfacet
  facet normal 0.1628954733945735 0.9866433320848814 0
    outer loop
      vertex -0.41456693428427255 -21.084168720856866 0.20000000000000004
      vertex -0.2773681584676096 -21.106820330419346 0.7999999999999998
      vertex -0.2773681584676096 -21.106820330419346 0.20000000000000004
    endloop
  endfacet
  facet normal 0.2270762630343897 0.9738769792773299 0
    outer loop
      vertex -0.5499904708428566 -21.05259238086427 0.20000000000000004
      vertex -0.41456693428427255 -21.084168720856866 0.7999999999999998
      vertex -0.41456693428427255 -21.084168720856866 0.20000000000000004
    endloop
  endfacet
  facet normal 0.2270762630343897 0.9738769792773299 0
    outer loop
      vertex -0.5499904708428566 -21.05259238086427 0.20000000000000004
      vertex -0.5499904708428566 -21.05259238086427 0.7999999999999998
      vertex -0.41456693428427255 -21.084168720856866 0.7999999999999998
    endloop
  endfacet
  facet normal 0.1628954733945735 0.9866433320848814 0
    outer loop
      vertex -0.41456693428427255 -21.084168720856866 0.20000000000000004
      vertex -0.41456693428427255 -21.084168720856866 0.7999999999999998
      vertex -0.2773681584676096 -21.106820330419346 0.7999999999999998
    endloop
  endfacet
  facet normal 0 0 -1
    outer loop
      vertex -0.19620938769042917 -21.99357676971581 0.20000000000000004
      vertex -0.2773681584676096 -21.106820330419346 0.20000000000000004
      vertex -0.13898164961405401 -21.120450211882034 0.20000000000000004
    endloop
  endfacet
  facet normal 0.09801714032957695 0.9951847266721953 0
    outer loop
      vertex -0.2773681584676096 -21.106820330419346 0.20000000000000004
      vertex -0.13898164961405401 -21.120450211882034 0.7999999999999998
      vertex -0.13898164961405401 -21.120450211882034 0.20000000000000004
    endloop
  endfacet
  facet normal 0 0 -1
    outer loop
      vertex -0.19620938769042917 -21.99357676971581 0.20000000000000004
      vertex -0.13898164961405401 -21.120450211882034 0.20000000000000004
      vertex 0 -22 0.20000000000000004
    endloop
  endfacet
  facet normal 0 0 -1
    outer loop
      vertex -0.13898164961405401 -21.120450211882034 0.20000000000000004
      vertex 0 -21.125 0.20000000000000004
      vertex 0 -22 0.20000000000000004
    endloop
  endfacet
  facet normal 0.032719082821767595 0.9994645874763659 0
    outer loop
      vertex -0.13898164961405401 -21.120450211882034 0.20000000000000004
      vertex 0 -21.125 0.7999999999999998
      vertex 0 -21.125 0.20000000000000004
    endloop
  endfacet
  facet normal 0.09801714032957695 0.9951847266721953 0
    outer loop
      vertex -0.2773681584676096 -21.106820330419346 0.20000000000000004
      vertex -0.2773681584676096 -21.106820330419346 0.7999999999999998
      vertex -0.13898164961405401 -21.120450211882034 0.7999999999999998
    endloop
  endfacet
  facet normal 0.032719082821767595 0.9994645874763659 0
    outer loop
      vertex -0.13898164961405401 -21.120450211882034 0.20000000000000004
      vertex -0.13898164961405401 -21.120450211882034 0.7999999999999998
      vertex 0 -21.125 0.7999999999999998
    endloop
  endfacet
  facet normal 0.28882455298101556 0.7673884291093854 0.5724468328712687
    outer loop
      vertex -0.8132022937758158 -20.963244006586486 0.7999999999999998
      vertex -1.6686123190624869 -23.02838649102348 4
      vertex -0.6830588637692183 -21.0122265251771 0.7999999999999998
    endloop
  endfacet
  facet normal 0.23801655284376153 0.7846354211403063 0.5724468328712693
    outer loop
      vertex -0.6830588637692183 -21.0122265251771 0.7999999999999998
      vertex -1.4015706097409912 -23.128893873460278 4
      vertex -0.5499904708428566 -21.05259238086427 0.7999999999999998
    endloop
  endfacet
  facet normal 0.18618932928626716 0.7985224838384845 0.5724468328712697
    outer loop
      vertex -0.5499904708428566 -21.05259238086427 0.7999999999999998
      vertex -1.12852715989555 -23.2117206984516 4
      vertex -0.41456693428427255 -21.084168720856866 0.7999999999999998
    endloop
  endfacet
  facet normal 0.13356481443642296 0.8089901506694736 0.5724468328712686
    outer loop
      vertex -0.41456693428427255 -21.084168720856866 0.7999999999999998
      vertex -0.8506511834967945 -23.276512288817027 4
      vertex -0.2773681584676096 -21.106820330419346 0.7999999999999998
    endloop
  endfacet
  facet normal 0.08036835454597038 0.815993597476859 0.5724468328712694
    outer loop
      vertex -0.2773681584676096 -21.106820330419346 0.7999999999999998
      vertex -0.5691325881359601 -23.32299119701963 4
      vertex -0.13898164961405401 -21.120450211882034 0.7999999999999998
    endloop
  endfacet
  facet normal 0.026827745022931518 0.8195028344262382 0.5724468328712689
    outer loop
      vertex -0.13898164961405401 -21.120450211882034 0.7999999999999998
      vertex -0.28517687965790317 -23.350958393238912 4
      vertex 0 -21.125 0.7999999999999998
    endloop
  endfacet
  facet normal 0 0 1
    outer loop
      vertex -9 -25 4
      vertex 9 -25 4
      vertex -0.8506511834967945 -23.276512288817027 4
    endloop
  endfacet
  facet normal 0 0 -1
    outer loop
      vertex -2.255519422436932 -17.021962554699794 0.20000000000000004
      vertex -2.1204502118820323 -18.861018350385947 0.20000000000000004
      vertex -2.125 -19 0.20000000000000004
    endloop
  endfacet
  facet normal 0 0 -1
    outer loop
      vertex -2.1204502118820323 -18.861018350385947 0.20000000000000004
      vertex -2.121320343559643 -16.878679656440358 0.20000000000000004
      vertex -2.106820330419347 -18.72263184153239 0.20000000000000004
    endloop
  endfacet
  facet normal 0.9866433320848798 -0.16289547339458482 0
    outer loop
      vertex -2.106820330419347 -18.72263184153239 0.20000000000000004
      vertex -2.084168720856865 -18.585433065715726 0.20000000000000004
      vertex -2.106820330419347 -18.72263184153239 0.7999999999999998
    endloop
  endfacet
  facet normal 0.9738769792773332 -0.2270762630343752 0
    outer loop
      vertex -2.084168720856865 -18.585433065715726 0.20000000000000004
      vertex -2.05259238086427 -18.450009529157143 0.20000000000000004
      vertex -2.084168720856865 -18.585433065715726 0.7999999999999998
    endloop
  endfacet
  facet normal 0.9569403357322089 -0.2902846772544621 0
    outer loop
      vertex -2.05259238086427 -18.450009529157143 0.20000000000000004
      vertex -2.0122265251770997 -18.31694113623078 0.20000000000000004
      vertex -2.05259238086427 -18.450009529157143 0.7999999999999998
    endloop
  endfacet
  facet normal 0 0 -1
    outer loop
      vertex -2.106820330419347 -18.72263184153239 0.20000000000000004
      vertex -2.121320343559643 -16.878679656440358 0.20000000000000004
      vertex -2.084168720856865 -18.585433065715726 0.20000000000000004
    endloop
  endfacet
  facet normal 0 0 -1
    outer loop
      vertex -2.084168720856865 -18.585433065715726 0.20000000000000004
      vertex -2.121320343559643 -16.878679656440358 0.20000000000000004
      vertex -2.05259238086427 -18.450009529157143 0.20000000000000004
    endloop
  endfacet
  facet normal 0.9359059267573255 -0.3522500479212341 0
    outer loop
      vertex -2.0122265251770997 -18.31694113623078 0.20000000000000004
      vertex -1.9632440065864842 -18.186797706224183 0.20000000000000004
      vertex -2.0122265251770997 -18.31694113623078 0.7999999999999998
    endloop
  endfacet
  facet normal 0.9866433320848798 -0.16289547339458482 0
    outer loop
      vertex -2.084168720856865 -18.585433065715726 0.20000000000000004
      vertex -2.084168720856865 -18.585433065715726 0.7999999999999998
      vertex -2.106820330419347 -18.72263184153239 0.7999999999999998
    endloop
  endfacet
  facet normal 0.9738769792773332 -0.2270762630343752 0
    outer loop
      vertex -2.05259238086427 -18.450009529157143 0.20000000000000004
      vertex -2.05259238086427 -18.450009529157143 0.7999999999999998
      vertex -2.084168720856865 -18.585433065715726 0.7999999999999998
    endloop
  endfacet
  facet normal 0.9569403357322089 -0.2902846772544621 0
    outer loop
      vertex -2.0122265251770997 -18.31694113623078 0.20000000000000004
      vertex -2.0122265251770997 -18.31694113623078 0.7999999999999998
      vertex -2.05259238086427 -18.450009529157143 0.7999999999999998
    endloop
  endfacet
  facet normal 0.9359059267573255 -0.3522500479212341 0
    outer loop
      vertex -1.9632440065864842 -18.186797706224183 0.20000000000000004
      vertex -1.9632440065864842 -18.186797706224183 0.7999999999999998
      vertex -2.0122265251770997 -18.31694113623078 0.7999999999999998
    endloop
  endfacet
  facet normal 0 0 -1
    outer loop
      vertex -2.255519422436932 -17.021962554699794 0.20000000000000004
      vertex -2.121320343559643 -16.878679656440358 0.20000000000000004
      vertex -2.1204502118820323 -18.861018350385947 0.20000000000000004
    endloop
  endfacet
  facet normal 0 0 -1
    outer loop
      vertex -2.05259238086427 -18.450009529157143 0.20000000000000004
      vertex -2.121320343559643 -16.878679656440358 0.20000000000000004
      vertex -2.0122265251770997 -18.31694113623078 0.20000000000000004
    endloop
  endfacet
  facet normal 0 0 -1
    outer loop
      vertex -2.0122265251770997 -18.31694113623078 0.20000000000000004
      vertex -2.121320343559643 -16.878679656440358 0.20000000000000004
      vertex -1.9632440065864842 -18.186797706224183 0.20000000000000004
    endloop
  endfacet
  facet normal 0 0 -1
    outer loop
      vertex -1.9632440065864842 -18.186797706224183 0.20000000000000004
      vertex -2.121320343559643 -16.878679656440358 0.20000000000000004
      vertex -1.9780374453002065 -16.744480577563067 0.20000000000000004
    endloop
  endfacet
  facet normal 0.9108638249211732 -0.4127070298044005 0
    outer loop
      vertex -1.9632440065864842 -18.186797706224183 0.20000000000000004
      vertex -1.9058545757569625 -18.060136533284624 0.20000000000000004
      vertex -1.9632440065864842 -18.186797706224183 0.7999999999999998
    endloop
  endfacet
  facet normal 0.8819212643483576 -0.47139673682599315 0
    outer loop
      vertex -1.9058545757569625 -18.060136533284624 0.20000000000000004
      vertex -1.840303983041932 -17.9375 0.20000000000000004
      vertex -1.9058545757569625 -18.060136533284624 0.7999999999999998
    endloop
  endfacet
  facet normal 0.9108638249211732 -0.4127070298044005 0
    outer loop
      vertex -1.9058545757569625 -18.060136533284624 0.20000000000000004
      vertex -1.9058545757569625 -18.060136533284624 0.7999999999999998
      vertex -1.9632440065864842 -18.186797706224183 0.7999999999999998
    endloop
  endfacet
  facet normal 0.8819212643483576 -0.47139673682599315 0
    outer loop
      vertex -1.840303983041932 -17.9375 0.20000000000000004
      vertex -1.840303983041932 -17.9375 0.7999999999999998
      vertex -1.9058545757569625 -18.060136533284624 0.7999999999999998
    endloop
  endfacet
  facet normal 0 0 -1
    outer loop
      vertex -1.9632440065864842 -18.186797706224183 0.20000000000000004
      vertex -1.9780374453002065 -16.744480577563067 0.20000000000000004
      vertex -1.9058545757569625 -18.060136533284624 0.20000000000000004
    endloop
  endfacet
  facet normal 0 0 -1
    outer loop
      vertex -1.9058545757569625 -18.060136533284624 0.20000000000000004
      vertex -1.9780374453002065 -16.744480577563067 0.20000000000000004
      vertex -1.840303983041932 -17.9375 0.20000000000000004
    endloop
  endfacet
  facet normal 0 0 -1
    outer loop
      vertex -1.840303983041932 -17.9375 0.20000000000000004
      vertex -1.9780374453002065 -16.744480577563067 0.20000000000000004
      vertex -1.7668729261429086 -17.819413254833346 0.20000000000000004
    endloop
  endfacet
  facet normal 0.8492021815265766 -0.5280678506503715 0
    outer loop
      vertex -1.840303983041932 -17.9375 0.20000000000000004
      vertex -1.7668729261429086 -17.819413254833346 0.20000000000000004
      vertex -1.840303983041932 -17.9375 0.7999999999999998
    endloop
  endfacet
  facet normal 0.812846684591622 -0.5824776968677926 0
    outer loop
      vertex -1.7668729261429086 -17.819413254833346 0.20000000000000004
      vertex -1.6858758481188747 -17.706381963356467 0.20000000000000004
      vertex -1.7668729261429086 -17.819413254833346 0.7999999999999998
    endloop
  endfacet
  facet normal 0 0 -1
    outer loop
      vertex -1.7668729261429086 -17.819413254833346 0.20000000000000004
      vertex -1.826284287026162 -16.619939979126293 0.20000000000000004
      vertex -1.6858758481188747 -17.706381963356467 0.20000000000000004
    endloop
  endfacet
  facet normal 0 0 -1
    outer loop
      vertex -1.6858758481188747 -17.706381963356467 0.20000000000000004
      vertex -1.826284287026162 -16.619939979126293 0.20000000000000004
      vertex -1.5976595908928268 -17.598890142912353 0.20000000000000004
    endloop
  endfacet
  facet normal 0.8492021815265766 -0.5280678506503715 0
    outer loop
      vertex -1.7668729261429086 -17.819413254833346 0.20000000000000004
      vertex -1.7668729261429086 -17.819413254833346 0.7999999999999998
      vertex -1.840303983041932 -17.9375 0.7999999999999998
    endloop
  endfacet
  facet normal 0.812846684591622 -0.5824776968677926 0
    outer loop
      vertex -1.6858758481188747 -17.706381963356467 0.20000000000000004
      vertex -1.6858758481188747 -17.706381963356467 0.7999999999999998
      vertex -1.7668729261429086 -17.819413254833346 0.7999999999999998
    endloop
  endfacet
  facet normal 0.729864072697836 -0.6835923020228707 0
    outer loop
      vertex -2.255519422436932 -17.021962554699794 0.20000000000000004
      vertex -2.255519422436932 -17.021962554699794 0
      vertex -2.121320343559643 -16.878679656440358 0.20000000000000004
    endloop
  endfacet
  facet normal 0.729864072697836 -0.6835923020228707 0
    outer loop
      vertex -2.121320343559643 -16.878679656440358 0.20000000000000004
      vertex -2.255519422436932 -17.021962554699794 0
      vertex -2.121320343559643 -16.878679656440358 0
    endloop
  endfacet
  facet normal 0.6835923020228745 -0.7298640726978326 0
    outer loop
      vertex -2.121320343559643 -16.878679656440358 0.20000000000000004
      vertex -2.121320343559643 -16.878679656440358 0
      vertex -1.9780374453002065 -16.744480577563067 0.20000000000000004
    endloop
  endfacet
  facet normal 0.6835923020228745 -0.7298640726978326 0
    outer loop
      vertex -1.9780374453002065 -16.744480577563067 0.20000000000000004
      vertex -2.121320343559643 -16.878679656440358 0
      vertex -1.9780374453002065 -16.744480577563067 0
    endloop
  endfacet
  facet normal 0 0 -1
    outer loop
      vertex -1.7668729261429086 -17.819413254833346 0.20000000000000004
      vertex -1.9780374453002065 -16.744480577563067 0.20000000000000004
      vertex -1.826284287026162 -16.619939979126293 0.20000000000000004
    endloop
  endfacet
  facet normal 0.6343932841636466 -0.773010453362736 0
    outer loop
      vertex -1.9780374453002065 -16.744480577563067 0.20000000000000004
      vertex -1.9780374453002065 -16.744480577563067 0
      vertex -1.826284287026162 -16.619939979126293 0.20000000000000004
    endloop
  endfacet
  facet normal 0.6343932841636466 -0.773010453362736 0
    outer loop
      vertex -1.826284287026162 -16.619939979126293 0.20000000000000004
      vertex -1.9780374453002065 -16.744480577563067 0
      vertex -1.826284287026162 -16.619939979126293 0
    endloop
  endfacet
  facet normal 0 0 -1
    outer loop
      vertex -1.826284287026162 -16.619939979126293 0.20000000000000004
      vertex -1.6667106990588065 -16.505591163092365 0.20000000000000004
      vertex -1.5976595908928268 -17.598890142912353 0.20000000000000004
    endloop
  endfacet
  facet normal 0.5824776968677945 -0.8128466845916206 0
    outer loop
      vertex -1.826284287026162 -16.619939979126293 0.20000000000000004
      vertex -1.826284287026162 -16.619939979126293 0
      vertex -1.6667106990588065 -16.505591163092365 0.20000000000000004
    endloop
  endfacet
  facet normal 0.5824776968677945 -0.8128466845916206 0
    outer loop
      vertex -1.6667106990588065 -16.505591163092365 0.20000000000000004
      vertex -1.826284287026162 -16.619939979126293 0
      vertex -1.6667106990588065 -16.505591163092365 0
    endloop
  endfacet
  facet normal 0.7730104533627337 -0.6343932841636495 0
    outer loop
      vertex -1.6858758481188747 -17.706381963356467 0.20000000000000004
      vertex -1.5976595908928268 -17.598890142912353 0.20000000000000004
      vertex -1.6858758481188747 -17.706381963356467 0.7999999999999998
    endloop
  endfacet
  facet normal 0 0 -1
    outer loop
      vertex -1.5976595908928268 -17.598890142912353 0.20000000000000004
      vertex -1.6667106990588065 -16.505591163092365 0.20000000000000004
      vertex -1.5026019100214136 -17.497398089978585 0.20000000000000004
    endloop
  endfacet
  facet normal 0.7298640726978394 -0.6835923020228674 0
    outer loop
      vertex -1.5976595908928268 -17.598890142912353 0.20000000000000004
      vertex -1.5026019100214136 -17.497398089978585 0.20000000000000004
      vertex -1.5976595908928268 -17.598890142912353 0.7999999999999998
    endloop
  endfacet
  facet normal 0.6835923020228697 -0.729864072697837 0
    outer loop
      vertex -1.5026019100214136 -17.497398089978585 0.20000000000000004
      vertex -1.4011098570876463 -17.402340409107172 0.20000000000000004
      vertex -1.5026019100214136 -17.497398089978585 0.7999999999999998
    endloop
  endfacet
  facet normal 0.7730104533627337 -0.6343932841636495 0
    outer loop
      vertex -1.6858758481188747 -17.706381963356467 0.7999999999999998
      vertex -1.5976595908928268 -17.598890142912353 0.20000000000000004
      vertex -1.5976595908928268 -17.598890142912353 0.7999999999999998
    endloop
  endfacet
  facet normal 0.7298640726978394 -0.6835923020228674 0
    outer loop
      vertex -1.5026019100214136 -17.497398089978585 0.20000000000000004
      vertex -1.5026019100214136 -17.497398089978585 0.7999999999999998
      vertex -1.5976595908928268 -17.598890142912353 0.7999999999999998
    endloop
  endfacet
  facet normal 0.6835923020228697 -0.729864072697837 0
    outer loop
      vertex -1.4011098570876463 -17.402340409107172 0.20000000000000004
      vertex -1.4011098570876463 -17.402340409107172 0.7999999999999998
      vertex -1.5026019100214136 -17.497398089978585 0.7999999999999998
    endloop
  endfacet
  facet normal 0.6343932841636454 -0.773010453362737 0
    outer loop
      vertex -1.4011098570876463 -17.402340409107172 0.20000000000000004
      vertex -1.2936180366435315 -17.314124151881124 0.20000000000000004
      vertex -1.4011098570876463 -17.402340409107172 0.7999999999999998
    endloop
  endfacet
  facet normal 0.5824776968677988 -0.8128466845916176 0
    outer loop
      vertex -1.2936180366435315 -17.314124151881124 0.20000000000000004
      vertex -1.1805867451666545 -17.23312707385709 0.20000000000000004
      vertex -1.2936180366435315 -17.314124151881124 0.7999999999999998
    endloop
  endfacet
  facet normal 0.5280678506503595 -0.849202181526584 0
    outer loop
      vertex -1.1805867451666545 -17.23312707385709 0.20000000000000004
      vertex -1.0625 -17.15969601695807 0.20000000000000004
      vertex -1.1805867451666545 -17.23312707385709 0.7999999999999998
    endloop
  endfacet
  facet normal 0.6343932841636454 -0.773010453362737 0
    outer loop
      vertex -1.2936180366435315 -17.314124151881124 0.20000000000000004
      vertex -1.2936180366435315 -17.314124151881124 0.7999999999999998
      vertex -1.4011098570876463 -17.402340409107172 0.7999999999999998
    endloop
  endfacet
  facet normal 0.5824776968677988 -0.8128466845916176 0
    outer loop
      vertex -1.1805867451666545 -17.23312707385709 0.20000000000000004
      vertex -1.1805867451666545 -17.23312707385709 0.7999999999999998
      vertex -1.2936180366435315 -17.314124151881124 0.7999999999999998
    endloop
  endfacet
  facet normal 0.5280678506503723 -0.8492021815265762 0
    outer loop
      vertex -1.5 -16.401923788646684 0.20000000000000004
      vertex -1.6667106990588065 -16.505591163092365 0
      vertex -1.5 -16.401923788646684 0
    endloop
  endfacet
  facet normal 0.5280678506503723 -0.8492021815265762 0
    outer loop
      vertex -1.6667106990588065 -16.505591163092365 0.20000000000000004
      vertex -1.6667106990588065 -16.505591163092365 0
      vertex -1.5 -16.401923788646684 0.20000000000000004
    endloop
  endfacet
  facet normal 0 0 -1
    outer loop
      vertex -1.6667106990588065 -16.505591163092365 0.20000000000000004
      vertex -1.4011098570876463 -17.402340409107172 0.20000000000000004
      vertex -1.5026019100214136 -17.497398089978585 0.20000000000000004
    endloop
  endfacet
  facet normal 0 0 -1
    outer loop
      vertex -1.6667106990588065 -16.505591163092365 0.20000000000000004
      vertex -1.5 -16.401923788646684 0.20000000000000004
      vertex -1.4011098570876463 -17.402340409107172 0.20000000000000004
    endloop
  endfacet
  facet normal 0.4713967368259986 -0.8819212643483544 0
    outer loop
      vertex -1.5 -16.401923788646684 0.20000000000000004
      vertex -1.5 -16.401923788646684 0
      vertex -1.326866070657004 -16.309381775401935 0.20000000000000004
    endloop
  endfacet
  facet normal 0 0 -1
    outer loop
      vertex -1.5 -16.401923788646684 0.20000000000000004
      vertex -1.2936180366435315 -17.314124151881124 0.20000000000000004
      vertex -1.4011098570876463 -17.402340409107172 0.20000000000000004
    endloop
  endfacet
  facet normal 0 0 -1
    outer loop
      vertex -1.2936180366435315 -17.314124151881124 0.20000000000000004
      vertex -1.326866070657004 -16.309381775401935 0.20000000000000004
      vertex -1.1805867451666545 -17.23312707385709 0.20000000000000004
    endloop
  endfacet
  facet normal 0 0 -1
    outer loop
      vertex -1.5 -16.401923788646684 0.20000000000000004
      vertex -1.326866070657004 -16.309381775401935 0.20000000000000004
      vertex -1.2936180366435315 -17.314124151881124 0.20000000000000004
    endloop
  endfacet
  facet normal 0 0 -1
    outer loop
      vertex -1.326866070657004 -16.309381775401935 0.20000000000000004
      vertex -1.0625 -17.15969601695807 0.20000000000000004
      vertex -1.1805867451666545 -17.23312707385709 0.20000000000000004
    endloop
  endfacet
  facet normal 0 0 -1
    outer loop
      vertex -1.326866070657004 -16.309381775401935 0.20000000000000004
      vertex -1.1480502970952693 -16.228361402466142 0.20000000000000004
      vertex -1.0625 -17.15969601695807 0.20000000000000004
    endloop
  endfacet
  facet normal 0.4713967368259986 -0.8819212643483544 0
    outer loop
      vertex -1.326866070657004 -16.309381775401935 0.20000000000000004
      vertex -1.5 -16.401923788646684 0
      vertex -1.326866070657004 -16.309381775401935 0
    endloop
  endfacet
  facet normal 0.4127070298043847 -0.9108638249211803 0
    outer loop
      vertex -1.326866070657004 -16.309381775401935 0.20000000000000004
      vertex -1.326866070657004 -16.309381775401935 0
      vertex -1.1480502970952693 -16.228361402466142 0.20000000000000004
    endloop
  endfacet
  facet normal 0.4127070298043847 -0.9108638249211803 0
    outer loop
      vertex -1.1480502970952693 -16.228361402466142 0.20000000000000004
      vertex -1.326866070657004 -16.309381775401935 0
      vertex -1.1480502970952693 -16.228361402466142 0
    endloop
  endfacet
  facet normal 0.6338236146729423 -0.5201655976884465 0.5724468328712692
    outer loop
      vertex -1.6858758481188747 -17.706381963356467 0.7999999999999998
      vertex -1.5976595908928268 -17.598890142912353 0.7999999999999998
      vertex -3.278242689963482 -16.125058320923962 4
    endloop
  endfacet
  facet normal 0.5984460918540558 -0.5605059309947225 0.5724468328712686
    outer loop
      vertex -1.5976595908928268 -17.598890142912353 0.7999999999999998
      vertex -1.5026019100214136 -17.497398089978585 0.7999999999999998
      vertex -3.0831935385560496 -15.91680646144395 4
    endloop
  endfacet
  facet normal 0.5605059309947245 -0.5984460918540538 0.5724468328712689
    outer loop
      vertex -1.5026019100214136 -17.497398089978585 0.7999999999999998
      vertex -1.4011098570876463 -17.402340409107172 0.7999999999999998
      vertex -2.8749416790760356 -15.721757310036518 4
    endloop
  endfacet
  facet normal 0.5201655976884434 -0.6338236146729452 0.5724468328712689
    outer loop
      vertex -1.4011098570876463 -17.402340409107172 0.7999999999999998
      vertex -1.2936180366435315 -17.314124151881124 0.7999999999999998
      vertex -2.654378877957142 -15.540746097112482 4
    endloop
  endfacet
  facet normal 0.47759783543558404 -0.666487007467436 0.5724468328712691
    outer loop
      vertex -1.2936180366435315 -17.314124151881124 0.7999999999999998
      vertex -2.422449618975177 -15.374547940474931 4
      vertex -2.654378877957142 -15.540746097112482 4
    endloop
  endfacet
  facet normal 0.4329849259292338 -0.696296400575006 0.5724468328712691
    outer loop
      vertex -1.1805867451666545 -17.23312707385709 0.7999999999999998
      vertex -2.1801470588235294 -15.223874526145794 4
      vertex -2.422449618975177 -15.374547940474931 4
    endloop
  endfacet
  facet normal 0.3865179084970019 -0.7231241455979441 0.5724468328712691
    outer loop
      vertex -1.0625 -17.15969601695807 0.7999999999999998
      vertex -1.9285087742637337 -15.08937106081703 4
      vertex -2.1801470588235294 -15.223874526145794 4
    endloop
  endfacet
  facet normal 0.47759783543558093 -0.6664870074674384 0.572446832871269
    outer loop
      vertex -1.2936180366435315 -17.314124151881124 0.7999999999999998
      vertex -1.1805867451666545 -17.23312707385709 0.7999999999999998
      vertex -2.422449618975177 -15.374547940474931 4
    endloop
  endfacet
  facet normal 0.4329849259292282 -0.6962964005750094 0.5724468328712692
    outer loop
      vertex -1.1805867451666545 -17.23312707385709 0.7999999999999998
      vertex -1.0625 -17.15969601695807 0.7999999999999998
      vertex -2.1801470588235294 -15.223874526145794 4
    endloop
  endfacet
  facet normal 0.3865179084970042 -0.723124145597943 0.572446832871269
    outer loop
      vertex -1.0625 -17.15969601695807 0.7999999999999998
      vertex -0.9398634667153778 -17.094145424243038 0.7999999999999998
      vertex -1.9285087742637337 -15.08937106081703 4
    endloop
  endfacet
  facet normal 0.33839576204128685 -0.7468553620133892 0.5724468328712687
    outer loop
      vertex -0.9398634667153778 -17.094145424243038 0.7999999999999998
      vertex -0.8132022937758158 -17.036755993413514 0.7999999999999998
      vertex -1.6686123190624869 -14.971613508976521 4
    endloop
  endfacet
  facet normal 0.3383957620412816 -0.7468553620133913 0.5724468328712689
    outer loop
      vertex -0.9398634667153778 -17.094145424243038 0.7999999999999998
      vertex -1.6686123190624869 -14.971613508976521 4
      vertex -1.9285087742637337 -15.08937106081703 4
    endloop
  endfacet
  facet normal 0.28882455298102455 -0.767388429109382 0.5724468328712689
    outer loop
      vertex -0.8132022937758158 -17.036755993413514 0.7999999999999998
      vertex -1.4015706097409912 -14.871106126539724 4
      vertex -1.6686123190624869 -14.971613508976521 4
    endloop
  endfacet
  facet normal 0 0 -1
    outer loop
      vertex -1.1480502970952693 -16.228361402466142 0.20000000000000004
      vertex -0.9398634667153778 -17.094145424243038 0.20000000000000004
      vertex -1.0625 -17.15969601695807 0.20000000000000004
    endloop
  endfacet
  facet normal 0.47139673682599953 -0.8819212643483539 0
    outer loop
      vertex -1.0625 -17.15969601695807 0.20000000000000004
      vertex -0.9398634667153778 -17.094145424243038 0.20000000000000004
      vertex -1.0625 -17.15969601695807 0.7999999999999998
    endloop
  endfacet
  facet normal 0 0 -1
    outer loop
      vertex -1.1480502970952693 -16.228361402466142 0.20000000000000004
      vertex -0.9643183959094848 -16.159209611514683 0.20000000000000004
      vertex -0.9398634667153778 -17.094145424243038 0.20000000000000004
    endloop
  endfacet
  facet normal 0.41270702980440677 -0.9108638249211704 0
    outer loop
      vertex -0.9398634667153778 -17.094145424243038 0.20000000000000004
      vertex -0.8132022937758158 -17.036755993413514 0.20000000000000004
      vertex -0.9398634667153778 -17.094145424243038 0.7999999999999998
    endloop
  endfacet
  facet normal 0 0 -1
    outer loop
      vertex -0.9398634667153778 -17.094145424243038 0.20000000000000004
      vertex -0.9643183959094848 -16.159209611514683 0.20000000000000004
      vertex -0.8132022937758158 -17.036755993413514 0.20000000000000004
    endloop
  endfacet
  facet normal 0.5280678506503595 -0.849202181526584 0
    outer loop
      vertex -1.1805867451666545 -17.23312707385709 0.7999999999999998
      vertex -1.0625 -17.15969601695807 0.20000000000000004
      vertex -1.0625 -17.15969601695807 0.7999999999999998
    endloop
  endfacet
  facet normal 0.47139673682599953 -0.8819212643483539 0
    outer loop
      vertex -0.9398634667153778 -17.094145424243038 0.20000000000000004
      vertex -0.9398634667153778 -17.094145424243038 0.7999999999999998
      vertex -1.0625 -17.15969601695807 0.7999999999999998
    endloop
  endfacet
  facet normal 0.41270702980440677 -0.9108638249211704 0
    outer loop
      vertex -0.8132022937758158 -17.036755993413514 0.20000000000000004
      vertex -0.8132022937758158 -17.036755993413514 0.7999999999999998
      vertex -0.9398634667153778 -17.094145424243038 0.7999999999999998
    endloop
  endfacet
  facet normal 0.35225004792124254 -0.9359059267573223 0
    outer loop
      vertex -1.1480502970952693 -16.228361402466142 0.20000000000000004
      vertex -1.1480502970952693 -16.228361402466142 0
      vertex -0.9643183959094848 -16.159209611514683 0.20000000000000004
    endloop
  endfacet
  facet normal 0.35225004792124254 -0.9359059267573223 0
    outer loop
      vertex -0.9643183959094848 -16.159209611514683 0.20000000000000004
      vertex -1.1480502970952693 -16.228361402466142 0
      vertex -0.9643183959094848 -16.159209611514683 0
    endloop
  endfacet
  facet normal 0.2902846772544633 -0.9569403357322086 0
    outer loop
      vertex -0.9643183959094848 -16.159209611514683 0.20000000000000004
      vertex -0.9643183959094848 -16.159209611514683 0
      vertex -0.7764571353075622 -16.102222521132795 0.20000000000000004
    endloop
  endfacet
  facet normal 0.3522500479212181 -0.9359059267573315 0
    outer loop
      vertex -0.8132022937758158 -17.036755993413514 0.20000000000000004
      vertex -0.6830588637692183 -16.9877734748229 0.20000000000000004
      vertex -0.8132022937758158 -17.036755993413514 0.7999999999999998
    endloop
  endfacet
  facet normal 0 0 -1
    outer loop
      vertex -0.9643183959094848 -16.159209611514683 0.20000000000000004
      vertex -0.6830588637692183 -16.9877734748229 0.20000000000000004
      vertex -0.8132022937758158 -17.036755993413514 0.20000000000000004
    endloop
  endfacet
  facet normal 0 0 -1
    outer loop
      vertex -0.9643183959094848 -16.159209611514683 0.20000000000000004
      vertex -0.7764571353075622 -16.102222521132795 0.20000000000000004
      vertex -0.6830588637692183 -16.9877734748229 0.20000000000000004
    endloop
  endfacet
  facet normal 0.2902846772544615 -0.9569403357322092 0
    outer loop
      vertex -0.6830588637692183 -16.9877734748229 0.20000000000000004
      vertex -0.5499904708428566 -16.94740761913573 0.20000000000000004
      vertex -0.6830588637692183 -16.9877734748229 0.7999999999999998
    endloop
  endfacet
  facet normal 0 0 -1
    outer loop
      vertex -0.6830588637692183 -16.9877734748229 0.20000000000000004
      vertex -0.7764571353075622 -16.102222521132795 0.20000000000000004
      vertex -0.5499904708428566 -16.94740761913573 0.20000000000000004
    endloop
  endfacet
  facet normal 0.3522500479212181 -0.9359059267573315 0
    outer loop
      vertex -0.6830588637692183 -16.9877734748229 0.20000000000000004
      vertex -0.6830588637692183 -16.9877734748229 0.7999999999999998
      vertex -0.8132022937758158 -17.036755993413514 0.7999999999999998
    endloop
  endfacet
  facet normal 0.2902846772544615 -0.9569403357322092 0
    outer loop
      vertex -0.5499904708428566 -16.94740761913573 0.20000000000000004
      vertex -0.5499904708428566 -16.94740761913573 0.7999999999999998
      vertex -0.6830588637692183 -16.9877734748229 0.7999999999999998
    endloop
  endfacet
  facet normal 0.2902846772544633 -0.9569403357322086 0
    outer loop
      vertex -0.7764571353075622 -16.102222521132795 0.20000000000000004
      vertex -0.9643183959094848 -16.159209611514683 0
      vertex -0.7764571353075622 -16.102222521132795 0
    endloop
  endfacet
  facet normal 0.2270762630343635 -0.9738769792773359 0
    outer loop
      vertex -0.7764571353075622 -16.102222521132795 0.20000000000000004
      vertex -0.7764571353075622 -16.102222521132795 0
      vertex -0.5852709660483848 -16.05764415879031 0.20000000000000004
    endloop
  endfacet
  facet normal 0 0 -1
    outer loop
      vertex -0.7764571353075622 -16.102222521132795 0.20000000000000004
      vertex -0.5852709660483848 -16.05764415879031 0.20000000000000004
      vertex -0.5499904708428566 -16.94740761913573 0.20000000000000004
    endloop
  endfacet
  facet normal 0.2270762630343635 -0.9738769792773359 0
    outer loop
      vertex -0.5852709660483848 -16.05764415879031 0.20000000000000004
      vertex -0.7764571353075622 -16.102222521132795 0
      vertex -0.5852709660483848 -16.05764415879031 0
    endloop
  endfacet
  facet normal 0.2270762630343897 -0.9738769792773299 0
    outer loop
      vertex -0.5499904708428566 -16.94740761913573 0.20000000000000004
      vertex -0.41456693428427255 -16.915831279143134 0.20000000000000004
      vertex -0.5499904708428566 -16.94740761913573 0.7999999999999998
    endloop
  endfacet
  facet normal 0 0 -1
    outer loop
      vertex -0.5852709660483848 -16.05764415879031 0.20000000000000004
      vertex -0.41456693428427255 -16.915831279143134 0.20000000000000004
      vertex -0.5499904708428566 -16.94740761913573 0.20000000000000004
    endloop
  endfacet
  facet normal 0 0 -1
    outer loop
      vertex -0.5852709660483848 -16.05764415879031 0.20000000000000004
      vertex -0.2773681584676096 -16.893179669580654 0.20000000000000004
      vertex -0.41456693428427255 -16.915831279143134 0.20000000000000004
    endloop
  endfacet
  facet normal 0.1628954733945735 -0.9866433320848814 0
    outer loop
      vertex -0.41456693428427255 -16.915831279143134 0.20000000000000004
      vertex -0.2773681584676096 -16.893179669580654 0.20000000000000004
      vertex -0.41456693428427255 -16.915831279143134 0.7999999999999998
    endloop
  endfacet
  facet normal 0.2270762630343897 -0.9738769792773299 0
    outer loop
      vertex -0.41456693428427255 -16.915831279143134 0.20000000000000004
      vertex -0.41456693428427255 -16.915831279143134 0.7999999999999998
      vertex -0.5499904708428566 -16.94740761913573 0.7999999999999998
    endloop
  endfacet
  facet normal 0.1628954733945735 -0.9866433320848814 0
    outer loop
      vertex -0.2773681584676096 -16.893179669580654 0.20000000000000004
      vertex -0.2773681584676096 -16.893179669580654 0.7999999999999998
      vertex -0.41456693428427255 -16.915831279143134 0.7999999999999998
    endloop
  endfacet
  facet normal 0.162895473394588 -0.9866433320848791 0
    outer loop
      vertex -0.5852709660483848 -16.05764415879031 0.20000000000000004
      vertex -0.5852709660483848 -16.05764415879031 0
      vertex -0.3915785766601547 -16.02566541587857 0.20000000000000004
    endloop
  endfacet
  facet normal 0.162895473394588 -0.9866433320848791 0
    outer loop
      vertex -0.3915785766601547 -16.02566541587857 0.20000000000000004
      vertex -0.5852709660483848 -16.05764415879031 0
      vertex -0.3915785766601547 -16.02566541587857 0
    endloop
  endfacet
  facet normal 0 0 -1
    outer loop
      vertex -0.5852709660483848 -16.05764415879031 0.20000000000000004
      vertex -0.3915785766601547 -16.02566541587857 0.20000000000000004
      vertex -0.2773681584676096 -16.893179669580654 0.20000000000000004
    endloop
  endfacet
  facet normal 0.09801714032956008 -0.9951847266721969 0
    outer loop
      vertex -0.3915785766601547 -16.02566541587857 0.20000000000000004
      vertex -0.3915785766601547 -16.02566541587857 0
      vertex -0.19620938769042917 -16.00642323028419 0.20000000000000004
    endloop
  endfacet
  facet normal 0.09801714032957695 -0.9951847266721953 0
    outer loop
      vertex -0.2773681584676096 -16.893179669580654 0.20000000000000004
      vertex -0.13898164961405401 -16.879549788117966 0.20000000000000004
      vertex -0.2773681584676096 -16.893179669580654 0.7999999999999998
    endloop
  endfacet
  facet normal 0 0 -1
    outer loop
      vertex -0.3915785766601547 -16.02566541587857 0.20000000000000004
      vertex -0.13898164961405401 -16.879549788117966 0.20000000000000004
      vertex -0.2773681584676096 -16.893179669580654 0.20000000000000004
    endloop
  endfacet
  facet normal 0.032719082821767595 -0.9994645874763659 0
    outer loop
      vertex -0.13898164961405401 -16.879549788117966 0.20000000000000004
      vertex 0 -16.875 0.20000000000000004
      vertex -0.13898164961405401 -16.879549788117966 0.7999999999999998
    endloop
  endfacet
  facet normal 0 0 -1
    outer loop
      vertex -0.13898164961405401 -16.879549788117966 0.20000000000000004
      vertex -0.19620938769042917 -16.00642323028419 0.20000000000000004
      vertex 0 -16.875 0.20000000000000004
    endloop
  endfacet
  facet normal 0.09801714032957695 -0.9951847266721953 0
    outer loop
      vertex -0.13898164961405401 -16.879549788117966 0.20000000000000004
      vertex -0.13898164961405401 -16.879549788117966 0.7999999999999998
      vertex -0.2773681584676096 -16.893179669580654 0.7999999999999998
    endloop
  endfacet
  facet normal 0.032719082821767595 -0.9994645874763659 0
    outer loop
      vertex -0.13898164961405401 -16.879549788117966 0.7999999999999998
      vertex 0 -16.875 0.20000000000000004
      vertex 0 -16.875 0.7999999999999998
    endloop
  endfacet
  facet normal 0 0 -1
    outer loop
      vertex -0.3915785766601547 -16.02566541587857 0.20000000000000004
      vertex -0.19620938769042917 -16.00642323028419 0.20000000000000004
      vertex -0.13898164961405401 -16.879549788117966 0.20000000000000004
    endloop
  endfacet
  facet normal 0.09801714032956008 -0.9951847266721969 0
    outer loop
      vertex -0.19620938769042917 -16.00642323028419 0.20000000000000004
      vertex -0.3915785766601547 -16.02566541587857 0
      vertex -0.19620938769042917 -16.00642323028419 0
    endloop
  endfacet
  facet normal 0 0 -1
    outer loop
      vertex -0.19620938769042917 -16.00642323028419 0.20000000000000004
      vertex 0 -16 0.20000000000000004
      vertex 0 -16.875 0.20000000000000004
    endloop
  endfacet
  facet normal 0.03271908282178673 -0.9994645874763652 0
    outer loop
      vertex -0.19620938769042917 -16.00642323028419 0.20000000000000004
      vertex -0.19620938769042917 -16.00642323028419 0
      vertex 0 -16 0.20000000000000004
    endloop
  endfacet
  facet normal 0.03271908282178673 -0.9994645874763652 0
    outer loop
      vertex 0 -16 0.20000000000000004
      vertex -0.19620938769042917 -16.00642323028419 0
      vertex 0 -16 0
    endloop
  endfacet
  facet normal 0.28882455298101545 -0.7673884291093851 0.5724468328712693
    outer loop
      vertex -0.8132022937758158 -17.036755993413514 0.7999999999999998
      vertex -0.6830588637692183 -16.9877734748229 0.7999999999999998
      vertex -1.4015706097409912 -14.871106126539724 4
    endloop
  endfacet
  facet normal 0.23801655284376155 -0.7846354211403065 0.5724468328712691
    outer loop
      vertex -0.6830588637692183 -16.9877734748229 0.7999999999999998
      vertex -0.5499904708428566 -16.94740761913573 0.7999999999999998
      vertex -1.12852715989555 -14.788279301548402 4
    endloop
  endfacet
  facet normal 0.18618932928626727 -0.798522483838485 0.5724468328712687
    outer loop
      vertex -0.5499904708428566 -16.94740761913573 0.7999999999999998
      vertex -0.41456693428427255 -16.915831279143134 0.7999999999999998
      vertex -0.8506511834967945 -14.723487711182973 4
    endloop
  endfacet
  facet normal 0.1335648144364229 -0.8089901506694732 0.5724468328712693
    outer loop
      vertex -0.41456693428427255 -16.915831279143134 0.7999999999999998
      vertex -0.2773681584676096 -16.893179669580654 0.7999999999999998
      vertex -0.5691325881359601 -14.677008802980371 4
    endloop
  endfacet
  facet normal 0.08036835454597042 -0.8159935974768595 0.5724468328712687
    outer loop
      vertex -0.2773681584676096 -16.893179669580654 0.7999999999999998
      vertex -0.13898164961405401 -16.879549788117966 0.7999999999999998
      vertex -0.28517687965790317 -14.649041606761088 4
    endloop
  endfacet
  facet normal 0.02682774502293151 -0.819502834426238 0.5724468328712689
    outer loop
      vertex -0.13898164961405401 -16.879549788117966 0.7999999999999998
      vertex 0 -16.875 0.7999999999999998
      vertex 0 -14.639705882352942 4
    endloop
  endfacet
  facet normal 0.238016552843762 -0.7846354211403064 0.5724468328712691
    outer loop
      vertex -0.6830588637692183 -16.9877734748229 0.7999999999999998
      vertex -1.12852715989555 -14.788279301548402 4
      vertex -1.4015706097409912 -14.871106126539724 4
    endloop
  endfacet
  facet normal 0.1861893292862571 -0.7985224838384871 0.5724468328712691
    outer loop
      vertex -0.5499904708428566 -16.94740761913573 0.7999999999999998
      vertex -0.8506511834967945 -14.723487711182973 4
      vertex -1.12852715989555 -14.788279301548402 4
    endloop
  endfacet
  facet normal 0.1335648144364332 -0.8089901506694719 0.572446832871269
    outer loop
      vertex -0.41456693428427255 -16.915831279143134 0.7999999999999998
      vertex -0.5691325881359601 -14.677008802980371 4
      vertex -0.8506511834967945 -14.723487711182973 4
    endloop
  endfacet
  facet normal 0.08036835454596053 -0.8159935974768601 0.5724468328712692
    outer loop
      vertex -0.2773681584676096 -16.893179669580654 0.7999999999999998
      vertex -0.28517687965790317 -14.649041606761088 4
      vertex -0.5691325881359601 -14.677008802980371 4
    endloop
  endfacet
  facet normal 0.026827745022932968 -0.8195028344262381 0.572446832871269
    outer loop
      vertex -0.13898164961405401 -16.879549788117966 0.7999999999999998
      vertex 0 -14.639705882352942 4
      vertex -0.28517687965790317 -14.649041606761088 4
    endloop
  endfacet
  facet normal 0 -0.8819212378683167 -0.47139678636666155
    outer loop
      vertex -9 -13.432646542787552 11.3274205327034
      vertex 9 -13.453091122210026 11.365669645369053
      vertex -9 -13.453091122210026 11.365669645369053
    endloop
  endfacet
  facet normal 0 -0.9108638216062535 -0.4127070371205842
    outer loop
      vertex -9 -13.527551844716072 11.53000795841217
      vertex -9 -13.453091122210026 11.365669645369053
      vertex 9 -13.527551844716072 11.53000795841217
    endloop
  endfacet
  facet normal 0 -0.9055577879084539 -0.42422292813843493
    outer loop
      vertex -9 -13.527551844716072 11.53000795841217
      vertex 9 -13.747727081179619 12
      vertex -9 -13.747727081179619 12
    endloop
  endfacet
  facet normal 0 0 1
    outer loop
      vertex -9 -13.740502461791039 12
      vertex -9 -13.747727081179619 12
      vertex 9 -13.740502461791039 12
    endloop
  endfacet
  facet normal 0 -0.9108638160275436 -0.41270704943305886
    outer loop
      vertex -9 -13.740502461791039 12
      vertex 9 -13.85819298774004 12.259748511016369
      vertex -9 -13.85819298774004 12.259748511016369
    endloop
  endfacet
  facet normal 0 -0.935905927906745 -0.35225004486730005
    outer loop
      vertex -9 -14.203951939940453 13.17840801924467
      vertex -9 -13.85819298774004 12.259748511016369
      vertex 9 -14.203951939940453 13.17840801924467
    endloop
  endfacet
  facet normal 0 -0.956940335767022 -0.29028467713969897
    outer loop
      vertex -9 -14.203951939940453 13.17840801924467
      vertex 9 -14.488887391984463 14.117714323103428
      vertex -9 -14.488887391984463 14.117714323103428
    endloop
  endfacet
  facet normal 0 0 -1
    outer loop
      vertex -9 25 0
      vertex -2.121320343559643 -16.878679656440358 0
      vertex -2.255519422436932 -17.021962554699794 0
    endloop
  endfacet
  facet normal 0 0 -1
    outer loop
      vertex -9 25 0
      vertex -1.9780374453002065 -16.744480577563067 0
      vertex -2.121320343559643 -16.878679656440358 0
    endloop
  endfacet
  facet normal 0 0 -1
    outer loop
      vertex -9 25 0
      vertex -1.826284287026162 -16.619939979126293 0
      vertex -1.9780374453002065 -16.744480577563067 0
    endloop
  endfacet
  facet normal 0 0 -1
    outer loop
      vertex -9 25 0
      vertex -1.6667106990588065 -16.505591163092365 0
      vertex -1.826284287026162 -16.619939979126293 0
    endloop
  endfacet
  facet normal 0 0 -1
    outer loop
      vertex -9 25 0
      vertex -1.5 -16.401923788646684 0
      vertex -1.6667106990588065 -16.505591163092365 0
    endloop
  endfacet
  facet normal 0 0 -1
    outer loop
      vertex -9 25 0
      vertex -1.326866070657004 -16.309381775401935 0
      vertex -1.5 -16.401923788646684 0
    endloop
  endfacet
  facet normal 0 0 -1
    outer loop
      vertex -9 25 0
      vertex -1.1480502970952693 -16.228361402466142 0
      vertex -1.326866070657004 -16.309381775401935 0
    endloop
  endfacet
  facet normal 0 0 -1
    outer loop
      vertex -9 25 0
      vertex -0.9643183959094848 -16.159209611514683 0
      vertex -1.1480502970952693 -16.228361402466142 0
    endloop
  endfacet
  facet normal 0 0 -1
    outer loop
      vertex -9 25 0
      vertex -0.7764571353075622 -16.102222521132795 0
      vertex -0.9643183959094848 -16.159209611514683 0
    endloop
  endfacet
  facet normal 0 0 -1
    outer loop
      vertex -9 25 0
      vertex -0.5852709660483848 -16.05764415879031 0
      vertex -0.7764571353075622 -16.102222521132795 0
    endloop
  endfacet
  facet normal 0 0 -1
    outer loop
      vertex -9 25 0
      vertex -0.3915785766601547 -16.02566541587857 0
      vertex -0.5852709660483848 -16.05764415879031 0
    endloop
  endfacet
  facet normal 0 0 -1
    outer loop
      vertex -9 25 0
      vertex -0.19620938769042917 -16.00642323028419 0
      vertex -0.3915785766601547 -16.02566541587857 0
    endloop
  endfacet
  facet normal 0 0 -1
    outer loop
      vertex -9 25 0
      vertex 0 -16 0
      vertex -0.19620938769042917 -16.00642323028419 0
    endloop
  endfacet
  facet normal 0 0 -1
    outer loop
      vertex -9 25 0
      vertex 0.19620938769042917 -16.00642323028419 0
      vertex 0 -16 0
    endloop
  endfacet
  facet normal 0 0 -1
    outer loop
      vertex -9 25 0
      vertex 0.3915785766601547 -16.02566541587857 0
      vertex 0.19620938769042917 -16.00642323028419 0
    endloop
  endfacet
  facet normal 0 0 -1
    outer loop
      vertex -9 25 0
      vertex 0.5852709660483848 -16.05764415879031 0
      vertex 0.3915785766601547 -16.02566541587857 0
    endloop
  endfacet
  facet normal 0 0 -1
    outer loop
      vertex -9 25 0
      vertex 0.7764571353075622 -16.102222521132795 0
      vertex 0.5852709660483848 -16.05764415879031 0
    endloop
  endfacet
  facet normal 0 0 -1
    outer loop
      vertex -9 25 0
      vertex 0.9643183959094848 -16.159209611514683 0
      vertex 0.7764571353075622 -16.102222521132795 0
    endloop
  endfacet
  facet normal 0 0 -1
    outer loop
      vertex -9 25 0
      vertex 1.1480502970952693 -16.228361402466142 0
      vertex 0.9643183959094848 -16.159209611514683 0
    endloop
  endfacet
  facet normal 0 0 1
    outer loop
      vertex -9 -10 4
      vertex -1.4015706097409912 -14.871106126539724 4
      vertex 9 -10 4
    endloop
  endfacet
  facet normal 0 0 -1
    outer loop
      vertex -9 25 0
      vertex 2.4944088369076356 -17.333289300941193 0
      vertex 2.3800600208737057 -17.173715712973838 0
    endloop
  endfacet
  facet normal 0 0 -1
    outer loop
      vertex -9 25 0
      vertex 2.598076211353316 -17.5 0
      vertex 2.4944088369076356 -17.333289300941193 0
    endloop
  endfacet
  facet normal 0 0 -1
    outer loop
      vertex -9 25 0
      vertex 2.840790388485317 -18.035681604090517 0
      vertex 2.77163859753386 -17.85194970290473 0
    endloop
  endfacet
  facet normal 0 0 -1
    outer loop
      vertex -9 25 0
      vertex 2.6906182245980648 -17.673133929342995 0
      vertex 2.598076211353316 -17.5 0
    endloop
  endfacet
  facet normal 0 0 -1
    outer loop
      vertex -9 25 0
      vertex 2.77163859753386 -17.85194970290473 0
      vertex 2.6906182245980648 -17.673133929342995 0
    endloop
  endfacet
  facet normal 0 0 -1
    outer loop
      vertex -9 25 0
      vertex 1.326866070657004 -16.309381775401935 0
      vertex 1.1480502970952693 -16.228361402466142 0
    endloop
  endfacet
  facet normal 0 0 -1
    outer loop
      vertex -9 25 0
      vertex 1.5 -16.401923788646684 0
      vertex 1.326866070657004 -16.309381775401935 0
    endloop
  endfacet
  facet normal 0 0 -1
    outer loop
      vertex -9 25 0
      vertex 1.6667106990588065 -16.505591163092365 0
      vertex 1.5 -16.401923788646684 0
    endloop
  endfacet
  facet normal 0 0 -1
    outer loop
      vertex -9 25 0
      vertex 1.826284287026162 -16.619939979126293 0
      vertex 1.6667106990588065 -16.505591163092365 0
    endloop
  endfacet
  facet normal 0 0 -1
    outer loop
      vertex -9 25 0
      vertex 1.9780374453002065 -16.744480577563067 0
      vertex 1.826284287026162 -16.619939979126293 0
    endloop
  endfacet
  facet normal 0 0 -1
    outer loop
      vertex -9 25 0
      vertex 2.121320343559643 -16.878679656440358 0
      vertex 1.9780374453002065 -16.744480577563067 0
    endloop
  endfacet
  facet normal 0 0 -1
    outer loop
      vertex -9 25 0
      vertex 2.255519422436932 -17.021962554699794 0
      vertex 2.121320343559643 -16.878679656440358 0
    endloop
  endfacet
  facet normal 0 0 -1
    outer loop
      vertex -9 25 0
      vertex 2.3800600208737057 -17.173715712973838 0
      vertex 2.255519422436932 -17.021962554699794 0
    endloop
  endfacet
  facet normal 0 0 -1
    outer loop
      vertex -9 25 0
      vertex 2.897777478867205 -18.223542864692437 0
      vertex 2.840790388485317 -18.035681604090517 0
    endloop
  endfacet
  facet normal 0 -0.9055577870762631 -0.42422292991485183
    outer loop
      vertex -9 -13.432646542787552 11.3274205327034
      vertex -9 -10 4
      vertex 9 -13.432646542787552 11.3274205327034
    endloop
  endfacet
  facet normal 0 0.7298640716529419 0.683592303138493
    outer loop
      vertex -9 -7.778174594044685 10.221825405955315
      vertex -9 -8.270237885415554 10.747196033596992
      vertex 9 -7.778174594044685 10.221825405955315
    endloop
  endfacet
  facet normal 0 0.5824776998921578 0.8128466824243925
    outer loop
      vertex -9 -6.696375720202923 9.273113258183002
      vertex 9 -6.111272566020489 8.853834263980389
      vertex -9 -6.111272566020489 8.853834263980389
    endloop
  endfacet
  facet normal 0 0.634393280948584 0.7730104560012698
    outer loop
      vertex -9 -6.696375720202923 9.273113258183002
      vertex -9 -7.2528039664030075 9.729762114584446
      vertex 9 -6.696375720202923 9.273113258183002
    endloop
  endfacet
  facet normal 0 0.683592303138493 0.7298640716529419
    outer loop
      vertex -9 -7.2528039664030075 9.729762114584446
      vertex -9 -7.778174594044685 10.221825405955315
      vertex 9 -7.2528039664030075 9.729762114584446
    endloop
  endfacet
  facet normal 0 0.8819212671033585 0.47139673167174867
    outer loop
      vertex -9 -9.52627944201231 12.5
      vertex -9 -9.865600153803825 13.13482441008091
      vertex 9 -9.52627944201231 12.5
    endloop
  endfacet
  facet normal 0 0.9108638222625299 0.4127070356721513
    outer loop
      vertex -9 -10.162674859166145 13.790482245385647
      vertex 9 -9.865600153803825 13.13482441008091
      vertex -9 -9.865600153803825 13.13482441008091
    endloop
  endfacet
  facet normal 0 0.7730104560012698 0.634393280948584
    outer loop
      vertex -9 -8.726886741816998 11.303624279797077
      vertex 9 -8.270237885415554 10.747196033596992
      vertex -9 -8.270237885415554 10.747196033596992
    endloop
  endfacet
  facet normal 0 0.8128466824243925 0.5824776998921578
    outer loop
      vertex -9 -8.726886741816998 11.303624279797077
      vertex -9 -9.146165736019611 11.888727433979511
      vertex 9 -8.726886741816998 11.303624279797077
    endloop
  endfacet
  facet normal 0 0.8492021828051328 0.5280678485942861
    outer loop
      vertex -9 -9.52627944201231 12.5
      vertex 9 -9.146165736019611 11.888727433979511
      vertex -9 -9.146165736019611 11.888727433979511
    endloop
  endfacet
  facet normal 0 0.5280678485942861 0.8492021828051328
    outer loop
      vertex -9 -5.5 8.47372055798769
      vertex -9 -6.111272566020489 8.853834263980389
      vertex 9 -5.5 8.47372055798769
    endloop
  endfacet
  facet normal 0 0.47139673167174867 0.8819212671033585
    outer loop
      vertex -9 -5.5 8.47372055798769
      vertex 9 -4.86517558991909 8.134399846196175
      vertex -9 -4.86517558991909 8.134399846196175
    endloop
  endfacet
  facet normal 0 0.3522500458552945 0.9359059275348901
    outer loop
      vertex -9 -4.209517754614353 7.837325140833855
      vertex 9 -3.5358341187238693 7.583768576383591
      vertex -9 -3.5358341187238693 7.583768576383591
    endloop
  endfacet
  facet normal 0 0.4127070356721513 0.9108638222625299
    outer loop
      vertex -9 -4.86517558991909 8.134399846196175
      vertex 9 -4.209517754614353 7.837325140833855
      vertex -9 -4.209517754614353 7.837325140833855
    endloop
  endfacet
  facet normal 0 0.22707626569834846 0.9738769786561818
    outer loop
      vertex -9 -2.8470094949007034 7.374815911054611
      vertex 9 -2.145993545651436 7.211361914873123
      vertex -9 -2.145993545651436 7.211361914873123
    endloop
  endfacet
  facet normal 0 0.2902846773882274 0.9569403356916317
    outer loop
      vertex -9 -3.5358341187238693 7.583768576383591
      vertex 9 -2.8470094949007034 7.374815911054611
      vertex -9 -2.8470094949007034 7.374815911054611
    endloop
  endfacet
  facet normal 0 0.1628954719393896 0.9866433323251335
    outer loop
      vertex -9 -2.145993545651436 7.211361914873123
      vertex 9 -1.4357881173491478 7.094106525182724
      vertex -9 -1.4357881173491478 7.094106525182724
    endloop
  endfacet
  facet normal 0 0.09801714127324808 0.9951847265792517
    outer loop
      vertex -9 -1.4357881173491478 7.094106525182724
      vertex 9 -0.7194344252347946 7.023551844060421
      vertex -9 -0.7194344252347946 7.023551844060421
    endloop
  endfacet
  facet normal 0 0.03271908221647967 0.999464587496181
    outer loop
      vertex -9 -0.7194344252347946 7.023551844060421
      vertex 9 0 7
      vertex -9 0 7
    endloop
  endfacet
  facet normal -1 0 0
    outer loop
      vertex -9 -14.203951939940453 13.17840801924467
      vertex -9 -14.488887391984463 14.117714323103428
      vertex -9 -10.625184088945389 15.152990505099297
    endloop
  endfacet
  facet normal -1 0 0
    outer loop
      vertex -9 -14.488887391984463 14.117714323103428
      vertex -9 -14.711779206991196 15.073645167052746
      vertex -9 -10.788638085126877 15.854006454348564
    endloop
  endfacet
  facet normal -1 0 0
    outer loop
      vertex -9 -14.711779206991196 15.073645167052746
      vertex -9 -14.871672920882702 16.042107120156288
      vertex -9 -10.905893474817276 16.564211882650852
    endloop
  endfacet
  facet normal -1 0 0
    outer loop
      vertex -9 -14.871672920882702 16.042107120156288
      vertex -9 -14.967883847653866 17.018953062593937
      vertex -9 -10.976448155939579 17.280565574765205
    endloop
  endfacet
  facet normal -1 0 0
    outer loop
      vertex -9 -14.967883847653866 17.018953062593937
      vertex -9 -15 18
      vertex -9 -11 18
    endloop
  endfacet
  facet normal -1 0 0
    outer loop
      vertex -9 -15 18
      vertex -9 -14.967883847653866 18.981046937406063
      vertex -9 -10.976448155939579 18.719434425234795
    endloop
  endfacet
  facet normal -1 0 0
    outer loop
      vertex -9 -14.967883847653866 18.981046937406063
      vertex -9 -14.871672920882702 19.957892879843712
      vertex -9 -10.905893474817276 19.435788117349148
    endloop
  endfacet
  facet normal -1 0 0
    outer loop
      vertex -9 -14.871672920882702 19.957892879843712
      vertex -9 -14.711779206991196 20.926354832947254
      vertex -9 -10.788638085126877 20.145993545651436
    endloop
  endfacet
  facet normal -1 0 0
    outer loop
      vertex -9 -14.711779206991196 20.926354832947254
      vertex -9 -14.488887391984463 21.882285676896572
      vertex -9 -10.625184088945389 20.847009494900703
    endloop
  endfacet
  facet normal -1 0 0
    outer loop
      vertex -9 -14.488887391984463 21.882285676896572
      vertex -9 -14.203951939940453 22.82159198075533
      vertex -9 -10.41623142361641 21.53583411872387
    endloop
  endfacet
  facet normal -1 0 0
    outer loop
      vertex -9 -14.203951939940453 22.82159198075533
      vertex -9 -13.85819298774004 23.74025148898363
      vertex -9 -10.162674859166145 22.209517754614353
    endloop
  endfacet
  facet normal -1 0 0
    outer loop
      vertex -9 -14.203951939940453 13.17840801924467
      vertex -9 -10.625184088945389 15.152990505099297
      vertex -9 -10.41623142361641 14.46416588127613
    endloop
  endfacet
  facet normal -1 0 0
    outer loop
      vertex -9 -14.488887391984463 14.117714323103428
      vertex -9 -10.788638085126877 15.854006454348564
      vertex -9 -10.625184088945389 15.152990505099297
    endloop
  endfacet
  facet normal -1 0 0
    outer loop
      vertex -9 -14.711779206991196 15.073645167052746
      vertex -9 -10.905893474817276 16.564211882650852
      vertex -9 -10.788638085126877 15.854006454348564
    endloop
  endfacet
  facet normal -1 0 0
    outer loop
      vertex -9 -14.871672920882702 16.042107120156288
      vertex -9 -10.976448155939579 17.280565574765205
      vertex -9 -10.905893474817276 16.564211882650852
    endloop
  endfacet
  facet normal -1 0 0
    outer loop
      vertex -9 -14.967883847653866 17.018953062593937
      vertex -9 -11 18
      vertex -9 -10.976448155939579 17.280565574765205
    endloop
  endfacet
  facet normal -1 0 0
    outer loop
      vertex -9 -15 18
      vertex -9 -10.976448155939579 18.719434425234795
      vertex -9 -11 18
    endloop
  endfacet
  facet normal -1 0 0
    outer loop
      vertex -9 -14.967883847653866 18.981046937406063
      vertex -9 -10.905893474817276 19.435788117349148
      vertex -9 -10.976448155939579 18.719434425234795
    endloop
  endfacet
  facet normal -1 0 0
    outer loop
      vertex -9 -14.871672920882702 19.957892879843712
      vertex -9 -10.788638085126877 20.145993545651436
      vertex -9 -10.905893474817276 19.435788117349148
    endloop
  endfacet
  facet normal -1 0 0
    outer loop
      vertex -9 -14.711779206991196 20.926354832947254
      vertex -9 -10.625184088945389 20.847009494900703
      vertex -9 -10.788638085126877 20.145993545651436
    endloop
  endfacet
  facet normal -1 0 0
    outer loop
      vertex -9 -14.488887391984463 21.882285676896572
      vertex -9 -10.41623142361641 21.53583411872387
      vertex -9 -10.625184088945389 20.847009494900703
    endloop
  endfacet
  facet normal -1 0 0
    outer loop
      vertex -9 -14.203951939940453 22.82159198075533
      vertex -9 -10.162674859166145 22.209517754614353
      vertex -9 -10.41623142361641 21.53583411872387
    endloop
  endfacet
  facet normal -1 0 0
    outer loop
      vertex -9 -13.85819298774004 23.74025148898363
      vertex -9 -9.865600153803825 22.86517558991909
      vertex -9 -10.162674859166145 22.209517754614353
    endloop
  endfacet
  facet normal -1 0 0
    outer loop
      vertex -9 -13.85819298774004 23.74025148898363
      vertex -9 -13.453091122210026 24.634330354630947
      vertex -9 -9.865600153803825 22.86517558991909
    endloop
  endfacet
  facet normal -1 0 0
    outer loop
      vertex -9 -13.453091122210026 24.634330354630947
      vertex -9 -9.52627944201231 23.5
      vertex -9 -9.865600153803825 22.86517558991909
    endloop
  endfacet
  facet normal -1 0 0
    outer loop
      vertex -9 -12.990381054580212 25.5
      vertex -9 -9.300991602241993 23.862292304635048
      vertex -9 -9.52627944201231 23.5
    endloop
  endfacet
  facet normal -1 0 0
    outer loop
      vertex -9 -13.453091122210026 24.634330354630947
      vertex -9 -12.990381054580212 25.5
      vertex -9 -9.52627944201231 23.5
    endloop
  endfacet
  facet normal -1 0 0
    outer loop
      vertex -9 -12.990381054580212 25.5
      vertex -9 -12.472044184803963 26.33355349302292
      vertex -9 -9.300991602241993 23.862292304635048
    endloop
  endfacet
  facet normal -1 0 0
    outer loop
      vertex -9 -9.300991602241993 23.862292304635048
      vertex -9 -12.472044184803963 26.33355349302292
      vertex -9 -11.900300107896328 27.13142143189907
    endloop
  endfacet
  facet normal -1 0 0
    outer loop
      vertex -9 -9.300991602241993 23.862292304635048
      vertex -9 -11.900300107896328 27.13142143189907
      vertex -9 -11.277597114443779 27.890187226235867
    endloop
  endfacet
  facet normal -1 0 0
    outer loop
      vertex -9 -9.300991602241993 23.862292304635048
      vertex -9 -11.277597114443779 27.890187226235867
      vertex -9 -11.211925752460957 27.96030381321907
    endloop
  endfacet
  facet normal 0 -0.9738769784118718 -0.2270762667461368
    outer loop
      vertex -9 -14.488887391984463 14.117714323103428
      vertex 9 -14.711779206991196 15.073645167052746
      vertex -9 -14.711779206991196 15.073645167052746
    endloop
  endfacet
  facet normal 0 -0.9866433323607117 -0.16289547172389468
    outer loop
      vertex -9 -14.711779206991196 15.073645167052746
      vertex 9 -14.871672920882702 16.042107120156288
      vertex -9 -14.871672920882702 16.042107120156288
    endloop
  endfacet
  facet normal 0 -0.9951847267679234 -0.0980171393576331
    outer loop
      vertex -9 -14.871672920882702 16.042107120156288
      vertex 9 -14.967883847653866 17.018953062593937
      vertex -9 -14.967883847653866 17.018953062593937
    endloop
  endfacet
  facet normal 0 -0.9994645874444018 -0.032719083798173614
    outer loop
      vertex -9 -14.967883847653866 17.018953062593937
      vertex 9 -15 18
      vertex -9 -15 18
    endloop
  endfacet
  facet normal 0 -0.9994645874444018 0.032719083798173614
    outer loop
      vertex -9 -15 18
      vertex 9 -14.967883847653866 18.981046937406063
      vertex -9 -14.967883847653866 18.981046937406063
    endloop
  endfacet
  facet normal 0 -0.9951847267679234 0.0980171393576331
    outer loop
      vertex -9 -14.967883847653866 18.981046937406063
      vertex 9 -14.871672920882702 19.957892879843712
      vertex -9 -14.871672920882702 19.957892879843712
    endloop
  endfacet
  facet normal 0 -0.9866433323607117 0.16289547172389468
    outer loop
      vertex -9 -14.871672920882702 19.957892879843712
      vertex 9 -14.711779206991196 20.926354832947254
      vertex -9 -14.711779206991196 20.926354832947254
    endloop
  endfacet
  facet normal 0 -0.9738769784118718 0.2270762667461368
    outer loop
      vertex -9 -14.711779206991196 20.926354832947254
      vertex 9 -14.488887391984463 21.882285676896572
      vertex -9 -14.488887391984463 21.882285676896572
    endloop
  endfacet
  facet normal 0 -0.956940335767022 0.29028467713969897
    outer loop
      vertex -9 -14.488887391984463 21.882285676896572
      vertex 9 -14.203951939940453 22.82159198075533
      vertex -9 -14.203951939940453 22.82159198075533
    endloop
  endfacet
  facet normal 0 -0.935905927906745 0.35225004486730005
    outer loop
      vertex -9 -14.203951939940453 22.82159198075533
      vertex 9 -13.85819298774004 23.74025148898363
      vertex -9 -13.85819298774004 23.74025148898363
    endloop
  endfacet
  facet normal 0 -0.9108638242201991 0.4127070313514833
    outer loop
      vertex -9 -13.85819298774004 23.74025148898363
      vertex 9 -13.453091122210026 24.634330354630947
      vertex -9 -13.453091122210026 24.634330354630947
    endloop
  endfacet
  facet normal 0 -0.8819212634481289 0.47139673851020214
    outer loop
      vertex -9 -13.453091122210026 24.634330354630947
      vertex 9 -12.990381054580212 25.5
      vertex -9 -12.990381054580212 25.5
    endloop
  endfacet
  facet normal 0 -0.8492021820016544 0.5280678498863844
    outer loop
      vertex -9 -12.990381054580212 25.5
      vertex 9 -12.472044184803963 26.33355349302292
      vertex -9 -12.472044184803963 26.33355349302292
    endloop
  endfacet
  facet normal 0 0.9359059275348901 0.3522500458552945
    outer loop
      vertex -9 -10.162674859166145 13.790482245385647
      vertex -9 -10.41623142361641 14.46416588127613
      vertex 9 -10.162674859166145 13.790482245385647
    endloop
  endfacet
  facet normal 0 0.9569403356916317 0.2902846773882274
    outer loop
      vertex -9 -10.41623142361641 14.46416588127613
      vertex -9 -10.625184088945389 15.152990505099297
      vertex 9 -10.41623142361641 14.46416588127613
    endloop
  endfacet
  facet normal 0 0.9738769786561818 0.22707626569834846
    outer loop
      vertex -9 -10.625184088945389 15.152990505099297
      vertex -9 -10.788638085126877 15.854006454348564
      vertex 9 -10.625184088945389 15.152990505099297
    endloop
  endfacet
  facet normal 0 0.9866433323251335 0.1628954719393896
    outer loop
      vertex -9 -10.788638085126877 15.854006454348564
      vertex -9 -10.905893474817276 16.564211882650852
      vertex 9 -10.788638085126877 15.854006454348564
    endloop
  endfacet
  facet normal 0 0.9951847265792517 0.09801714127324808
    outer loop
      vertex -9 -10.976448155939579 17.280565574765205
      vertex 9 -10.905893474817276 16.564211882650852
      vertex -9 -10.905893474817276 16.564211882650852
    endloop
  endfacet
  facet normal 0 0.999464587496181 0.03271908221647967
    outer loop
      vertex -9 -10.976448155939579 17.280565574765205
      vertex -9 -11 18
      vertex 9 -10.976448155939579 17.280565574765205
    endloop
  endfacet
  facet normal 0 0.999464587496181 -0.03271908221647967
    outer loop
      vertex -9 -11 18
      vertex -9 -10.976448155939579 18.719434425234795
      vertex 9 -11 18
    endloop
  endfacet
  facet normal 0 0.9951847265792517 -0.09801714127324808
    outer loop
      vertex -9 -10.976448155939579 18.719434425234795
      vertex -9 -10.905893474817276 19.435788117349148
      vertex 9 -10.976448155939579 18.719434425234795
    endloop
  endfacet
  facet normal 0 0.9866433323251335 -0.1628954719393896
    outer loop
      vertex -9 -10.905893474817276 19.435788117349148
      vertex -9 -10.788638085126877 20.145993545651436
      vertex 9 -10.905893474817276 19.435788117349148
    endloop
  endfacet
  facet normal 0 0.9738769786561818 -0.22707626569834846
    outer loop
      vertex -9 -10.788638085126877 20.145993545651436
      vertex -9 -10.625184088945389 20.847009494900703
      vertex 9 -10.788638085126877 20.145993545651436
    endloop
  endfacet
  facet normal 0 0.9569403356916317 -0.2902846773882274
    outer loop
      vertex -9 -10.625184088945389 20.847009494900703
      vertex -9 -10.41623142361641 21.53583411872387
      vertex 9 -10.625184088945389 20.847009494900703
    endloop
  endfacet
  facet normal 0 0.9359059275348901 -0.3522500458552945
    outer loop
      vertex -9 -10.41623142361641 21.53583411872387
      vertex -9 -10.162674859166145 22.209517754614353
      vertex 9 -10.41623142361641 21.53583411872387
    endloop
  endfacet
  facet normal 0 0.9108638222625299 -0.4127070356721513
    outer loop
      vertex -9 -10.162674859166145 22.209517754614353
      vertex -9 -9.865600153803825 22.86517558991909
      vertex 9 -10.162674859166145 22.209517754614353
    endloop
  endfacet
  facet normal 0 0.8819212671033585 -0.47139673167174867
    outer loop
      vertex -9 -9.865600153803825 22.86517558991909
      vertex -9 -9.52627944201231 23.5
      vertex 9 -9.865600153803825 22.86517558991909
    endloop
  endfacet
  facet normal 0 0.849202173618972 -0.5280678633668341
    outer loop
      vertex -9 -9.52627944201231 23.5
      vertex -9 -9.300991602241993 23.862292304635048
      vertex 9 -9.52627944201231 23.5
    endloop
  endfacet
  facet normal 0 0.9063077869893051 0.4226182618422307
    outer loop
      vertex -9 -9.300991602241993 23.862292304635048
      vertex -9 -11.211925752460957 27.96030381321907
      vertex 9 -9.300991602241993 23.862292304635048
    endloop
  endfacet
  facet normal 0 -0.8128466858330211 0.582477695135422
    outer loop
      vertex -9 -12.472044184803963 26.33355349302292
      vertex 9 -11.900300107896328 27.13142143189907
      vertex -9 -11.900300107896328 27.13142143189907
    endloop
  endfacet
  facet normal 0 -0.7730104539452297 0.634393283453876
    outer loop
      vertex -9 -11.900300107896328 27.13142143189907
      vertex 9 -11.277597114443779 27.890187226235867
      vertex -9 -11.277597114443779 27.890187226235867
    endloop
  endfacet
  facet normal 0 -0.7298640114275604 0.6835923674404725
    outer loop
      vertex -9 -11.277597114443779 27.890187226235867
      vertex 9 -11.211925752460957 27.96030381321907
      vertex -9 -11.211925752460957 27.96030381321907
    endloop
  endfacet
  facet normal -1 0 0
    outer loop
      vertex -9 -10 4
      vertex -9 0 7
      vertex -9 10 4
    endloop
  endfacet
  facet normal -1 0 0
    outer loop
      vertex -9 10 4
      vertex -9 0 7
      vertex -9 0.7194344252347946 7.023551844060421
    endloop
  endfacet
  facet normal -1 0 0
    outer loop
      vertex -9 10 4
      vertex -9 0.7194344252347946 7.023551844060421
      vertex -9 1.4357881173491478 7.094106525182724
    endloop
  endfacet
  facet normal -1 0 0
    outer loop
      vertex -9 10 4
      vertex -9 1.4357881173491478 7.094106525182724
      vertex -9 2.145993545651436 7.211361914873123
    endloop
  endfacet
  facet normal -1 0 0
    outer loop
      vertex -9 10 4
      vertex -9 2.145993545651436 7.211361914873123
      vertex -9 2.8470094949007034 7.374815911054611
    endloop
  endfacet
  facet normal -1 0 0
    outer loop
      vertex -9 10 4
      vertex -9 2.8470094949007034 7.374815911054611
      vertex -9 3.5358341187238693 7.583768576383591
    endloop
  endfacet
  facet normal -1 0 0
    outer loop
      vertex -9 10 4
      vertex -9 3.5358341187238693 7.583768576383591
      vertex -9 4.209517754614353 7.837325140833855
    endloop
  endfacet
  facet normal -1 0 0
    outer loop
      vertex -9 -10 4
      vertex -9 10 4
      vertex -9 25 0
    endloop
  endfacet
  facet normal -1 0 0
    outer loop
      vertex -9 10 4
      vertex -9 4.209517754614353 7.837325140833855
      vertex -9 4.86517558991909 8.134399846196175
    endloop
  endfacet
  facet normal -1 0 0
    outer loop
      vertex -9 10 4
      vertex -9 4.86517558991909 8.134399846196175
      vertex -9 5.5 8.47372055798769
    endloop
  endfacet
  facet normal -1 0 0
    outer loop
      vertex -9 10 4
      vertex -9 5.5 8.47372055798769
      vertex -9 6.111272566020489 8.853834263980389
    endloop
  endfacet
  facet normal -1 0 0
    outer loop
      vertex -9 10 4
      vertex -9 6.111272566020489 8.853834263980389
      vertex -9 6.696375720202923 9.273113258183002
    endloop
  endfacet
  facet normal -1 0 0
    outer loop
      vertex -9 10 4
      vertex -9 6.696375720202923 9.273113258183002
      vertex -9 7.2528039664030075 9.729762114584446
    endloop
  endfacet
  facet normal -1 0 0
    outer loop
      vertex -9 10 4
      vertex -9 7.2528039664030075 9.729762114584446
      vertex -9 7.778174594044685 10.221825405955315
    endloop
  endfacet
  facet normal -1 0 0
    outer loop
      vertex -9 10 4
      vertex -9 7.778174594044685 10.221825405955315
      vertex -9 8.270237885415554 10.747196033596992
    endloop
  endfacet
  facet normal -1 0 0
    outer loop
      vertex -9 10 4
      vertex -9 8.270237885415554 10.747196033596992
      vertex -9 8.726886741816998 11.303624279797077
    endloop
  endfacet
  facet normal -1 0 0
    outer loop
      vertex -9 10 4
      vertex -9 8.726886741816998 11.303624279797077
      vertex -9 9.146165736019611 11.888727433979511
    endloop
  endfacet
  facet normal -1 0 0
    outer loop
      vertex -9 10 4
      vertex -9 9.146165736019611 11.888727433979511
      vertex -9 13.432646542787552 11.3274205327034
    endloop
  endfacet
  facet normal -1 0 0
    outer loop
      vertex -9 9.146165736019611 11.888727433979511
      vertex -9 9.52627944201231 12.5
      vertex -9 13.432646542787552 11.3274205327034
    endloop
  endfacet
  facet normal -1 0 0
    outer loop
      vertex -9 9.865600153803825 13.13482441008091
      vertex -9 13.453091122210026 11.365669645369053
      vertex -9 13.432646542787552 11.3274205327034
    endloop
  endfacet
  facet normal -1 0 0
    outer loop
      vertex -9 9.865600153803825 13.13482441008091
      vertex -9 13.527551844716072 11.53000795841217
      vertex -9 13.453091122210026 11.365669645369053
    endloop
  endfacet
  facet normal -1 0 0
    outer loop
      vertex -9 9.865600153803825 13.13482441008091
      vertex -9 13.740502461791039 12
      vertex -9 13.527551844716072 11.53000795841217
    endloop
  endfacet
  facet normal -1 0 0
    outer loop
      vertex -9 9.52627944201231 12.5
      vertex -9 9.865600153803825 13.13482441008091
      vertex -9 13.432646542787552 11.3274205327034
    endloop
  endfacet
  facet normal -1 0 0
    outer loop
      vertex -9 9.865600153803825 13.13482441008091
      vertex -9 10.162674859166145 13.790482245385647
      vertex -9 13.740502461791039 12
    endloop
  endfacet
  facet normal -1 0 0
    outer loop
      vertex -9 10.162674859166145 13.790482245385647
      vertex -9 10.41623142361641 14.46416588127613
      vertex -9 13.85819298774004 12.259748511016369
    endloop
  endfacet
  facet normal 0 0 1
    outer loop
      vertex -9 10 4
      vertex -4.211720698451599 17.87147284010445 4
      vertex -9 25 4
    endloop
  endfacet
  facet normal -1 0 0
    outer loop
      vertex -9 10 4
      vertex -9 25 4
      vertex -9 25 0
    endloop
  endfacet
  facet normal 0 0 1
    outer loop
      vertex -9 10 4
      vertex -3.9106289391829714 17.071491225736267 4
      vertex -4.028386491023478 17.331387680937514 4
    endloop
  endfacet
  facet normal 0 0 1
    outer loop
      vertex -9 10 4
      vertex -4.128893873460277 17.59842939025901 4
      vertex -4.211720698451599 17.87147284010445 4
    endloop
  endfacet
  facet normal 0 0 1
    outer loop
      vertex -9 10 4
      vertex -4.028386491023478 17.331387680937514 4
      vertex -4.128893873460277 17.59842939025901 4
    endloop
  endfacet
  facet normal 0 0 1
    outer loop
      vertex -9 10 4
      vertex -3.0831935385560496 15.91680646144395 4
      vertex -3.278242689963482 16.125058320923962 4
    endloop
  endfacet
  facet normal 0 0 1
    outer loop
      vertex -9 10 4
      vertex -3.7761254738542065 16.81985294117647 4
      vertex -3.9106289391829714 17.071491225736267 4
    endloop
  endfacet
  facet normal 0 0 1
    outer loop
      vertex -9 10 4
      vertex -3.459253902887518 16.345621122042857 4
      vertex -3.625452059525068 16.577550381024825 4
    endloop
  endfacet
  facet normal 0 0 1
    outer loop
      vertex -9 10 4
      vertex -3.625452059525068 16.577550381024825 4
      vertex -3.7761254738542065 16.81985294117647 4
    endloop
  endfacet
  facet normal 0 0 1
    outer loop
      vertex -9 10 4
      vertex -3.278242689963482 16.125058320923962 4
      vertex -3.459253902887518 16.345621122042857 4
    endloop
  endfacet
  facet normal 0 0 1
    outer loop
      vertex -9 10 4
      vertex -2.8749416790760356 15.721757310036518 4
      vertex -3.0831935385560496 15.91680646144395 4
    endloop
  endfacet
  facet normal 0 0 1
    outer loop
      vertex -9 10 4
      vertex -2.654378877957142 15.540746097112482 4
      vertex -2.8749416790760356 15.721757310036518 4
    endloop
  endfacet
  facet normal 0 0 1
    outer loop
      vertex -9 10 4
      vertex -2.422449618975177 15.374547940474931 4
      vertex -2.654378877957142 15.540746097112482 4
    endloop
  endfacet
  facet normal 0 0 1
    outer loop
      vertex -9 10 4
      vertex -2.1801470588235294 15.223874526145794 4
      vertex -2.422449618975177 15.374547940474931 4
    endloop
  endfacet
  facet normal 0 0 -1
    outer loop
      vertex -9 25 0
      vertex -2.974334584121431 18.608421423339845 0
      vertex -2.9423558412096913 18.414729033951616 0
    endloop
  endfacet
  facet normal 0 0 -1
    outer loop
      vertex -9 25 0
      vertex -2.9423558412096913 18.414729033951616 0
      vertex -2.897777478867205 18.223542864692437 0
    endloop
  endfacet
  facet normal 0 0 -1
    outer loop
      vertex -9 25 0
      vertex -3 19 0
      vertex -2.99357676971581 18.80379061230957 0
    endloop
  endfacet
  facet normal 0 0 -1
    outer loop
      vertex -9 25 0
      vertex -2.99357676971581 19.19620938769043 0
      vertex -3 19 0
    endloop
  endfacet
  facet normal 0 0 -1
    outer loop
      vertex -9 25 0
      vertex -2.99357676971581 18.80379061230957 0
      vertex -2.974334584121431 18.608421423339845 0
    endloop
  endfacet
  facet normal 0 0 -1
    outer loop
      vertex -9 25 0
      vertex -2.974334584121431 19.391578576660155 0
      vertex -2.99357676971581 19.19620938769043 0
    endloop
  endfacet
  facet normal 0 0 -1
    outer loop
      vertex -9 25 0
      vertex -2.9423558412096913 19.585270966048384 0
      vertex -2.974334584121431 19.391578576660155 0
    endloop
  endfacet
  facet normal 0 0 -1
    outer loop
      vertex -9 25 0
      vertex -2.897777478867205 19.776457135307563 0
      vertex -2.9423558412096913 19.585270966048384 0
    endloop
  endfacet
  facet normal 0 0 -1
    outer loop
      vertex -9 25 0
      vertex -2.840790388485317 19.964318395909483 0
      vertex -2.897777478867205 19.776457135307563 0
    endloop
  endfacet
  facet normal 0 0 -1
    outer loop
      vertex -9 25 0
      vertex -2.77163859753386 20.14805029709527 0
      vertex -2.840790388485317 19.964318395909483 0
    endloop
  endfacet
  facet normal 0 0 -1
    outer loop
      vertex -9 25 0
      vertex -2.6906182245980648 20.326866070657005 0
      vertex -2.77163859753386 20.14805029709527 0
    endloop
  endfacet
  facet normal 0 0 -1
    outer loop
      vertex -9 25 0
      vertex -2.598076211353316 20.5 0
      vertex -2.6906182245980648 20.326866070657005 0
    endloop
  endfacet
  facet normal 0 0 -1
    outer loop
      vertex -9 25 0
      vertex -2.4944088369076356 20.666710699058807 0
      vertex -2.598076211353316 20.5 0
    endloop
  endfacet
  facet normal 0 0 -1
    outer loop
      vertex -9 25 0
      vertex -2.3800600208737057 20.826284287026162 0
      vertex -2.4944088369076356 20.666710699058807 0
    endloop
  endfacet
  facet normal 0 0 -1
    outer loop
      vertex -9 25 0
      vertex -2.255519422436932 20.978037445300206 0
      vertex -2.3800600208737057 20.826284287026162 0
    endloop
  endfacet
  facet normal 0 0 1
    outer loop
      vertex -9 25 4
      vertex -4.276512288817027 18.149348816503206 4
      vertex -4.322991197019629 18.430867411864043 4
    endloop
  endfacet
  facet normal 0 0 1
    outer loop
      vertex -9 25 4
      vertex -4.211720698451599 17.87147284010445 4
      vertex -4.276512288817027 18.149348816503206 4
    endloop
  endfacet
  facet normal 0 0 1
    outer loop
      vertex -9 25 4
      vertex -4.322991197019629 18.430867411864043 4
      vertex -4.35095839323891 18.7148231203421 4
    endloop
  endfacet
  facet normal 0 0 1
    outer loop
      vertex -9 25 4
      vertex -4.35095839323891 18.7148231203421 4
      vertex -4.360294117647059 19 4
    endloop
  endfacet
  facet normal 0 0 1
    outer loop
      vertex -9 25 4
      vertex -4.360294117647059 19 4
      vertex -4.35095839323891 19.2851768796579 4
    endloop
  endfacet
  facet normal 0 0 1
    outer loop
      vertex -9 25 4
      vertex -4.35095839323891 19.2851768796579 4
      vertex -4.322991197019629 19.569132588135957 4
    endloop
  endfacet
  facet normal 0 0 1
    outer loop
      vertex -9 25 4
      vertex -4.322991197019629 19.569132588135957 4
      vertex -4.276512288817027 19.850651183496794 4
    endloop
  endfacet
  facet normal 0 0 1
    outer loop
      vertex -9 25 4
      vertex -4.276512288817027 19.850651183496794 4
      vertex -4.211720698451599 20.12852715989555 4
    endloop
  endfacet
  facet normal 0 0 1
    outer loop
      vertex -9 25 4
      vertex -4.211720698451599 20.12852715989555 4
      vertex -4.128893873460277 20.40157060974099 4
    endloop
  endfacet
  facet normal 0 0 1
    outer loop
      vertex -9 25 4
      vertex -4.128893873460277 20.40157060974099 4
      vertex -4.028386491023478 20.668612319062486 4
    endloop
  endfacet
  facet normal 0 0 1
    outer loop
      vertex -9 25 4
      vertex -4.028386491023478 20.668612319062486 4
      vertex -3.9106289391829714 20.928508774263733 4
    endloop
  endfacet
  facet normal 0 0 1
    outer loop
      vertex -9 25 4
      vertex -3.9106289391829714 20.928508774263733 4
      vertex -3.7761254738542065 21.18014705882353 4
    endloop
  endfacet
  facet normal 0 0 1
    outer loop
      vertex -9 25 4
      vertex -3.7761254738542065 21.18014705882353 4
      vertex -3.625452059525068 21.422449618975175 4
    endloop
  endfacet
  facet normal 0 0 1
    outer loop
      vertex -9 25 4
      vertex -3.625452059525068 21.422449618975175 4
      vertex -3.459253902887518 21.654378877957143 4
    endloop
  endfacet
  facet normal 0 0 1
    outer loop
      vertex -9 25 4
      vertex -3.459253902887518 21.654378877957143 4
      vertex -3.278242689963482 21.874941679076038 4
    endloop
  endfacet
  facet normal 0 0 1
    outer loop
      vertex -9 25 4
      vertex -3.278242689963482 21.874941679076038 4
      vertex -3.0831935385560496 22.08319353855605 4
    endloop
  endfacet
  facet normal 0 0 1
    outer loop
      vertex -9 25 4
      vertex -3.0831935385560496 22.08319353855605 4
      vertex -2.8749416790760356 22.278242689963484 4
    endloop
  endfacet
  facet normal 0 0 1
    outer loop
      vertex -9 25 4
      vertex -2.8749416790760356 22.278242689963484 4
      vertex -2.654378877957142 22.459253902887518 4
    endloop
  endfacet
  facet normal 0 0 1
    outer loop
      vertex -9 25 4
      vertex -2.654378877957142 22.459253902887518 4
      vertex -2.422449618975177 22.62545205952507 4
    endloop
  endfacet
  facet normal 0 0 1
    outer loop
      vertex -9 25 4
      vertex -2.422449618975177 22.62545205952507 4
      vertex -2.1801470588235294 22.776125473854208 4
    endloop
  endfacet
  facet normal -1 0 0
    outer loop
      vertex -9 13.527551844716072 11.53000795841217
      vertex -9 13.740502461791039 12
      vertex -9 13.747727081179619 12
    endloop
  endfacet
  facet normal -1 0 0
    outer loop
      vertex -9 10.162674859166145 13.790482245385647
      vertex -9 13.85819298774004 12.259748511016369
      vertex -9 13.740502461791039 12
    endloop
  endfacet
  facet normal -1 0 0
    outer loop
      vertex -9 13.85819298774004 12.259748511016369
      vertex -9 10.41623142361641 14.46416588127613
      vertex -9 14.203951939940453 13.17840801924467
    endloop
  endfacet
  facet normal 0 0.9055577870762631 -0.42422292991485183
    outer loop
      vertex -9 10 4
      vertex -9 13.432646542787552 11.3274205327034
      vertex 9 10 4
    endloop
  endfacet
  facet normal 0 0 -1
    outer loop
      vertex -9 25 0
      vertex -2.897777478867205 18.223542864692437 0
      vertex 9 -25 0
    endloop
  endfacet
  facet normal 0 -0.03271908221647967 0.999464587496181
    outer loop
      vertex -9 0 7
      vertex 9 0.7194344252347946 7.023551844060421
      vertex -9 0.7194344252347946 7.023551844060421
    endloop
  endfacet
  facet normal 0 -0.09801714127324808 0.9951847265792517
    outer loop
      vertex -9 0.7194344252347946 7.023551844060421
      vertex 9 1.4357881173491478 7.094106525182724
      vertex -9 1.4357881173491478 7.094106525182724
    endloop
  endfacet
  facet normal 0 -0.1628954719393896 0.9866433323251335
    outer loop
      vertex -9 1.4357881173491478 7.094106525182724
      vertex 9 2.145993545651436 7.211361914873123
      vertex -9 2.145993545651436 7.211361914873123
    endloop
  endfacet
  facet normal 0 -0.22707626569834846 0.9738769786561818
    outer loop
      vertex -9 2.145993545651436 7.211361914873123
      vertex 9 2.8470094949007034 7.374815911054611
      vertex -9 2.8470094949007034 7.374815911054611
    endloop
  endfacet
  facet normal 0 -0.2902846773882274 0.9569403356916317
    outer loop
      vertex -9 2.8470094949007034 7.374815911054611
      vertex 9 3.5358341187238693 7.583768576383591
      vertex -9 3.5358341187238693 7.583768576383591
    endloop
  endfacet
  facet normal 0 -0.3522500458552945 0.9359059275348901
    outer loop
      vertex -9 3.5358341187238693 7.583768576383591
      vertex 9 4.209517754614353 7.837325140833855
      vertex -9 4.209517754614353 7.837325140833855
    endloop
  endfacet
  facet normal 0 -0.4127070356721513 0.9108638222625299
    outer loop
      vertex -9 4.209517754614353 7.837325140833855
      vertex 9 4.86517558991909 8.134399846196175
      vertex -9 4.86517558991909 8.134399846196175
    endloop
  endfacet
  facet normal 0 -0.47139673167174867 0.8819212671033585
    outer loop
      vertex -9 4.86517558991909 8.134399846196175
      vertex 9 5.5 8.47372055798769
      vertex -9 5.5 8.47372055798769
    endloop
  endfacet
  facet normal 0 -0.5280678485942861 0.8492021828051328
    outer loop
      vertex -9 5.5 8.47372055798769
      vertex 9 6.111272566020489 8.853834263980389
      vertex -9 6.111272566020489 8.853834263980389
    endloop
  endfacet
  facet normal 0 -0.5824776998921578 0.8128466824243925
    outer loop
      vertex -9 6.111272566020489 8.853834263980389
      vertex 9 6.696375720202923 9.273113258183002
      vertex -9 6.696375720202923 9.273113258183002
    endloop
  endfacet
  facet normal 0 -0.634393280948584 0.7730104560012698
    outer loop
      vertex -9 6.696375720202923 9.273113258183002
      vertex 9 7.2528039664030075 9.729762114584446
      vertex -9 7.2528039664030075 9.729762114584446
    endloop
  endfacet
  facet normal 0 -0.683592303138493 0.7298640716529419
    outer loop
      vertex -9 7.2528039664030075 9.729762114584446
      vertex 9 7.778174594044685 10.221825405955315
      vertex -9 7.778174594044685 10.221825405955315
    endloop
  endfacet
  facet normal 0 -0.7298640716529419 0.683592303138493
    outer loop
      vertex -9 7.778174594044685 10.221825405955315
      vertex 9 8.270237885415554 10.747196033596992
      vertex -9 8.270237885415554 10.747196033596992
    endloop
  endfacet
  facet normal 0 -0.7730104560012698 0.634393280948584
    outer loop
      vertex -9 8.270237885415554 10.747196033596992
      vertex 9 8.726886741816998 11.303624279797077
      vertex -9 8.726886741816998 11.303624279797077
    endloop
  endfacet
  facet normal 0 -0.8128466824243925 0.5824776998921578
    outer loop
      vertex -9 8.726886741816998 11.303624279797077
      vertex 9 9.146165736019611 11.888727433979511
      vertex -9 9.146165736019611 11.888727433979511
    endloop
  endfacet
  facet normal 0 -0.8492021828051328 0.5280678485942861
    outer loop
      vertex -9 9.146165736019611 11.888727433979511
      vertex 9 9.52627944201231 12.5
      vertex -9 9.52627944201231 12.5
    endloop
  endfacet
  facet normal 0 -0.8819212671033585 0.47139673167174867
    outer loop
      vertex -9 9.52627944201231 12.5
      vertex 9 9.865600153803825 13.13482441008091
      vertex -9 9.865600153803825 13.13482441008091
    endloop
  endfacet
  facet normal 0 -0.9108638222625299 0.4127070356721513
    outer loop
      vertex -9 9.865600153803825 13.13482441008091
      vertex 9 10.162674859166145 13.790482245385647
      vertex -9 10.162674859166145 13.790482245385647
    endloop
  endfacet
  facet normal 0.7846354211403058 0.2380165528437642 0.5724468328712691
    outer loop
      vertex -2.0122265251770997 18.31694113623078 0.7999999999999998
      vertex -4.211720698451599 17.87147284010445 4
      vertex -4.128893873460277 17.59842939025901 4
    endloop
  endfacet
  facet normal 0.8159935974768607 0.0803683545459557 0.572446832871269
    outer loop
      vertex -2.106820330419347 18.72263184153239 0.7999999999999998
      vertex -4.35095839323891 18.7148231203421 4
      vertex -4.322991197019629 18.430867411864043 4
    endloop
  endfacet
  facet normal 0.8089901506694716 0.1335648144364346 0.5724468328712687
    outer loop
      vertex -2.084168720856865 18.585433065715726 0.7999999999999998
      vertex -4.322991197019629 18.430867411864043 4
      vertex -4.276512288817027 18.149348816503206 4
    endloop
  endfacet
  facet normal 0.7985224838384886 0.18618932928625143 0.572446832871269
    outer loop
      vertex -2.05259238086427 18.450009529157143 0.7999999999999998
      vertex -4.276512288817027 18.149348816503206 4
      vertex -4.211720698451599 17.87147284010445 4
    endloop
  endfacet
  facet normal 0.986643332084879 0.1628954733945891 0
    outer loop
      vertex -2.974334584121431 18.608421423339845 0.20000000000000004
      vertex -2.9423558412096913 18.414729033951616 0
      vertex -2.974334584121431 18.608421423339845 0
    endloop
  endfacet
  facet normal 0.9951847266721968 0.09801714032956052 0
    outer loop
      vertex -2.99357676971581 18.80379061230957 0.20000000000000004
      vertex -2.974334584121431 18.608421423339845 0
      vertex -2.99357676971581 18.80379061230957 0
    endloop
  endfacet
  facet normal 0.9951847266721968 0.09801714032956052 0
    outer loop
      vertex -2.974334584121431 18.608421423339845 0.20000000000000004
      vertex -2.974334584121431 18.608421423339845 0
      vertex -2.99357676971581 18.80379061230957 0.20000000000000004
    endloop
  endfacet
  facet normal 0.9738769792773342 0.2270762630343701 0
    outer loop
      vertex -2.9423558412096913 18.414729033951616 0.20000000000000004
      vertex -2.897777478867205 18.223542864692437 0
      vertex -2.9423558412096913 18.414729033951616 0
    endloop
  endfacet
  facet normal 0.9738769792773342 0.2270762630343701 0
    outer loop
      vertex -2.897777478867205 18.223542864692437 0.20000000000000004
      vertex -2.897777478867205 18.223542864692437 0
      vertex -2.9423558412096913 18.414729033951616 0.20000000000000004
    endloop
  endfacet
  facet normal 0.9569403357322076 0.29028467725446644 0
    outer loop
      vertex -2.897777478867205 18.223542864692437 0.20000000000000004
      vertex -2.840790388485317 18.035681604090517 0
      vertex -2.897777478867205 18.223542864692437 0
    endloop
  endfacet
  facet normal 0.935905926757327 0.35225004792123016 0
    outer loop
      vertex -2.840790388485317 18.035681604090517 0.20000000000000004
      vertex -2.77163859753386 17.85194970290473 0
      vertex -2.840790388485317 18.035681604090517 0
    endloop
  endfacet
  facet normal 0.9569403357322076 0.29028467725446644 0
    outer loop
      vertex -2.897777478867205 18.223542864692437 0.20000000000000004
      vertex -2.840790388485317 18.035681604090517 0.20000000000000004
      vertex -2.840790388485317 18.035681604090517 0
    endloop
  endfacet
  facet normal 0.986643332084879 0.1628954733945891 0
    outer loop
      vertex -2.974334584121431 18.608421423339845 0.20000000000000004
      vertex -2.9423558412096913 18.414729033951616 0.20000000000000004
      vertex -2.9423558412096913 18.414729033951616 0
    endloop
  endfacet
  facet normal 0 0 -1
    outer loop
      vertex -2.897777478867205 18.223542864692437 0.20000000000000004
      vertex -2.9423558412096913 18.414729033951616 0.20000000000000004
      vertex -2.9423558412096913 19.585270966048384 0.20000000000000004
    endloop
  endfacet
  facet normal 0 0 -1
    outer loop
      vertex -2.897777478867205 18.223542864692437 0.20000000000000004
      vertex -2.897777478867205 19.776457135307563 0.20000000000000004
      vertex -2.840790388485317 18.035681604090517 0.20000000000000004
    endloop
  endfacet
  facet normal 0 0 -1
    outer loop
      vertex -2.840790388485317 18.035681604090517 0.20000000000000004
      vertex -2.840790388485317 19.964318395909483 0.20000000000000004
      vertex -2.77163859753386 17.85194970290473 0.20000000000000004
    endloop
  endfacet
  facet normal 0.7730104533627347 0.6343932841636483 0
    outer loop
      vertex -2.3800600208737057 17.173715712973838 0.20000000000000004
      vertex -2.255519422436932 17.021962554699794 0
      vertex -2.3800600208737057 17.173715712973838 0
    endloop
  endfacet
  facet normal 0.7730104533627347 0.6343932841636483 0
    outer loop
      vertex -2.3800600208737057 17.173715712973838 0.20000000000000004
      vertex -2.255519422436932 17.021962554699794 0.20000000000000004
      vertex -2.255519422436932 17.021962554699794 0
    endloop
  endfacet
  facet normal 0.9108638249211756 0.41270702980439533 0
    outer loop
      vertex -2.77163859753386 17.85194970290473 0.20000000000000004
      vertex -2.6906182245980648 17.673133929342995 0
      vertex -2.77163859753386 17.85194970290473 0
    endloop
  endfacet
  facet normal 0.935905926757327 0.35225004792123016 0
    outer loop
      vertex -2.840790388485317 18.035681604090517 0.20000000000000004
      vertex -2.77163859753386 17.85194970290473 0.20000000000000004
      vertex -2.77163859753386 17.85194970290473 0
    endloop
  endfacet
  facet normal 0.9108638249211756 0.41270702980439533 0
    outer loop
      vertex -2.77163859753386 17.85194970290473 0.20000000000000004
      vertex -2.6906182245980648 17.673133929342995 0.20000000000000004
      vertex -2.6906182245980648 17.673133929342995 0
    endloop
  endfacet
  facet normal 0.8819212643483546 0.47139673682599825 0
    outer loop
      vertex -2.598076211353316 17.5 0.20000000000000004
      vertex -2.598076211353316 17.5 0
      vertex -2.6906182245980648 17.673133929342995 0.20000000000000004
    endloop
  endfacet
  facet normal 0.8492021815265794 0.5280678506503669 0
    outer loop
      vertex -2.598076211353316 17.5 0.20000000000000004
      vertex -2.4944088369076356 17.333289300941193 0
      vertex -2.598076211353316 17.5 0
    endloop
  endfacet
  facet normal 0.8819212643483546 0.47139673682599825 0
    outer loop
      vertex -2.6906182245980648 17.673133929342995 0.20000000000000004
      vertex -2.598076211353316 17.5 0
      vertex -2.6906182245980648 17.673133929342995 0
    endloop
  endfacet
  facet normal 0 0 -1
    outer loop
      vertex -2.77163859753386 17.85194970290473 0.20000000000000004
      vertex -2.77163859753386 20.14805029709527 0.20000000000000004
      vertex -2.6906182245980648 17.673133929342995 0.20000000000000004
    endloop
  endfacet
  facet normal 0 0 -1
    outer loop
      vertex -2.598076211353316 17.5 0.20000000000000004
      vertex -2.6906182245980648 17.673133929342995 0.20000000000000004
      vertex -2.6906182245980648 20.326866070657005 0.20000000000000004
    endloop
  endfacet
  facet normal 0 0 -1
    outer loop
      vertex -2.598076211353316 17.5 0.20000000000000004
      vertex -2.598076211353316 20.5 0.20000000000000004
      vertex -2.4944088369076356 17.333289300941193 0.20000000000000004
    endloop
  endfacet
  facet normal 0.8492021815265794 0.5280678506503669 0
    outer loop
      vertex -2.598076211353316 17.5 0.20000000000000004
      vertex -2.4944088369076356 17.333289300941193 0.20000000000000004
      vertex -2.4944088369076356 17.333289300941193 0
    endloop
  endfacet
  facet normal 0.8128466845916152 0.582477696867802 0
    outer loop
      vertex -2.4944088369076356 17.333289300941193 0.20000000000000004
      vertex -2.3800600208737057 17.173715712973838 0
      vertex -2.4944088369076356 17.333289300941193 0
    endloop
  endfacet
  facet normal 0.8128466845916152 0.582477696867802 0
    outer loop
      vertex -2.4944088369076356 17.333289300941193 0.20000000000000004
      vertex -2.3800600208737057 17.173715712973838 0.20000000000000004
      vertex -2.3800600208737057 17.173715712973838 0
    endloop
  endfacet
  facet normal 0 0 -1
    outer loop
      vertex -2.4944088369076356 17.333289300941193 0.20000000000000004
      vertex -2.4944088369076356 20.666710699058807 0.20000000000000004
      vertex -2.3800600208737057 17.173715712973838 0.20000000000000004
    endloop
  endfacet
  facet normal 0 0 -1
    outer loop
      vertex -2.3800600208737057 17.173715712973838 0.20000000000000004
      vertex -2.3800600208737057 20.826284287026162 0.20000000000000004
      vertex -2.255519422436932 17.021962554699794 0.20000000000000004
    endloop
  endfacet
  facet normal 0.6962964005750044 0.43298492592923665 0.5724468328712689
    outer loop
      vertex -1.7668729261429086 17.819413254833346 0.7999999999999998
      vertex -3.7761254738542065 16.81985294117647 4
      vertex -3.625452059525068 16.577550381024825 4
    endloop
  endfacet
  facet normal 0.6664870074674396 0.47759783543557927 0.5724468328712689
    outer loop
      vertex -1.6858758481188747 17.706381963356467 0.7999999999999998
      vertex -3.625452059525068 16.577550381024825 4
      vertex -3.459253902887518 16.345621122042857 4
    endloop
  endfacet
  facet normal 0.808990150669472 0.1335648144364322 0.572446832871269
    outer loop
      vertex -2.106820330419347 18.72263184153239 0.7999999999999998
      vertex -4.322991197019629 18.430867411864043 4
      vertex -2.084168720856865 18.585433065715726 0.7999999999999998
    endloop
  endfacet
  facet normal 0.7468553620133933 0.33839576204127764 0.5724468328712687
    outer loop
      vertex -1.9058545757569625 18.060136533284624 0.7999999999999998
      vertex -4.028386491023478 17.331387680937514 4
      vertex -3.9106289391829714 17.071491225736267 4
    endloop
  endfacet
  facet normal 0.7673884291093805 0.28882455298102855 0.5724468328712686
    outer loop
      vertex -1.9632440065864842 18.186797706224183 0.7999999999999998
      vertex -4.128893873460277 17.59842939025901 4
      vertex -4.028386491023478 17.331387680937514 4
    endloop
  endfacet
  facet normal 0.7231241455979438 0.3865179084970029 0.5724468328712687
    outer loop
      vertex -1.840303983041932 17.9375 0.7999999999999998
      vertex -3.9106289391829714 17.071491225736267 4
      vertex -3.7761254738542065 16.81985294117647 4
    endloop
  endfacet
  facet normal 0.6338236146729461 0.5201655976884416 0.5724468328712693
    outer loop
      vertex -1.5976595908928268 17.598890142912353 0.7999999999999998
      vertex -3.459253902887518 16.345621122042857 4
      vertex -3.278242689963482 16.125058320923962 4
    endloop
  endfacet
  facet normal 0.5984460918540512 0.5605059309947275 0.5724468328712687
    outer loop
      vertex -1.5026019100214136 17.497398089978585 0.7999999999999998
      vertex -3.278242689963482 16.125058320923962 4
      vertex -3.0831935385560496 15.91680646144395 4
    endloop
  endfacet
  facet normal 0.5605059309947253 0.5984460918540534 0.5724468328712684
    outer loop
      vertex -1.4011098570876463 17.402340409107172 0.7999999999999998
      vertex -3.0831935385560496 15.91680646144395 4
      vertex -2.8749416790760356 15.721757310036518 4
    endloop
  endfacet
  facet normal 0.5201655976884425 0.633823614672946 0.5724468328712687
    outer loop
      vertex -1.2936180366435315 17.314124151881124 0.7999999999999998
      vertex -2.8749416790760356 15.721757310036518 4
      vertex -2.654378877957142 15.540746097112482 4
    endloop
  endfacet
  facet normal 0.7468553620133913 0.3383957620412817 0.5724468328712689
    outer loop
      vertex -1.9632440065864842 18.186797706224183 0.7999999999999998
      vertex -4.028386491023478 17.331387680937514 4
      vertex -1.9058545757569625 18.060136533284624 0.7999999999999998
    endloop
  endfacet
  facet normal 0.7231241455979458 0.3865179084969989 0.5724468328712691
    outer loop
      vertex -1.9058545757569625 18.060136533284624 0.7999999999999998
      vertex -3.9106289391829714 17.071491225736267 4
      vertex -1.840303983041932 17.9375 0.7999999999999998
    endloop
  endfacet
  facet normal 0.7846354211403064 0.23801655284376214 0.5724468328712691
    outer loop
      vertex -2.0122265251770997 18.31694113623078 0.7999999999999998
      vertex -2.05259238086427 18.450009529157143 0.7999999999999998
      vertex -4.211720698451599 17.87147284010445 4
    endloop
  endfacet
  facet normal 0.7673884291093804 0.28882455298102866 0.572446832871269
    outer loop
      vertex -2.0122265251770997 18.31694113623078 0.7999999999999998
      vertex -4.128893873460277 17.59842939025901 4
      vertex -1.9632440065864842 18.186797706224183 0.7999999999999998
    endloop
  endfacet
  facet normal 0.7985224838384878 0.18618932928625537 0.5724468328712687
    outer loop
      vertex -2.084168720856865 18.585433065715726 0.7999999999999998
      vertex -4.276512288817027 18.149348816503206 4
      vertex -2.05259238086427 18.450009529157143 0.7999999999999998
    endloop
  endfacet
  facet normal 0.6962964005750035 0.43298492592923826 0.572446832871269
    outer loop
      vertex -1.840303983041932 17.9375 0.7999999999999998
      vertex -3.7761254738542065 16.81985294117647 4
      vertex -1.7668729261429086 17.819413254833346 0.7999999999999998
    endloop
  endfacet
  facet normal 0.6664870074674419 0.4775978354355759 0.5724468328712691
    outer loop
      vertex -1.7668729261429086 17.819413254833346 0.7999999999999998
      vertex -3.625452059525068 16.577550381024825 4
      vertex -1.6858758481188747 17.706381963356467 0.7999999999999998
    endloop
  endfacet
  facet normal 0 0 1
    outer loop
      vertex -9 10 4
      vertex -1.9285087742637337 15.08937106081703 4
      vertex -2.1801470588235294 15.223874526145794 4
    endloop
  endfacet
  facet normal 0 0 1
    outer loop
      vertex -9 10 4
      vertex -1.4015706097409912 14.871106126539724 4
      vertex -1.6686123190624869 14.971613508976521 4
    endloop
  endfacet
  facet normal 0 0 1
    outer loop
      vertex -9 10 4
      vertex -1.6686123190624869 14.971613508976521 4
      vertex -1.9285087742637337 15.08937106081703 4
    endloop
  endfacet
  facet normal 0 0 1
    outer loop
      vertex -9 10 4
      vertex -1.12852715989555 14.788279301548402 4
      vertex -1.4015706097409912 14.871106126539724 4
    endloop
  endfacet
  facet normal 0 0 1
    outer loop
      vertex -9 10 4
      vertex -0.8506511834967945 14.723487711182973 4
      vertex -1.12852715989555 14.788279301548402 4
    endloop
  endfacet
  facet normal 0 0 1
    outer loop
      vertex -9 10 4
      vertex -0.5691325881359601 14.677008802980371 4
      vertex -0.8506511834967945 14.723487711182973 4
    endloop
  endfacet
  facet normal 0 0 1
    outer loop
      vertex -9 10 4
      vertex -0.28517687965790317 14.649041606761088 4
      vertex -0.5691325881359601 14.677008802980371 4
    endloop
  endfacet
  facet normal 0 0 1
    outer loop
      vertex -9 10 4
      vertex 0 14.639705882352942 4
      vertex -0.28517687965790317 14.649041606761088 4
    endloop
  endfacet
  facet normal 0 0 1
    outer loop
      vertex -9 10 4
      vertex 0.28517687965790317 14.649041606761088 4
      vertex 0 14.639705882352942 4
    endloop
  endfacet
  facet normal 0 0 1
    outer loop
      vertex -9 10 4
      vertex 0.5691325881359601 14.677008802980371 4
      vertex 0.28517687965790317 14.649041606761088 4
    endloop
  endfacet
  facet normal 0 0 1
    outer loop
      vertex -9 10 4
      vertex 0.8506511834967945 14.723487711182973 4
      vertex 0.5691325881359601 14.677008802980371 4
    endloop
  endfacet
  facet normal 0 0 1
    outer loop
      vertex -9 10 4
      vertex 1.12852715989555 14.788279301548402 4
      vertex 0.8506511834967945 14.723487711182973 4
    endloop
  endfacet
  facet normal 0.8195028344262377 0.02682774502294042 0.572446832871269
    outer loop
      vertex -2.1204502118820323 18.861018350385947 0.7999999999999998
      vertex -4.360294117647059 19 4
      vertex -4.35095839323891 18.7148231203421 4
    endloop
  endfacet
  facet normal 0.8195028344262377 -0.02682774502294042 0.5724468328712691
    outer loop
      vertex -2.125 19 0.7999999999999998
      vertex -4.35095839323891 19.2851768796579 4
      vertex -4.360294117647059 19 4
    endloop
  endfacet
  facet normal 0.8159935974768607 -0.0803683545459557 0.572446832871269
    outer loop
      vertex -2.1204502118820323 19.138981649614053 0.7999999999999998
      vertex -4.322991197019629 19.569132588135957 4
      vertex -4.35095839323891 19.2851768796579 4
    endloop
  endfacet
  facet normal 0.8089901506694714 -0.1335648144364346 0.5724468328712689
    outer loop
      vertex -2.106820330419347 19.27736815846761 0.7999999999999998
      vertex -4.276512288817027 19.850651183496794 4
      vertex -4.322991197019629 19.569132588135957 4
    endloop
  endfacet
  facet normal 0.7985224838384888 -0.18618932928625148 0.5724468328712689
    outer loop
      vertex -2.084168720856865 19.414566934284274 0.7999999999999998
      vertex -4.211720698451599 20.12852715989555 4
      vertex -4.276512288817027 19.850651183496794 4
    endloop
  endfacet
  facet normal 0.7846354211403058 -0.23801655284376413 0.5724468328712691
    outer loop
      vertex -2.05259238086427 19.549990470842857 0.7999999999999998
      vertex -4.128893873460277 20.40157060974099 4
      vertex -4.211720698451599 20.12852715989555 4
    endloop
  endfacet
  facet normal 0.7673884291093807 -0.2888245529810286 0.5724468328712685
    outer loop
      vertex -2.0122265251770997 19.68305886376922 0.7999999999999998
      vertex -4.028386491023478 20.668612319062486 4
      vertex -4.128893873460277 20.40157060974099 4
    endloop
  endfacet
  facet normal 0 0 -1
    outer loop
      vertex -9 25 0
      vertex -2.121320343559643 21.121320343559642 0
      vertex -2.255519422436932 20.978037445300206 0
    endloop
  endfacet
  facet normal 0 0 -1
    outer loop
      vertex -9 25 0
      vertex -1.9780374453002065 21.255519422436933 0
      vertex -2.121320343559643 21.121320343559642 0
    endloop
  endfacet
  facet normal 0 0 -1
    outer loop
      vertex -9 25 0
      vertex -1.826284287026162 21.380060020873707 0
      vertex -1.9780374453002065 21.255519422436933 0
    endloop
  endfacet
  facet normal 0 0 -1
    outer loop
      vertex -9 25 0
      vertex -1.6667106990588065 21.494408836907635 0
      vertex -1.826284287026162 21.380060020873707 0
    endloop
  endfacet
  facet normal 0 0 -1
    outer loop
      vertex -9 25 0
      vertex -1.5 21.598076211353316 0
      vertex -1.6667106990588065 21.494408836907635 0
    endloop
  endfacet
  facet normal 0 0 -1
    outer loop
      vertex -9 25 0
      vertex -1.326866070657004 21.690618224598065 0
      vertex -1.5 21.598076211353316 0
    endloop
  endfacet
  facet normal 0 0 -1
    outer loop
      vertex -9 25 0
      vertex -1.1480502970952693 21.771638597533858 0
      vertex -1.326866070657004 21.690618224598065 0
    endloop
  endfacet
  facet normal 0 0 -1
    outer loop
      vertex -9 25 0
      vertex -0.9643183959094848 21.840790388485317 0
      vertex -1.1480502970952693 21.771638597533858 0
    endloop
  endfacet
  facet normal 0.9994645874763656 0.03271908282177748 0
    outer loop
      vertex -3 19 0.20000000000000004
      vertex -2.99357676971581 18.80379061230957 0
      vertex -3 19 0
    endloop
  endfacet
  facet normal 0.9994645874763656 0.03271908282177748 0
    outer loop
      vertex -2.99357676971581 18.80379061230957 0.20000000000000004
      vertex -2.99357676971581 18.80379061230957 0
      vertex -3 19 0.20000000000000004
    endloop
  endfacet
  facet normal 0 0 -1
    outer loop
      vertex -2.974334584121431 18.608421423339845 0.20000000000000004
      vertex -2.974334584121431 19.391578576660155 0.20000000000000004
      vertex -2.9423558412096913 18.414729033951616 0.20000000000000004
    endloop
  endfacet
  facet normal 0 0 -1
    outer loop
      vertex -2.974334584121431 18.608421423339845 0.20000000000000004
      vertex -2.99357676971581 18.80379061230957 0.20000000000000004
      vertex -2.99357676971581 19.19620938769043 0.20000000000000004
    endloop
  endfacet
  facet normal 0.9994645874763656 -0.03271908282177748 0
    outer loop
      vertex -2.99357676971581 19.19620938769043 0.20000000000000004
      vertex -3 19 0
      vertex -2.99357676971581 19.19620938769043 0
    endloop
  endfacet
  facet normal 0 0 -1
    outer loop
      vertex -2.99357676971581 18.80379061230957 0.20000000000000004
      vertex -3 19 0.20000000000000004
      vertex -2.99357676971581 19.19620938769043 0.20000000000000004
    endloop
  endfacet
  facet normal 0.9994645874763656 -0.03271908282177748 0
    outer loop
      vertex -3 19 0.20000000000000004
      vertex -3 19 0
      vertex -2.99357676971581 19.19620938769043 0.20000000000000004
    endloop
  endfacet
  facet normal 0 0 -1
    outer loop
      vertex -2.974334584121431 18.608421423339845 0.20000000000000004
      vertex -2.99357676971581 19.19620938769043 0.20000000000000004
      vertex -2.974334584121431 19.391578576660155 0.20000000000000004
    endloop
  endfacet
  facet normal 0.9951847266721968 -0.09801714032956052 0
    outer loop
      vertex -2.974334584121431 19.391578576660155 0.20000000000000004
      vertex -2.99357676971581 19.19620938769043 0
      vertex -2.974334584121431 19.391578576660155 0
    endloop
  endfacet
  facet normal 0.9951847266721968 -0.09801714032956052 0
    outer loop
      vertex -2.99357676971581 19.19620938769043 0.20000000000000004
      vertex -2.99357676971581 19.19620938769043 0
      vertex -2.974334584121431 19.391578576660155 0.20000000000000004
    endloop
  endfacet
  facet normal 0.986643332084879 -0.1628954733945891 0
    outer loop
      vertex -2.974334584121431 19.391578576660155 0.20000000000000004
      vertex -2.974334584121431 19.391578576660155 0
      vertex -2.9423558412096913 19.585270966048384 0.20000000000000004
    endloop
  endfacet
  facet normal 0 0 -1
    outer loop
      vertex -2.9423558412096913 18.414729033951616 0.20000000000000004
      vertex -2.974334584121431 19.391578576660155 0.20000000000000004
      vertex -2.9423558412096913 19.585270966048384 0.20000000000000004
    endloop
  endfacet
  facet normal 0 0 -1
    outer loop
      vertex -2.897777478867205 18.223542864692437 0.20000000000000004
      vertex -2.9423558412096913 19.585270966048384 0.20000000000000004
      vertex -2.897777478867205 19.776457135307563 0.20000000000000004
    endloop
  endfacet
  facet normal 0.986643332084879 -0.1628954733945891 0
    outer loop
      vertex -2.9423558412096913 19.585270966048384 0.20000000000000004
      vertex -2.974334584121431 19.391578576660155 0
      vertex -2.9423558412096913 19.585270966048384 0
    endloop
  endfacet
  facet normal 0 0 -1
    outer loop
      vertex -2.840790388485317 18.035681604090517 0.20000000000000004
      vertex -2.897777478867205 19.776457135307563 0.20000000000000004
      vertex -2.840790388485317 19.964318395909483 0.20000000000000004
    endloop
  endfacet
  facet normal 0.9738769792773342 -0.2270762630343701 0
    outer loop
      vertex -2.897777478867205 19.776457135307563 0.20000000000000004
      vertex -2.9423558412096913 19.585270966048384 0
      vertex -2.897777478867205 19.776457135307563 0
    endloop
  endfacet
  facet normal 0.9738769792773342 -0.2270762630343701 0
    outer loop
      vertex -2.9423558412096913 19.585270966048384 0.20000000000000004
      vertex -2.9423558412096913 19.585270966048384 0
      vertex -2.897777478867205 19.776457135307563 0.20000000000000004
    endloop
  endfacet
  facet normal 0.9569403357322076 -0.29028467725446644 0
    outer loop
      vertex -2.840790388485317 19.964318395909483 0.20000000000000004
      vertex -2.897777478867205 19.776457135307563 0
      vertex -2.840790388485317 19.964318395909483 0
    endloop
  endfacet
  facet normal 0.9569403357322076 -0.29028467725446644 0
    outer loop
      vertex -2.897777478867205 19.776457135307563 0.20000000000000004
      vertex -2.897777478867205 19.776457135307563 0
      vertex -2.840790388485317 19.964318395909483 0.20000000000000004
    endloop
  endfacet
  facet normal 0.935905926757327 -0.35225004792123016 0
    outer loop
      vertex -2.840790388485317 19.964318395909483 0.20000000000000004
      vertex -2.840790388485317 19.964318395909483 0
      vertex -2.77163859753386 20.14805029709527 0.20000000000000004
    endloop
  endfacet
  facet normal 0 0 -1
    outer loop
      vertex -2.840790388485317 19.964318395909483 0.20000000000000004
      vertex -2.77163859753386 20.14805029709527 0.20000000000000004
      vertex -2.77163859753386 17.85194970290473 0.20000000000000004
    endloop
  endfacet
  facet normal 0 0 -1
    outer loop
      vertex -2.6906182245980648 17.673133929342995 0.20000000000000004
      vertex -2.77163859753386 20.14805029709527 0.20000000000000004
      vertex -2.6906182245980648 20.326866070657005 0.20000000000000004
    endloop
  endfacet
  facet normal 0 0 -1
    outer loop
      vertex -2.598076211353316 17.5 0.20000000000000004
      vertex -2.6906182245980648 20.326866070657005 0.20000000000000004
      vertex -2.598076211353316 20.5 0.20000000000000004
    endloop
  endfacet
  facet normal 0.935905926757327 -0.35225004792123016 0
    outer loop
      vertex -2.77163859753386 20.14805029709527 0.20000000000000004
      vertex -2.840790388485317 19.964318395909483 0
      vertex -2.77163859753386 20.14805029709527 0
    endloop
  endfacet
  facet normal 0.9108638249211756 -0.41270702980439533 0
    outer loop
      vertex -2.77163859753386 20.14805029709527 0.20000000000000004
      vertex -2.77163859753386 20.14805029709527 0
      vertex -2.6906182245980648 20.326866070657005 0.20000000000000004
    endloop
  endfacet
  facet normal 0.9108638249211756 -0.41270702980439533 0
    outer loop
      vertex -2.6906182245980648 20.326866070657005 0.20000000000000004
      vertex -2.77163859753386 20.14805029709527 0
      vertex -2.6906182245980648 20.326866070657005 0
    endloop
  endfacet
  facet normal 0 0 -1
    outer loop
      vertex -2.4944088369076356 17.333289300941193 0.20000000000000004
      vertex -2.598076211353316 20.5 0.20000000000000004
      vertex -2.4944088369076356 20.666710699058807 0.20000000000000004
    endloop
  endfacet
  facet normal 0 0 -1
    outer loop
      vertex -2.3800600208737057 17.173715712973838 0.20000000000000004
      vertex -2.4944088369076356 20.666710699058807 0.20000000000000004
      vertex -2.3800600208737057 20.826284287026162 0.20000000000000004
    endloop
  endfacet
  facet normal 0 0 -1
    outer loop
      vertex -2.255519422436932 17.021962554699794 0.20000000000000004
      vertex -2.3800600208737057 20.826284287026162 0.20000000000000004
      vertex -2.255519422436932 20.978037445300206 0.20000000000000004
    endloop
  endfacet
  facet normal 0.8819212643483546 -0.47139673682599825 0
    outer loop
      vertex -2.598076211353316 20.5 0.20000000000000004
      vertex -2.6906182245980648 20.326866070657005 0
      vertex -2.598076211353316 20.5 0
    endloop
  endfacet
  facet normal 0.8819212643483546 -0.47139673682599825 0
    outer loop
      vertex -2.6906182245980648 20.326866070657005 0.20000000000000004
      vertex -2.6906182245980648 20.326866070657005 0
      vertex -2.598076211353316 20.5 0.20000000000000004
    endloop
  endfacet
  facet normal 0.8492021815265794 -0.5280678506503669 0
    outer loop
      vertex -2.598076211353316 20.5 0.20000000000000004
      vertex -2.598076211353316 20.5 0
      vertex -2.4944088369076356 20.666710699058807 0.20000000000000004
    endloop
  endfacet
  facet normal 0.8492021815265794 -0.5280678506503669 0
    outer loop
      vertex -2.4944088369076356 20.666710699058807 0.20000000000000004
      vertex -2.598076211353316 20.5 0
      vertex -2.4944088369076356 20.666710699058807 0
    endloop
  endfacet
  facet normal 0.8128466845916152 -0.582477696867802 0
    outer loop
      vertex -2.3800600208737057 20.826284287026162 0.20000000000000004
      vertex -2.4944088369076356 20.666710699058807 0
      vertex -2.3800600208737057 20.826284287026162 0
    endloop
  endfacet
  facet normal 0.8128466845916152 -0.582477696867802 0
    outer loop
      vertex -2.4944088369076356 20.666710699058807 0.20000000000000004
      vertex -2.4944088369076356 20.666710699058807 0
      vertex -2.3800600208737057 20.826284287026162 0.20000000000000004
    endloop
  endfacet
  facet normal 0.7730104533627347 -0.6343932841636483 0
    outer loop
      vertex -2.3800600208737057 20.826284287026162 0.20000000000000004
      vertex -2.3800600208737057 20.826284287026162 0
      vertex -2.255519422436932 20.978037445300206 0.20000000000000004
    endloop
  endfacet
  facet normal 0.7730104533627347 -0.6343932841636483 0
    outer loop
      vertex -2.255519422436932 20.978037445300206 0.20000000000000004
      vertex -2.3800600208737057 20.826284287026162 0
      vertex -2.255519422436932 20.978037445300206 0
    endloop
  endfacet
  facet normal 0.8159935974768606 0.08036835454595652 0.5724468328712689
    outer loop
      vertex -2.1204502118820323 18.861018350385947 0.7999999999999998
      vertex -4.35095839323891 18.7148231203421 4
      vertex -2.106820330419347 18.72263184153239 0.7999999999999998
    endloop
  endfacet
  facet normal 0.8195028344262377 0.02682774502293964 0.5724468328712689
    outer loop
      vertex -2.1204502118820323 18.861018350385947 0.7999999999999998
      vertex -2.125 19 0.7999999999999998
      vertex -4.360294117647059 19 4
    endloop
  endfacet
  facet normal 0.8195028344262377 -0.02682774502293964 0.5724468328712689
    outer loop
      vertex -2.125 19 0.7999999999999998
      vertex -2.1204502118820323 19.138981649614053 0.7999999999999998
      vertex -4.35095839323891 19.2851768796579 4
    endloop
  endfacet
  facet normal 0.8159935974768606 -0.08036835454595652 0.5724468328712689
    outer loop
      vertex -2.1204502118820323 19.138981649614053 0.7999999999999998
      vertex -2.106820330419347 19.27736815846761 0.7999999999999998
      vertex -4.322991197019629 19.569132588135957 4
    endloop
  endfacet
  facet normal 0.8089901506694721 -0.13356481443643223 0.572446832871269
    outer loop
      vertex -2.106820330419347 19.27736815846761 0.7999999999999998
      vertex -2.084168720856865 19.414566934284274 0.7999999999999998
      vertex -4.276512288817027 19.850651183496794 4
    endloop
  endfacet
  facet normal 0.7468553620133933 -0.3383957620412771 0.572446832871269
    outer loop
      vertex -1.9632440065864842 19.813202293775817 0.7999999999999998
      vertex -3.9106289391829714 20.928508774263733 4
      vertex -4.028386491023478 20.668612319062486 4
    endloop
  endfacet
  facet normal 0.7231241455979444 -0.3865179084970016 0.5724468328712691
    outer loop
      vertex -1.9058545757569625 19.939863466715376 0.7999999999999998
      vertex -3.7761254738542065 21.18014705882353 4
      vertex -3.9106289391829714 20.928508774263733 4
    endloop
  endfacet
  facet normal 0.6962964005750042 -0.4329849259292373 0.5724468328712687
    outer loop
      vertex -1.840303983041932 20.0625 0.7999999999999998
      vertex -3.625452059525068 21.422449618975175 4
      vertex -3.7761254738542065 21.18014705882353 4
    endloop
  endfacet
  facet normal 0.6664870074674395 -0.47759783543557915 0.5724468328712691
    outer loop
      vertex -1.7668729261429086 20.180586745166654 0.7999999999999998
      vertex -3.459253902887518 21.654378877957143 4
      vertex -3.625452059525068 21.422449618975175 4
    endloop
  endfacet
  facet normal 0.7985224838384877 -0.18618932928625534 0.5724468328712691
    outer loop
      vertex -2.084168720856865 19.414566934284274 0.7999999999999998
      vertex -2.05259238086427 19.549990470842857 0.7999999999999998
      vertex -4.211720698451599 20.12852715989555 4
    endloop
  endfacet
  facet normal 0.7846354211403064 -0.23801655284376214 0.5724468328712689
    outer loop
      vertex -2.05259238086427 19.549990470842857 0.7999999999999998
      vertex -2.0122265251770997 19.68305886376922 0.7999999999999998
      vertex -4.128893873460277 20.40157060974099 4
    endloop
  endfacet
  facet normal 0.7673884291093804 -0.28882455298102866 0.572446832871269
    outer loop
      vertex -2.0122265251770997 19.68305886376922 0.7999999999999998
      vertex -1.9632440065864842 19.813202293775817 0.7999999999999998
      vertex -4.028386491023478 20.668612319062486 4
    endloop
  endfacet
  facet normal 0.7468553620133912 -0.33839576204128163 0.572446832871269
    outer loop
      vertex -1.9632440065864842 19.813202293775817 0.7999999999999998
      vertex -1.9058545757569625 19.939863466715376 0.7999999999999998
      vertex -3.9106289391829714 20.928508774263733 4
    endloop
  endfacet
  facet normal 0.7231241455979458 -0.3865179084969989 0.5724468328712689
    outer loop
      vertex -1.9058545757569625 19.939863466715376 0.7999999999999998
      vertex -1.840303983041932 20.0625 0.7999999999999998
      vertex -3.7761254738542065 21.18014705882353 4
    endloop
  endfacet
  facet normal 0.6962964005750035 -0.43298492592923826 0.572446832871269
    outer loop
      vertex -1.840303983041932 20.0625 0.7999999999999998
      vertex -1.7668729261429086 20.180586745166654 0.7999999999999998
      vertex -3.625452059525068 21.422449618975175 4
    endloop
  endfacet
  facet normal 0.6664870074674422 -0.477597835435576 0.5724468328712687
    outer loop
      vertex -1.7668729261429086 20.180586745166654 0.7999999999999998
      vertex -1.6858758481188747 20.293618036643533 0.7999999999999998
      vertex -3.459253902887518 21.654378877957143 4
    endloop
  endfacet
  facet normal 0.6338236146729468 -0.5201655976884415 0.5724468328712687
    outer loop
      vertex -1.6858758481188747 20.293618036643533 0.7999999999999998
      vertex -3.278242689963482 21.874941679076038 4
      vertex -3.459253902887518 21.654378877957143 4
    endloop
  endfacet
  facet normal 0.5984460918540511 -0.5605059309947273 0.5724468328712691
    outer loop
      vertex -1.5976595908928268 20.401109857087647 0.7999999999999998
      vertex -3.0831935385560496 22.08319353855605 4
      vertex -3.278242689963482 21.874941679076038 4
    endloop
  endfacet
  facet normal 0.5605059309947276 -0.5984460918540508 0.5724468328712692
    outer loop
      vertex -1.5026019100214136 20.502601910021415 0.7999999999999998
      vertex -2.8749416790760356 22.278242689963484 4
      vertex -3.0831935385560496 22.08319353855605 4
    endloop
  endfacet
  facet normal 0.5201655976884398 -0.6338236146729477 0.5724468328712691
    outer loop
      vertex -1.4011098570876463 20.597659590892828 0.7999999999999998
      vertex -2.654378877957142 22.459253902887518 4
      vertex -2.8749416790760356 22.278242689963484 4
    endloop
  endfacet
  facet normal 0 1 0
    outer loop
      vertex -9 25 0
      vertex -9 25 4
      vertex 9 25 0
    endloop
  endfacet
  facet normal 0 0 1
    outer loop
      vertex -9 25 4
      vertex -2.1801470588235294 22.776125473854208 4
      vertex -1.9285087742637337 22.91062893918297 4
    endloop
  endfacet
  facet normal 0 0 1
    outer loop
      vertex -9 25 4
      vertex -1.9285087742637337 22.91062893918297 4
      vertex -1.6686123190624869 23.02838649102348 4
    endloop
  endfacet
  facet normal 0 0 1
    outer loop
      vertex -9 25 4
      vertex -1.6686123190624869 23.02838649102348 4
      vertex -1.4015706097409912 23.128893873460278 4
    endloop
  endfacet
  facet normal 0 0 1
    outer loop
      vertex -9 25 4
      vertex -1.4015706097409912 23.128893873460278 4
      vertex -1.12852715989555 23.2117206984516 4
    endloop
  endfacet
  facet normal 0 0 1
    outer loop
      vertex -9 25 4
      vertex -1.12852715989555 23.2117206984516 4
      vertex -0.8506511834967945 23.276512288817027 4
    endloop
  endfacet
  facet normal 0 0 1
    outer loop
      vertex -9 25 4
      vertex -0.8506511834967945 23.276512288817027 4
      vertex -0.5691325881359601 23.32299119701963 4
    endloop
  endfacet
  facet normal 0 0 1
    outer loop
      vertex -9 25 4
      vertex -0.5691325881359601 23.32299119701963 4
      vertex -0.28517687965790317 23.350958393238912 4
    endloop
  endfacet
  facet normal 0 0 1
    outer loop
      vertex -9 25 4
      vertex -0.28517687965790317 23.350958393238912 4
      vertex 0 23.360294117647058 4
    endloop
  endfacet
  facet normal 0 0 1
    outer loop
      vertex -9 25 4
      vertex 0 23.360294117647058 4
      vertex 0.28517687965790317 23.350958393238912 4
    endloop
  endfacet
  facet normal 0 0 1
    outer loop
      vertex -9 25 4
      vertex 0.28517687965790317 23.350958393238912 4
      vertex 0.5691325881359601 23.32299119701963 4
    endloop
  endfacet
  facet normal 0 0 1
    outer loop
      vertex -9 25 4
      vertex 0.5691325881359601 23.32299119701963 4
      vertex 0.8506511834967945 23.276512288817027 4
    endloop
  endfacet
  facet normal 0.28882455298102444 0.7673884291093817 0.5724468328712692
    outer loop
      vertex -0.6830588637692183 16.9877734748229 0.7999999999999998
      vertex -1.6686123190624869 14.971613508976521 4
      vertex -1.4015706097409912 14.871106126539724 4
    endloop
  endfacet
  facet normal 0.729864072697836 0.6835923020228707 0
    outer loop
      vertex -2.255519422436932 17.021962554699794 0.20000000000000004
      vertex -2.121320343559643 16.878679656440358 0
      vertex -2.255519422436932 17.021962554699794 0
    endloop
  endfacet
  facet normal 0.729864072697836 0.6835923020228707 0
    outer loop
      vertex -2.255519422436932 17.021962554699794 0.20000000000000004
      vertex -2.121320343559643 16.878679656440358 0.20000000000000004
      vertex -2.121320343559643 16.878679656440358 0
    endloop
  endfacet
  facet normal 0.6835923020228745 0.7298640726978326 0
    outer loop
      vertex -2.121320343559643 16.878679656440358 0.20000000000000004
      vertex -1.9780374453002065 16.744480577563067 0.20000000000000004
      vertex -1.9780374453002065 16.744480577563067 0
    endloop
  endfacet
  facet normal 0.6835923020228745 0.7298640726978326 0
    outer loop
      vertex -2.121320343559643 16.878679656440358 0.20000000000000004
      vertex -1.9780374453002065 16.744480577563067 0
      vertex -2.121320343559643 16.878679656440358 0
    endloop
  endfacet
  facet normal 0.6343932841636466 0.773010453362736 0
    outer loop
      vertex -1.9780374453002065 16.744480577563067 0.20000000000000004
      vertex -1.826284287026162 16.619939979126293 0
      vertex -1.9780374453002065 16.744480577563067 0
    endloop
  endfacet
  facet normal 0.6343932841636466 0.773010453362736 0
    outer loop
      vertex -1.9780374453002065 16.744480577563067 0.20000000000000004
      vertex -1.826284287026162 16.619939979126293 0.20000000000000004
      vertex -1.826284287026162 16.619939979126293 0
    endloop
  endfacet
  facet normal 0 0 -1
    outer loop
      vertex -1.9780374453002065 16.744480577563067 0.20000000000000004
      vertex -1.9058545757569625 18.060136533284624 0.20000000000000004
      vertex -1.826284287026162 16.619939979126293 0.20000000000000004
    endloop
  endfacet
  facet normal 0.5824776968677945 0.8128466845916206 0
    outer loop
      vertex -1.826284287026162 16.619939979126293 0.20000000000000004
      vertex -1.6667106990588065 16.505591163092365 0
      vertex -1.826284287026162 16.619939979126293 0
    endloop
  endfacet
  facet normal 0.5824776968677945 0.8128466845916206 0
    outer loop
      vertex -1.826284287026162 16.619939979126293 0.20000000000000004
      vertex -1.6667106990588065 16.505591163092365 0.20000000000000004
      vertex -1.6667106990588065 16.505591163092365 0
    endloop
  endfacet
  facet normal 0 0 -1
    outer loop
      vertex -1.826284287026162 16.619939979126293 0.20000000000000004
      vertex -1.7668729261429086 17.819413254833346 0.20000000000000004
      vertex -1.6667106990588065 16.505591163092365 0.20000000000000004
    endloop
  endfacet
  facet normal 0 0 -1
    outer loop
      vertex -2.121320343559643 16.878679656440358 0.20000000000000004
      vertex -2.05259238086427 18.450009529157143 0.20000000000000004
      vertex -1.9780374453002065 16.744480577563067 0.20000000000000004
    endloop
  endfacet
  facet normal 0 0 -1
    outer loop
      vertex -1.9780374453002065 16.744480577563067 0.20000000000000004
      vertex -2.0122265251770997 18.31694113623078 0.20000000000000004
      vertex -1.9632440065864842 18.186797706224183 0.20000000000000004
    endloop
  endfacet
  facet normal 0 0 -1
    outer loop
      vertex -1.9780374453002065 16.744480577563067 0.20000000000000004
      vertex -2.05259238086427 18.450009529157143 0.20000000000000004
      vertex -2.0122265251770997 18.31694113623078 0.20000000000000004
    endloop
  endfacet
  facet normal 0 0 -1
    outer loop
      vertex -2.255519422436932 17.021962554699794 0.20000000000000004
      vertex -2.255519422436932 20.978037445300206 0.20000000000000004
      vertex -2.121320343559643 16.878679656440358 0.20000000000000004
    endloop
  endfacet
  facet normal 0 0 -1
    outer loop
      vertex -2.121320343559643 16.878679656440358 0.20000000000000004
      vertex -2.1204502118820323 18.861018350385947 0.20000000000000004
      vertex -2.106820330419347 18.72263184153239 0.20000000000000004
    endloop
  endfacet
  facet normal 0 0 -1
    outer loop
      vertex -2.121320343559643 16.878679656440358 0.20000000000000004
      vertex -2.125 19 0.20000000000000004
      vertex -2.1204502118820323 18.861018350385947 0.20000000000000004
    endloop
  endfacet
  facet normal 0 0 -1
    outer loop
      vertex -2.121320343559643 16.878679656440358 0.20000000000000004
      vertex -2.106820330419347 18.72263184153239 0.20000000000000004
      vertex -2.084168720856865 18.585433065715726 0.20000000000000004
    endloop
  endfacet
  facet normal 0 0 -1
    outer loop
      vertex -2.121320343559643 16.878679656440358 0.20000000000000004
      vertex -2.084168720856865 18.585433065715726 0.20000000000000004
      vertex -2.05259238086427 18.450009529157143 0.20000000000000004
    endloop
  endfacet
  facet normal 0.9359059267573255 0.3522500479212341 0
    outer loop
      vertex -2.0122265251770997 18.31694113623078 0.20000000000000004
      vertex -1.9632440065864842 18.186797706224183 0.7999999999999998
      vertex -1.9632440065864842 18.186797706224183 0.20000000000000004
    endloop
  endfacet
  facet normal 0.9738769792773332 0.2270762630343752 0
    outer loop
      vertex -2.084168720856865 18.585433065715726 0.20000000000000004
      vertex -2.05259238086427 18.450009529157143 0.7999999999999998
      vertex -2.05259238086427 18.450009529157143 0.20000000000000004
    endloop
  endfacet
  facet normal 0.9866433320848798 0.16289547339458482 0
    outer loop
      vertex -2.106820330419347 18.72263184153239 0.20000000000000004
      vertex -2.084168720856865 18.585433065715726 0.7999999999999998
      vertex -2.084168720856865 18.585433065715726 0.20000000000000004
    endloop
  endfacet
  facet normal 0.9569403357322089 0.2902846772544621 0
    outer loop
      vertex -2.0122265251770997 18.31694113623078 0.20000000000000004
      vertex -2.05259238086427 18.450009529157143 0.20000000000000004
      vertex -2.0122265251770997 18.31694113623078 0.7999999999999998
    endloop
  endfacet
  facet normal 0.9359059267573255 0.3522500479212341 0
    outer loop
      vertex -2.0122265251770997 18.31694113623078 0.20000000000000004
      vertex -2.0122265251770997 18.31694113623078 0.7999999999999998
      vertex -1.9632440065864842 18.186797706224183 0.7999999999999998
    endloop
  endfacet
  facet normal 0.9569403357322089 0.2902846772544621 0
    outer loop
      vertex -2.05259238086427 18.450009529157143 0.20000000000000004
      vertex -2.05259238086427 18.450009529157143 0.7999999999999998
      vertex -2.0122265251770997 18.31694113623078 0.7999999999999998
    endloop
  endfacet
  facet normal 0.9738769792773332 0.2270762630343752 0
    outer loop
      vertex -2.084168720856865 18.585433065715726 0.20000000000000004
      vertex -2.084168720856865 18.585433065715726 0.7999999999999998
      vertex -2.05259238086427 18.450009529157143 0.7999999999999998
    endloop
  endfacet
  facet normal 0.9866433320848798 0.16289547339458482 0
    outer loop
      vertex -2.106820330419347 18.72263184153239 0.20000000000000004
      vertex -2.106820330419347 18.72263184153239 0.7999999999999998
      vertex -2.084168720856865 18.585433065715726 0.7999999999999998
    endloop
  endfacet
  facet normal 0 0 -1
    outer loop
      vertex -1.826284287026162 16.619939979126293 0.20000000000000004
      vertex -1.9058545757569625 18.060136533284624 0.20000000000000004
      vertex -1.840303983041932 17.9375 0.20000000000000004
    endloop
  endfacet
  facet normal 0 0 -1
    outer loop
      vertex -1.9780374453002065 16.744480577563067 0.20000000000000004
      vertex -1.9632440065864842 18.186797706224183 0.20000000000000004
      vertex -1.9058545757569625 18.060136533284624 0.20000000000000004
    endloop
  endfacet
  facet normal 0 0 -1
    outer loop
      vertex -1.826284287026162 16.619939979126293 0.20000000000000004
      vertex -1.840303983041932 17.9375 0.20000000000000004
      vertex -1.7668729261429086 17.819413254833346 0.20000000000000004
    endloop
  endfacet
  facet normal 0 0 -1
    outer loop
      vertex -1.6667106990588065 16.505591163092365 0.20000000000000004
      vertex -1.7668729261429086 17.819413254833346 0.20000000000000004
      vertex -1.6858758481188747 17.706381963356467 0.20000000000000004
    endloop
  endfacet
  facet normal 0.8492021815265766 0.5280678506503715 0
    outer loop
      vertex -1.840303983041932 17.9375 0.20000000000000004
      vertex -1.7668729261429086 17.819413254833346 0.7999999999999998
      vertex -1.7668729261429086 17.819413254833346 0.20000000000000004
    endloop
  endfacet
  facet normal 0.812846684591622 0.5824776968677926 0
    outer loop
      vertex -1.7668729261429086 17.819413254833346 0.20000000000000004
      vertex -1.6858758481188747 17.706381963356467 0.7999999999999998
      vertex -1.6858758481188747 17.706381963356467 0.20000000000000004
    endloop
  endfacet
  facet normal 0.8492021815265766 0.5280678506503715 0
    outer loop
      vertex -1.840303983041932 17.9375 0.20000000000000004
      vertex -1.840303983041932 17.9375 0.7999999999999998
      vertex -1.7668729261429086 17.819413254833346 0.7999999999999998
    endloop
  endfacet
  facet normal 0.812846684591622 0.5824776968677926 0
    outer loop
      vertex -1.7668729261429086 17.819413254833346 0.20000000000000004
      vertex -1.7668729261429086 17.819413254833346 0.7999999999999998
      vertex -1.6858758481188747 17.706381963356467 0.7999999999999998
    endloop
  endfacet
  facet normal 0.9108638249211732 0.4127070298044005 0
    outer loop
      vertex -1.9632440065864842 18.186797706224183 0.20000000000000004
      vertex -1.9058545757569625 18.060136533284624 0.7999999999999998
      vertex -1.9058545757569625 18.060136533284624 0.20000000000000004
    endloop
  endfacet
  facet normal 0.8819212643483576 0.47139673682599315 0
    outer loop
      vertex -1.9058545757569625 18.060136533284624 0.20000000000000004
      vertex -1.840303983041932 17.9375 0.7999999999999998
      vertex -1.840303983041932 17.9375 0.20000000000000004
    endloop
  endfacet
  facet normal 0.9108638249211732 0.4127070298044005 0
    outer loop
      vertex -1.9632440065864842 18.186797706224183 0.20000000000000004
      vertex -1.9632440065864842 18.186797706224183 0.7999999999999998
      vertex -1.9058545757569625 18.060136533284624 0.7999999999999998
    endloop
  endfacet
  facet normal 0.8819212643483576 0.47139673682599315 0
    outer loop
      vertex -1.9058545757569625 18.060136533284624 0.20000000000000004
      vertex -1.9058545757569625 18.060136533284624 0.7999999999999998
      vertex -1.840303983041932 17.9375 0.7999999999999998
    endloop
  endfacet
  facet normal 0.4713967368259986 0.8819212643483544 0
    outer loop
      vertex -1.5 16.401923788646684 0.20000000000000004
      vertex -1.326866070657004 16.309381775401935 0
      vertex -1.5 16.401923788646684 0
    endloop
  endfacet
  facet normal 0.5280678506503723 0.8492021815265762 0
    outer loop
      vertex -1.6667106990588065 16.505591163092365 0.20000000000000004
      vertex -1.5 16.401923788646684 0
      vertex -1.6667106990588065 16.505591163092365 0
    endloop
  endfacet
  facet normal 0.5280678506503723 0.8492021815265762 0
    outer loop
      vertex -1.6667106990588065 16.505591163092365 0.20000000000000004
      vertex -1.5 16.401923788646684 0.20000000000000004
      vertex -1.5 16.401923788646684 0
    endloop
  endfacet
  facet normal 0 0 -1
    outer loop
      vertex -1.6667106990588065 16.505591163092365 0.20000000000000004
      vertex -1.5976595908928268 17.598890142912353 0.20000000000000004
      vertex -1.5 16.401923788646684 0.20000000000000004
    endloop
  endfacet
  facet normal 0 0 -1
    outer loop
      vertex -1.5 16.401923788646684 0.20000000000000004
      vertex -1.4011098570876463 17.402340409107172 0.20000000000000004
      vertex -1.326866070657004 16.309381775401935 0.20000000000000004
    endloop
  endfacet
  facet normal 0 0 -1
    outer loop
      vertex -1.5976595908928268 17.598890142912353 0.20000000000000004
      vertex -1.5026019100214136 17.497398089978585 0.20000000000000004
      vertex -1.5 16.401923788646684 0.20000000000000004
    endloop
  endfacet
  facet normal 0 0 -1
    outer loop
      vertex -1.5 16.401923788646684 0.20000000000000004
      vertex -1.5026019100214136 17.497398089978585 0.20000000000000004
      vertex -1.4011098570876463 17.402340409107172 0.20000000000000004
    endloop
  endfacet
  facet normal 0.4713967368259986 0.8819212643483544 0
    outer loop
      vertex -1.5 16.401923788646684 0.20000000000000004
      vertex -1.326866070657004 16.309381775401935 0.20000000000000004
      vertex -1.326866070657004 16.309381775401935 0
    endloop
  endfacet
  facet normal 0.4127070298043847 0.9108638249211803 0
    outer loop
      vertex -1.326866070657004 16.309381775401935 0.20000000000000004
      vertex -1.1480502970952693 16.228361402466142 0
      vertex -1.326866070657004 16.309381775401935 0
    endloop
  endfacet
  facet normal 0.4127070298043847 0.9108638249211803 0
    outer loop
      vertex -1.326866070657004 16.309381775401935 0.20000000000000004
      vertex -1.1480502970952693 16.228361402466142 0.20000000000000004
      vertex -1.1480502970952693 16.228361402466142 0
    endloop
  endfacet
  facet normal 0 0 -1
    outer loop
      vertex -1.326866070657004 16.309381775401935 0.20000000000000004
      vertex -1.4011098570876463 17.402340409107172 0.20000000000000004
      vertex -1.2936180366435315 17.314124151881124 0.20000000000000004
    endloop
  endfacet
  facet normal 0 0 -1
    outer loop
      vertex -1.326866070657004 16.309381775401935 0.20000000000000004
      vertex -1.2936180366435315 17.314124151881124 0.20000000000000004
      vertex -1.1480502970952693 16.228361402466142 0.20000000000000004
    endloop
  endfacet
  facet normal 0 0 -1
    outer loop
      vertex -1.2936180366435315 17.314124151881124 0.20000000000000004
      vertex -1.1805867451666545 17.23312707385709 0.20000000000000004
      vertex -1.1480502970952693 16.228361402466142 0.20000000000000004
    endloop
  endfacet
  facet normal 0 0 -1
    outer loop
      vertex -1.1480502970952693 16.228361402466142 0.20000000000000004
      vertex -1.1805867451666545 17.23312707385709 0.20000000000000004
      vertex -1.0625 17.15969601695807 0.20000000000000004
    endloop
  endfacet
  facet normal 0 0 -1
    outer loop
      vertex -1.6667106990588065 16.505591163092365 0.20000000000000004
      vertex -1.6858758481188747 17.706381963356467 0.20000000000000004
      vertex -1.5976595908928268 17.598890142912353 0.20000000000000004
    endloop
  endfacet
  facet normal 0.7730104533627337 0.6343932841636495 0
    outer loop
      vertex -1.5976595908928268 17.598890142912353 0.20000000000000004
      vertex -1.6858758481188747 17.706381963356467 0.20000000000000004
      vertex -1.5976595908928268 17.598890142912353 0.7999999999999998
    endloop
  endfacet
  facet normal 0.7298640726978394 0.6835923020228674 0
    outer loop
      vertex -1.5976595908928268 17.598890142912353 0.20000000000000004
      vertex -1.5026019100214136 17.497398089978585 0.7999999999999998
      vertex -1.5026019100214136 17.497398089978585 0.20000000000000004
    endloop
  endfacet
  facet normal 0.6835923020228697 0.729864072697837 0
    outer loop
      vertex -1.5026019100214136 17.497398089978585 0.20000000000000004
      vertex -1.4011098570876463 17.402340409107172 0.7999999999999998
      vertex -1.4011098570876463 17.402340409107172 0.20000000000000004
    endloop
  endfacet
  facet normal 0.7298640726978394 0.6835923020228674 0
    outer loop
      vertex -1.5976595908928268 17.598890142912353 0.20000000000000004
      vertex -1.5976595908928268 17.598890142912353 0.7999999999999998
      vertex -1.5026019100214136 17.497398089978585 0.7999999999999998
    endloop
  endfacet
  facet normal 0.7730104533627337 0.6343932841636495 0
    outer loop
      vertex -1.5976595908928268 17.598890142912353 0.7999999999999998
      vertex -1.6858758481188747 17.706381963356467 0.20000000000000004
      vertex -1.6858758481188747 17.706381963356467 0.7999999999999998
    endloop
  endfacet
  facet normal 0.6835923020228697 0.729864072697837 0
    outer loop
      vertex -1.5026019100214136 17.497398089978585 0.20000000000000004
      vertex -1.5026019100214136 17.497398089978585 0.7999999999999998
      vertex -1.4011098570876463 17.402340409107172 0.7999999999999998
    endloop
  endfacet
  facet normal 0.6343932841636454 0.773010453362737 0
    outer loop
      vertex -1.4011098570876463 17.402340409107172 0.20000000000000004
      vertex -1.2936180366435315 17.314124151881124 0.7999999999999998
      vertex -1.2936180366435315 17.314124151881124 0.20000000000000004
    endloop
  endfacet
  facet normal 0.5824776968677988 0.8128466845916176 0
    outer loop
      vertex -1.2936180366435315 17.314124151881124 0.20000000000000004
      vertex -1.1805867451666545 17.23312707385709 0.7999999999999998
      vertex -1.1805867451666545 17.23312707385709 0.20000000000000004
    endloop
  endfacet
  facet normal 0.6343932841636454 0.773010453362737 0
    outer loop
      vertex -1.4011098570876463 17.402340409107172 0.20000000000000004
      vertex -1.4011098570876463 17.402340409107172 0.7999999999999998
      vertex -1.2936180366435315 17.314124151881124 0.7999999999999998
    endloop
  endfacet
  facet normal 0.5824776968677988 0.8128466845916176 0
    outer loop
      vertex -1.2936180366435315 17.314124151881124 0.20000000000000004
      vertex -1.2936180366435315 17.314124151881124 0.7999999999999998
      vertex -1.1805867451666545 17.23312707385709 0.7999999999999998
    endloop
  endfacet
  facet normal 0.5280678506503595 0.849202181526584 0
    outer loop
      vertex -1.1805867451666545 17.23312707385709 0.20000000000000004
      vertex -1.1805867451666545 17.23312707385709 0.7999999999999998
      vertex -1.0625 17.15969601695807 0.7999999999999998
    endloop
  endfacet
  facet normal 0.5984460918540557 0.5605059309947223 0.5724468328712693
    outer loop
      vertex -1.5976595908928268 17.598890142912353 0.7999999999999998
      vertex -3.278242689963482 16.125058320923962 4
      vertex -1.5026019100214136 17.497398089978585 0.7999999999999998
    endloop
  endfacet
  facet normal 0.5605059309947245 0.5984460918540538 0.5724468328712689
    outer loop
      vertex -1.5026019100214136 17.497398089978585 0.7999999999999998
      vertex -3.0831935385560496 15.91680646144395 4
      vertex -1.4011098570876463 17.402340409107172 0.7999999999999998
    endloop
  endfacet
  facet normal 0.5201655976884434 0.6338236146729452 0.5724468328712689
    outer loop
      vertex -1.4011098570876463 17.402340409107172 0.7999999999999998
      vertex -2.8749416790760356 15.721757310036518 4
      vertex -1.2936180366435315 17.314124151881124 0.7999999999999998
    endloop
  endfacet
  facet normal 0.47759783543558104 0.6664870074674386 0.5724468328712687
    outer loop
      vertex -1.2936180366435315 17.314124151881124 0.7999999999999998
      vertex -2.654378877957142 15.540746097112482 4
      vertex -1.1805867451666545 17.23312707385709 0.7999999999999998
    endloop
  endfacet
  facet normal 0.4775978354355837 0.6664870074674364 0.5724468328712686
    outer loop
      vertex -1.1805867451666545 17.23312707385709 0.7999999999999998
      vertex -2.654378877957142 15.540746097112482 4
      vertex -2.422449618975177 15.374547940474931 4
    endloop
  endfacet
  facet normal 0.4329849259292338 0.696296400575006 0.5724468328712691
    outer loop
      vertex -1.0625 17.15969601695807 0.7999999999999998
      vertex -2.422449618975177 15.374547940474931 4
      vertex -2.1801470588235294 15.223874526145794 4
    endloop
  endfacet
  facet normal 0.6338236146729427 0.5201655976884467 0.5724468328712689
    outer loop
      vertex -1.5976595908928268 17.598890142912353 0.7999999999999998
      vertex -1.6858758481188747 17.706381963356467 0.7999999999999998
      vertex -3.459253902887518 16.345621122042857 4
    endloop
  endfacet
  facet normal 0.4329849259292283 0.6962964005750096 0.5724468328712687
    outer loop
      vertex -1.1805867451666545 17.23312707385709 0.7999999999999998
      vertex -2.422449618975177 15.374547940474931 4
      vertex -1.0625 17.15969601695807 0.7999999999999998
    endloop
  endfacet
  facet normal 0.3865179084970041 0.7231241455979429 0.5724468328712691
    outer loop
      vertex -1.0625 17.15969601695807 0.7999999999999998
      vertex -2.1801470588235294 15.223874526145794 4
      vertex -0.9398634667153778 17.094145424243038 0.7999999999999998
    endloop
  endfacet
  facet normal 0.3383957620412867 0.7468553620133889 0.572446832871269
    outer loop
      vertex -0.9398634667153778 17.094145424243038 0.7999999999999998
      vertex -1.9285087742637337 15.08937106081703 4
      vertex -0.8132022937758158 17.036755993413514 0.7999999999999998
    endloop
  endfacet
  facet normal 0.38651790849700113 0.7231241455979446 0.5724468328712689
    outer loop
      vertex -0.9398634667153778 17.094145424243038 0.7999999999999998
      vertex -2.1801470588235294 15.223874526145794 4
      vertex -1.9285087742637337 15.08937106081703 4
    endloop
  endfacet
  facet normal 0.3383957620412818 0.7468553620133914 0.5724468328712686
    outer loop
      vertex -0.8132022937758158 17.036755993413514 0.7999999999999998
      vertex -1.9285087742637337 15.08937106081703 4
      vertex -1.6686123190624869 14.971613508976521 4
    endloop
  endfacet
  facet normal 0.238016552843762 0.7846354211403066 0.5724468328712689
    outer loop
      vertex -0.5499904708428566 16.94740761913573 0.7999999999999998
      vertex -1.4015706097409912 14.871106126539724 4
      vertex -1.12852715989555 14.788279301548402 4
    endloop
  endfacet
  facet normal 0.18618932928625792 0.7985224838384872 0.5724468328712687
    outer loop
      vertex -0.41456693428427255 16.915831279143134 0.7999999999999998
      vertex -1.12852715989555 14.788279301548402 4
      vertex -0.8506511834967945 14.723487711182973 4
    endloop
  endfacet
  facet normal 0.1335648144364339 0.8089901506694714 0.5724468328712692
    outer loop
      vertex -0.2773681584676096 16.893179669580654 0.7999999999999998
      vertex -0.8506511834967945 14.723487711182973 4
      vertex -0.5691325881359601 14.677008802980371 4
    endloop
  endfacet
  facet normal 0.08036835454596054 0.8159935974768602 0.5724468328712689
    outer loop
      vertex -0.13898164961405401 16.879549788117966 0.7999999999999998
      vertex -0.5691325881359601 14.677008802980371 4
      vertex -0.28517687965790317 14.649041606761088 4
    endloop
  endfacet
  facet normal 0.026827745022932965 0.819502834426238 0.572446832871269
    outer loop
      vertex 0 16.875 0.7999999999999998
      vertex -0.28517687965790317 14.649041606761088 4
      vertex 0 14.639705882352942 4
    endloop
  endfacet
  facet normal 0.35225004792124254 0.9359059267573223 0
    outer loop
      vertex -1.1480502970952693 16.228361402466142 0.20000000000000004
      vertex -0.9643183959094848 16.159209611514683 0
      vertex -1.1480502970952693 16.228361402466142 0
    endloop
  endfacet
  facet normal 0.35225004792124254 0.9359059267573223 0
    outer loop
      vertex -1.1480502970952693 16.228361402466142 0.20000000000000004
      vertex -0.9643183959094848 16.159209611514683 0.20000000000000004
      vertex -0.9643183959094848 16.159209611514683 0
    endloop
  endfacet
  facet normal 0.2902846772544633 0.9569403357322086 0
    outer loop
      vertex -0.9643183959094848 16.159209611514683 0.20000000000000004
      vertex -0.7764571353075622 16.102222521132795 0
      vertex -0.9643183959094848 16.159209611514683 0
    endloop
  endfacet
  facet normal 0 0 -1
    outer loop
      vertex -1.1480502970952693 16.228361402466142 0.20000000000000004
      vertex -1.0625 17.15969601695807 0.20000000000000004
      vertex -0.9643183959094848 16.159209611514683 0.20000000000000004
    endloop
  endfacet
  facet normal 0 0 -1
    outer loop
      vertex -1.0625 17.15969601695807 0.20000000000000004
      vertex -0.9398634667153778 17.094145424243038 0.20000000000000004
      vertex -0.9643183959094848 16.159209611514683 0.20000000000000004
    endloop
  endfacet
  facet normal 0.5280678506503595 0.849202181526584 0
    outer loop
      vertex -1.1805867451666545 17.23312707385709 0.20000000000000004
      vertex -1.0625 17.15969601695807 0.7999999999999998
      vertex -1.0625 17.15969601695807 0.20000000000000004
    endloop
  endfacet
  facet normal 0 0 -1
    outer loop
      vertex -0.9643183959094848 16.159209611514683 0.20000000000000004
      vertex -0.8132022937758158 17.036755993413514 0.20000000000000004
      vertex -0.7764571353075622 16.102222521132795 0.20000000000000004
    endloop
  endfacet
  facet normal 0 0 -1
    outer loop
      vertex -0.9643183959094848 16.159209611514683 0.20000000000000004
      vertex -0.9398634667153778 17.094145424243038 0.20000000000000004
      vertex -0.8132022937758158 17.036755993413514 0.20000000000000004
    endloop
  endfacet
  facet normal 0.47139673682599953 0.8819212643483539 0
    outer loop
      vertex -1.0625 17.15969601695807 0.20000000000000004
      vertex -0.9398634667153778 17.094145424243038 0.7999999999999998
      vertex -0.9398634667153778 17.094145424243038 0.20000000000000004
    endloop
  endfacet
  facet normal 0.41270702980440677 0.9108638249211704 0
    outer loop
      vertex -0.9398634667153778 17.094145424243038 0.20000000000000004
      vertex -0.8132022937758158 17.036755993413514 0.7999999999999998
      vertex -0.8132022937758158 17.036755993413514 0.20000000000000004
    endloop
  endfacet
  facet normal 0.47139673682599953 0.8819212643483539 0
    outer loop
      vertex -1.0625 17.15969601695807 0.20000000000000004
      vertex -1.0625 17.15969601695807 0.7999999999999998
      vertex -0.9398634667153778 17.094145424243038 0.7999999999999998
    endloop
  endfacet
  facet normal 0.41270702980440677 0.9108638249211704 0
    outer loop
      vertex -0.9398634667153778 17.094145424243038 0.20000000000000004
      vertex -0.9398634667153778 17.094145424243038 0.7999999999999998
      vertex -0.8132022937758158 17.036755993413514 0.7999999999999998
    endloop
  endfacet
  facet normal 0.2902846772544633 0.9569403357322086 0
    outer loop
      vertex -0.9643183959094848 16.159209611514683 0.20000000000000004
      vertex -0.7764571353075622 16.102222521132795 0.20000000000000004
      vertex -0.7764571353075622 16.102222521132795 0
    endloop
  endfacet
  facet normal 0.2270762630343635 0.9738769792773359 0
    outer loop
      vertex -0.7764571353075622 16.102222521132795 0.20000000000000004
      vertex -0.5852709660483848 16.05764415879031 0
      vertex -0.7764571353075622 16.102222521132795 0
    endloop
  endfacet
  facet normal 0.2270762630343635 0.9738769792773359 0
    outer loop
      vertex -0.7764571353075622 16.102222521132795 0.20000000000000004
      vertex -0.5852709660483848 16.05764415879031 0.20000000000000004
      vertex -0.5852709660483848 16.05764415879031 0
    endloop
  endfacet
  facet normal 0 0 -1
    outer loop
      vertex -0.7764571353075622 16.102222521132795 0.20000000000000004
      vertex -0.6830588637692183 16.9877734748229 0.20000000000000004
      vertex -0.5852709660483848 16.05764415879031 0.20000000000000004
    endloop
  endfacet
  facet normal 0 0 -1
    outer loop
      vertex -0.7764571353075622 16.102222521132795 0.20000000000000004
      vertex -0.8132022937758158 17.036755993413514 0.20000000000000004
      vertex -0.6830588637692183 16.9877734748229 0.20000000000000004
    endloop
  endfacet
  facet normal 0.3522500479212181 0.9359059267573315 0
    outer loop
      vertex -0.8132022937758158 17.036755993413514 0.20000000000000004
      vertex -0.6830588637692183 16.9877734748229 0.7999999999999998
      vertex -0.6830588637692183 16.9877734748229 0.20000000000000004
    endloop
  endfacet
  facet normal 0 0 -1
    outer loop
      vertex -0.5852709660483848 16.05764415879031 0.20000000000000004
      vertex -0.6830588637692183 16.9877734748229 0.20000000000000004
      vertex -0.5499904708428566 16.94740761913573 0.20000000000000004
    endloop
  endfacet
  facet normal 0.2902846772544615 0.9569403357322092 0
    outer loop
      vertex -0.6830588637692183 16.9877734748229 0.20000000000000004
      vertex -0.5499904708428566 16.94740761913573 0.7999999999999998
      vertex -0.5499904708428566 16.94740761913573 0.20000000000000004
    endloop
  endfacet
  facet normal 0.3522500479212181 0.9359059267573315 0
    outer loop
      vertex -0.8132022937758158 17.036755993413514 0.20000000000000004
      vertex -0.8132022937758158 17.036755993413514 0.7999999999999998
      vertex -0.6830588637692183 16.9877734748229 0.7999999999999998
    endloop
  endfacet
  facet normal 0.2902846772544615 0.9569403357322092 0
    outer loop
      vertex -0.6830588637692183 16.9877734748229 0.20000000000000004
      vertex -0.6830588637692183 16.9877734748229 0.7999999999999998
      vertex -0.5499904708428566 16.94740761913573 0.7999999999999998
    endloop
  endfacet
  facet normal 0.162895473394588 0.9866433320848791 0
    outer loop
      vertex -0.5852709660483848 16.05764415879031 0.20000000000000004
      vertex -0.3915785766601547 16.02566541587857 0
      vertex -0.5852709660483848 16.05764415879031 0
    endloop
  endfacet
  facet normal 0 0 -1
    outer loop
      vertex -0.5852709660483848 16.05764415879031 0.20000000000000004
      vertex -0.5499904708428566 16.94740761913573 0.20000000000000004
      vertex -0.3915785766601547 16.02566541587857 0.20000000000000004
    endloop
  endfacet
  facet normal 0.162895473394588 0.9866433320848791 0
    outer loop
      vertex -0.5852709660483848 16.05764415879031 0.20000000000000004
      vertex -0.3915785766601547 16.02566541587857 0.20000000000000004
      vertex -0.3915785766601547 16.02566541587857 0
    endloop
  endfacet
  facet normal 0.09801714032956008 0.9951847266721969 0
    outer loop
      vertex -0.3915785766601547 16.02566541587857 0.20000000000000004
      vertex -0.19620938769042917 16.00642323028419 0
      vertex -0.3915785766601547 16.02566541587857 0
    endloop
  endfacet
  facet normal 0 0 -1
    outer loop
      vertex -0.3915785766601547 16.02566541587857 0.20000000000000004
      vertex -0.2773681584676096 16.893179669580654 0.20000000000000004
      vertex -0.19620938769042917 16.00642323028419 0.20000000000000004
    endloop
  endfacet
  facet normal 0 0 -1
    outer loop
      vertex -0.3915785766601547 16.02566541587857 0.20000000000000004
      vertex -0.5499904708428566 16.94740761913573 0.20000000000000004
      vertex -0.41456693428427255 16.915831279143134 0.20000000000000004
    endloop
  endfacet
  facet normal 0.2270762630343897 0.9738769792773299 0
    outer loop
      vertex -0.5499904708428566 16.94740761913573 0.20000000000000004
      vertex -0.41456693428427255 16.915831279143134 0.7999999999999998
      vertex -0.41456693428427255 16.915831279143134 0.20000000000000004
    endloop
  endfacet
  facet normal 0 0 -1
    outer loop
      vertex -0.3915785766601547 16.02566541587857 0.20000000000000004
      vertex -0.41456693428427255 16.915831279143134 0.20000000000000004
      vertex -0.2773681584676096 16.893179669580654 0.20000000000000004
    endloop
  endfacet
  facet normal 0.1628954733945735 0.9866433320848814 0
    outer loop
      vertex -0.41456693428427255 16.915831279143134 0.20000000000000004
      vertex -0.2773681584676096 16.893179669580654 0.7999999999999998
      vertex -0.2773681584676096 16.893179669580654 0.20000000000000004
    endloop
  endfacet
  facet normal 0.2270762630343897 0.9738769792773299 0
    outer loop
      vertex -0.5499904708428566 16.94740761913573 0.20000000000000004
      vertex -0.5499904708428566 16.94740761913573 0.7999999999999998
      vertex -0.41456693428427255 16.915831279143134 0.7999999999999998
    endloop
  endfacet
  facet normal 0.1628954733945735 0.9866433320848814 0
    outer loop
      vertex -0.41456693428427255 16.915831279143134 0.20000000000000004
      vertex -0.41456693428427255 16.915831279143134 0.7999999999999998
      vertex -0.2773681584676096 16.893179669580654 0.7999999999999998
    endloop
  endfacet
  facet normal 0.09801714032956008 0.9951847266721969 0
    outer loop
      vertex -0.3915785766601547 16.02566541587857 0.20000000000000004
      vertex -0.19620938769042917 16.00642323028419 0.20000000000000004
      vertex -0.19620938769042917 16.00642323028419 0
    endloop
  endfacet
  facet normal 0.03271908282178673 0.9994645874763652 0
    outer loop
      vertex -0.19620938769042917 16.00642323028419 0.20000000000000004
      vertex 0 16 0
      vertex -0.19620938769042917 16.00642323028419 0
    endloop
  endfacet
  facet normal 0.03271908282178673 0.9994645874763652 0
    outer loop
      vertex -0.19620938769042917 16.00642323028419 0.20000000000000004
      vertex 0 16 0.20000000000000004
      vertex 0 16 0
    endloop
  endfacet
  facet normal 0 0 -1
    outer loop
      vertex -0.19620938769042917 16.00642323028419 0.20000000000000004
      vertex -0.13898164961405401 16.879549788117966 0.20000000000000004
      vertex 0 16 0.20000000000000004
    endloop
  endfacet
  facet normal 0 0 -1
    outer loop
      vertex -0.19620938769042917 16.00642323028419 0.20000000000000004
      vertex -0.2773681584676096 16.893179669580654 0.20000000000000004
      vertex -0.13898164961405401 16.879549788117966 0.20000000000000004
    endloop
  endfacet
  facet normal 0.09801714032957695 0.9951847266721953 0
    outer loop
      vertex -0.2773681584676096 16.893179669580654 0.20000000000000004
      vertex -0.13898164961405401 16.879549788117966 0.7999999999999998
      vertex -0.13898164961405401 16.879549788117966 0.20000000000000004
    endloop
  endfacet
  facet normal 0 0 -1
    outer loop
      vertex -0.13898164961405401 16.879549788117966 0.20000000000000004
      vertex 0 16.875 0.20000000000000004
      vertex 0 16 0.20000000000000004
    endloop
  endfacet
  facet normal 0.032719082821767595 0.9994645874763659 0
    outer loop
      vertex -0.13898164961405401 16.879549788117966 0.20000000000000004
      vertex 0 16.875 0.7999999999999998
      vertex 0 16.875 0.20000000000000004
    endloop
  endfacet
  facet normal 0.09801714032957695 0.9951847266721953 0
    outer loop
      vertex -0.2773681584676096 16.893179669580654 0.20000000000000004
      vertex -0.2773681584676096 16.893179669580654 0.7999999999999998
      vertex -0.13898164961405401 16.879549788117966 0.7999999999999998
    endloop
  endfacet
  facet normal 0.032719082821767595 0.9994645874763659 0
    outer loop
      vertex -0.13898164961405401 16.879549788117966 0.20000000000000004
      vertex -0.13898164961405401 16.879549788117966 0.7999999999999998
      vertex 0 16.875 0.7999999999999998
    endloop
  endfacet
  facet normal 0.28882455298101556 0.7673884291093854 0.5724468328712687
    outer loop
      vertex -0.8132022937758158 17.036755993413514 0.7999999999999998
      vertex -1.6686123190624869 14.971613508976521 4
      vertex -0.6830588637692183 16.9877734748229 0.7999999999999998
    endloop
  endfacet
  facet normal 0.2380165528437616 0.7846354211403066 0.5724468328712691
    outer loop
      vertex -0.6830588637692183 16.9877734748229 0.7999999999999998
      vertex -1.4015706097409912 14.871106126539724 4
      vertex -0.5499904708428566 16.94740761913573 0.7999999999999998
    endloop
  endfacet
  facet normal 0.18618932928626722 0.7985224838384847 0.5724468328712693
    outer loop
      vertex -0.5499904708428566 16.94740761913573 0.7999999999999998
      vertex -1.12852715989555 14.788279301548402 4
      vertex -0.41456693428427255 16.915831279143134 0.7999999999999998
    endloop
  endfacet
  facet normal 0.13356481443642296 0.8089901506694736 0.5724468328712686
    outer loop
      vertex -0.41456693428427255 16.915831279143134 0.7999999999999998
      vertex -0.8506511834967945 14.723487711182973 4
      vertex -0.2773681584676096 16.893179669580654 0.7999999999999998
    endloop
  endfacet
  facet normal 0.08036835454597038 0.815993597476859 0.5724468328712694
    outer loop
      vertex -0.2773681584676096 16.893179669580654 0.7999999999999998
      vertex -0.5691325881359601 14.677008802980371 4
      vertex -0.13898164961405401 16.879549788117966 0.7999999999999998
    endloop
  endfacet
  facet normal 0.026827745022931518 0.8195028344262382 0.5724468328712689
    outer loop
      vertex -0.13898164961405401 16.879549788117966 0.7999999999999998
      vertex -0.28517687965790317 14.649041606761088 4
      vertex 0 16.875 0.7999999999999998
    endloop
  endfacet
  facet normal 0 0 1
    outer loop
      vertex -9 10 4
      vertex 1.4015706097409912 14.871106126539724 4
      vertex 1.12852715989555 14.788279301548402 4
    endloop
  endfacet
  facet normal 0 0 -1
    outer loop
      vertex -2.255519422436932 20.978037445300206 0.20000000000000004
      vertex -2.125 19 0.20000000000000004
      vertex -2.121320343559643 16.878679656440358 0.20000000000000004
    endloop
  endfacet
  facet normal 0.9951847266721969 0.09801714032956 0
    outer loop
      vertex -2.1204502118820323 18.861018350385947 0.20000000000000004
      vertex -2.106820330419347 18.72263184153239 0.7999999999999998
      vertex -2.106820330419347 18.72263184153239 0.20000000000000004
    endloop
  endfacet
  facet normal 0.9994645874763656 0.032719082821777504 0
    outer loop
      vertex -2.1204502118820323 18.861018350385947 0.20000000000000004
      vertex -2.125 19 0.20000000000000004
      vertex -2.1204502118820323 18.861018350385947 0.7999999999999998
    endloop
  endfacet
  facet normal 0.9994645874763656 -0.032719082821777504 0
    outer loop
      vertex -2.125 19 0.20000000000000004
      vertex -2.1204502118820323 19.138981649614053 0.20000000000000004
      vertex -2.125 19 0.7999999999999998
    endloop
  endfacet
  facet normal 0.9951847266721969 -0.09801714032956 0
    outer loop
      vertex -2.1204502118820323 19.138981649614053 0.20000000000000004
      vertex -2.106820330419347 19.27736815846761 0.20000000000000004
      vertex -2.1204502118820323 19.138981649614053 0.7999999999999998
    endloop
  endfacet
  facet normal 0.9866433320848798 -0.16289547339458482 0
    outer loop
      vertex -2.106820330419347 19.27736815846761 0.20000000000000004
      vertex -2.084168720856865 19.414566934284274 0.20000000000000004
      vertex -2.106820330419347 19.27736815846761 0.7999999999999998
    endloop
  endfacet
  facet normal 0.9738769792773332 -0.2270762630343752 0
    outer loop
      vertex -2.084168720856865 19.414566934284274 0.20000000000000004
      vertex -2.05259238086427 19.549990470842857 0.20000000000000004
      vertex -2.084168720856865 19.414566934284274 0.7999999999999998
    endloop
  endfacet
  facet normal 0.9951847266721969 0.09801714032956 0
    outer loop
      vertex -2.1204502118820323 18.861018350385947 0.20000000000000004
      vertex -2.1204502118820323 18.861018350385947 0.7999999999999998
      vertex -2.106820330419347 18.72263184153239 0.7999999999999998
    endloop
  endfacet
  facet normal 0.9994645874763656 0.032719082821777504 0
    outer loop
      vertex -2.125 19 0.20000000000000004
      vertex -2.125 19 0.7999999999999998
      vertex -2.1204502118820323 18.861018350385947 0.7999999999999998
    endloop
  endfacet
  facet normal 0.9994645874763656 -0.032719082821777504 0
    outer loop
      vertex -2.1204502118820323 19.138981649614053 0.20000000000000004
      vertex -2.1204502118820323 19.138981649614053 0.7999999999999998
      vertex -2.125 19 0.7999999999999998
    endloop
  endfacet
  facet normal 0.9951847266721969 -0.09801714032956 0
    outer loop
      vertex -2.106820330419347 19.27736815846761 0.20000000000000004
      vertex -2.106820330419347 19.27736815846761 0.7999999999999998
      vertex -2.1204502118820323 19.138981649614053 0.7999999999999998
    endloop
  endfacet
  facet normal 0.9866433320848798 -0.16289547339458482 0
    outer loop
      vertex -2.084168720856865 19.414566934284274 0.20000000000000004
      vertex -2.084168720856865 19.414566934284274 0.7999999999999998
      vertex -2.106820330419347 19.27736815846761 0.7999999999999998
    endloop
  endfacet
  facet normal 0.9738769792773332 -0.2270762630343752 0
    outer loop
      vertex -2.05259238086427 19.549990470842857 0.20000000000000004
      vertex -2.05259238086427 19.549990470842857 0.7999999999999998
      vertex -2.084168720856865 19.414566934284274 0.7999999999999998
    endloop
  endfacet
  facet normal 0 0 -1
    outer loop
      vertex -2.255519422436932 20.978037445300206 0.20000000000000004
      vertex -2.1204502118820323 19.138981649614053 0.20000000000000004
      vertex -2.125 19 0.20000000000000004
    endloop
  endfacet
  facet normal 0 0 -1
    outer loop
      vertex -2.1204502118820323 19.138981649614053 0.20000000000000004
      vertex -2.121320343559643 21.121320343559642 0.20000000000000004
      vertex -2.106820330419347 19.27736815846761 0.20000000000000004
    endloop
  endfacet
  facet normal 0.9569403357322089 -0.2902846772544621 0
    outer loop
      vertex -2.05259238086427 19.549990470842857 0.20000000000000004
      vertex -2.0122265251770997 19.68305886376922 0.20000000000000004
      vertex -2.05259238086427 19.549990470842857 0.7999999999999998
    endloop
  endfacet
  facet normal 0.9359059267573255 -0.3522500479212341 0
    outer loop
      vertex -2.0122265251770997 19.68305886376922 0.20000000000000004
      vertex -1.9632440065864842 19.813202293775817 0.20000000000000004
      vertex -2.0122265251770997 19.68305886376922 0.7999999999999998
    endloop
  endfacet
  facet normal 0 0 -1
    outer loop
      vertex -2.106820330419347 19.27736815846761 0.20000000000000004
      vertex -2.121320343559643 21.121320343559642 0.20000000000000004
      vertex -2.084168720856865 19.414566934284274 0.20000000000000004
    endloop
  endfacet
  facet normal 0 0 -1
    outer loop
      vertex -2.084168720856865 19.414566934284274 0.20000000000000004
      vertex -2.121320343559643 21.121320343559642 0.20000000000000004
      vertex -2.05259238086427 19.549990470842857 0.20000000000000004
    endloop
  endfacet
  facet normal 0 0 -1
    outer loop
      vertex -2.05259238086427 19.549990470842857 0.20000000000000004
      vertex -2.121320343559643 21.121320343559642 0.20000000000000004
      vertex -2.0122265251770997 19.68305886376922 0.20000000000000004
    endloop
  endfacet
  facet normal 0 0 -1
    outer loop
      vertex -2.0122265251770997 19.68305886376922 0.20000000000000004
      vertex -2.121320343559643 21.121320343559642 0.20000000000000004
      vertex -1.9632440065864842 19.813202293775817 0.20000000000000004
    endloop
  endfacet
  facet normal 0.9569403357322089 -0.2902846772544621 0
    outer loop
      vertex -2.0122265251770997 19.68305886376922 0.20000000000000004
      vertex -2.0122265251770997 19.68305886376922 0.7999999999999998
      vertex -2.05259238086427 19.549990470842857 0.7999999999999998
    endloop
  endfacet
  facet normal 0.9359059267573255 -0.3522500479212341 0
    outer loop
      vertex -1.9632440065864842 19.813202293775817 0.20000000000000004
      vertex -1.9632440065864842 19.813202293775817 0.7999999999999998
      vertex -2.0122265251770997 19.68305886376922 0.7999999999999998
    endloop
  endfacet
  facet normal 0.9108638249211732 -0.4127070298044005 0
    outer loop
      vertex -1.9632440065864842 19.813202293775817 0.20000000000000004
      vertex -1.9058545757569625 19.939863466715376 0.20000000000000004
      vertex -1.9632440065864842 19.813202293775817 0.7999999999999998
    endloop
  endfacet
  facet normal 0.8819212643483576 -0.47139673682599315 0
    outer loop
      vertex -1.9058545757569625 19.939863466715376 0.20000000000000004
      vertex -1.840303983041932 20.0625 0.20000000000000004
      vertex -1.9058545757569625 19.939863466715376 0.7999999999999998
    endloop
  endfacet
  facet normal 0.8492021815265766 -0.5280678506503715 0
    outer loop
      vertex -1.840303983041932 20.0625 0.20000000000000004
      vertex -1.7668729261429086 20.180586745166654 0.20000000000000004
      vertex -1.840303983041932 20.0625 0.7999999999999998
    endloop
  endfacet
  facet normal 0.812846684591622 -0.5824776968677926 0
    outer loop
      vertex -1.7668729261429086 20.180586745166654 0.20000000000000004
      vertex -1.6858758481188747 20.293618036643533 0.20000000000000004
      vertex -1.7668729261429086 20.180586745166654 0.7999999999999998
    endloop
  endfacet
  facet normal 0.9108638249211732 -0.4127070298044005 0
    outer loop
      vertex -1.9058545757569625 19.939863466715376 0.20000000000000004
      vertex -1.9058545757569625 19.939863466715376 0.7999999999999998
      vertex -1.9632440065864842 19.813202293775817 0.7999999999999998
    endloop
  endfacet
  facet normal 0.8819212643483576 -0.47139673682599315 0
    outer loop
      vertex -1.840303983041932 20.0625 0.20000000000000004
      vertex -1.840303983041932 20.0625 0.7999999999999998
      vertex -1.9058545757569625 19.939863466715376 0.7999999999999998
    endloop
  endfacet
  facet normal 0.8492021815265766 -0.5280678506503715 0
    outer loop
      vertex -1.7668729261429086 20.180586745166654 0.20000000000000004
      vertex -1.7668729261429086 20.180586745166654 0.7999999999999998
      vertex -1.840303983041932 20.0625 0.7999999999999998
    endloop
  endfacet
  facet normal 0.812846684591622 -0.5824776968677926 0
    outer loop
      vertex -1.6858758481188747 20.293618036643533 0.20000000000000004
      vertex -1.6858758481188747 20.293618036643533 0.7999999999999998
      vertex -1.7668729261429086 20.180586745166654 0.7999999999999998
    endloop
  endfacet
  facet normal 0 0 -1
    outer loop
      vertex -2.255519422436932 20.978037445300206 0.20000000000000004
      vertex -2.121320343559643 21.121320343559642 0.20000000000000004
      vertex -2.1204502118820323 19.138981649614053 0.20000000000000004
    endloop
  endfacet
  facet normal 0.729864072697836 -0.6835923020228707 0
    outer loop
      vertex -2.255519422436932 20.978037445300206 0.20000000000000004
      vertex -2.255519422436932 20.978037445300206 0
      vertex -2.121320343559643 21.121320343559642 0.20000000000000004
    endloop
  endfacet
  facet normal 0.729864072697836 -0.6835923020228707 0
    outer loop
      vertex -2.121320343559643 21.121320343559642 0.20000000000000004
      vertex -2.255519422436932 20.978037445300206 0
      vertex -2.121320343559643 21.121320343559642 0
    endloop
  endfacet
  facet normal 0 0 -1
    outer loop
      vertex -1.9632440065864842 19.813202293775817 0.20000000000000004
      vertex -2.121320343559643 21.121320343559642 0.20000000000000004
      vertex -1.9780374453002065 21.255519422436933 0.20000000000000004
    endloop
  endfacet
  facet normal 0.6835923020228745 -0.7298640726978326 0
    outer loop
      vertex -2.121320343559643 21.121320343559642 0.20000000000000004
      vertex -2.121320343559643 21.121320343559642 0
      vertex -1.9780374453002065 21.255519422436933 0.20000000000000004
    endloop
  endfacet
  facet normal 0.6835923020228745 -0.7298640726978326 0
    outer loop
      vertex -1.9780374453002065 21.255519422436933 0.20000000000000004
      vertex -2.121320343559643 21.121320343559642 0
      vertex -1.9780374453002065 21.255519422436933 0
    endloop
  endfacet
  facet normal 0 0 -1
    outer loop
      vertex -1.9632440065864842 19.813202293775817 0.20000000000000004
      vertex -1.9780374453002065 21.255519422436933 0.20000000000000004
      vertex -1.9058545757569625 19.939863466715376 0.20000000000000004
    endloop
  endfacet
  facet normal 0 0 -1
    outer loop
      vertex -1.9058545757569625 19.939863466715376 0.20000000000000004
      vertex -1.9780374453002065 21.255519422436933 0.20000000000000004
      vertex -1.840303983041932 20.0625 0.20000000000000004
    endloop
  endfacet
  facet normal 0 0 -1
    outer loop
      vertex -1.840303983041932 20.0625 0.20000000000000004
      vertex -1.9780374453002065 21.255519422436933 0.20000000000000004
      vertex -1.7668729261429086 20.180586745166654 0.20000000000000004
    endloop
  endfacet
  facet normal 0 0 -1
    outer loop
      vertex -1.7668729261429086 20.180586745166654 0.20000000000000004
      vertex -1.9780374453002065 21.255519422436933 0.20000000000000004
      vertex -1.826284287026162 21.380060020873707 0.20000000000000004
    endloop
  endfacet
  facet normal 0 0 -1
    outer loop
      vertex -1.7668729261429086 20.180586745166654 0.20000000000000004
      vertex -1.826284287026162 21.380060020873707 0.20000000000000004
      vertex -1.6858758481188747 20.293618036643533 0.20000000000000004
    endloop
  endfacet
  facet normal 0 0 -1
    outer loop
      vertex -1.826284287026162 21.380060020873707 0.20000000000000004
      vertex -1.5976595908928268 20.401109857087647 0.20000000000000004
      vertex -1.6858758481188747 20.293618036643533 0.20000000000000004
    endloop
  endfacet
  facet normal 0 0 -1
    outer loop
      vertex -1.826284287026162 21.380060020873707 0.20000000000000004
      vertex -1.6667106990588065 21.494408836907635 0.20000000000000004
      vertex -1.5976595908928268 20.401109857087647 0.20000000000000004
    endloop
  endfacet
  facet normal 0.6343932841636466 -0.773010453362736 0
    outer loop
      vertex -1.9780374453002065 21.255519422436933 0.20000000000000004
      vertex -1.9780374453002065 21.255519422436933 0
      vertex -1.826284287026162 21.380060020873707 0.20000000000000004
    endloop
  endfacet
  facet normal 0.6343932841636466 -0.773010453362736 0
    outer loop
      vertex -1.826284287026162 21.380060020873707 0.20000000000000004
      vertex -1.9780374453002065 21.255519422436933 0
      vertex -1.826284287026162 21.380060020873707 0
    endloop
  endfacet
  facet normal 0.5824776968677945 -0.8128466845916206 0
    outer loop
      vertex -1.826284287026162 21.380060020873707 0.20000000000000004
      vertex -1.826284287026162 21.380060020873707 0
      vertex -1.6667106990588065 21.494408836907635 0.20000000000000004
    endloop
  endfacet
  facet normal 0.5824776968677945 -0.8128466845916206 0
    outer loop
      vertex -1.6667106990588065 21.494408836907635 0.20000000000000004
      vertex -1.826284287026162 21.380060020873707 0
      vertex -1.6667106990588065 21.494408836907635 0
    endloop
  endfacet
  facet normal 0.7730104533627337 -0.6343932841636495 0
    outer loop
      vertex -1.6858758481188747 20.293618036643533 0.20000000000000004
      vertex -1.5976595908928268 20.401109857087647 0.20000000000000004
      vertex -1.6858758481188747 20.293618036643533 0.7999999999999998
    endloop
  endfacet
  facet normal 0.7298640726978394 -0.6835923020228674 0
    outer loop
      vertex -1.5976595908928268 20.401109857087647 0.20000000000000004
      vertex -1.5026019100214136 20.502601910021415 0.20000000000000004
      vertex -1.5976595908928268 20.401109857087647 0.7999999999999998
    endloop
  endfacet
  facet normal 0 0 -1
    outer loop
      vertex -1.5976595908928268 20.401109857087647 0.20000000000000004
      vertex -1.6667106990588065 21.494408836907635 0.20000000000000004
      vertex -1.5026019100214136 20.502601910021415 0.20000000000000004
    endloop
  endfacet
  facet normal 0.6835923020228697 -0.729864072697837 0
    outer loop
      vertex -1.5026019100214136 20.502601910021415 0.20000000000000004
      vertex -1.4011098570876463 20.597659590892828 0.20000000000000004
      vertex -1.5026019100214136 20.502601910021415 0.7999999999999998
    endloop
  endfacet
  facet normal 0 0 -1
    outer loop
      vertex -1.5026019100214136 20.502601910021415 0.20000000000000004
      vertex -1.6667106990588065 21.494408836907635 0.20000000000000004
      vertex -1.4011098570876463 20.597659590892828 0.20000000000000004
    endloop
  endfacet
  facet normal 0.7730104533627337 -0.6343932841636495 0
    outer loop
      vertex -1.5976595908928268 20.401109857087647 0.20000000000000004
      vertex -1.5976595908928268 20.401109857087647 0.7999999999999998
      vertex -1.6858758481188747 20.293618036643533 0.7999999999999998
    endloop
  endfacet
  facet normal 0.7298640726978394 -0.6835923020228674 0
    outer loop
      vertex -1.5026019100214136 20.502601910021415 0.20000000000000004
      vertex -1.5026019100214136 20.502601910021415 0.7999999999999998
      vertex -1.5976595908928268 20.401109857087647 0.7999999999999998
    endloop
  endfacet
  facet normal 0.6835923020228697 -0.729864072697837 0
    outer loop
      vertex -1.4011098570876463 20.597659590892828 0.20000000000000004
      vertex -1.4011098570876463 20.597659590892828 0.7999999999999998
      vertex -1.5026019100214136 20.502601910021415 0.7999999999999998
    endloop
  endfacet
  facet normal 0.5280678506503723 -0.8492021815265762 0
    outer loop
      vertex -1.5 21.598076211353316 0.20000000000000004
      vertex -1.6667106990588065 21.494408836907635 0
      vertex -1.5 21.598076211353316 0
    endloop
  endfacet
  facet normal 0.5280678506503723 -0.8492021815265762 0
    outer loop
      vertex -1.6667106990588065 21.494408836907635 0.20000000000000004
      vertex -1.6667106990588065 21.494408836907635 0
      vertex -1.5 21.598076211353316 0.20000000000000004
    endloop
  endfacet
  facet normal 0 0 -1
    outer loop
      vertex -1.6667106990588065 21.494408836907635 0.20000000000000004
      vertex -1.5 21.598076211353316 0.20000000000000004
      vertex -1.4011098570876463 20.597659590892828 0.20000000000000004
    endloop
  endfacet
  facet normal 0.4713967368259986 -0.8819212643483544 0
    outer loop
      vertex -1.5 21.598076211353316 0.20000000000000004
      vertex -1.5 21.598076211353316 0
      vertex -1.326866070657004 21.690618224598065 0.20000000000000004
    endloop
  endfacet
  facet normal 0.6343932841636454 -0.773010453362737 0
    outer loop
      vertex -1.4011098570876463 20.597659590892828 0.20000000000000004
      vertex -1.2936180366435315 20.685875848118876 0.20000000000000004
      vertex -1.4011098570876463 20.597659590892828 0.7999999999999998
    endloop
  endfacet
  facet normal 0 0 -1
    outer loop
      vertex -1.5 21.598076211353316 0.20000000000000004
      vertex -1.2936180366435315 20.685875848118876 0.20000000000000004
      vertex -1.4011098570876463 20.597659590892828 0.20000000000000004
    endloop
  endfacet
  facet normal 0 0 -1
    outer loop
      vertex -1.2936180366435315 20.685875848118876 0.20000000000000004
      vertex -1.326866070657004 21.690618224598065 0.20000000000000004
      vertex -1.1805867451666545 20.76687292614291 0.20000000000000004
    endloop
  endfacet
  facet normal 0.5824776968677988 -0.8128466845916176 0
    outer loop
      vertex -1.2936180366435315 20.685875848118876 0.20000000000000004
      vertex -1.1805867451666545 20.76687292614291 0.20000000000000004
      vertex -1.2936180366435315 20.685875848118876 0.7999999999999998
    endloop
  endfacet
  facet normal 0.5280678506503595 -0.849202181526584 0
    outer loop
      vertex -1.1805867451666545 20.76687292614291 0.20000000000000004
      vertex -1.0625 20.84030398304193 0.20000000000000004
      vertex -1.1805867451666545 20.76687292614291 0.7999999999999998
    endloop
  endfacet
  facet normal 0.6343932841636454 -0.773010453362737 0
    outer loop
      vertex -1.2936180366435315 20.685875848118876 0.20000000000000004
      vertex -1.2936180366435315 20.685875848118876 0.7999999999999998
      vertex -1.4011098570876463 20.597659590892828 0.7999999999999998
    endloop
  endfacet
  facet normal 0.5824776968677988 -0.8128466845916176 0
    outer loop
      vertex -1.1805867451666545 20.76687292614291 0.20000000000000004
      vertex -1.1805867451666545 20.76687292614291 0.7999999999999998
      vertex -1.2936180366435315 20.685875848118876 0.7999999999999998
    endloop
  endfacet
  facet normal 0 0 -1
    outer loop
      vertex -1.5 21.598076211353316 0.20000000000000004
      vertex -1.326866070657004 21.690618224598065 0.20000000000000004
      vertex -1.2936180366435315 20.685875848118876 0.20000000000000004
    endloop
  endfacet
  facet normal 0.4713967368259986 -0.8819212643483544 0
    outer loop
      vertex -1.326866070657004 21.690618224598065 0.20000000000000004
      vertex -1.5 21.598076211353316 0
      vertex -1.326866070657004 21.690618224598065 0
    endloop
  endfacet
  facet normal 0.4127070298043847 -0.9108638249211803 0
    outer loop
      vertex -1.326866070657004 21.690618224598065 0.20000000000000004
      vertex -1.326866070657004 21.690618224598065 0
      vertex -1.1480502970952693 21.771638597533858 0.20000000000000004
    endloop
  endfacet
  facet normal 0 0 -1
    outer loop
      vertex -1.326866070657004 21.690618224598065 0.20000000000000004
      vertex -1.0625 20.84030398304193 0.20000000000000004
      vertex -1.1805867451666545 20.76687292614291 0.20000000000000004
    endloop
  endfacet
  facet normal 0 0 -1
    outer loop
      vertex -1.326866070657004 21.690618224598065 0.20000000000000004
      vertex -1.1480502970952693 21.771638597533858 0.20000000000000004
      vertex -1.0625 20.84030398304193 0.20000000000000004
    endloop
  endfacet
  facet normal 0.4127070298043847 -0.9108638249211803 0
    outer loop
      vertex -1.1480502970952693 21.771638597533858 0.20000000000000004
      vertex -1.326866070657004 21.690618224598065 0
      vertex -1.1480502970952693 21.771638597533858 0
    endloop
  endfacet
  facet normal 0.6338236146729423 -0.5201655976884465 0.5724468328712692
    outer loop
      vertex -1.6858758481188747 20.293618036643533 0.7999999999999998
      vertex -1.5976595908928268 20.401109857087647 0.7999999999999998
      vertex -3.278242689963482 21.874941679076038 4
    endloop
  endfacet
  facet normal 0.5984460918540558 -0.5605059309947225 0.5724468328712686
    outer loop
      vertex -1.5976595908928268 20.401109857087647 0.7999999999999998
      vertex -1.5026019100214136 20.502601910021415 0.7999999999999998
      vertex -3.0831935385560496 22.08319353855605 4
    endloop
  endfacet
  facet normal 0.5605059309947242 -0.5984460918540537 0.5724468328712691
    outer loop
      vertex -1.5026019100214136 20.502601910021415 0.7999999999999998
      vertex -1.4011098570876463 20.597659590892828 0.7999999999999998
      vertex -2.8749416790760356 22.278242689963484 4
    endloop
  endfacet
  facet normal 0.5201655976884434 -0.6338236146729452 0.5724468328712689
    outer loop
      vertex -1.4011098570876463 20.597659590892828 0.7999999999999998
      vertex -1.2936180366435315 20.685875848118876 0.7999999999999998
      vertex -2.654378877957142 22.459253902887518 4
    endloop
  endfacet
  facet normal 0.47759783543558076 -0.6664870074674382 0.5724468328712692
    outer loop
      vertex -1.2936180366435315 20.685875848118876 0.7999999999999998
      vertex -1.1805867451666545 20.76687292614291 0.7999999999999998
      vertex -2.422449618975177 22.62545205952507 4
    endloop
  endfacet
  facet normal 0.43298492592922816 -0.6962964005750093 0.5724468328712695
    outer loop
      vertex -1.1805867451666545 20.76687292614291 0.7999999999999998
      vertex -1.0625 20.84030398304193 0.7999999999999998
      vertex -2.1801470588235294 22.776125473854208 4
    endloop
  endfacet
  facet normal 0.3865179084970042 -0.723124145597943 0.572446832871269
    outer loop
      vertex -1.0625 20.84030398304193 0.7999999999999998
      vertex -0.9398634667153778 20.905854575756962 0.7999999999999998
      vertex -1.9285087742637337 22.91062893918297 4
    endloop
  endfacet
  facet normal 0.33839576204128685 -0.7468553620133892 0.5724468328712687
    outer loop
      vertex -0.9398634667153778 20.905854575756962 0.7999999999999998
      vertex -0.8132022937758158 20.963244006586486 0.7999999999999998
      vertex -1.6686123190624869 23.02838649102348 4
    endloop
  endfacet
  facet normal 0.4775978354355872 -0.6664870074674337 0.5724468328712691
    outer loop
      vertex -1.2936180366435315 20.685875848118876 0.7999999999999998
      vertex -2.422449618975177 22.62545205952507 4
      vertex -2.654378877957142 22.459253902887518 4
    endloop
  endfacet
  facet normal 0.4329849259292344 -0.6962964005750056 0.5724468328712691
    outer loop
      vertex -1.1805867451666545 20.76687292614291 0.7999999999999998
      vertex -2.1801470588235294 22.776125473854208 4
      vertex -2.422449618975177 22.62545205952507 4
    endloop
  endfacet
  facet normal 0.3865179084969974 -0.7231241455979461 0.5724468328712693
    outer loop
      vertex -1.0625 20.84030398304193 0.7999999999999998
      vertex -1.9285087742637337 22.91062893918297 4
      vertex -2.1801470588235294 22.776125473854208 4
    endloop
  endfacet
  facet normal 0.3383957620412816 -0.7468553620133913 0.5724468328712689
    outer loop
      vertex -0.9398634667153778 20.905854575756962 0.7999999999999998
      vertex -1.6686123190624869 23.02838649102348 4
      vertex -1.9285087742637337 22.91062893918297 4
    endloop
  endfacet
  facet normal 0.2888245529810287 -0.7673884291093803 0.572446832871269
    outer loop
      vertex -0.8132022937758158 20.963244006586486 0.7999999999999998
      vertex -1.4015706097409912 23.128893873460278 4
      vertex -1.6686123190624869 23.02838649102348 4
    endloop
  endfacet
  facet normal 0.47139673682599953 -0.8819212643483539 0
    outer loop
      vertex -1.0625 20.84030398304193 0.20000000000000004
      vertex -0.9398634667153778 20.905854575756962 0.20000000000000004
      vertex -1.0625 20.84030398304193 0.7999999999999998
    endloop
  endfacet
  facet normal 0.41270702980440677 -0.9108638249211704 0
    outer loop
      vertex -0.9398634667153778 20.905854575756962 0.20000000000000004
      vertex -0.8132022937758158 20.963244006586486 0.20000000000000004
      vertex -0.9398634667153778 20.905854575756962 0.7999999999999998
    endloop
  endfacet
  facet normal 0.5280678506503595 -0.849202181526584 0
    outer loop
      vertex -1.1805867451666545 20.76687292614291 0.7999999999999998
      vertex -1.0625 20.84030398304193 0.20000000000000004
      vertex -1.0625 20.84030398304193 0.7999999999999998
    endloop
  endfacet
  facet normal 0.47139673682599953 -0.8819212643483539 0
    outer loop
      vertex -0.9398634667153778 20.905854575756962 0.20000000000000004
      vertex -0.9398634667153778 20.905854575756962 0.7999999999999998
      vertex -1.0625 20.84030398304193 0.7999999999999998
    endloop
  endfacet
  facet normal 0.41270702980440677 -0.9108638249211704 0
    outer loop
      vertex -0.8132022937758158 20.963244006586486 0.20000000000000004
      vertex -0.8132022937758158 20.963244006586486 0.7999999999999998
      vertex -0.9398634667153778 20.905854575756962 0.7999999999999998
    endloop
  endfacet
  facet normal 0 0 -1
    outer loop
      vertex -1.1480502970952693 21.771638597533858 0.20000000000000004
      vertex -0.9398634667153778 20.905854575756962 0.20000000000000004
      vertex -1.0625 20.84030398304193 0.20000000000000004
    endloop
  endfacet
  facet normal 0.35225004792124254 -0.9359059267573223 0
    outer loop
      vertex -1.1480502970952693 21.771638597533858 0.20000000000000004
      vertex -1.1480502970952693 21.771638597533858 0
      vertex -0.9643183959094848 21.840790388485317 0.20000000000000004
    endloop
  endfacet
  facet normal 0 0 -1
    outer loop
      vertex -1.1480502970952693 21.771638597533858 0.20000000000000004
      vertex -0.9643183959094848 21.840790388485317 0.20000000000000004
      vertex -0.9398634667153778 20.905854575756962 0.20000000000000004
    endloop
  endfacet
  facet normal 0.35225004792124254 -0.9359059267573223 0
    outer loop
      vertex -0.9643183959094848 21.840790388485317 0.20000000000000004
      vertex -1.1480502970952693 21.771638597533858 0
      vertex -0.9643183959094848 21.840790388485317 0
    endloop
  endfacet
  facet normal 0 0 -1
    outer loop
      vertex -0.9398634667153778 20.905854575756962 0.20000000000000004
      vertex -0.9643183959094848 21.840790388485317 0.20000000000000004
      vertex -0.8132022937758158 20.963244006586486 0.20000000000000004
    endloop
  endfacet
  facet normal 0.2902846772544633 -0.9569403357322086 0
    outer loop
      vertex -0.9643183959094848 21.840790388485317 0.20000000000000004
      vertex -0.9643183959094848 21.840790388485317 0
      vertex -0.7764571353075622 21.897777478867205 0.20000000000000004
    endloop
  endfacet
  facet normal 0.3522500479212181 -0.9359059267573315 0
    outer loop
      vertex -0.8132022937758158 20.963244006586486 0.20000000000000004
      vertex -0.6830588637692183 21.0122265251771 0.20000000000000004
      vertex -0.8132022937758158 20.963244006586486 0.7999999999999998
    endloop
  endfacet
  facet normal 0.2902846772544615 -0.9569403357322092 0
    outer loop
      vertex -0.6830588637692183 21.0122265251771 0.20000000000000004
      vertex -0.5499904708428566 21.05259238086427 0.20000000000000004
      vertex -0.6830588637692183 21.0122265251771 0.7999999999999998
    endloop
  endfacet
  facet normal 0.3522500479212181 -0.9359059267573315 0
    outer loop
      vertex -0.6830588637692183 21.0122265251771 0.20000000000000004
      vertex -0.6830588637692183 21.0122265251771 0.7999999999999998
      vertex -0.8132022937758158 20.963244006586486 0.7999999999999998
    endloop
  endfacet
  facet normal 0.2902846772544615 -0.9569403357322092 0
    outer loop
      vertex -0.5499904708428566 21.05259238086427 0.20000000000000004
      vertex -0.5499904708428566 21.05259238086427 0.7999999999999998
      vertex -0.6830588637692183 21.0122265251771 0.7999999999999998
    endloop
  endfacet
  facet normal 0 0 -1
    outer loop
      vertex -0.9643183959094848 21.840790388485317 0.20000000000000004
      vertex -0.6830588637692183 21.0122265251771 0.20000000000000004
      vertex -0.8132022937758158 20.963244006586486 0.20000000000000004
    endloop
  endfacet
  facet normal 0 0 -1
    outer loop
      vertex -0.9643183959094848 21.840790388485317 0.20000000000000004
      vertex -0.7764571353075622 21.897777478867205 0.20000000000000004
      vertex -0.6830588637692183 21.0122265251771 0.20000000000000004
    endloop
  endfacet
  facet normal 0 0 -1
    outer loop
      vertex -0.7764571353075622 21.897777478867205 0.20000000000000004
      vertex -0.5499904708428566 21.05259238086427 0.20000000000000004
      vertex -0.6830588637692183 21.0122265251771 0.20000000000000004
    endloop
  endfacet
  facet normal 0 0 -1
    outer loop
      vertex -0.7764571353075622 21.897777478867205 0.20000000000000004
      vertex -0.5852709660483848 21.94235584120969 0.20000000000000004
      vertex -0.5499904708428566 21.05259238086427 0.20000000000000004
    endloop
  endfacet
  facet normal 0.2270762630343897 -0.9738769792773299 0
    outer loop
      vertex -0.5499904708428566 21.05259238086427 0.20000000000000004
      vertex -0.41456693428427255 21.084168720856866 0.20000000000000004
      vertex -0.5499904708428566 21.05259238086427 0.7999999999999998
    endloop
  endfacet
  facet normal 0.1628954733945735 -0.9866433320848814 0
    outer loop
      vertex -0.41456693428427255 21.084168720856866 0.20000000000000004
      vertex -0.2773681584676096 21.106820330419346 0.20000000000000004
      vertex -0.41456693428427255 21.084168720856866 0.7999999999999998
    endloop
  endfacet
  facet normal 0.2270762630343897 -0.9738769792773299 0
    outer loop
      vertex -0.41456693428427255 21.084168720856866 0.20000000000000004
      vertex -0.41456693428427255 21.084168720856866 0.7999999999999998
      vertex -0.5499904708428566 21.05259238086427 0.7999999999999998
    endloop
  endfacet
  facet normal 0 0 -1
    outer loop
      vertex -0.5852709660483848 21.94235584120969 0.20000000000000004
      vertex -0.41456693428427255 21.084168720856866 0.20000000000000004
      vertex -0.5499904708428566 21.05259238086427 0.20000000000000004
    endloop
  endfacet
  facet normal 0 0 -1
    outer loop
      vertex -0.5852709660483848 21.94235584120969 0.20000000000000004
      vertex -0.2773681584676096 21.106820330419346 0.20000000000000004
      vertex -0.41456693428427255 21.084168720856866 0.20000000000000004
    endloop
  endfacet
  facet normal 0 0 -1
    outer loop
      vertex -0.5852709660483848 21.94235584120969 0.20000000000000004
      vertex -0.3915785766601547 21.97433458412143 0.20000000000000004
      vertex -0.2773681584676096 21.106820330419346 0.20000000000000004
    endloop
  endfacet
  facet normal 0.1628954733945735 -0.9866433320848814 0
    outer loop
      vertex -0.2773681584676096 21.106820330419346 0.20000000000000004
      vertex -0.2773681584676096 21.106820330419346 0.7999999999999998
      vertex -0.41456693428427255 21.084168720856866 0.7999999999999998
    endloop
  endfacet
  facet normal 0 0 -1
    outer loop
      vertex -0.3915785766601547 21.97433458412143 0.20000000000000004
      vertex -0.13898164961405401 21.120450211882034 0.20000000000000004
      vertex -0.2773681584676096 21.106820330419346 0.20000000000000004
    endloop
  endfacet
  facet normal 0.09801714032957695 -0.9951847266721953 0
    outer loop
      vertex -0.2773681584676096 21.106820330419346 0.20000000000000004
      vertex -0.13898164961405401 21.120450211882034 0.20000000000000004
      vertex -0.2773681584676096 21.106820330419346 0.7999999999999998
    endloop
  endfacet
  facet normal 0 0 -1
    outer loop
      vertex -0.3915785766601547 21.97433458412143 0.20000000000000004
      vertex -0.19620938769042917 21.99357676971581 0.20000000000000004
      vertex -0.13898164961405401 21.120450211882034 0.20000000000000004
    endloop
  endfacet
  facet normal 0 0 -1
    outer loop
      vertex -0.19620938769042917 21.99357676971581 0.20000000000000004
      vertex 0 21.125 0.20000000000000004
      vertex -0.13898164961405401 21.120450211882034 0.20000000000000004
    endloop
  endfacet
  facet normal 0.032719082821767595 -0.9994645874763659 0
    outer loop
      vertex -0.13898164961405401 21.120450211882034 0.20000000000000004
      vertex 0 21.125 0.20000000000000004
      vertex -0.13898164961405401 21.120450211882034 0.7999999999999998
    endloop
  endfacet
  facet normal 0 0 -1
    outer loop
      vertex -0.19620938769042917 21.99357676971581 0.20000000000000004
      vertex 0 22 0.20000000000000004
      vertex 0 21.125 0.20000000000000004
    endloop
  endfacet
  facet normal 0.09801714032957695 -0.9951847266721953 0
    outer loop
      vertex -0.13898164961405401 21.120450211882034 0.20000000000000004
      vertex -0.13898164961405401 21.120450211882034 0.7999999999999998
      vertex -0.2773681584676096 21.106820330419346 0.7999999999999998
    endloop
  endfacet
  facet normal 0.032719082821767595 -0.9994645874763659 0
    outer loop
      vertex -0.13898164961405401 21.120450211882034 0.7999999999999998
      vertex 0 21.125 0.20000000000000004
      vertex 0 21.125 0.7999999999999998
    endloop
  endfacet
  facet normal 0.28882455298101534 -0.767388429109385 0.5724468328712695
    outer loop
      vertex -0.8132022937758158 20.963244006586486 0.7999999999999998
      vertex -0.6830588637692183 21.0122265251771 0.7999999999999998
      vertex -1.4015706097409912 23.128893873460278 4
    endloop
  endfacet
  facet normal 0.23801655284376153 -0.7846354211403063 0.5724468328712694
    outer loop
      vertex -0.6830588637692183 21.0122265251771 0.7999999999999998
      vertex -0.5499904708428566 21.05259238086427 0.7999999999999998
      vertex -1.12852715989555 23.2117206984516 4
    endloop
  endfacet
  facet normal 0.18618932928626727 -0.798522483838485 0.5724468328712687
    outer loop
      vertex -0.5499904708428566 21.05259238086427 0.7999999999999998
      vertex -0.41456693428427255 21.084168720856866 0.7999999999999998
      vertex -0.8506511834967945 23.276512288817027 4
    endloop
  endfacet
  facet normal 0.1335648144364229 -0.8089901506694732 0.5724468328712693
    outer loop
      vertex -0.41456693428427255 21.084168720856866 0.7999999999999998
      vertex -0.2773681584676096 21.106820330419346 0.7999999999999998
      vertex -0.5691325881359601 23.32299119701963 4
    endloop
  endfacet
  facet normal 0.08036835454597042 -0.8159935974768595 0.5724468328712687
    outer loop
      vertex -0.2773681584676096 21.106820330419346 0.7999999999999998
      vertex -0.13898164961405401 21.120450211882034 0.7999999999999998
      vertex -0.28517687965790317 23.350958393238912 4
    endloop
  endfacet
  facet normal 0.02682774502293151 -0.819502834426238 0.5724468328712689
    outer loop
      vertex -0.13898164961405401 21.120450211882034 0.7999999999999998
      vertex 0 21.125 0.7999999999999998
      vertex 0 23.360294117647058 4
    endloop
  endfacet
  facet normal 0.2902846772544633 -0.9569403357322086 0
    outer loop
      vertex -0.7764571353075622 21.897777478867205 0.20000000000000004
      vertex -0.9643183959094848 21.840790388485317 0
      vertex -0.7764571353075622 21.897777478867205 0
    endloop
  endfacet
  facet normal 0.2270762630343635 -0.9738769792773359 0
    outer loop
      vertex -0.7764571353075622 21.897777478867205 0.20000000000000004
      vertex -0.7764571353075622 21.897777478867205 0
      vertex -0.5852709660483848 21.94235584120969 0.20000000000000004
    endloop
  endfacet
  facet normal 0.2270762630343635 -0.9738769792773359 0
    outer loop
      vertex -0.5852709660483848 21.94235584120969 0.20000000000000004
      vertex -0.7764571353075622 21.897777478867205 0
      vertex -0.5852709660483848 21.94235584120969 0
    endloop
  endfacet
  facet normal 0.162895473394588 -0.9866433320848791 0
    outer loop
      vertex -0.5852709660483848 21.94235584120969 0.20000000000000004
      vertex -0.5852709660483848 21.94235584120969 0
      vertex -0.3915785766601547 21.97433458412143 0.20000000000000004
    endloop
  endfacet
  facet normal 0.162895473394588 -0.9866433320848791 0
    outer loop
      vertex -0.3915785766601547 21.97433458412143 0.20000000000000004
      vertex -0.5852709660483848 21.94235584120969 0
      vertex -0.3915785766601547 21.97433458412143 0
    endloop
  endfacet
  facet normal 0.09801714032956008 -0.9951847266721969 0
    outer loop
      vertex -0.3915785766601547 21.97433458412143 0.20000000000000004
      vertex -0.3915785766601547 21.97433458412143 0
      vertex -0.19620938769042917 21.99357676971581 0.20000000000000004
    endloop
  endfacet
  facet normal 0.09801714032956008 -0.9951847266721969 0
    outer loop
      vertex -0.19620938769042917 21.99357676971581 0.20000000000000004
      vertex -0.3915785766601547 21.97433458412143 0
      vertex -0.19620938769042917 21.99357676971581 0
    endloop
  endfacet
  facet normal 0.03271908282178673 -0.9994645874763652 0
    outer loop
      vertex -0.19620938769042917 21.99357676971581 0.20000000000000004
      vertex -0.19620938769042917 21.99357676971581 0
      vertex 0 22 0.20000000000000004
    endloop
  endfacet
  facet normal 0.03271908282178673 -0.9994645874763652 0
    outer loop
      vertex 0 22 0.20000000000000004
      vertex -0.19620938769042917 21.99357676971581 0
      vertex 0 22 0
    endloop
  endfacet
  facet normal 0 0 -1
    outer loop
      vertex -9 25 0
      vertex 9 25 0
      vertex -0.9643183959094848 21.840790388485317 0
    endloop
  endfacet
  facet normal 0.23801655284376197 -0.7846354211403062 0.5724468328712695
    outer loop
      vertex -0.6830588637692183 21.0122265251771 0.7999999999999998
      vertex -1.12852715989555 23.2117206984516 4
      vertex -1.4015706097409912 23.128893873460278 4
    endloop
  endfacet
  facet normal 0.1861893292862525 -0.7985224838384881 0.5724468328712693
    outer loop
      vertex -0.5499904708428566 21.05259238086427 0.7999999999999998
      vertex -0.8506511834967945 23.276512288817027 4
      vertex -1.12852715989555 23.2117206984516 4
    endloop
  endfacet
  facet normal 0.1335648144364332 -0.8089901506694719 0.572446832871269
    outer loop
      vertex -0.41456693428427255 21.084168720856866 0.7999999999999998
      vertex -0.5691325881359601 23.32299119701963 4
      vertex -0.8506511834967945 23.276512288817027 4
    endloop
  endfacet
  facet normal 0.08036835454596053 -0.8159935974768601 0.5724468328712692
    outer loop
      vertex -0.2773681584676096 21.106820330419346 0.7999999999999998
      vertex -0.28517687965790317 23.350958393238912 4
      vertex -0.5691325881359601 23.32299119701963 4
    endloop
  endfacet
  facet normal 0.026827745022932968 -0.8195028344262381 0.572446832871269
    outer loop
      vertex -0.13898164961405401 21.120450211882034 0.7999999999999998
      vertex 0 23.360294117647058 4
      vertex -0.28517687965790317 23.350958393238912 4
    endloop
  endfacet
  facet normal 0 0.8819212378683167 -0.47139678636666155
    outer loop
      vertex -9 13.432646542787552 11.3274205327034
      vertex -9 13.453091122210026 11.365669645369053
      vertex 9 13.432646542787552 11.3274205327034
    endloop
  endfacet
  facet normal 0 0.9108638216062535 -0.4127070371205842
    outer loop
      vertex -9 13.453091122210026 11.365669645369053
      vertex -9 13.527551844716072 11.53000795841217
      vertex 9 13.453091122210026 11.365669645369053
    endloop
  endfacet
  facet normal 0 0.9055577879084539 -0.42422292813843493
    outer loop
      vertex -9 13.527551844716072 11.53000795841217
      vertex -9 13.747727081179619 12
      vertex 9 13.527551844716072 11.53000795841217
    endloop
  endfacet
  facet normal 0 0 1
    outer loop
      vertex -9 13.747727081179619 12
      vertex -9 13.740502461791039 12
      vertex 9 13.747727081179619 12
    endloop
  endfacet
  facet normal 0 0.9108638160275436 -0.41270704943305886
    outer loop
      vertex -9 13.740502461791039 12
      vertex -9 13.85819298774004 12.259748511016369
      vertex 9 13.740502461791039 12
    endloop
  endfacet
  facet normal 0 0.935905927906745 -0.35225004486730005
    outer loop
      vertex -9 13.85819298774004 12.259748511016369
      vertex -9 14.203951939940453 13.17840801924467
      vertex 9 13.85819298774004 12.259748511016369
    endloop
  endfacet
  facet normal 0 0.956940335767022 -0.29028467713969897
    outer loop
      vertex -9 14.203951939940453 13.17840801924467
      vertex -9 14.488887391984463 14.117714323103428
      vertex 9 14.203951939940453 13.17840801924467
    endloop
  endfacet
  facet normal -1 0 0
    outer loop
      vertex -9 14.203951939940453 13.17840801924467
      vertex -9 10.41623142361641 14.46416588127613
      vertex -9 10.625184088945389 15.152990505099297
    endloop
  endfacet
  facet normal -1 0 0
    outer loop
      vertex -9 10.625184088945389 15.152990505099297
      vertex -9 10.788638085126877 15.854006454348564
      vertex -9 14.488887391984463 14.117714323103428
    endloop
  endfacet
  facet normal -1 0 0
    outer loop
      vertex -9 10.788638085126877 15.854006454348564
      vertex -9 10.905893474817276 16.564211882650852
      vertex -9 14.711779206991196 15.073645167052746
    endloop
  endfacet
  facet normal -1 0 0
    outer loop
      vertex -9 10.905893474817276 16.564211882650852
      vertex -9 10.976448155939579 17.280565574765205
      vertex -9 14.871672920882702 16.042107120156288
    endloop
  endfacet
  facet normal -1 0 0
    outer loop
      vertex -9 10.976448155939579 17.280565574765205
      vertex -9 11 18
      vertex -9 14.967883847653866 17.018953062593937
    endloop
  endfacet
  facet normal -1 0 0
    outer loop
      vertex -9 11 18
      vertex -9 10.976448155939579 18.719434425234795
      vertex -9 15 18
    endloop
  endfacet
  facet normal -1 0 0
    outer loop
      vertex -9 10.976448155939579 18.719434425234795
      vertex -9 10.905893474817276 19.435788117349148
      vertex -9 14.967883847653866 18.981046937406063
    endloop
  endfacet
  facet normal -1 0 0
    outer loop
      vertex -9 10.905893474817276 19.435788117349148
      vertex -9 10.788638085126877 20.145993545651436
      vertex -9 14.871672920882702 19.957892879843712
    endloop
  endfacet
  facet normal -1 0 0
    outer loop
      vertex -9 10.788638085126877 20.145993545651436
      vertex -9 10.625184088945389 20.847009494900703
      vertex -9 14.711779206991196 20.926354832947254
    endloop
  endfacet
  facet normal -1 0 0
    outer loop
      vertex -9 10.625184088945389 20.847009494900703
      vertex -9 10.41623142361641 21.53583411872387
      vertex -9 14.488887391984463 21.882285676896572
    endloop
  endfacet
  facet normal -1 0 0
    outer loop
      vertex -9 10.41623142361641 21.53583411872387
      vertex -9 10.162674859166145 22.209517754614353
      vertex -9 14.203951939940453 22.82159198075533
    endloop
  endfacet
  facet normal -1 0 0
    outer loop
      vertex -9 9.300991602241993 23.862292304635048
      vertex -9 12.990381054580212 25.5
      vertex -9 9.52627944201231 23.5
    endloop
  endfacet
  facet normal -1 0 0
    outer loop
      vertex -9 10.162674859166145 22.209517754614353
      vertex -9 9.865600153803825 22.86517558991909
      vertex -9 13.85819298774004 23.74025148898363
    endloop
  endfacet
  facet normal -1 0 0
    outer loop
      vertex -9 9.865600153803825 22.86517558991909
      vertex -9 9.52627944201231 23.5
      vertex -9 13.453091122210026 24.634330354630947
    endloop
  endfacet
  facet normal -1 0 0
    outer loop
      vertex -9 9.865600153803825 22.86517558991909
      vertex -9 13.453091122210026 24.634330354630947
      vertex -9 13.85819298774004 23.74025148898363
    endloop
  endfacet
  facet normal -1 0 0
    outer loop
      vertex -9 9.300991602241993 23.862292304635048
      vertex -9 12.472044184803963 26.33355349302292
      vertex -9 12.990381054580212 25.5
    endloop
  endfacet
  facet normal -1 0 0
    outer loop
      vertex -9 9.52627944201231 23.5
      vertex -9 12.990381054580212 25.5
      vertex -9 13.453091122210026 24.634330354630947
    endloop
  endfacet
  facet normal -1 0 0
    outer loop
      vertex -9 9.300991602241993 23.862292304635048
      vertex -9 11.900300107896328 27.13142143189907
      vertex -9 12.472044184803963 26.33355349302292
    endloop
  endfacet
  facet normal -1 0 0
    outer loop
      vertex -9 9.300991602241993 23.862292304635048
      vertex -9 11.277597114443779 27.890187226235867
      vertex -9 11.900300107896328 27.13142143189907
    endloop
  endfacet
  facet normal -1 0 0
    outer loop
      vertex -9 9.300991602241993 23.862292304635048
      vertex -9 11.211925752460957 27.96030381321907
      vertex -9 11.277597114443779 27.890187226235867
    endloop
  endfacet
  facet normal -1 0 0
    outer loop
      vertex -9 14.203951939940453 13.17840801924467
      vertex -9 10.625184088945389 15.152990505099297
      vertex -9 14.488887391984463 14.117714323103428
    endloop
  endfacet
  facet normal -1 0 0
    outer loop
      vertex -9 10.788638085126877 15.854006454348564
      vertex -9 14.711779206991196 15.073645167052746
      vertex -9 14.488887391984463 14.117714323103428
    endloop
  endfacet
  facet normal -1 0 0
    outer loop
      vertex -9 10.905893474817276 16.564211882650852
      vertex -9 14.871672920882702 16.042107120156288
      vertex -9 14.711779206991196 15.073645167052746
    endloop
  endfacet
  facet normal -1 0 0
    outer loop
      vertex -9 10.976448155939579 17.280565574765205
      vertex -9 14.967883847653866 17.018953062593937
      vertex -9 14.871672920882702 16.042107120156288
    endloop
  endfacet
  facet normal -1 0 0
    outer loop
      vertex -9 11 18
      vertex -9 15 18
      vertex -9 14.967883847653866 17.018953062593937
    endloop
  endfacet
  facet normal -1 0 0
    outer loop
      vertex -9 10.976448155939579 18.719434425234795
      vertex -9 14.967883847653866 18.981046937406063
      vertex -9 15 18
    endloop
  endfacet
  facet normal -1 0 0
    outer loop
      vertex -9 10.905893474817276 19.435788117349148
      vertex -9 14.871672920882702 19.957892879843712
      vertex -9 14.967883847653866 18.981046937406063
    endloop
  endfacet
  facet normal -1 0 0
    outer loop
      vertex -9 10.788638085126877 20.145993545651436
      vertex -9 14.711779206991196 20.926354832947254
      vertex -9 14.871672920882702 19.957892879843712
    endloop
  endfacet
  facet normal -1 0 0
    outer loop
      vertex -9 10.625184088945389 20.847009494900703
      vertex -9 14.488887391984463 21.882285676896572
      vertex -9 14.711779206991196 20.926354832947254
    endloop
  endfacet
  facet normal -1 0 0
    outer loop
      vertex -9 10.41623142361641 21.53583411872387
      vertex -9 14.203951939940453 22.82159198075533
      vertex -9 14.488887391984463 21.882285676896572
    endloop
  endfacet
  facet normal -1 0 0
    outer loop
      vertex -9 10.162674859166145 22.209517754614353
      vertex -9 13.85819298774004 23.74025148898363
      vertex -9 14.203951939940453 22.82159198075533
    endloop
  endfacet
  facet normal 0 -0.9359059275348901 0.3522500458552945
    outer loop
      vertex -9 10.162674859166145 13.790482245385647
      vertex 9 10.41623142361641 14.46416588127613
      vertex -9 10.41623142361641 14.46416588127613
    endloop
  endfacet
  facet normal 0 -0.9569403356916317 0.2902846773882274
    outer loop
      vertex -9 10.41623142361641 14.46416588127613
      vertex 9 10.625184088945389 15.152990505099297
      vertex -9 10.625184088945389 15.152990505099297
    endloop
  endfacet
  facet normal 0 -0.9738769786561818 0.22707626569834846
    outer loop
      vertex -9 10.625184088945389 15.152990505099297
      vertex 9 10.788638085126877 15.854006454348564
      vertex -9 10.788638085126877 15.854006454348564
    endloop
  endfacet
  facet normal 0 -0.9866433323251335 0.1628954719393896
    outer loop
      vertex -9 10.788638085126877 15.854006454348564
      vertex 9 10.905893474817276 16.564211882650852
      vertex -9 10.905893474817276 16.564211882650852
    endloop
  endfacet
  facet normal 0 -0.9951847265792517 0.09801714127324808
    outer loop
      vertex -9 10.905893474817276 16.564211882650852
      vertex 9 10.976448155939579 17.280565574765205
      vertex -9 10.976448155939579 17.280565574765205
    endloop
  endfacet
  facet normal 0 -0.9951847265792517 -0.09801714127324808
    outer loop
      vertex -9 10.976448155939579 18.719434425234795
      vertex 9 10.905893474817276 19.435788117349148
      vertex -9 10.905893474817276 19.435788117349148
    endloop
  endfacet
  facet normal 0 -0.999464587496181 0.03271908221647967
    outer loop
      vertex -9 10.976448155939579 17.280565574765205
      vertex 9 11 18
      vertex -9 11 18
    endloop
  endfacet
  facet normal 0 -0.999464587496181 -0.03271908221647967
    outer loop
      vertex -9 11 18
      vertex 9 10.976448155939579 18.719434425234795
      vertex -9 10.976448155939579 18.719434425234795
    endloop
  endfacet
  facet normal 0 -0.9866433323251335 -0.1628954719393896
    outer loop
      vertex -9 10.905893474817276 19.435788117349148
      vertex 9 10.788638085126877 20.145993545651436
      vertex -9 10.788638085126877 20.145993545651436
    endloop
  endfacet
  facet normal 0 -0.9738769786561818 -0.22707626569834846
    outer loop
      vertex -9 10.788638085126877 20.145993545651436
      vertex 9 10.625184088945389 20.847009494900703
      vertex -9 10.625184088945389 20.847009494900703
    endloop
  endfacet
  facet normal 0 -0.9569403356916317 -0.2902846773882274
    outer loop
      vertex -9 10.625184088945389 20.847009494900703
      vertex 9 10.41623142361641 21.53583411872387
      vertex -9 10.41623142361641 21.53583411872387
    endloop
  endfacet
  facet normal 0 -0.9108638222625299 -0.4127070356721513
    outer loop
      vertex -9 10.162674859166145 22.209517754614353
      vertex 9 9.865600153803825 22.86517558991909
      vertex -9 9.865600153803825 22.86517558991909
    endloop
  endfacet
  facet normal 0 -0.9359059275348901 -0.3522500458552945
    outer loop
      vertex -9 10.41623142361641 21.53583411872387
      vertex 9 10.162674859166145 22.209517754614353
      vertex -9 10.162674859166145 22.209517754614353
    endloop
  endfacet
  facet normal 0 -0.8819212671033585 -0.47139673167174867
    outer loop
      vertex -9 9.865600153803825 22.86517558991909
      vertex 9 9.52627944201231 23.5
      vertex -9 9.52627944201231 23.5
    endloop
  endfacet
  facet normal 0 -0.849202173618972 -0.5280678633668341
    outer loop
      vertex -9 9.300991602241993 23.862292304635048
      vertex -9 9.52627944201231 23.5
      vertex 9 9.300991602241993 23.862292304635048
    endloop
  endfacet
  facet normal 0 -0.9063077869893051 0.4226182618422307
    outer loop
      vertex -9 9.300991602241993 23.862292304635048
      vertex 9 11.211925752460957 27.96030381321907
      vertex -9 11.211925752460957 27.96030381321907
    endloop
  endfacet
  facet normal 0 0.8128466858330211 0.582477695135422
    outer loop
      vertex -9 12.472044184803963 26.33355349302292
      vertex -9 11.900300107896328 27.13142143189907
      vertex 9 12.472044184803963 26.33355349302292
    endloop
  endfacet
  facet normal 0 0.7730104539452297 0.634393283453876
    outer loop
      vertex -9 11.277597114443779 27.890187226235867
      vertex 9 11.900300107896328 27.13142143189907
      vertex -9 11.900300107896328 27.13142143189907
    endloop
  endfacet
  facet normal 0 0.7298640114275604 0.6835923674404725
    outer loop
      vertex -9 11.211925752460957 27.96030381321907
      vertex 9 11.277597114443779 27.890187226235867
      vertex -9 11.277597114443779 27.890187226235867
    endloop
  endfacet
  facet normal 0 0.9738769784118718 -0.2270762667461368
    outer loop
      vertex -9 14.488887391984463 14.117714323103428
      vertex -9 14.711779206991196 15.073645167052746
      vertex 9 14.488887391984463 14.117714323103428
    endloop
  endfacet
  facet normal 0 0.9866433323607117 -0.16289547172389468
    outer loop
      vertex -9 14.711779206991196 15.073645167052746
      vertex -9 14.871672920882702 16.042107120156288
      vertex 9 14.711779206991196 15.073645167052746
    endloop
  endfacet
  facet normal 0 0.9951847267679234 -0.0980171393576331
    outer loop
      vertex -9 14.871672920882702 16.042107120156288
      vertex -9 14.967883847653866 17.018953062593937
      vertex 9 14.871672920882702 16.042107120156288
    endloop
  endfacet
  facet normal 0 0.9994645874444018 -0.032719083798173614
    outer loop
      vertex -9 14.967883847653866 17.018953062593937
      vertex -9 15 18
      vertex 9 14.967883847653866 17.018953062593937
    endloop
  endfacet
  facet normal 0 0.9994645874444018 0.032719083798173614
    outer loop
      vertex -9 15 18
      vertex -9 14.967883847653866 18.981046937406063
      vertex 9 15 18
    endloop
  endfacet
  facet normal 0 0.9951847267679234 0.0980171393576331
    outer loop
      vertex -9 14.967883847653866 18.981046937406063
      vertex -9 14.871672920882702 19.957892879843712
      vertex 9 14.967883847653866 18.981046937406063
    endloop
  endfacet
  facet normal 0 0.9866433323607117 0.16289547172389468
    outer loop
      vertex -9 14.871672920882702 19.957892879843712
      vertex -9 14.711779206991196 20.926354832947254
      vertex 9 14.871672920882702 19.957892879843712
    endloop
  endfacet
  facet normal 0 0.9738769784118718 0.2270762667461368
    outer loop
      vertex -9 14.711779206991196 20.926354832947254
      vertex -9 14.488887391984463 21.882285676896572
      vertex 9 14.711779206991196 20.926354832947254
    endloop
  endfacet
  facet normal 0 0.956940335767022 0.29028467713969897
    outer loop
      vertex -9 14.488887391984463 21.882285676896572
      vertex -9 14.203951939940453 22.82159198075533
      vertex 9 14.488887391984463 21.882285676896572
    endloop
  endfacet
  facet normal 0 0.9108638242201991 0.4127070313514833
    outer loop
      vertex -9 13.85819298774004 23.74025148898363
      vertex -9 13.453091122210026 24.634330354630947
      vertex 9 13.85819298774004 23.74025148898363
    endloop
  endfacet
  facet normal 0 0.935905927906745 0.35225004486730005
    outer loop
      vertex -9 13.85819298774004 23.74025148898363
      vertex 9 14.203951939940453 22.82159198075533
      vertex -9 14.203951939940453 22.82159198075533
    endloop
  endfacet
  facet normal 0 0.8819212634481289 0.47139673851020214
    outer loop
      vertex -9 13.453091122210026 24.634330354630947
      vertex -9 12.990381054580212 25.5
      vertex 9 13.453091122210026 24.634330354630947
    endloop
  endfacet
  facet normal 0 0.8492021820016544 0.5280678498863844
    outer loop
      vertex -9 12.472044184803963 26.33355349302292
      vertex 9 12.990381054580212 25.5
      vertex -9 12.990381054580212 25.5
    endloop
  endfacet
  facet normal -0.03271908282178673 0.9994645874763652 0
    outer loop
      vertex 0 -22 0.20000000000000004
      vertex 0.19620938769042917 -21.99357676971581 0
      vertex 0 -22 0
    endloop
  endfacet
  facet normal -0.03271908282178673 0.9994645874763652 0
    outer loop
      vertex 0 -22 0.20000000000000004
      vertex 0.19620938769042917 -21.99357676971581 0.20000000000000004
      vertex 0.19620938769042917 -21.99357676971581 0
    endloop
  endfacet
  facet normal -0.09801714032956008 0.9951847266721969 0
    outer loop
      vertex 0.19620938769042917 -21.99357676971581 0.20000000000000004
      vertex 0.3915785766601547 -21.97433458412143 0
      vertex 0.19620938769042917 -21.99357676971581 0
    endloop
  endfacet
  facet normal -0.09801714032956008 0.9951847266721969 0
    outer loop
      vertex 0.19620938769042917 -21.99357676971581 0.20000000000000004
      vertex 0.3915785766601547 -21.97433458412143 0.20000000000000004
      vertex 0.3915785766601547 -21.97433458412143 0
    endloop
  endfacet
  facet normal -0.162895473394588 0.9866433320848791 0
    outer loop
      vertex 0.3915785766601547 -21.97433458412143 0.20000000000000004
      vertex 0.5852709660483848 -21.94235584120969 0
      vertex 0.3915785766601547 -21.97433458412143 0
    endloop
  endfacet
  facet normal -0.162895473394588 0.9866433320848791 0
    outer loop
      vertex 0.3915785766601547 -21.97433458412143 0.20000000000000004
      vertex 0.5852709660483848 -21.94235584120969 0.20000000000000004
      vertex 0.5852709660483848 -21.94235584120969 0
    endloop
  endfacet
  facet normal -0.2270762630343635 0.9738769792773359 0
    outer loop
      vertex 0.5852709660483848 -21.94235584120969 0.20000000000000004
      vertex 0.7764571353075622 -21.897777478867205 0
      vertex 0.5852709660483848 -21.94235584120969 0
    endloop
  endfacet
  facet normal -0.2270762630343635 0.9738769792773359 0
    outer loop
      vertex 0.5852709660483848 -21.94235584120969 0.20000000000000004
      vertex 0.7764571353075622 -21.897777478867205 0.20000000000000004
      vertex 0.7764571353075622 -21.897777478867205 0
    endloop
  endfacet
  facet normal -0.2902846772544633 0.9569403357322086 0
    outer loop
      vertex 0.7764571353075622 -21.897777478867205 0.20000000000000004
      vertex 0.9643183959094848 -21.840790388485317 0
      vertex 0.7764571353075622 -21.897777478867205 0
    endloop
  endfacet
  facet normal -0.026827745022932968 0.8195028344262381 0.572446832871269
    outer loop
      vertex 0.13898164961405401 -21.120450211882034 0.7999999999999998
      vertex 0 -23.360294117647058 4
      vertex 0.28517687965790317 -23.350958393238912 4
    endloop
  endfacet
  facet normal -0.08036835454596053 0.8159935974768601 0.5724468328712692
    outer loop
      vertex 0.2773681584676096 -21.106820330419346 0.7999999999999998
      vertex 0.28517687965790317 -23.350958393238912 4
      vertex 0.5691325881359601 -23.32299119701963 4
    endloop
  endfacet
  facet normal -0.1335648144364332 0.8089901506694719 0.572446832871269
    outer loop
      vertex 0.41456693428427255 -21.084168720856866 0.7999999999999998
      vertex 0.5691325881359601 -23.32299119701963 4
      vertex 0.8506511834967945 -23.276512288817027 4
    endloop
  endfacet
  facet normal -0.1861893292862525 0.7985224838384881 0.5724468328712693
    outer loop
      vertex 0.5499904708428566 -21.05259238086427 0.7999999999999998
      vertex 0.8506511834967945 -23.276512288817027 4
      vertex 1.12852715989555 -23.2117206984516 4
    endloop
  endfacet
  facet normal -0.23801655284376197 0.7846354211403062 0.5724468328712695
    outer loop
      vertex 0.6830588637692183 -21.0122265251771 0.7999999999999998
      vertex 1.12852715989555 -23.2117206984516 4
      vertex 1.4015706097409912 -23.128893873460278 4
    endloop
  endfacet
  facet normal 0 0 -1
    outer loop
      vertex 0 -22 0.20000000000000004
      vertex 0 -21.125 0.20000000000000004
      vertex 0.19620938769042917 -21.99357676971581 0.20000000000000004
    endloop
  endfacet
  facet normal 0 0 -1
    outer loop
      vertex 0 -21.125 0.20000000000000004
      vertex 0.13898164961405401 -21.120450211882034 0.20000000000000004
      vertex 0.19620938769042917 -21.99357676971581 0.20000000000000004
    endloop
  endfacet
  facet normal -0.032719082821767595 0.9994645874763659 0
    outer loop
      vertex 0 -21.125 0.20000000000000004
      vertex 0.13898164961405401 -21.120450211882034 0.7999999999999998
      vertex 0.13898164961405401 -21.120450211882034 0.20000000000000004
    endloop
  endfacet
  facet normal 0 0 -1
    outer loop
      vertex 0.13898164961405401 -21.120450211882034 0.20000000000000004
      vertex 0.3915785766601547 -21.97433458412143 0.20000000000000004
      vertex 0.19620938769042917 -21.99357676971581 0.20000000000000004
    endloop
  endfacet
  facet normal 0 0 -1
    outer loop
      vertex 0.13898164961405401 -21.120450211882034 0.20000000000000004
      vertex 0.2773681584676096 -21.106820330419346 0.20000000000000004
      vertex 0.3915785766601547 -21.97433458412143 0.20000000000000004
    endloop
  endfacet
  facet normal -0.09801714032957695 0.9951847266721953 0
    outer loop
      vertex 0.13898164961405401 -21.120450211882034 0.20000000000000004
      vertex 0.2773681584676096 -21.106820330419346 0.7999999999999998
      vertex 0.2773681584676096 -21.106820330419346 0.20000000000000004
    endloop
  endfacet
  facet normal -0.032719082821767595 0.9994645874763659 0
    outer loop
      vertex 0 -21.125 0.20000000000000004
      vertex 0 -21.125 0.7999999999999998
      vertex 0.13898164961405401 -21.120450211882034 0.7999999999999998
    endloop
  endfacet
  facet normal -0.09801714032957695 0.9951847266721953 0
    outer loop
      vertex 0.13898164961405401 -21.120450211882034 0.20000000000000004
      vertex 0.13898164961405401 -21.120450211882034 0.7999999999999998
      vertex 0.2773681584676096 -21.106820330419346 0.7999999999999998
    endloop
  endfacet
  facet normal 0 0 -1
    outer loop
      vertex 0.2773681584676096 -21.106820330419346 0.20000000000000004
      vertex 0.5852709660483848 -21.94235584120969 0.20000000000000004
      vertex 0.3915785766601547 -21.97433458412143 0.20000000000000004
    endloop
  endfacet
  facet normal 0 0 -1
    outer loop
      vertex 0.2773681584676096 -21.106820330419346 0.20000000000000004
      vertex 0.41456693428427255 -21.084168720856866 0.20000000000000004
      vertex 0.5852709660483848 -21.94235584120969 0.20000000000000004
    endloop
  endfacet
  facet normal 0 0 -1
    outer loop
      vertex 0.41456693428427255 -21.084168720856866 0.20000000000000004
      vertex 0.5499904708428566 -21.05259238086427 0.20000000000000004
      vertex 0.5852709660483848 -21.94235584120969 0.20000000000000004
    endloop
  endfacet
  facet normal -0.1628954733945735 0.9866433320848814 0
    outer loop
      vertex 0.2773681584676096 -21.106820330419346 0.20000000000000004
      vertex 0.2773681584676096 -21.106820330419346 0.7999999999999998
      vertex 0.41456693428427255 -21.084168720856866 0.7999999999999998
    endloop
  endfacet
  facet normal -0.1628954733945735 0.9866433320848814 0
    outer loop
      vertex 0.2773681584676096 -21.106820330419346 0.20000000000000004
      vertex 0.41456693428427255 -21.084168720856866 0.7999999999999998
      vertex 0.41456693428427255 -21.084168720856866 0.20000000000000004
    endloop
  endfacet
  facet normal -0.2270762630343897 0.9738769792773299 0
    outer loop
      vertex 0.41456693428427255 -21.084168720856866 0.20000000000000004
      vertex 0.5499904708428566 -21.05259238086427 0.7999999999999998
      vertex 0.5499904708428566 -21.05259238086427 0.20000000000000004
    endloop
  endfacet
  facet normal -0.2270762630343897 0.9738769792773299 0
    outer loop
      vertex 0.41456693428427255 -21.084168720856866 0.20000000000000004
      vertex 0.41456693428427255 -21.084168720856866 0.7999999999999998
      vertex 0.5499904708428566 -21.05259238086427 0.7999999999999998
    endloop
  endfacet
  facet normal 0 0 -1
    outer loop
      vertex 0.5499904708428566 -21.05259238086427 0.20000000000000004
      vertex 0.7764571353075622 -21.897777478867205 0.20000000000000004
      vertex 0.5852709660483848 -21.94235584120969 0.20000000000000004
    endloop
  endfacet
  facet normal 0 0 -1
    outer loop
      vertex 0.5499904708428566 -21.05259238086427 0.20000000000000004
      vertex 0.6830588637692183 -21.0122265251771 0.20000000000000004
      vertex 0.7764571353075622 -21.897777478867205 0.20000000000000004
    endloop
  endfacet
  facet normal 0 0 -1
    outer loop
      vertex 0.6830588637692183 -21.0122265251771 0.20000000000000004
      vertex 0.9643183959094848 -21.840790388485317 0.20000000000000004
      vertex 0.7764571353075622 -21.897777478867205 0.20000000000000004
    endloop
  endfacet
  facet normal 0 0 -1
    outer loop
      vertex 0.6830588637692183 -21.0122265251771 0.20000000000000004
      vertex 0.8132022937758158 -20.963244006586486 0.20000000000000004
      vertex 0.9643183959094848 -21.840790388485317 0.20000000000000004
    endloop
  endfacet
  facet normal -0.2902846772544615 0.9569403357322092 0
    outer loop
      vertex 0.5499904708428566 -21.05259238086427 0.20000000000000004
      vertex 0.6830588637692183 -21.0122265251771 0.7999999999999998
      vertex 0.6830588637692183 -21.0122265251771 0.20000000000000004
    endloop
  endfacet
  facet normal -0.3522500479212181 0.9359059267573315 0
    outer loop
      vertex 0.6830588637692183 -21.0122265251771 0.20000000000000004
      vertex 0.8132022937758158 -20.963244006586486 0.7999999999999998
      vertex 0.8132022937758158 -20.963244006586486 0.20000000000000004
    endloop
  endfacet
  facet normal -0.2902846772544615 0.9569403357322092 0
    outer loop
      vertex 0.5499904708428566 -21.05259238086427 0.20000000000000004
      vertex 0.5499904708428566 -21.05259238086427 0.7999999999999998
      vertex 0.6830588637692183 -21.0122265251771 0.7999999999999998
    endloop
  endfacet
  facet normal -0.3522500479212181 0.9359059267573315 0
    outer loop
      vertex 0.6830588637692183 -21.0122265251771 0.20000000000000004
      vertex 0.6830588637692183 -21.0122265251771 0.7999999999999998
      vertex 0.8132022937758158 -20.963244006586486 0.7999999999999998
    endloop
  endfacet
  facet normal -0.2902846772544633 0.9569403357322086 0
    outer loop
      vertex 0.7764571353075622 -21.897777478867205 0.20000000000000004
      vertex 0.9643183959094848 -21.840790388485317 0.20000000000000004
      vertex 0.9643183959094848 -21.840790388485317 0
    endloop
  endfacet
  facet normal 0 0 -1
    outer loop
      vertex 0.8132022937758158 -20.963244006586486 0.20000000000000004
      vertex 0.9398634667153778 -20.905854575756962 0.20000000000000004
      vertex 0.9643183959094848 -21.840790388485317 0.20000000000000004
    endloop
  endfacet
  facet normal -0.35225004792124254 0.9359059267573223 0
    outer loop
      vertex 0.9643183959094848 -21.840790388485317 0.20000000000000004
      vertex 1.1480502970952693 -21.771638597533858 0
      vertex 0.9643183959094848 -21.840790388485317 0
    endloop
  endfacet
  facet normal 0 0 -1
    outer loop
      vertex 0.9643183959094848 -21.840790388485317 0.20000000000000004
      vertex 0.9398634667153778 -20.905854575756962 0.20000000000000004
      vertex 1.1480502970952693 -21.771638597533858 0.20000000000000004
    endloop
  endfacet
  facet normal -0.35225004792124254 0.9359059267573223 0
    outer loop
      vertex 0.9643183959094848 -21.840790388485317 0.20000000000000004
      vertex 1.1480502970952693 -21.771638597533858 0.20000000000000004
      vertex 1.1480502970952693 -21.771638597533858 0
    endloop
  endfacet
  facet normal 0 0 -1
    outer loop
      vertex 0.9398634667153778 -20.905854575756962 0.20000000000000004
      vertex 1.0625 -20.84030398304193 0.20000000000000004
      vertex 1.1480502970952693 -21.771638597533858 0.20000000000000004
    endloop
  endfacet
  facet normal -0.41270702980440677 0.9108638249211704 0
    outer loop
      vertex 0.8132022937758158 -20.963244006586486 0.20000000000000004
      vertex 0.9398634667153778 -20.905854575756962 0.7999999999999998
      vertex 0.9398634667153778 -20.905854575756962 0.20000000000000004
    endloop
  endfacet
  facet normal -0.47139673682599953 0.8819212643483539 0
    outer loop
      vertex 0.9398634667153778 -20.905854575756962 0.20000000000000004
      vertex 1.0625 -20.84030398304193 0.7999999999999998
      vertex 1.0625 -20.84030398304193 0.20000000000000004
    endloop
  endfacet
  facet normal -0.41270702980440677 0.9108638249211704 0
    outer loop
      vertex 0.8132022937758158 -20.963244006586486 0.20000000000000004
      vertex 0.8132022937758158 -20.963244006586486 0.7999999999999998
      vertex 0.9398634667153778 -20.905854575756962 0.7999999999999998
    endloop
  endfacet
  facet normal -0.47139673682599953 0.8819212643483539 0
    outer loop
      vertex 0.9398634667153778 -20.905854575756962 0.20000000000000004
      vertex 0.9398634667153778 -20.905854575756962 0.7999999999999998
      vertex 1.0625 -20.84030398304193 0.7999999999999998
    endloop
  endfacet
  facet normal -0.5280678506503595 0.849202181526584 0
    outer loop
      vertex 1.0625 -20.84030398304193 0.20000000000000004
      vertex 1.0625 -20.84030398304193 0.7999999999999998
      vertex 1.1805867451666545 -20.76687292614291 0.7999999999999998
    endloop
  endfacet
  facet normal -0.02682774502293151 0.819502834426238 0.5724468328712689
    outer loop
      vertex 0 -21.125 0.7999999999999998
      vertex 0 -23.360294117647058 4
      vertex 0.13898164961405401 -21.120450211882034 0.7999999999999998
    endloop
  endfacet
  facet normal -0.08036835454597042 0.8159935974768595 0.5724468328712687
    outer loop
      vertex 0.13898164961405401 -21.120450211882034 0.7999999999999998
      vertex 0.28517687965790317 -23.350958393238912 4
      vertex 0.2773681584676096 -21.106820330419346 0.7999999999999998
    endloop
  endfacet
  facet normal -0.13356481443642287 0.8089901506694731 0.5724468328712693
    outer loop
      vertex 0.2773681584676096 -21.106820330419346 0.7999999999999998
      vertex 0.5691325881359601 -23.32299119701963 4
      vertex 0.41456693428427255 -21.084168720856866 0.7999999999999998
    endloop
  endfacet
  facet normal -0.18618932928626727 0.798522483838485 0.5724468328712687
    outer loop
      vertex 0.41456693428427255 -21.084168720856866 0.7999999999999998
      vertex 0.8506511834967945 -23.276512288817027 4
      vertex 0.5499904708428566 -21.05259238086427 0.7999999999999998
    endloop
  endfacet
  facet normal -0.23801655284376153 0.7846354211403063 0.5724468328712694
    outer loop
      vertex 0.5499904708428566 -21.05259238086427 0.7999999999999998
      vertex 1.12852715989555 -23.2117206984516 4
      vertex 0.6830588637692183 -21.0122265251771 0.7999999999999998
    endloop
  endfacet
  facet normal -0.28882455298101534 0.767388429109385 0.5724468328712695
    outer loop
      vertex 0.6830588637692183 -21.0122265251771 0.7999999999999998
      vertex 1.4015706097409912 -23.128893873460278 4
      vertex 0.8132022937758158 -20.963244006586486 0.7999999999999998
    endloop
  endfacet
  facet normal -0.2888245529810287 0.7673884291093803 0.572446832871269
    outer loop
      vertex 0.8132022937758158 -20.963244006586486 0.7999999999999998
      vertex 1.4015706097409912 -23.128893873460278 4
      vertex 1.6686123190624869 -23.02838649102348 4
    endloop
  endfacet
  facet normal -0.3383957620412816 0.7468553620133913 0.5724468328712689
    outer loop
      vertex 0.9398634667153778 -20.905854575756962 0.7999999999999998
      vertex 1.6686123190624869 -23.02838649102348 4
      vertex 1.9285087742637337 -22.91062893918297 4
    endloop
  endfacet
  facet normal -0.3865179084969974 0.7231241455979461 0.5724468328712693
    outer loop
      vertex 1.0625 -20.84030398304193 0.7999999999999998
      vertex 1.9285087742637337 -22.91062893918297 4
      vertex 2.1801470588235294 -22.776125473854208 4
    endloop
  endfacet
  facet normal -0.4329849259292344 0.6962964005750056 0.5724468328712691
    outer loop
      vertex 1.1805867451666545 -20.76687292614291 0.7999999999999998
      vertex 2.1801470588235294 -22.776125473854208 4
      vertex 2.422449618975177 -22.62545205952507 4
    endloop
  endfacet
  facet normal -0.4775978354355872 0.6664870074674337 0.5724468328712691
    outer loop
      vertex 1.2936180366435315 -20.685875848118876 0.7999999999999998
      vertex 2.422449618975177 -22.62545205952507 4
      vertex 2.654378877957142 -22.459253902887518 4
    endloop
  endfacet
  facet normal -0.4127070298043847 0.9108638249211803 0
    outer loop
      vertex 1.1480502970952693 -21.771638597533858 0.20000000000000004
      vertex 1.326866070657004 -21.690618224598065 0
      vertex 1.1480502970952693 -21.771638597533858 0
    endloop
  endfacet
  facet normal 0 0 -1
    outer loop
      vertex 1.0625 -20.84030398304193 0.20000000000000004
      vertex 1.326866070657004 -21.690618224598065 0.20000000000000004
      vertex 1.1480502970952693 -21.771638597533858 0.20000000000000004
    endloop
  endfacet
  facet normal 0 0 -1
    outer loop
      vertex 1.0625 -20.84030398304193 0.20000000000000004
      vertex 1.1805867451666545 -20.76687292614291 0.20000000000000004
      vertex 1.326866070657004 -21.690618224598065 0.20000000000000004
    endloop
  endfacet
  facet normal -0.4127070298043847 0.9108638249211803 0
    outer loop
      vertex 1.1480502970952693 -21.771638597533858 0.20000000000000004
      vertex 1.326866070657004 -21.690618224598065 0.20000000000000004
      vertex 1.326866070657004 -21.690618224598065 0
    endloop
  endfacet
  facet normal -0.4713967368259986 0.8819212643483544 0
    outer loop
      vertex 1.326866070657004 -21.690618224598065 0.20000000000000004
      vertex 1.5 -21.598076211353316 0
      vertex 1.326866070657004 -21.690618224598065 0
    endloop
  endfacet
  facet normal 0 0 -1
    outer loop
      vertex 1.326866070657004 -21.690618224598065 0.20000000000000004
      vertex 1.2936180366435315 -20.685875848118876 0.20000000000000004
      vertex 1.5 -21.598076211353316 0.20000000000000004
    endloop
  endfacet
  facet normal -0.5280678506503595 0.849202181526584 0
    outer loop
      vertex 1.0625 -20.84030398304193 0.20000000000000004
      vertex 1.1805867451666545 -20.76687292614291 0.7999999999999998
      vertex 1.1805867451666545 -20.76687292614291 0.20000000000000004
    endloop
  endfacet
  facet normal -0.5824776968677988 0.8128466845916176 0
    outer loop
      vertex 1.1805867451666545 -20.76687292614291 0.20000000000000004
      vertex 1.2936180366435315 -20.685875848118876 0.7999999999999998
      vertex 1.2936180366435315 -20.685875848118876 0.20000000000000004
    endloop
  endfacet
  facet normal 0 0 -1
    outer loop
      vertex 1.1805867451666545 -20.76687292614291 0.20000000000000004
      vertex 1.2936180366435315 -20.685875848118876 0.20000000000000004
      vertex 1.326866070657004 -21.690618224598065 0.20000000000000004
    endloop
  endfacet
  facet normal 0 0 -1
    outer loop
      vertex 1.2936180366435315 -20.685875848118876 0.20000000000000004
      vertex 1.4011098570876463 -20.597659590892828 0.20000000000000004
      vertex 1.5 -21.598076211353316 0.20000000000000004
    endloop
  endfacet
  facet normal -0.6343932841636454 0.773010453362737 0
    outer loop
      vertex 1.2936180366435315 -20.685875848118876 0.20000000000000004
      vertex 1.4011098570876463 -20.597659590892828 0.7999999999999998
      vertex 1.4011098570876463 -20.597659590892828 0.20000000000000004
    endloop
  endfacet
  facet normal -0.5824776968677988 0.8128466845916176 0
    outer loop
      vertex 1.1805867451666545 -20.76687292614291 0.20000000000000004
      vertex 1.1805867451666545 -20.76687292614291 0.7999999999999998
      vertex 1.2936180366435315 -20.685875848118876 0.7999999999999998
    endloop
  endfacet
  facet normal -0.6343932841636454 0.773010453362737 0
    outer loop
      vertex 1.2936180366435315 -20.685875848118876 0.20000000000000004
      vertex 1.2936180366435315 -20.685875848118876 0.7999999999999998
      vertex 1.4011098570876463 -20.597659590892828 0.7999999999999998
    endloop
  endfacet
  facet normal -0.4713967368259986 0.8819212643483544 0
    outer loop
      vertex 1.326866070657004 -21.690618224598065 0.20000000000000004
      vertex 1.5 -21.598076211353316 0.20000000000000004
      vertex 1.5 -21.598076211353316 0
    endloop
  endfacet
  facet normal 0 0 -1
    outer loop
      vertex 1.4011098570876463 -20.597659590892828 0.20000000000000004
      vertex 1.6667106990588065 -21.494408836907635 0.20000000000000004
      vertex 1.5 -21.598076211353316 0.20000000000000004
    endloop
  endfacet
  facet normal -0.5280678506503723 0.8492021815265762 0
    outer loop
      vertex 1.5 -21.598076211353316 0.20000000000000004
      vertex 1.6667106990588065 -21.494408836907635 0
      vertex 1.5 -21.598076211353316 0
    endloop
  endfacet
  facet normal -0.5280678506503723 0.8492021815265762 0
    outer loop
      vertex 1.5 -21.598076211353316 0.20000000000000004
      vertex 1.6667106990588065 -21.494408836907635 0.20000000000000004
      vertex 1.6667106990588065 -21.494408836907635 0
    endloop
  endfacet
  facet normal 0 0 -1
    outer loop
      vertex 1.4011098570876463 -20.597659590892828 0.20000000000000004
      vertex 1.5026019100214136 -20.502601910021415 0.20000000000000004
      vertex 1.6667106990588065 -21.494408836907635 0.20000000000000004
    endloop
  endfacet
  facet normal -0.6835923020228697 0.729864072697837 0
    outer loop
      vertex 1.4011098570876463 -20.597659590892828 0.20000000000000004
      vertex 1.5026019100214136 -20.502601910021415 0.7999999999999998
      vertex 1.5026019100214136 -20.502601910021415 0.20000000000000004
    endloop
  endfacet
  facet normal 0 0 -1
    outer loop
      vertex 1.6667106990588065 -21.494408836907635 0.20000000000000004
      vertex 1.5026019100214136 -20.502601910021415 0.20000000000000004
      vertex 1.5976595908928268 -20.401109857087647 0.20000000000000004
    endloop
  endfacet
  facet normal -0.7298640726978394 0.6835923020228674 0
    outer loop
      vertex 1.5026019100214136 -20.502601910021415 0.20000000000000004
      vertex 1.5976595908928268 -20.401109857087647 0.7999999999999998
      vertex 1.5976595908928268 -20.401109857087647 0.20000000000000004
    endloop
  endfacet
  facet normal -0.7730104533627337 0.6343932841636495 0
    outer loop
      vertex 1.5976595908928268 -20.401109857087647 0.20000000000000004
      vertex 1.6858758481188747 -20.293618036643533 0.7999999999999998
      vertex 1.6858758481188747 -20.293618036643533 0.20000000000000004
    endloop
  endfacet
  facet normal -0.6835923020228697 0.729864072697837 0
    outer loop
      vertex 1.4011098570876463 -20.597659590892828 0.20000000000000004
      vertex 1.4011098570876463 -20.597659590892828 0.7999999999999998
      vertex 1.5026019100214136 -20.502601910021415 0.7999999999999998
    endloop
  endfacet
  facet normal -0.7298640726978394 0.6835923020228674 0
    outer loop
      vertex 1.5026019100214136 -20.502601910021415 0.20000000000000004
      vertex 1.5026019100214136 -20.502601910021415 0.7999999999999998
      vertex 1.5976595908928268 -20.401109857087647 0.7999999999999998
    endloop
  endfacet
  facet normal -0.7730104533627337 0.6343932841636495 0
    outer loop
      vertex 1.5976595908928268 -20.401109857087647 0.20000000000000004
      vertex 1.5976595908928268 -20.401109857087647 0.7999999999999998
      vertex 1.6858758481188747 -20.293618036643533 0.7999999999999998
    endloop
  endfacet
  facet normal -0.5824776968677945 0.8128466845916206 0
    outer loop
      vertex 1.6667106990588065 -21.494408836907635 0.20000000000000004
      vertex 1.826284287026162 -21.380060020873707 0
      vertex 1.6667106990588065 -21.494408836907635 0
    endloop
  endfacet
  facet normal -0.5824776968677945 0.8128466845916206 0
    outer loop
      vertex 1.6667106990588065 -21.494408836907635 0.20000000000000004
      vertex 1.826284287026162 -21.380060020873707 0.20000000000000004
      vertex 1.826284287026162 -21.380060020873707 0
    endloop
  endfacet
  facet normal -0.6343932841636466 0.773010453362736 0
    outer loop
      vertex 1.826284287026162 -21.380060020873707 0.20000000000000004
      vertex 1.9780374453002065 -21.255519422436933 0
      vertex 1.826284287026162 -21.380060020873707 0
    endloop
  endfacet
  facet normal -0.6343932841636466 0.773010453362736 0
    outer loop
      vertex 1.826284287026162 -21.380060020873707 0.20000000000000004
      vertex 1.9780374453002065 -21.255519422436933 0.20000000000000004
      vertex 1.9780374453002065 -21.255519422436933 0
    endloop
  endfacet
  facet normal 0 0 -1
    outer loop
      vertex 1.6667106990588065 -21.494408836907635 0.20000000000000004
      vertex 1.5976595908928268 -20.401109857087647 0.20000000000000004
      vertex 1.826284287026162 -21.380060020873707 0.20000000000000004
    endloop
  endfacet
  facet normal 0 0 -1
    outer loop
      vertex 1.5976595908928268 -20.401109857087647 0.20000000000000004
      vertex 1.6858758481188747 -20.293618036643533 0.20000000000000004
      vertex 1.826284287026162 -21.380060020873707 0.20000000000000004
    endloop
  endfacet
  facet normal 0 0 -1
    outer loop
      vertex 1.6858758481188747 -20.293618036643533 0.20000000000000004
      vertex 1.7668729261429086 -20.180586745166654 0.20000000000000004
      vertex 1.826284287026162 -21.380060020873707 0.20000000000000004
    endloop
  endfacet
  facet normal 0 0 -1
    outer loop
      vertex 1.826284287026162 -21.380060020873707 0.20000000000000004
      vertex 1.7668729261429086 -20.180586745166654 0.20000000000000004
      vertex 1.9780374453002065 -21.255519422436933 0.20000000000000004
    endloop
  endfacet
  facet normal 0 0 -1
    outer loop
      vertex 1.9780374453002065 -21.255519422436933 0.20000000000000004
      vertex 1.7668729261429086 -20.180586745166654 0.20000000000000004
      vertex 1.840303983041932 -20.0625 0.20000000000000004
    endloop
  endfacet
  facet normal 0 0 -1
    outer loop
      vertex 1.9780374453002065 -21.255519422436933 0.20000000000000004
      vertex 1.840303983041932 -20.0625 0.20000000000000004
      vertex 1.9058545757569625 -19.939863466715376 0.20000000000000004
    endloop
  endfacet
  facet normal 0 0 -1
    outer loop
      vertex 1.9780374453002065 -21.255519422436933 0.20000000000000004
      vertex 1.9058545757569625 -19.939863466715376 0.20000000000000004
      vertex 1.9632440065864842 -19.813202293775817 0.20000000000000004
    endloop
  endfacet
  facet normal -0.6835923020228745 0.7298640726978326 0
    outer loop
      vertex 1.9780374453002065 -21.255519422436933 0.20000000000000004
      vertex 2.121320343559643 -21.121320343559642 0
      vertex 1.9780374453002065 -21.255519422436933 0
    endloop
  endfacet
  facet normal -0.6835923020228745 0.7298640726978326 0
    outer loop
      vertex 1.9780374453002065 -21.255519422436933 0.20000000000000004
      vertex 2.121320343559643 -21.121320343559642 0.20000000000000004
      vertex 2.121320343559643 -21.121320343559642 0
    endloop
  endfacet
  facet normal 0 0 -1
    outer loop
      vertex 1.9780374453002065 -21.255519422436933 0.20000000000000004
      vertex 1.9632440065864842 -19.813202293775817 0.20000000000000004
      vertex 2.121320343559643 -21.121320343559642 0.20000000000000004
    endloop
  endfacet
  facet normal -0.729864072697836 0.6835923020228707 0
    outer loop
      vertex 2.121320343559643 -21.121320343559642 0.20000000000000004
      vertex 2.255519422436932 -20.978037445300206 0
      vertex 2.121320343559643 -21.121320343559642 0
    endloop
  endfacet
  facet normal -0.729864072697836 0.6835923020228707 0
    outer loop
      vertex 2.121320343559643 -21.121320343559642 0.20000000000000004
      vertex 2.255519422436932 -20.978037445300206 0.20000000000000004
      vertex 2.255519422436932 -20.978037445300206 0
    endloop
  endfacet
  facet normal 0 0 -1
    outer loop
      vertex 2.121320343559643 -21.121320343559642 0.20000000000000004
      vertex 2.1204502118820323 -19.138981649614053 0.20000000000000004
      vertex 2.255519422436932 -20.978037445300206 0.20000000000000004
    endloop
  endfacet
  facet normal -0.812846684591622 0.5824776968677926 0
    outer loop
      vertex 1.6858758481188747 -20.293618036643533 0.20000000000000004
      vertex 1.7668729261429086 -20.180586745166654 0.7999999999999998
      vertex 1.7668729261429086 -20.180586745166654 0.20000000000000004
    endloop
  endfacet
  facet normal -0.8492021815265766 0.5280678506503715 0
    outer loop
      vertex 1.7668729261429086 -20.180586745166654 0.20000000000000004
      vertex 1.840303983041932 -20.0625 0.7999999999999998
      vertex 1.840303983041932 -20.0625 0.20000000000000004
    endloop
  endfacet
  facet normal -0.8819212643483576 0.47139673682599315 0
    outer loop
      vertex 1.840303983041932 -20.0625 0.20000000000000004
      vertex 1.9058545757569625 -19.939863466715376 0.7999999999999998
      vertex 1.9058545757569625 -19.939863466715376 0.20000000000000004
    endloop
  endfacet
  facet normal -0.9108638249211732 0.4127070298044005 0
    outer loop
      vertex 1.9058545757569625 -19.939863466715376 0.20000000000000004
      vertex 1.9632440065864842 -19.813202293775817 0.7999999999999998
      vertex 1.9632440065864842 -19.813202293775817 0.20000000000000004
    endloop
  endfacet
  facet normal -0.812846684591622 0.5824776968677926 0
    outer loop
      vertex 1.6858758481188747 -20.293618036643533 0.20000000000000004
      vertex 1.6858758481188747 -20.293618036643533 0.7999999999999998
      vertex 1.7668729261429086 -20.180586745166654 0.7999999999999998
    endloop
  endfacet
  facet normal -0.8492021815265766 0.5280678506503715 0
    outer loop
      vertex 1.7668729261429086 -20.180586745166654 0.20000000000000004
      vertex 1.7668729261429086 -20.180586745166654 0.7999999999999998
      vertex 1.840303983041932 -20.0625 0.7999999999999998
    endloop
  endfacet
  facet normal -0.8819212643483576 0.47139673682599315 0
    outer loop
      vertex 1.840303983041932 -20.0625 0.20000000000000004
      vertex 1.840303983041932 -20.0625 0.7999999999999998
      vertex 1.9058545757569625 -19.939863466715376 0.7999999999999998
    endloop
  endfacet
  facet normal -0.9108638249211732 0.4127070298044005 0
    outer loop
      vertex 1.9058545757569625 -19.939863466715376 0.20000000000000004
      vertex 1.9058545757569625 -19.939863466715376 0.7999999999999998
      vertex 1.9632440065864842 -19.813202293775817 0.7999999999999998
    endloop
  endfacet
  facet normal 0 0 -1
    outer loop
      vertex 2.121320343559643 -21.121320343559642 0.20000000000000004
      vertex 1.9632440065864842 -19.813202293775817 0.20000000000000004
      vertex 2.0122265251770997 -19.68305886376922 0.20000000000000004
    endloop
  endfacet
  facet normal 0 0 -1
    outer loop
      vertex 2.121320343559643 -21.121320343559642 0.20000000000000004
      vertex 2.0122265251770997 -19.68305886376922 0.20000000000000004
      vertex 2.05259238086427 -19.549990470842857 0.20000000000000004
    endloop
  endfacet
  facet normal 0 0 -1
    outer loop
      vertex 2.121320343559643 -21.121320343559642 0.20000000000000004
      vertex 2.05259238086427 -19.549990470842857 0.20000000000000004
      vertex 2.084168720856865 -19.414566934284274 0.20000000000000004
    endloop
  endfacet
  facet normal 0 0 -1
    outer loop
      vertex 2.121320343559643 -21.121320343559642 0.20000000000000004
      vertex 2.084168720856865 -19.414566934284274 0.20000000000000004
      vertex 2.106820330419347 -19.27736815846761 0.20000000000000004
    endloop
  endfacet
  facet normal -0.9359059267573255 0.3522500479212341 0
    outer loop
      vertex 1.9632440065864842 -19.813202293775817 0.20000000000000004
      vertex 2.0122265251770997 -19.68305886376922 0.7999999999999998
      vertex 2.0122265251770997 -19.68305886376922 0.20000000000000004
    endloop
  endfacet
  facet normal -0.9569403357322089 0.2902846772544621 0
    outer loop
      vertex 2.0122265251770997 -19.68305886376922 0.20000000000000004
      vertex 2.05259238086427 -19.549990470842857 0.7999999999999998
      vertex 2.05259238086427 -19.549990470842857 0.20000000000000004
    endloop
  endfacet
  facet normal 0 0 -1
    outer loop
      vertex 2.121320343559643 -21.121320343559642 0.20000000000000004
      vertex 2.106820330419347 -19.27736815846761 0.20000000000000004
      vertex 2.1204502118820323 -19.138981649614053 0.20000000000000004
    endloop
  endfacet
  facet normal 0 0 -1
    outer loop
      vertex 2.1204502118820323 -19.138981649614053 0.20000000000000004
      vertex 2.125 -19 0.20000000000000004
      vertex 2.255519422436932 -20.978037445300206 0.20000000000000004
    endloop
  endfacet
  facet normal -0.9359059267573255 0.3522500479212341 0
    outer loop
      vertex 1.9632440065864842 -19.813202293775817 0.20000000000000004
      vertex 1.9632440065864842 -19.813202293775817 0.7999999999999998
      vertex 2.0122265251770997 -19.68305886376922 0.7999999999999998
    endloop
  endfacet
  facet normal -0.9569403357322089 0.2902846772544621 0
    outer loop
      vertex 2.0122265251770997 -19.68305886376922 0.20000000000000004
      vertex 2.0122265251770997 -19.68305886376922 0.7999999999999998
      vertex 2.05259238086427 -19.549990470842857 0.7999999999999998
    endloop
  endfacet
  facet normal -0.9738769792773332 0.2270762630343752 0
    outer loop
      vertex 2.05259238086427 -19.549990470842857 0.20000000000000004
      vertex 2.084168720856865 -19.414566934284274 0.7999999999999998
      vertex 2.084168720856865 -19.414566934284274 0.20000000000000004
    endloop
  endfacet
  facet normal -0.9866433320848798 0.16289547339458482 0
    outer loop
      vertex 2.084168720856865 -19.414566934284274 0.20000000000000004
      vertex 2.106820330419347 -19.27736815846761 0.7999999999999998
      vertex 2.106820330419347 -19.27736815846761 0.20000000000000004
    endloop
  endfacet
  facet normal -0.9951847266721969 0.09801714032956 0
    outer loop
      vertex 2.106820330419347 -19.27736815846761 0.20000000000000004
      vertex 2.1204502118820323 -19.138981649614053 0.7999999999999998
      vertex 2.1204502118820323 -19.138981649614053 0.20000000000000004
    endloop
  endfacet
  facet normal 0 0 -1
    outer loop
      vertex 2.125 -19 0.20000000000000004
      vertex 2.121320343559643 -16.878679656440358 0.20000000000000004
      vertex 2.255519422436932 -20.978037445300206 0.20000000000000004
    endloop
  endfacet
  facet normal -0.9994645874763656 0.032719082821777504 0
    outer loop
      vertex 2.1204502118820323 -19.138981649614053 0.20000000000000004
      vertex 2.125 -19 0.7999999999999998
      vertex 2.125 -19 0.20000000000000004
    endloop
  endfacet
  facet normal -0.9994645874763656 -0.032719082821777504 0
    outer loop
      vertex 2.125 -19 0.20000000000000004
      vertex 2.1204502118820323 -18.861018350385947 0.7999999999999998
      vertex 2.1204502118820323 -18.861018350385947 0.20000000000000004
    endloop
  endfacet
  facet normal -0.9951847266721969 -0.09801714032956 0
    outer loop
      vertex 2.106820330419347 -18.72263184153239 0.20000000000000004
      vertex 2.1204502118820323 -18.861018350385947 0.20000000000000004
      vertex 2.106820330419347 -18.72263184153239 0.7999999999999998
    endloop
  endfacet
  facet normal -0.9738769792773332 0.2270762630343752 0
    outer loop
      vertex 2.05259238086427 -19.549990470842857 0.20000000000000004
      vertex 2.05259238086427 -19.549990470842857 0.7999999999999998
      vertex 2.084168720856865 -19.414566934284274 0.7999999999999998
    endloop
  endfacet
  facet normal -0.9866433320848798 0.16289547339458482 0
    outer loop
      vertex 2.084168720856865 -19.414566934284274 0.20000000000000004
      vertex 2.084168720856865 -19.414566934284274 0.7999999999999998
      vertex 2.106820330419347 -19.27736815846761 0.7999999999999998
    endloop
  endfacet
  facet normal -0.9951847266721969 0.09801714032956 0
    outer loop
      vertex 2.106820330419347 -19.27736815846761 0.20000000000000004
      vertex 2.106820330419347 -19.27736815846761 0.7999999999999998
      vertex 2.1204502118820323 -19.138981649614053 0.7999999999999998
    endloop
  endfacet
  facet normal -0.9994645874763656 0.032719082821777504 0
    outer loop
      vertex 2.1204502118820323 -19.138981649614053 0.20000000000000004
      vertex 2.1204502118820323 -19.138981649614053 0.7999999999999998
      vertex 2.125 -19 0.7999999999999998
    endloop
  endfacet
  facet normal -0.9994645874763656 -0.032719082821777504 0
    outer loop
      vertex 2.125 -19 0.20000000000000004
      vertex 2.125 -19 0.7999999999999998
      vertex 2.1204502118820323 -18.861018350385947 0.7999999999999998
    endloop
  endfacet
  facet normal -0.9951847266721969 -0.09801714032956 0
    outer loop
      vertex 2.1204502118820323 -18.861018350385947 0.20000000000000004
      vertex 2.1204502118820323 -18.861018350385947 0.7999999999999998
      vertex 2.106820330419347 -18.72263184153239 0.7999999999999998
    endloop
  endfacet
  facet normal -0.33839576204128685 0.7468553620133892 0.5724468328712687
    outer loop
      vertex 0.8132022937758158 -20.963244006586486 0.7999999999999998
      vertex 1.6686123190624869 -23.02838649102348 4
      vertex 0.9398634667153778 -20.905854575756962 0.7999999999999998
    endloop
  endfacet
  facet normal -0.3865179084970042 0.723124145597943 0.572446832871269
    outer loop
      vertex 0.9398634667153778 -20.905854575756962 0.7999999999999998
      vertex 1.9285087742637337 -22.91062893918297 4
      vertex 1.0625 -20.84030398304193 0.7999999999999998
    endloop
  endfacet
  facet normal -0.43298492592922816 0.6962964005750093 0.5724468328712695
    outer loop
      vertex 1.0625 -20.84030398304193 0.7999999999999998
      vertex 2.1801470588235294 -22.776125473854208 4
      vertex 1.1805867451666545 -20.76687292614291 0.7999999999999998
    endloop
  endfacet
  facet normal -0.4775978354355808 0.6664870074674383 0.5724468328712692
    outer loop
      vertex 1.1805867451666545 -20.76687292614291 0.7999999999999998
      vertex 2.422449618975177 -22.62545205952507 4
      vertex 1.2936180366435315 -20.685875848118876 0.7999999999999998
    endloop
  endfacet
  facet normal -0.5201655976884434 0.6338236146729452 0.5724468328712687
    outer loop
      vertex 1.2936180366435315 -20.685875848118876 0.7999999999999998
      vertex 2.654378877957142 -22.459253902887518 4
      vertex 1.4011098570876463 -20.597659590892828 0.7999999999999998
    endloop
  endfacet
  facet normal -0.5605059309947242 0.5984460918540537 0.5724468328712691
    outer loop
      vertex 1.4011098570876463 -20.597659590892828 0.7999999999999998
      vertex 2.8749416790760356 -22.278242689963484 4
      vertex 1.5026019100214136 -20.502601910021415 0.7999999999999998
    endloop
  endfacet
  facet normal -0.5984460918540558 0.5605059309947225 0.5724468328712686
    outer loop
      vertex 1.5026019100214136 -20.502601910021415 0.7999999999999998
      vertex 3.0831935385560496 -22.08319353855605 4
      vertex 1.5976595908928268 -20.401109857087647 0.7999999999999998
    endloop
  endfacet
  facet normal -0.6338236146729423 0.5201655976884465 0.5724468328712692
    outer loop
      vertex 1.5976595908928268 -20.401109857087647 0.7999999999999998
      vertex 3.278242689963482 -21.874941679076038 4
      vertex 1.6858758481188747 -20.293618036643533 0.7999999999999998
    endloop
  endfacet
  facet normal -0.032719082821767595 -0.9994645874763659 0
    outer loop
      vertex 0 -16.875 0.20000000000000004
      vertex 0.13898164961405401 -16.879549788117966 0.20000000000000004
      vertex 0 -16.875 0.7999999999999998
    endloop
  endfacet
  facet normal 0 0 -1
    outer loop
      vertex 0 -16.875 0.20000000000000004
      vertex 0 -16 0.20000000000000004
      vertex 0.13898164961405401 -16.879549788117966 0.20000000000000004
    endloop
  endfacet
  facet normal -0.09801714032957695 -0.9951847266721953 0
    outer loop
      vertex 0.13898164961405401 -16.879549788117966 0.20000000000000004
      vertex 0.2773681584676096 -16.893179669580654 0.20000000000000004
      vertex 0.13898164961405401 -16.879549788117966 0.7999999999999998
    endloop
  endfacet
  facet normal 0 0 -1
    outer loop
      vertex 0.13898164961405401 -16.879549788117966 0.20000000000000004
      vertex 0.19620938769042917 -16.00642323028419 0.20000000000000004
      vertex 0.2773681584676096 -16.893179669580654 0.20000000000000004
    endloop
  endfacet
  facet normal -0.032719082821767595 -0.9994645874763659 0
    outer loop
      vertex 0.13898164961405401 -16.879549788117966 0.20000000000000004
      vertex 0.13898164961405401 -16.879549788117966 0.7999999999999998
      vertex 0 -16.875 0.7999999999999998
    endloop
  endfacet
  facet normal -0.09801714032957695 -0.9951847266721953 0
    outer loop
      vertex 0.2773681584676096 -16.893179669580654 0.20000000000000004
      vertex 0.2773681584676096 -16.893179669580654 0.7999999999999998
      vertex 0.13898164961405401 -16.879549788117966 0.7999999999999998
    endloop
  endfacet
  facet normal 0 0 -1
    outer loop
      vertex 0.13898164961405401 -16.879549788117966 0.20000000000000004
      vertex 0 -16 0.20000000000000004
      vertex 0.19620938769042917 -16.00642323028419 0.20000000000000004
    endloop
  endfacet
  facet normal -0.03271908282178673 -0.9994645874763652 0
    outer loop
      vertex 0 -16 0.20000000000000004
      vertex 0 -16 0
      vertex 0.19620938769042917 -16.00642323028419 0.20000000000000004
    endloop
  endfacet
  facet normal -0.03271908282178673 -0.9994645874763652 0
    outer loop
      vertex 0.19620938769042917 -16.00642323028419 0.20000000000000004
      vertex 0 -16 0
      vertex 0.19620938769042917 -16.00642323028419 0
    endloop
  endfacet
  facet normal -0.09801714032956008 -0.9951847266721969 0
    outer loop
      vertex 0.19620938769042917 -16.00642323028419 0.20000000000000004
      vertex 0.19620938769042917 -16.00642323028419 0
      vertex 0.3915785766601547 -16.02566541587857 0.20000000000000004
    endloop
  endfacet
  facet normal -0.1628954733945735 -0.9866433320848814 0
    outer loop
      vertex 0.2773681584676096 -16.893179669580654 0.20000000000000004
      vertex 0.41456693428427255 -16.915831279143134 0.20000000000000004
      vertex 0.2773681584676096 -16.893179669580654 0.7999999999999998
    endloop
  endfacet
  facet normal 0 0 -1
    outer loop
      vertex 0.2773681584676096 -16.893179669580654 0.20000000000000004
      vertex 0.3915785766601547 -16.02566541587857 0.20000000000000004
      vertex 0.41456693428427255 -16.915831279143134 0.20000000000000004
    endloop
  endfacet
  facet normal -0.2270762630343897 -0.9738769792773299 0
    outer loop
      vertex 0.41456693428427255 -16.915831279143134 0.20000000000000004
      vertex 0.5499904708428566 -16.94740761913573 0.20000000000000004
      vertex 0.41456693428427255 -16.915831279143134 0.7999999999999998
    endloop
  endfacet
  facet normal 0 0 -1
    outer loop
      vertex 0.41456693428427255 -16.915831279143134 0.20000000000000004
      vertex 0.3915785766601547 -16.02566541587857 0.20000000000000004
      vertex 0.5499904708428566 -16.94740761913573 0.20000000000000004
    endloop
  endfacet
  facet normal -0.1628954733945735 -0.9866433320848814 0
    outer loop
      vertex 0.41456693428427255 -16.915831279143134 0.20000000000000004
      vertex 0.41456693428427255 -16.915831279143134 0.7999999999999998
      vertex 0.2773681584676096 -16.893179669580654 0.7999999999999998
    endloop
  endfacet
  facet normal -0.2270762630343897 -0.9738769792773299 0
    outer loop
      vertex 0.5499904708428566 -16.94740761913573 0.20000000000000004
      vertex 0.5499904708428566 -16.94740761913573 0.7999999999999998
      vertex 0.41456693428427255 -16.915831279143134 0.7999999999999998
    endloop
  endfacet
  facet normal 0 0 -1
    outer loop
      vertex 0.2773681584676096 -16.893179669580654 0.20000000000000004
      vertex 0.19620938769042917 -16.00642323028419 0.20000000000000004
      vertex 0.3915785766601547 -16.02566541587857 0.20000000000000004
    endloop
  endfacet
  facet normal -0.09801714032956008 -0.9951847266721969 0
    outer loop
      vertex 0.3915785766601547 -16.02566541587857 0.20000000000000004
      vertex 0.19620938769042917 -16.00642323028419 0
      vertex 0.3915785766601547 -16.02566541587857 0
    endloop
  endfacet
  facet normal -0.162895473394588 -0.9866433320848791 0
    outer loop
      vertex 0.3915785766601547 -16.02566541587857 0.20000000000000004
      vertex 0.3915785766601547 -16.02566541587857 0
      vertex 0.5852709660483848 -16.05764415879031 0.20000000000000004
    endloop
  endfacet
  facet normal 0 0 -1
    outer loop
      vertex 0.5499904708428566 -16.94740761913573 0.20000000000000004
      vertex 0.3915785766601547 -16.02566541587857 0.20000000000000004
      vertex 0.5852709660483848 -16.05764415879031 0.20000000000000004
    endloop
  endfacet
  facet normal -0.162895473394588 -0.9866433320848791 0
    outer loop
      vertex 0.5852709660483848 -16.05764415879031 0.20000000000000004
      vertex 0.3915785766601547 -16.02566541587857 0
      vertex 0.5852709660483848 -16.05764415879031 0
    endloop
  endfacet
  facet normal -0.2902846772544615 -0.9569403357322092 0
    outer loop
      vertex 0.5499904708428566 -16.94740761913573 0.20000000000000004
      vertex 0.6830588637692183 -16.9877734748229 0.20000000000000004
      vertex 0.5499904708428566 -16.94740761913573 0.7999999999999998
    endloop
  endfacet
  facet normal 0 0 -1
    outer loop
      vertex 0.5499904708428566 -16.94740761913573 0.20000000000000004
      vertex 0.5852709660483848 -16.05764415879031 0.20000000000000004
      vertex 0.6830588637692183 -16.9877734748229 0.20000000000000004
    endloop
  endfacet
  facet normal -0.3522500479212181 -0.9359059267573315 0
    outer loop
      vertex 0.6830588637692183 -16.9877734748229 0.20000000000000004
      vertex 0.8132022937758158 -17.036755993413514 0.20000000000000004
      vertex 0.6830588637692183 -16.9877734748229 0.7999999999999998
    endloop
  endfacet
  facet normal 0 0 -1
    outer loop
      vertex 0.6830588637692183 -16.9877734748229 0.20000000000000004
      vertex 0.7764571353075622 -16.102222521132795 0.20000000000000004
      vertex 0.8132022937758158 -17.036755993413514 0.20000000000000004
    endloop
  endfacet
  facet normal -0.2902846772544615 -0.9569403357322092 0
    outer loop
      vertex 0.6830588637692183 -16.9877734748229 0.20000000000000004
      vertex 0.6830588637692183 -16.9877734748229 0.7999999999999998
      vertex 0.5499904708428566 -16.94740761913573 0.7999999999999998
    endloop
  endfacet
  facet normal -0.3522500479212181 -0.9359059267573315 0
    outer loop
      vertex 0.8132022937758158 -17.036755993413514 0.20000000000000004
      vertex 0.8132022937758158 -17.036755993413514 0.7999999999999998
      vertex 0.6830588637692183 -16.9877734748229 0.7999999999999998
    endloop
  endfacet
  facet normal 0 0 -1
    outer loop
      vertex 0.6830588637692183 -16.9877734748229 0.20000000000000004
      vertex 0.5852709660483848 -16.05764415879031 0.20000000000000004
      vertex 0.7764571353075622 -16.102222521132795 0.20000000000000004
    endloop
  endfacet
  facet normal -0.2270762630343635 -0.9738769792773359 0
    outer loop
      vertex 0.5852709660483848 -16.05764415879031 0.20000000000000004
      vertex 0.5852709660483848 -16.05764415879031 0
      vertex 0.7764571353075622 -16.102222521132795 0.20000000000000004
    endloop
  endfacet
  facet normal -0.2270762630343635 -0.9738769792773359 0
    outer loop
      vertex 0.7764571353075622 -16.102222521132795 0.20000000000000004
      vertex 0.5852709660483848 -16.05764415879031 0
      vertex 0.7764571353075622 -16.102222521132795 0
    endloop
  endfacet
  facet normal -0.2902846772544633 -0.9569403357322086 0
    outer loop
      vertex 0.7764571353075622 -16.102222521132795 0.20000000000000004
      vertex 0.7764571353075622 -16.102222521132795 0
      vertex 0.9643183959094848 -16.159209611514683 0.20000000000000004
    endloop
  endfacet
  facet normal -0.41270702980440677 -0.9108638249211704 0
    outer loop
      vertex 0.8132022937758158 -17.036755993413514 0.20000000000000004
      vertex 0.9398634667153778 -17.094145424243038 0.20000000000000004
      vertex 0.8132022937758158 -17.036755993413514 0.7999999999999998
    endloop
  endfacet
  facet normal -0.47139673682599953 -0.8819212643483539 0
    outer loop
      vertex 0.9398634667153778 -17.094145424243038 0.20000000000000004
      vertex 1.0625 -17.15969601695807 0.20000000000000004
      vertex 0.9398634667153778 -17.094145424243038 0.7999999999999998
    endloop
  endfacet
  facet normal 0 0 -1
    outer loop
      vertex 0.8132022937758158 -17.036755993413514 0.20000000000000004
      vertex 0.9643183959094848 -16.159209611514683 0.20000000000000004
      vertex 0.9398634667153778 -17.094145424243038 0.20000000000000004
    endloop
  endfacet
  facet normal 0 0 -1
    outer loop
      vertex 0.8132022937758158 -17.036755993413514 0.20000000000000004
      vertex 0.7764571353075622 -16.102222521132795 0.20000000000000004
      vertex 0.9643183959094848 -16.159209611514683 0.20000000000000004
    endloop
  endfacet
  facet normal 0 0 -1
    outer loop
      vertex 0.9398634667153778 -17.094145424243038 0.20000000000000004
      vertex 0.9643183959094848 -16.159209611514683 0.20000000000000004
      vertex 1.0625 -17.15969601695807 0.20000000000000004
    endloop
  endfacet
  facet normal -0.5280678506503595 -0.849202181526584 0
    outer loop
      vertex 1.0625 -17.15969601695807 0.20000000000000004
      vertex 1.1805867451666545 -17.23312707385709 0.20000000000000004
      vertex 1.0625 -17.15969601695807 0.7999999999999998
    endloop
  endfacet
  facet normal 0 0 -1
    outer loop
      vertex 0.9643183959094848 -16.159209611514683 0.20000000000000004
      vertex 1.1480502970952693 -16.228361402466142 0.20000000000000004
      vertex 1.0625 -17.15969601695807 0.20000000000000004
    endloop
  endfacet
  facet normal -0.41270702980440677 -0.9108638249211704 0
    outer loop
      vertex 0.9398634667153778 -17.094145424243038 0.20000000000000004
      vertex 0.9398634667153778 -17.094145424243038 0.7999999999999998
      vertex 0.8132022937758158 -17.036755993413514 0.7999999999999998
    endloop
  endfacet
  facet normal -0.47139673682599953 -0.8819212643483539 0
    outer loop
      vertex 1.0625 -17.15969601695807 0.20000000000000004
      vertex 1.0625 -17.15969601695807 0.7999999999999998
      vertex 0.9398634667153778 -17.094145424243038 0.7999999999999998
    endloop
  endfacet
  facet normal -0.2902846772544633 -0.9569403357322086 0
    outer loop
      vertex 0.9643183959094848 -16.159209611514683 0.20000000000000004
      vertex 0.7764571353075622 -16.102222521132795 0
      vertex 0.9643183959094848 -16.159209611514683 0
    endloop
  endfacet
  facet normal -0.35225004792124254 -0.9359059267573223 0
    outer loop
      vertex 0.9643183959094848 -16.159209611514683 0.20000000000000004
      vertex 0.9643183959094848 -16.159209611514683 0
      vertex 1.1480502970952693 -16.228361402466142 0.20000000000000004
    endloop
  endfacet
  facet normal -0.35225004792124254 -0.9359059267573223 0
    outer loop
      vertex 1.1480502970952693 -16.228361402466142 0.20000000000000004
      vertex 0.9643183959094848 -16.159209611514683 0
      vertex 1.1480502970952693 -16.228361402466142 0
    endloop
  endfacet
  facet normal -0.026827745022931518 -0.8195028344262382 0.5724468328712689
    outer loop
      vertex 0 -16.875 0.7999999999999998
      vertex 0.13898164961405401 -16.879549788117966 0.7999999999999998
      vertex 0.28517687965790317 -14.649041606761088 4
    endloop
  endfacet
  facet normal -0.08036835454597038 -0.815993597476859 0.5724468328712694
    outer loop
      vertex 0.13898164961405401 -16.879549788117966 0.7999999999999998
      vertex 0.2773681584676096 -16.893179669580654 0.7999999999999998
      vertex 0.5691325881359601 -14.677008802980371 4
    endloop
  endfacet
  facet normal -0.13356481443642296 -0.8089901506694736 0.5724468328712686
    outer loop
      vertex 0.2773681584676096 -16.893179669580654 0.7999999999999998
      vertex 0.41456693428427255 -16.915831279143134 0.7999999999999998
      vertex 0.8506511834967945 -14.723487711182973 4
    endloop
  endfacet
  facet normal -0.18618932928626722 -0.7985224838384847 0.5724468328712693
    outer loop
      vertex 0.41456693428427255 -16.915831279143134 0.7999999999999998
      vertex 0.5499904708428566 -16.94740761913573 0.7999999999999998
      vertex 1.12852715989555 -14.788279301548402 4
    endloop
  endfacet
  facet normal -0.2380165528437616 -0.7846354211403066 0.5724468328712691
    outer loop
      vertex 0.5499904708428566 -16.94740761913573 0.7999999999999998
      vertex 0.6830588637692183 -16.9877734748229 0.7999999999999998
      vertex 1.4015706097409912 -14.871106126539724 4
    endloop
  endfacet
  facet normal -0.28882455298101556 -0.7673884291093854 0.5724468328712687
    outer loop
      vertex 0.6830588637692183 -16.9877734748229 0.7999999999999998
      vertex 0.8132022937758158 -17.036755993413514 0.7999999999999998
      vertex 1.6686123190624869 -14.971613508976521 4
    endloop
  endfacet
  facet normal -0.026827745022932965 -0.819502834426238 0.572446832871269
    outer loop
      vertex 0 -16.875 0.7999999999999998
      vertex 0.28517687965790317 -14.649041606761088 4
      vertex 0 -14.639705882352942 4
    endloop
  endfacet
  facet normal -0.08036835454596054 -0.8159935974768602 0.5724468328712689
    outer loop
      vertex 0.13898164961405401 -16.879549788117966 0.7999999999999998
      vertex 0.5691325881359601 -14.677008802980371 4
      vertex 0.28517687965790317 -14.649041606761088 4
    endloop
  endfacet
  facet normal -0.1335648144364339 -0.8089901506694714 0.5724468328712692
    outer loop
      vertex 0.2773681584676096 -16.893179669580654 0.7999999999999998
      vertex 0.8506511834967945 -14.723487711182973 4
      vertex 0.5691325881359601 -14.677008802980371 4
    endloop
  endfacet
  facet normal -0.18618932928625792 -0.7985224838384872 0.5724468328712687
    outer loop
      vertex 0.41456693428427255 -16.915831279143134 0.7999999999999998
      vertex 1.12852715989555 -14.788279301548402 4
      vertex 0.8506511834967945 -14.723487711182973 4
    endloop
  endfacet
  facet normal -0.238016552843762 -0.7846354211403066 0.5724468328712689
    outer loop
      vertex 0.5499904708428566 -16.94740761913573 0.7999999999999998
      vertex 1.4015706097409912 -14.871106126539724 4
      vertex 1.12852715989555 -14.788279301548402 4
    endloop
  endfacet
  facet normal -0.5824776968677988 -0.8128466845916176 0
    outer loop
      vertex 1.1805867451666545 -17.23312707385709 0.20000000000000004
      vertex 1.2936180366435315 -17.314124151881124 0.20000000000000004
      vertex 1.1805867451666545 -17.23312707385709 0.7999999999999998
    endloop
  endfacet
  facet normal -0.6343932841636454 -0.773010453362737 0
    outer loop
      vertex 1.2936180366435315 -17.314124151881124 0.20000000000000004
      vertex 1.4011098570876463 -17.402340409107172 0.20000000000000004
      vertex 1.2936180366435315 -17.314124151881124 0.7999999999999998
    endloop
  endfacet
  facet normal -0.5280678506503595 -0.849202181526584 0
    outer loop
      vertex 1.0625 -17.15969601695807 0.7999999999999998
      vertex 1.1805867451666545 -17.23312707385709 0.20000000000000004
      vertex 1.1805867451666545 -17.23312707385709 0.7999999999999998
    endloop
  endfacet
  facet normal -0.5824776968677988 -0.8128466845916176 0
    outer loop
      vertex 1.2936180366435315 -17.314124151881124 0.20000000000000004
      vertex 1.2936180366435315 -17.314124151881124 0.7999999999999998
      vertex 1.1805867451666545 -17.23312707385709 0.7999999999999998
    endloop
  endfacet
  facet normal -0.6343932841636454 -0.773010453362737 0
    outer loop
      vertex 1.4011098570876463 -17.402340409107172 0.20000000000000004
      vertex 1.4011098570876463 -17.402340409107172 0.7999999999999998
      vertex 1.2936180366435315 -17.314124151881124 0.7999999999999998
    endloop
  endfacet
  facet normal -0.6835923020228697 -0.729864072697837 0
    outer loop
      vertex 1.4011098570876463 -17.402340409107172 0.20000000000000004
      vertex 1.5026019100214136 -17.497398089978585 0.20000000000000004
      vertex 1.4011098570876463 -17.402340409107172 0.7999999999999998
    endloop
  endfacet
  facet normal -0.7298640726978394 -0.6835923020228674 0
    outer loop
      vertex 1.5026019100214136 -17.497398089978585 0.20000000000000004
      vertex 1.5976595908928268 -17.598890142912353 0.20000000000000004
      vertex 1.5026019100214136 -17.497398089978585 0.7999999999999998
    endloop
  endfacet
  facet normal -0.7730104533627337 -0.6343932841636495 0
    outer loop
      vertex 1.6858758481188747 -17.706381963356467 0.20000000000000004
      vertex 1.5976595908928268 -17.598890142912353 0.7999999999999998
      vertex 1.5976595908928268 -17.598890142912353 0.20000000000000004
    endloop
  endfacet
  facet normal 0 0 -1
    outer loop
      vertex 1.6858758481188747 -17.706381963356467 0.20000000000000004
      vertex 1.5976595908928268 -17.598890142912353 0.20000000000000004
      vertex 1.6667106990588065 -16.505591163092365 0.20000000000000004
    endloop
  endfacet
  facet normal -0.6835923020228697 -0.729864072697837 0
    outer loop
      vertex 1.5026019100214136 -17.497398089978585 0.20000000000000004
      vertex 1.5026019100214136 -17.497398089978585 0.7999999999999998
      vertex 1.4011098570876463 -17.402340409107172 0.7999999999999998
    endloop
  endfacet
  facet normal -0.7730104533627337 -0.6343932841636495 0
    outer loop
      vertex 1.6858758481188747 -17.706381963356467 0.20000000000000004
      vertex 1.6858758481188747 -17.706381963356467 0.7999999999999998
      vertex 1.5976595908928268 -17.598890142912353 0.7999999999999998
    endloop
  endfacet
  facet normal -0.7298640726978394 -0.6835923020228674 0
    outer loop
      vertex 1.5976595908928268 -17.598890142912353 0.20000000000000004
      vertex 1.5976595908928268 -17.598890142912353 0.7999999999999998
      vertex 1.5026019100214136 -17.497398089978585 0.7999999999999998
    endloop
  endfacet
  facet normal 0 0 -1
    outer loop
      vertex 1.0625 -17.15969601695807 0.20000000000000004
      vertex 1.1480502970952693 -16.228361402466142 0.20000000000000004
      vertex 1.1805867451666545 -17.23312707385709 0.20000000000000004
    endloop
  endfacet
  facet normal 0 0 -1
    outer loop
      vertex 1.1805867451666545 -17.23312707385709 0.20000000000000004
      vertex 1.1480502970952693 -16.228361402466142 0.20000000000000004
      vertex 1.2936180366435315 -17.314124151881124 0.20000000000000004
    endloop
  endfacet
  facet normal 0 0 -1
    outer loop
      vertex 1.1480502970952693 -16.228361402466142 0.20000000000000004
      vertex 1.326866070657004 -16.309381775401935 0.20000000000000004
      vertex 1.2936180366435315 -17.314124151881124 0.20000000000000004
    endloop
  endfacet
  facet normal 0 0 -1
    outer loop
      vertex 1.2936180366435315 -17.314124151881124 0.20000000000000004
      vertex 1.326866070657004 -16.309381775401935 0.20000000000000004
      vertex 1.4011098570876463 -17.402340409107172 0.20000000000000004
    endloop
  endfacet
  facet normal -0.4127070298043847 -0.9108638249211803 0
    outer loop
      vertex 1.1480502970952693 -16.228361402466142 0.20000000000000004
      vertex 1.1480502970952693 -16.228361402466142 0
      vertex 1.326866070657004 -16.309381775401935 0.20000000000000004
    endloop
  endfacet
  facet normal -0.4127070298043847 -0.9108638249211803 0
    outer loop
      vertex 1.326866070657004 -16.309381775401935 0.20000000000000004
      vertex 1.1480502970952693 -16.228361402466142 0
      vertex 1.326866070657004 -16.309381775401935 0
    endloop
  endfacet
  facet normal -0.4713967368259986 -0.8819212643483544 0
    outer loop
      vertex 1.326866070657004 -16.309381775401935 0.20000000000000004
      vertex 1.326866070657004 -16.309381775401935 0
      vertex 1.5 -16.401923788646684 0.20000000000000004
    endloop
  endfacet
  facet normal 0 0 -1
    outer loop
      vertex 1.4011098570876463 -17.402340409107172 0.20000000000000004
      vertex 1.5 -16.401923788646684 0.20000000000000004
      vertex 1.5026019100214136 -17.497398089978585 0.20000000000000004
    endloop
  endfacet
  facet normal 0 0 -1
    outer loop
      vertex 1.5026019100214136 -17.497398089978585 0.20000000000000004
      vertex 1.5 -16.401923788646684 0.20000000000000004
      vertex 1.5976595908928268 -17.598890142912353 0.20000000000000004
    endloop
  endfacet
  facet normal 0 0 -1
    outer loop
      vertex 1.4011098570876463 -17.402340409107172 0.20000000000000004
      vertex 1.326866070657004 -16.309381775401935 0.20000000000000004
      vertex 1.5 -16.401923788646684 0.20000000000000004
    endloop
  endfacet
  facet normal 0 0 -1
    outer loop
      vertex 1.5 -16.401923788646684 0.20000000000000004
      vertex 1.6667106990588065 -16.505591163092365 0.20000000000000004
      vertex 1.5976595908928268 -17.598890142912353 0.20000000000000004
    endloop
  endfacet
  facet normal -0.5280678506503723 -0.8492021815265762 0
    outer loop
      vertex 1.6667106990588065 -16.505591163092365 0.20000000000000004
      vertex 1.5 -16.401923788646684 0
      vertex 1.6667106990588065 -16.505591163092365 0
    endloop
  endfacet
  facet normal -0.5280678506503723 -0.8492021815265762 0
    outer loop
      vertex 1.5 -16.401923788646684 0.20000000000000004
      vertex 1.5 -16.401923788646684 0
      vertex 1.6667106990588065 -16.505591163092365 0.20000000000000004
    endloop
  endfacet
  facet normal -0.4713967368259986 -0.8819212643483544 0
    outer loop
      vertex 1.5 -16.401923788646684 0.20000000000000004
      vertex 1.326866070657004 -16.309381775401935 0
      vertex 1.5 -16.401923788646684 0
    endloop
  endfacet
  facet normal -0.8819212643483576 -0.47139673682599315 0
    outer loop
      vertex 1.840303983041932 -17.9375 0.20000000000000004
      vertex 1.9058545757569625 -18.060136533284624 0.20000000000000004
      vertex 1.840303983041932 -17.9375 0.7999999999999998
    endloop
  endfacet
  facet normal -0.9108638249211732 -0.4127070298044005 0
    outer loop
      vertex 1.9058545757569625 -18.060136533284624 0.20000000000000004
      vertex 1.9632440065864842 -18.186797706224183 0.20000000000000004
      vertex 1.9058545757569625 -18.060136533284624 0.7999999999999998
    endloop
  endfacet
  facet normal -0.8819212643483576 -0.47139673682599315 0
    outer loop
      vertex 1.9058545757569625 -18.060136533284624 0.20000000000000004
      vertex 1.9058545757569625 -18.060136533284624 0.7999999999999998
      vertex 1.840303983041932 -17.9375 0.7999999999999998
    endloop
  endfacet
  facet normal -0.9108638249211732 -0.4127070298044005 0
    outer loop
      vertex 1.9632440065864842 -18.186797706224183 0.20000000000000004
      vertex 1.9632440065864842 -18.186797706224183 0.7999999999999998
      vertex 1.9058545757569625 -18.060136533284624 0.7999999999999998
    endloop
  endfacet
  facet normal -0.812846684591622 -0.5824776968677926 0
    outer loop
      vertex 1.6858758481188747 -17.706381963356467 0.20000000000000004
      vertex 1.7668729261429086 -17.819413254833346 0.20000000000000004
      vertex 1.6858758481188747 -17.706381963356467 0.7999999999999998
    endloop
  endfacet
  facet normal -0.8492021815265766 -0.5280678506503715 0
    outer loop
      vertex 1.7668729261429086 -17.819413254833346 0.20000000000000004
      vertex 1.840303983041932 -17.9375 0.20000000000000004
      vertex 1.7668729261429086 -17.819413254833346 0.7999999999999998
    endloop
  endfacet
  facet normal 0 0 -1
    outer loop
      vertex 1.6858758481188747 -17.706381963356467 0.20000000000000004
      vertex 1.6667106990588065 -16.505591163092365 0.20000000000000004
      vertex 1.7668729261429086 -17.819413254833346 0.20000000000000004
    endloop
  endfacet
  facet normal 0 0 -1
    outer loop
      vertex 1.7668729261429086 -17.819413254833346 0.20000000000000004
      vertex 1.826284287026162 -16.619939979126293 0.20000000000000004
      vertex 1.840303983041932 -17.9375 0.20000000000000004
    endloop
  endfacet
  facet normal 0 0 -1
    outer loop
      vertex 1.9058545757569625 -18.060136533284624 0.20000000000000004
      vertex 1.9780374453002065 -16.744480577563067 0.20000000000000004
      vertex 1.9632440065864842 -18.186797706224183 0.20000000000000004
    endloop
  endfacet
  facet normal 0 0 -1
    outer loop
      vertex 1.840303983041932 -17.9375 0.20000000000000004
      vertex 1.826284287026162 -16.619939979126293 0.20000000000000004
      vertex 1.9058545757569625 -18.060136533284624 0.20000000000000004
    endloop
  endfacet
  facet normal -0.812846684591622 -0.5824776968677926 0
    outer loop
      vertex 1.7668729261429086 -17.819413254833346 0.20000000000000004
      vertex 1.7668729261429086 -17.819413254833346 0.7999999999999998
      vertex 1.6858758481188747 -17.706381963356467 0.7999999999999998
    endloop
  endfacet
  facet normal -0.8492021815265766 -0.5280678506503715 0
    outer loop
      vertex 1.840303983041932 -17.9375 0.20000000000000004
      vertex 1.840303983041932 -17.9375 0.7999999999999998
      vertex 1.7668729261429086 -17.819413254833346 0.7999999999999998
    endloop
  endfacet
  facet normal -0.9569403357322089 -0.2902846772544621 0
    outer loop
      vertex 2.05259238086427 -18.450009529157143 0.20000000000000004
      vertex 2.0122265251770997 -18.31694113623078 0.7999999999999998
      vertex 2.0122265251770997 -18.31694113623078 0.20000000000000004
    endloop
  endfacet
  facet normal -0.9866433320848798 -0.16289547339458482 0
    outer loop
      vertex 2.084168720856865 -18.585433065715726 0.20000000000000004
      vertex 2.106820330419347 -18.72263184153239 0.20000000000000004
      vertex 2.084168720856865 -18.585433065715726 0.7999999999999998
    endloop
  endfacet
  facet normal -0.9738769792773332 -0.2270762630343752 0
    outer loop
      vertex 2.05259238086427 -18.450009529157143 0.20000000000000004
      vertex 2.084168720856865 -18.585433065715726 0.20000000000000004
      vertex 2.05259238086427 -18.450009529157143 0.7999999999999998
    endloop
  endfacet
  facet normal 0 0 -1
    outer loop
      vertex 2.05259238086427 -18.450009529157143 0.20000000000000004
      vertex 2.121320343559643 -16.878679656440358 0.20000000000000004
      vertex 2.084168720856865 -18.585433065715726 0.20000000000000004
    endloop
  endfacet
  facet normal 0 0 -1
    outer loop
      vertex 2.084168720856865 -18.585433065715726 0.20000000000000004
      vertex 2.121320343559643 -16.878679656440358 0.20000000000000004
      vertex 2.106820330419347 -18.72263184153239 0.20000000000000004
    endloop
  endfacet
  facet normal -0.9359059267573255 -0.3522500479212341 0
    outer loop
      vertex 1.9632440065864842 -18.186797706224183 0.20000000000000004
      vertex 2.0122265251770997 -18.31694113623078 0.20000000000000004
      vertex 1.9632440065864842 -18.186797706224183 0.7999999999999998
    endloop
  endfacet
  facet normal 0 0 -1
    outer loop
      vertex 2.125 -19 0.20000000000000004
      vertex 2.1204502118820323 -18.861018350385947 0.20000000000000004
      vertex 2.121320343559643 -16.878679656440358 0.20000000000000004
    endloop
  endfacet
  facet normal 0 0 -1
    outer loop
      vertex 2.106820330419347 -18.72263184153239 0.20000000000000004
      vertex 2.121320343559643 -16.878679656440358 0.20000000000000004
      vertex 2.1204502118820323 -18.861018350385947 0.20000000000000004
    endloop
  endfacet
  facet normal 0 0 -1
    outer loop
      vertex 2.121320343559643 -16.878679656440358 0.20000000000000004
      vertex 2.255519422436932 -17.021962554699794 0.20000000000000004
      vertex 2.255519422436932 -20.978037445300206 0.20000000000000004
    endloop
  endfacet
  facet normal -0.9866433320848798 -0.16289547339458482 0
    outer loop
      vertex 2.106820330419347 -18.72263184153239 0.20000000000000004
      vertex 2.106820330419347 -18.72263184153239 0.7999999999999998
      vertex 2.084168720856865 -18.585433065715726 0.7999999999999998
    endloop
  endfacet
  facet normal -0.9738769792773332 -0.2270762630343752 0
    outer loop
      vertex 2.084168720856865 -18.585433065715726 0.20000000000000004
      vertex 2.084168720856865 -18.585433065715726 0.7999999999999998
      vertex 2.05259238086427 -18.450009529157143 0.7999999999999998
    endloop
  endfacet
  facet normal -0.9569403357322089 -0.2902846772544621 0
    outer loop
      vertex 2.05259238086427 -18.450009529157143 0.20000000000000004
      vertex 2.05259238086427 -18.450009529157143 0.7999999999999998
      vertex 2.0122265251770997 -18.31694113623078 0.7999999999999998
    endloop
  endfacet
  facet normal -0.9359059267573255 -0.3522500479212341 0
    outer loop
      vertex 2.0122265251770997 -18.31694113623078 0.20000000000000004
      vertex 2.0122265251770997 -18.31694113623078 0.7999999999999998
      vertex 1.9632440065864842 -18.186797706224183 0.7999999999999998
    endloop
  endfacet
  facet normal 0 0 -1
    outer loop
      vertex 2.05259238086427 -18.450009529157143 0.20000000000000004
      vertex 2.0122265251770997 -18.31694113623078 0.20000000000000004
      vertex 1.9780374453002065 -16.744480577563067 0.20000000000000004
    endloop
  endfacet
  facet normal 0 0 -1
    outer loop
      vertex 1.9632440065864842 -18.186797706224183 0.20000000000000004
      vertex 1.9780374453002065 -16.744480577563067 0.20000000000000004
      vertex 2.0122265251770997 -18.31694113623078 0.20000000000000004
    endloop
  endfacet
  facet normal 0 0 -1
    outer loop
      vertex 2.05259238086427 -18.450009529157143 0.20000000000000004
      vertex 1.9780374453002065 -16.744480577563067 0.20000000000000004
      vertex 2.121320343559643 -16.878679656440358 0.20000000000000004
    endloop
  endfacet
  facet normal 0 0 -1
    outer loop
      vertex 1.7668729261429086 -17.819413254833346 0.20000000000000004
      vertex 1.6667106990588065 -16.505591163092365 0.20000000000000004
      vertex 1.826284287026162 -16.619939979126293 0.20000000000000004
    endloop
  endfacet
  facet normal -0.5824776968677945 -0.8128466845916206 0
    outer loop
      vertex 1.6667106990588065 -16.505591163092365 0.20000000000000004
      vertex 1.6667106990588065 -16.505591163092365 0
      vertex 1.826284287026162 -16.619939979126293 0.20000000000000004
    endloop
  endfacet
  facet normal -0.5824776968677945 -0.8128466845916206 0
    outer loop
      vertex 1.826284287026162 -16.619939979126293 0.20000000000000004
      vertex 1.6667106990588065 -16.505591163092365 0
      vertex 1.826284287026162 -16.619939979126293 0
    endloop
  endfacet
  facet normal 0 0 -1
    outer loop
      vertex 1.9058545757569625 -18.060136533284624 0.20000000000000004
      vertex 1.826284287026162 -16.619939979126293 0.20000000000000004
      vertex 1.9780374453002065 -16.744480577563067 0.20000000000000004
    endloop
  endfacet
  facet normal -0.6343932841636466 -0.773010453362736 0
    outer loop
      vertex 1.826284287026162 -16.619939979126293 0.20000000000000004
      vertex 1.826284287026162 -16.619939979126293 0
      vertex 1.9780374453002065 -16.744480577563067 0.20000000000000004
    endloop
  endfacet
  facet normal -0.6343932841636466 -0.773010453362736 0
    outer loop
      vertex 1.9780374453002065 -16.744480577563067 0.20000000000000004
      vertex 1.826284287026162 -16.619939979126293 0
      vertex 1.9780374453002065 -16.744480577563067 0
    endloop
  endfacet
  facet normal -0.6835923020228745 -0.7298640726978326 0
    outer loop
      vertex 2.121320343559643 -16.878679656440358 0.20000000000000004
      vertex 1.9780374453002065 -16.744480577563067 0
      vertex 2.121320343559643 -16.878679656440358 0
    endloop
  endfacet
  facet normal -0.6835923020228745 -0.7298640726978326 0
    outer loop
      vertex 1.9780374453002065 -16.744480577563067 0.20000000000000004
      vertex 1.9780374453002065 -16.744480577563067 0
      vertex 2.121320343559643 -16.878679656440358 0.20000000000000004
    endloop
  endfacet
  facet normal -0.729864072697836 -0.6835923020228707 0
    outer loop
      vertex 2.121320343559643 -16.878679656440358 0.20000000000000004
      vertex 2.121320343559643 -16.878679656440358 0
      vertex 2.255519422436932 -17.021962554699794 0.20000000000000004
    endloop
  endfacet
  facet normal -0.729864072697836 -0.6835923020228707 0
    outer loop
      vertex 2.255519422436932 -17.021962554699794 0.20000000000000004
      vertex 2.121320343559643 -16.878679656440358 0
      vertex 2.255519422436932 -17.021962554699794 0
    endloop
  endfacet
  facet normal -0.3383957620412867 -0.7468553620133889 0.572446832871269
    outer loop
      vertex 0.8132022937758158 -17.036755993413514 0.7999999999999998
      vertex 0.9398634667153778 -17.094145424243038 0.7999999999999998
      vertex 1.9285087742637337 -15.08937106081703 4
    endloop
  endfacet
  facet normal -0.3865179084970041 -0.7231241455979429 0.5724468328712691
    outer loop
      vertex 0.9398634667153778 -17.094145424243038 0.7999999999999998
      vertex 1.0625 -17.15969601695807 0.7999999999999998
      vertex 2.1801470588235294 -15.223874526145794 4
    endloop
  endfacet
  facet normal -0.4329849259292283 -0.6962964005750096 0.5724468328712687
    outer loop
      vertex 1.0625 -17.15969601695807 0.7999999999999998
      vertex 1.1805867451666545 -17.23312707385709 0.7999999999999998
      vertex 2.422449618975177 -15.374547940474931 4
    endloop
  endfacet
  facet normal -0.3383957620412818 -0.7468553620133914 0.5724468328712686
    outer loop
      vertex 0.8132022937758158 -17.036755993413514 0.7999999999999998
      vertex 1.9285087742637337 -15.08937106081703 4
      vertex 1.6686123190624869 -14.971613508976521 4
    endloop
  endfacet
  facet normal -0.38651790849700113 -0.7231241455979446 0.5724468328712689
    outer loop
      vertex 0.9398634667153778 -17.094145424243038 0.7999999999999998
      vertex 2.1801470588235294 -15.223874526145794 4
      vertex 1.9285087742637337 -15.08937106081703 4
    endloop
  endfacet
  facet normal -0.6338236146729425 -0.5201655976884466 0.5724468328712689
    outer loop
      vertex 1.6858758481188747 -17.706381963356467 0.7999999999999998
      vertex 3.459253902887518 -16.345621122042857 4
      vertex 1.5976595908928268 -17.598890142912353 0.7999999999999998
    endloop
  endfacet
  facet normal -0.47759783543558104 -0.6664870074674386 0.5724468328712687
    outer loop
      vertex 1.1805867451666545 -17.23312707385709 0.7999999999999998
      vertex 1.2936180366435315 -17.314124151881124 0.7999999999999998
      vertex 2.654378877957142 -15.540746097112482 4
    endloop
  endfacet
  facet normal -0.5201655976884434 -0.6338236146729452 0.5724468328712689
    outer loop
      vertex 1.2936180366435315 -17.314124151881124 0.7999999999999998
      vertex 1.4011098570876463 -17.402340409107172 0.7999999999999998
      vertex 2.8749416790760356 -15.721757310036518 4
    endloop
  endfacet
  facet normal -0.5605059309947245 -0.5984460918540538 0.5724468328712689
    outer loop
      vertex 1.4011098570876463 -17.402340409107172 0.7999999999999998
      vertex 1.5026019100214136 -17.497398089978585 0.7999999999999998
      vertex 3.0831935385560496 -15.91680646144395 4
    endloop
  endfacet
  facet normal -0.5984460918540557 -0.5605059309947223 0.5724468328712693
    outer loop
      vertex 1.5026019100214136 -17.497398089978585 0.7999999999999998
      vertex 1.5976595908928268 -17.598890142912353 0.7999999999999998
      vertex 3.278242689963482 -16.125058320923962 4
    endloop
  endfacet
  facet normal -0.4329849259292338 -0.696296400575006 0.5724468328712691
    outer loop
      vertex 1.0625 -17.15969601695807 0.7999999999999998
      vertex 2.422449618975177 -15.374547940474931 4
      vertex 2.1801470588235294 -15.223874526145794 4
    endloop
  endfacet
  facet normal -0.4775978354355837 -0.6664870074674364 0.5724468328712686
    outer loop
      vertex 1.1805867451666545 -17.23312707385709 0.7999999999999998
      vertex 2.654378877957142 -15.540746097112482 4
      vertex 2.422449618975177 -15.374547940474931 4
    endloop
  endfacet
  facet normal -0.28882455298102444 -0.7673884291093817 0.5724468328712692
    outer loop
      vertex 0.6830588637692183 -16.9877734748229 0.7999999999999998
      vertex 1.6686123190624869 -14.971613508976521 4
      vertex 1.4015706097409912 -14.871106126539724 4
    endloop
  endfacet
  facet normal 0 0 1
    outer loop
      vertex 9 -10 4
      vertex -1.4015706097409912 -14.871106126539724 4
      vertex -1.12852715989555 -14.788279301548402 4
    endloop
  endfacet
  facet normal 0 0 -1
    outer loop
      vertex 9 -25 0
      vertex -0.9643183959094848 -21.840790388485317 0
      vertex -0.7764571353075622 -21.897777478867205 0
    endloop
  endfacet
  facet normal 0 0 -1
    outer loop
      vertex 9 -25 0
      vertex -0.7764571353075622 -21.897777478867205 0
      vertex -0.5852709660483848 -21.94235584120969 0
    endloop
  endfacet
  facet normal 0 0 -1
    outer loop
      vertex 9 -25 0
      vertex -0.5852709660483848 -21.94235584120969 0
      vertex -0.3915785766601547 -21.97433458412143 0
    endloop
  endfacet
  facet normal 0 0 -1
    outer loop
      vertex 9 -25 0
      vertex -0.3915785766601547 -21.97433458412143 0
      vertex -0.19620938769042917 -21.99357676971581 0
    endloop
  endfacet
  facet normal 0 -1 0
    outer loop
      vertex -9 -25 0
      vertex 9 -25 0
      vertex 9 -25 4
    endloop
  endfacet
  facet normal 0 0 -1
    outer loop
      vertex 9 -25 0
      vertex -0.19620938769042917 -21.99357676971581 0
      vertex 0 -22 0
    endloop
  endfacet
  facet normal 0 0 -1
    outer loop
      vertex 9 -25 0
      vertex 0 -22 0
      vertex 0.19620938769042917 -21.99357676971581 0
    endloop
  endfacet
  facet normal 0 0 -1
    outer loop
      vertex 9 -25 0
      vertex 0.19620938769042917 -21.99357676971581 0
      vertex 0.3915785766601547 -21.97433458412143 0
    endloop
  endfacet
  facet normal 0 0 -1
    outer loop
      vertex 9 -25 0
      vertex 0.3915785766601547 -21.97433458412143 0
      vertex 0.5852709660483848 -21.94235584120969 0
    endloop
  endfacet
  facet normal -0.7730104533627347 0.6343932841636483 0
    outer loop
      vertex 2.255519422436932 -20.978037445300206 0.20000000000000004
      vertex 2.3800600208737057 -20.826284287026162 0
      vertex 2.255519422436932 -20.978037445300206 0
    endloop
  endfacet
  facet normal -0.7730104533627347 0.6343932841636483 0
    outer loop
      vertex 2.255519422436932 -20.978037445300206 0.20000000000000004
      vertex 2.3800600208737057 -20.826284287026162 0.20000000000000004
      vertex 2.3800600208737057 -20.826284287026162 0
    endloop
  endfacet
  facet normal -0.8128466845916152 0.582477696867802 0
    outer loop
      vertex 2.3800600208737057 -20.826284287026162 0.20000000000000004
      vertex 2.4944088369076356 -20.666710699058807 0
      vertex 2.3800600208737057 -20.826284287026162 0
    endloop
  endfacet
  facet normal -0.8128466845916152 0.582477696867802 0
    outer loop
      vertex 2.3800600208737057 -20.826284287026162 0.20000000000000004
      vertex 2.4944088369076356 -20.666710699058807 0.20000000000000004
      vertex 2.4944088369076356 -20.666710699058807 0
    endloop
  endfacet
  facet normal -0.8492021815265794 0.5280678506503669 0
    outer loop
      vertex 2.4944088369076356 -20.666710699058807 0.20000000000000004
      vertex 2.598076211353316 -20.5 0
      vertex 2.4944088369076356 -20.666710699058807 0
    endloop
  endfacet
  facet normal -0.8492021815265794 0.5280678506503669 0
    outer loop
      vertex 2.4944088369076356 -20.666710699058807 0.20000000000000004
      vertex 2.598076211353316 -20.5 0.20000000000000004
      vertex 2.598076211353316 -20.5 0
    endloop
  endfacet
  facet normal -0.8819212643483546 0.47139673682599825 0
    outer loop
      vertex 2.598076211353316 -20.5 0.20000000000000004
      vertex 2.6906182245980648 -20.326866070657005 0
      vertex 2.598076211353316 -20.5 0
    endloop
  endfacet
  facet normal -0.8819212643483546 0.47139673682599825 0
    outer loop
      vertex 2.598076211353316 -20.5 0.20000000000000004
      vertex 2.6906182245980648 -20.326866070657005 0.20000000000000004
      vertex 2.6906182245980648 -20.326866070657005 0
    endloop
  endfacet
  facet normal 0 0 -1
    outer loop
      vertex 2.255519422436932 -20.978037445300206 0.20000000000000004
      vertex 2.255519422436932 -17.021962554699794 0.20000000000000004
      vertex 2.3800600208737057 -20.826284287026162 0.20000000000000004
    endloop
  endfacet
  facet normal 0 0 -1
    outer loop
      vertex 2.3800600208737057 -20.826284287026162 0.20000000000000004
      vertex 2.3800600208737057 -17.173715712973838 0.20000000000000004
      vertex 2.4944088369076356 -20.666710699058807 0.20000000000000004
    endloop
  endfacet
  facet normal 0 0 -1
    outer loop
      vertex 2.4944088369076356 -20.666710699058807 0.20000000000000004
      vertex 2.4944088369076356 -17.333289300941193 0.20000000000000004
      vertex 2.598076211353316 -20.5 0.20000000000000004
    endloop
  endfacet
  facet normal -0.9108638249211756 0.41270702980439533 0
    outer loop
      vertex 2.6906182245980648 -20.326866070657005 0.20000000000000004
      vertex 2.77163859753386 -20.14805029709527 0
      vertex 2.6906182245980648 -20.326866070657005 0
    endloop
  endfacet
  facet normal -0.9108638249211756 0.41270702980439533 0
    outer loop
      vertex 2.6906182245980648 -20.326866070657005 0.20000000000000004
      vertex 2.77163859753386 -20.14805029709527 0.20000000000000004
      vertex 2.77163859753386 -20.14805029709527 0
    endloop
  endfacet
  facet normal -0.935905926757327 0.35225004792123016 0
    outer loop
      vertex 2.77163859753386 -20.14805029709527 0.20000000000000004
      vertex 2.840790388485317 -19.964318395909483 0
      vertex 2.77163859753386 -20.14805029709527 0
    endloop
  endfacet
  facet normal 0 0 -1
    outer loop
      vertex 2.598076211353316 -20.5 0.20000000000000004
      vertex 2.598076211353316 -17.5 0.20000000000000004
      vertex 2.6906182245980648 -20.326866070657005 0.20000000000000004
    endloop
  endfacet
  facet normal 0 0 -1
    outer loop
      vertex 2.6906182245980648 -20.326866070657005 0.20000000000000004
      vertex 2.6906182245980648 -17.673133929342995 0.20000000000000004
      vertex 2.77163859753386 -20.14805029709527 0.20000000000000004
    endloop
  endfacet
  facet normal 0 0 -1
    outer loop
      vertex 2.77163859753386 -20.14805029709527 0.20000000000000004
      vertex 2.77163859753386 -17.85194970290473 0.20000000000000004
      vertex 2.840790388485317 -19.964318395909483 0.20000000000000004
    endloop
  endfacet
  facet normal -0.935905926757327 0.35225004792123016 0
    outer loop
      vertex 2.77163859753386 -20.14805029709527 0.20000000000000004
      vertex 2.840790388485317 -19.964318395909483 0.20000000000000004
      vertex 2.840790388485317 -19.964318395909483 0
    endloop
  endfacet
  facet normal -0.9569403357322076 0.29028467725446644 0
    outer loop
      vertex 2.840790388485317 -19.964318395909483 0.20000000000000004
      vertex 2.897777478867205 -19.776457135307563 0
      vertex 2.840790388485317 -19.964318395909483 0
    endloop
  endfacet
  facet normal -0.9569403357322076 0.29028467725446644 0
    outer loop
      vertex 2.840790388485317 -19.964318395909483 0.20000000000000004
      vertex 2.897777478867205 -19.776457135307563 0.20000000000000004
      vertex 2.897777478867205 -19.776457135307563 0
    endloop
  endfacet
  facet normal -0.9738769792773342 0.2270762630343701 0
    outer loop
      vertex 2.897777478867205 -19.776457135307563 0.20000000000000004
      vertex 2.9423558412096913 -19.585270966048384 0
      vertex 2.897777478867205 -19.776457135307563 0
    endloop
  endfacet
  facet normal -0.9738769792773342 0.2270762630343701 0
    outer loop
      vertex 2.897777478867205 -19.776457135307563 0.20000000000000004
      vertex 2.9423558412096913 -19.585270966048384 0.20000000000000004
      vertex 2.9423558412096913 -19.585270966048384 0
    endloop
  endfacet
  facet normal 0 0 -1
    outer loop
      vertex 2.840790388485317 -19.964318395909483 0.20000000000000004
      vertex 2.840790388485317 -18.035681604090517 0.20000000000000004
      vertex 2.897777478867205 -19.776457135307563 0.20000000000000004
    endloop
  endfacet
  facet normal -0.986643332084879 0.1628954733945891 0
    outer loop
      vertex 2.9423558412096913 -19.585270966048384 0.20000000000000004
      vertex 2.974334584121431 -19.391578576660155 0
      vertex 2.9423558412096913 -19.585270966048384 0
    endloop
  endfacet
  facet normal 0 0 -1
    outer loop
      vertex 2.897777478867205 -19.776457135307563 0.20000000000000004
      vertex 2.897777478867205 -18.223542864692437 0.20000000000000004
      vertex 2.9423558412096913 -19.585270966048384 0.20000000000000004
    endloop
  endfacet
  facet normal 0 0 -1
    outer loop
      vertex 2.9423558412096913 -19.585270966048384 0.20000000000000004
      vertex 2.9423558412096913 -18.414729033951616 0.20000000000000004
      vertex 2.974334584121431 -19.391578576660155 0.20000000000000004
    endloop
  endfacet
  facet normal -0.986643332084879 0.1628954733945891 0
    outer loop
      vertex 2.9423558412096913 -19.585270966048384 0.20000000000000004
      vertex 2.974334584121431 -19.391578576660155 0.20000000000000004
      vertex 2.974334584121431 -19.391578576660155 0
    endloop
  endfacet
  facet normal -0.9951847266721968 0.09801714032956052 0
    outer loop
      vertex 2.974334584121431 -19.391578576660155 0.20000000000000004
      vertex 2.99357676971581 -19.19620938769043 0
      vertex 2.974334584121431 -19.391578576660155 0
    endloop
  endfacet
  facet normal -0.9951847266721968 0.09801714032956052 0
    outer loop
      vertex 2.974334584121431 -19.391578576660155 0.20000000000000004
      vertex 2.99357676971581 -19.19620938769043 0.20000000000000004
      vertex 2.99357676971581 -19.19620938769043 0
    endloop
  endfacet
  facet normal -0.9994645874763656 0.03271908282177748 0
    outer loop
      vertex 2.99357676971581 -19.19620938769043 0.20000000000000004
      vertex 3 -19 0
      vertex 2.99357676971581 -19.19620938769043 0
    endloop
  endfacet
  facet normal 0 0 -1
    outer loop
      vertex 2.974334584121431 -19.391578576660155 0.20000000000000004
      vertex 2.974334584121431 -18.608421423339845 0.20000000000000004
      vertex 2.99357676971581 -19.19620938769043 0.20000000000000004
    endloop
  endfacet
  facet normal -0.9994645874763656 0.03271908282177748 0
    outer loop
      vertex 2.99357676971581 -19.19620938769043 0.20000000000000004
      vertex 3 -19 0.20000000000000004
      vertex 3 -19 0
    endloop
  endfacet
  facet normal 0 0 -1
    outer loop
      vertex 2.99357676971581 -19.19620938769043 0.20000000000000004
      vertex 2.99357676971581 -18.80379061230957 0.20000000000000004
      vertex 3 -19 0.20000000000000004
    endloop
  endfacet
  facet normal -0.9994645874763656 -0.03271908282177748 0
    outer loop
      vertex 3 -19 0.20000000000000004
      vertex 2.99357676971581 -18.80379061230957 0
      vertex 3 -19 0
    endloop
  endfacet
  facet normal 0 0 -1
    outer loop
      vertex 2.99357676971581 -19.19620938769043 0.20000000000000004
      vertex 2.974334584121431 -18.608421423339845 0.20000000000000004
      vertex 2.99357676971581 -18.80379061230957 0.20000000000000004
    endloop
  endfacet
  facet normal 0 0 -1
    outer loop
      vertex 2.974334584121431 -19.391578576660155 0.20000000000000004
      vertex 2.9423558412096913 -18.414729033951616 0.20000000000000004
      vertex 2.974334584121431 -18.608421423339845 0.20000000000000004
    endloop
  endfacet
  facet normal -0.9994645874763656 -0.03271908282177748 0
    outer loop
      vertex 3 -19 0.20000000000000004
      vertex 2.99357676971581 -18.80379061230957 0.20000000000000004
      vertex 2.99357676971581 -18.80379061230957 0
    endloop
  endfacet
  facet normal -0.6664870074674422 0.477597835435576 0.5724468328712687
    outer loop
      vertex 1.6858758481188747 -20.293618036643533 0.7999999999999998
      vertex 3.459253902887518 -21.654378877957143 4
      vertex 1.7668729261429086 -20.180586745166654 0.7999999999999998
    endloop
  endfacet
  facet normal -0.6962964005750035 0.43298492592923826 0.572446832871269
    outer loop
      vertex 1.7668729261429086 -20.180586745166654 0.7999999999999998
      vertex 3.625452059525068 -21.422449618975175 4
      vertex 1.840303983041932 -20.0625 0.7999999999999998
    endloop
  endfacet
  facet normal -0.7231241455979458 0.3865179084969989 0.5724468328712689
    outer loop
      vertex 1.840303983041932 -20.0625 0.7999999999999998
      vertex 3.7761254738542065 -21.18014705882353 4
      vertex 1.9058545757569625 -19.939863466715376 0.7999999999999998
    endloop
  endfacet
  facet normal -0.5201655976884398 0.6338236146729477 0.5724468328712691
    outer loop
      vertex 1.4011098570876463 -20.597659590892828 0.7999999999999998
      vertex 2.654378877957142 -22.459253902887518 4
      vertex 2.8749416790760356 -22.278242689963484 4
    endloop
  endfacet
  facet normal -0.5605059309947276 0.5984460918540508 0.5724468328712692
    outer loop
      vertex 1.5026019100214136 -20.502601910021415 0.7999999999999998
      vertex 2.8749416790760356 -22.278242689963484 4
      vertex 3.0831935385560496 -22.08319353855605 4
    endloop
  endfacet
  facet normal -0.5984460918540511 0.5605059309947273 0.5724468328712691
    outer loop
      vertex 1.5976595908928268 -20.401109857087647 0.7999999999999998
      vertex 3.0831935385560496 -22.08319353855605 4
      vertex 3.278242689963482 -21.874941679076038 4
    endloop
  endfacet
  facet normal -0.6338236146729468 0.5201655976884415 0.5724468328712687
    outer loop
      vertex 1.6858758481188747 -20.293618036643533 0.7999999999999998
      vertex 3.278242689963482 -21.874941679076038 4
      vertex 3.459253902887518 -21.654378877957143 4
    endloop
  endfacet
  facet normal -0.7468553620133912 0.33839576204128163 0.572446832871269
    outer loop
      vertex 1.9058545757569625 -19.939863466715376 0.7999999999999998
      vertex 3.9106289391829714 -20.928508774263733 4
      vertex 1.9632440065864842 -19.813202293775817 0.7999999999999998
    endloop
  endfacet
  facet normal -0.7673884291093804 0.28882455298102866 0.5724468328712689
    outer loop
      vertex 1.9632440065864842 -19.813202293775817 0.7999999999999998
      vertex 4.028386491023478 -20.668612319062486 4
      vertex 2.0122265251770997 -19.68305886376922 0.7999999999999998
    endloop
  endfacet
  facet normal -0.7846354211403064 0.23801655284376214 0.5724468328712689
    outer loop
      vertex 2.0122265251770997 -19.68305886376922 0.7999999999999998
      vertex 4.128893873460277 -20.40157060974099 4
      vertex 2.05259238086427 -19.549990470842857 0.7999999999999998
    endloop
  endfacet
  facet normal -0.7985224838384877 0.18618932928625534 0.5724468328712691
    outer loop
      vertex 2.05259238086427 -19.549990470842857 0.7999999999999998
      vertex 4.211720698451599 -20.12852715989555 4
      vertex 2.084168720856865 -19.414566934284274 0.7999999999999998
    endloop
  endfacet
  facet normal -0.6664870074674395 0.47759783543557915 0.5724468328712691
    outer loop
      vertex 1.7668729261429086 -20.180586745166654 0.7999999999999998
      vertex 3.459253902887518 -21.654378877957143 4
      vertex 3.625452059525068 -21.422449618975175 4
    endloop
  endfacet
  facet normal -0.6962964005750042 0.4329849259292373 0.5724468328712687
    outer loop
      vertex 1.840303983041932 -20.0625 0.7999999999999998
      vertex 3.625452059525068 -21.422449618975175 4
      vertex 3.7761254738542065 -21.18014705882353 4
    endloop
  endfacet
  facet normal -0.7231241455979444 0.3865179084970016 0.5724468328712691
    outer loop
      vertex 1.9058545757569625 -19.939863466715376 0.7999999999999998
      vertex 3.7761254738542065 -21.18014705882353 4
      vertex 3.9106289391829714 -20.928508774263733 4
    endloop
  endfacet
  facet normal -0.7468553620133933 0.3383957620412771 0.572446832871269
    outer loop
      vertex 1.9632440065864842 -19.813202293775817 0.7999999999999998
      vertex 3.9106289391829714 -20.928508774263733 4
      vertex 4.028386491023478 -20.668612319062486 4
    endloop
  endfacet
  facet normal -0.8089901506694721 0.13356481443643223 0.572446832871269
    outer loop
      vertex 2.084168720856865 -19.414566934284274 0.7999999999999998
      vertex 4.276512288817027 -19.850651183496794 4
      vertex 2.106820330419347 -19.27736815846761 0.7999999999999998
    endloop
  endfacet
  facet normal -0.8159935974768606 0.08036835454595652 0.5724468328712689
    outer loop
      vertex 2.106820330419347 -19.27736815846761 0.7999999999999998
      vertex 4.322991197019629 -19.569132588135957 4
      vertex 2.1204502118820323 -19.138981649614053 0.7999999999999998
    endloop
  endfacet
  facet normal -0.8195028344262377 0.02682774502293964 0.5724468328712689
    outer loop
      vertex 2.1204502118820323 -19.138981649614053 0.7999999999999998
      vertex 4.35095839323891 -19.2851768796579 4
      vertex 2.125 -19 0.7999999999999998
    endloop
  endfacet
  facet normal -0.8195028344262377 -0.02682774502293964 0.5724468328712689
    outer loop
      vertex 2.125 -19 0.7999999999999998
      vertex 4.360294117647059 -19 4
      vertex 2.1204502118820323 -18.861018350385947 0.7999999999999998
    endloop
  endfacet
  facet normal -0.8159935974768608 -0.08036835454595653 0.5724468328712689
    outer loop
      vertex 2.106820330419347 -18.72263184153239 0.7999999999999998
      vertex 2.1204502118820323 -18.861018350385947 0.7999999999999998
      vertex 4.35095839323891 -18.7148231203421 4
    endloop
  endfacet
  facet normal 0 0 -1
    outer loop
      vertex 9 -25 0
      vertex 0.5852709660483848 -21.94235584120969 0
      vertex 0.7764571353075622 -21.897777478867205 0
    endloop
  endfacet
  facet normal 0 0 -1
    outer loop
      vertex 9 -25 0
      vertex 0.7764571353075622 -21.897777478867205 0
      vertex 0.9643183959094848 -21.840790388485317 0
    endloop
  endfacet
  facet normal 0 0 -1
    outer loop
      vertex 9 -25 0
      vertex 0.9643183959094848 -21.840790388485317 0
      vertex 1.1480502970952693 -21.771638597533858 0
    endloop
  endfacet
  facet normal 0 0 -1
    outer loop
      vertex 9 -25 0
      vertex 1.1480502970952693 -21.771638597533858 0
      vertex 1.326866070657004 -21.690618224598065 0
    endloop
  endfacet
  facet normal 0 0 -1
    outer loop
      vertex 9 -25 0
      vertex 1.326866070657004 -21.690618224598065 0
      vertex 1.5 -21.598076211353316 0
    endloop
  endfacet
  facet normal 0 0 -1
    outer loop
      vertex 9 -25 0
      vertex 1.5 -21.598076211353316 0
      vertex 1.6667106990588065 -21.494408836907635 0
    endloop
  endfacet
  facet normal 0 0 -1
    outer loop
      vertex 9 -25 0
      vertex 1.6667106990588065 -21.494408836907635 0
      vertex 1.826284287026162 -21.380060020873707 0
    endloop
  endfacet
  facet normal 0 0 -1
    outer loop
      vertex 9 -25 0
      vertex 1.826284287026162 -21.380060020873707 0
      vertex 1.9780374453002065 -21.255519422436933 0
    endloop
  endfacet
  facet normal 0 0 -1
    outer loop
      vertex 9 -25 0
      vertex 1.9780374453002065 -21.255519422436933 0
      vertex 2.121320343559643 -21.121320343559642 0
    endloop
  endfacet
  facet normal 0 0 -1
    outer loop
      vertex 9 -25 0
      vertex 2.121320343559643 -21.121320343559642 0
      vertex 2.255519422436932 -20.978037445300206 0
    endloop
  endfacet
  facet normal -0.7673884291093807 0.2888245529810286 0.5724468328712685
    outer loop
      vertex 2.0122265251770997 -19.68305886376922 0.7999999999999998
      vertex 4.028386491023478 -20.668612319062486 4
      vertex 4.128893873460277 -20.40157060974099 4
    endloop
  endfacet
  facet normal -0.7846354211403058 0.23801655284376413 0.5724468328712691
    outer loop
      vertex 2.05259238086427 -19.549990470842857 0.7999999999999998
      vertex 4.128893873460277 -20.40157060974099 4
      vertex 4.211720698451599 -20.12852715989555 4
    endloop
  endfacet
  facet normal -0.7985224838384888 0.18618932928625148 0.5724468328712689
    outer loop
      vertex 2.084168720856865 -19.414566934284274 0.7999999999999998
      vertex 4.211720698451599 -20.12852715989555 4
      vertex 4.276512288817027 -19.850651183496794 4
    endloop
  endfacet
  facet normal -0.8089901506694714 0.1335648144364346 0.5724468328712689
    outer loop
      vertex 2.106820330419347 -19.27736815846761 0.7999999999999998
      vertex 4.276512288817027 -19.850651183496794 4
      vertex 4.322991197019629 -19.569132588135957 4
    endloop
  endfacet
  facet normal -0.8159935974768607 0.0803683545459557 0.572446832871269
    outer loop
      vertex 2.1204502118820323 -19.138981649614053 0.7999999999999998
      vertex 4.322991197019629 -19.569132588135957 4
      vertex 4.35095839323891 -19.2851768796579 4
    endloop
  endfacet
  facet normal -0.8195028344262377 0.02682774502294042 0.5724468328712691
    outer loop
      vertex 2.125 -19 0.7999999999999998
      vertex 4.35095839323891 -19.2851768796579 4
      vertex 4.360294117647059 -19 4
    endloop
  endfacet
  facet normal -0.8195028344262377 -0.02682774502294042 0.572446832871269
    outer loop
      vertex 2.1204502118820323 -18.861018350385947 0.7999999999999998
      vertex 4.360294117647059 -19 4
      vertex 4.35095839323891 -18.7148231203421 4
    endloop
  endfacet
  facet normal 0 0 1
    outer loop
      vertex 9 -25 4
      vertex -0.5691325881359601 -23.32299119701963 4
      vertex -0.8506511834967945 -23.276512288817027 4
    endloop
  endfacet
  facet normal 0 0 1
    outer loop
      vertex 9 -25 4
      vertex -0.28517687965790317 -23.350958393238912 4
      vertex -0.5691325881359601 -23.32299119701963 4
    endloop
  endfacet
  facet normal 0 0 1
    outer loop
      vertex 9 -25 4
      vertex 0 -23.360294117647058 4
      vertex -0.28517687965790317 -23.350958393238912 4
    endloop
  endfacet
  facet normal 0 0 1
    outer loop
      vertex 9 -25 4
      vertex 0.28517687965790317 -23.350958393238912 4
      vertex 0 -23.360294117647058 4
    endloop
  endfacet
  facet normal 0 0 1
    outer loop
      vertex 9 -25 4
      vertex 0.5691325881359601 -23.32299119701963 4
      vertex 0.28517687965790317 -23.350958393238912 4
    endloop
  endfacet
  facet normal 0 0 1
    outer loop
      vertex 9 -25 4
      vertex 0.8506511834967945 -23.276512288817027 4
      vertex 0.5691325881359601 -23.32299119701963 4
    endloop
  endfacet
  facet normal 0 0 1
    outer loop
      vertex 9 -25 4
      vertex 1.12852715989555 -23.2117206984516 4
      vertex 0.8506511834967945 -23.276512288817027 4
    endloop
  endfacet
  facet normal 0 0 1
    outer loop
      vertex 9 -25 4
      vertex 1.4015706097409912 -23.128893873460278 4
      vertex 1.12852715989555 -23.2117206984516 4
    endloop
  endfacet
  facet normal 0 0 1
    outer loop
      vertex 9 -25 4
      vertex 1.6686123190624869 -23.02838649102348 4
      vertex 1.4015706097409912 -23.128893873460278 4
    endloop
  endfacet
  facet normal 0 0 1
    outer loop
      vertex 9 -25 4
      vertex 1.9285087742637337 -22.91062893918297 4
      vertex 1.6686123190624869 -23.02838649102348 4
    endloop
  endfacet
  facet normal 0 0 1
    outer loop
      vertex 9 -25 4
      vertex 2.1801470588235294 -22.776125473854208 4
      vertex 1.9285087742637337 -22.91062893918297 4
    endloop
  endfacet
  facet normal 0 0 -1
    outer loop
      vertex 2.3800600208737057 -20.826284287026162 0.20000000000000004
      vertex 2.255519422436932 -17.021962554699794 0.20000000000000004
      vertex 2.3800600208737057 -17.173715712973838 0.20000000000000004
    endloop
  endfacet
  facet normal 0 0 -1
    outer loop
      vertex 2.4944088369076356 -20.666710699058807 0.20000000000000004
      vertex 2.3800600208737057 -17.173715712973838 0.20000000000000004
      vertex 2.4944088369076356 -17.333289300941193 0.20000000000000004
    endloop
  endfacet
  facet normal -0.8128466845916152 -0.582477696867802 0
    outer loop
      vertex 2.4944088369076356 -17.333289300941193 0.20000000000000004
      vertex 2.3800600208737057 -17.173715712973838 0
      vertex 2.4944088369076356 -17.333289300941193 0
    endloop
  endfacet
  facet normal -0.8128466845916152 -0.582477696867802 0
    outer loop
      vertex 2.3800600208737057 -17.173715712973838 0.20000000000000004
      vertex 2.3800600208737057 -17.173715712973838 0
      vertex 2.4944088369076356 -17.333289300941193 0.20000000000000004
    endloop
  endfacet
  facet normal -0.8492021815265794 -0.5280678506503669 0
    outer loop
      vertex 2.4944088369076356 -17.333289300941193 0.20000000000000004
      vertex 2.4944088369076356 -17.333289300941193 0
      vertex 2.598076211353316 -17.5 0.20000000000000004
    endloop
  endfacet
  facet normal 0 0 -1
    outer loop
      vertex 2.598076211353316 -20.5 0.20000000000000004
      vertex 2.4944088369076356 -17.333289300941193 0.20000000000000004
      vertex 2.598076211353316 -17.5 0.20000000000000004
    endloop
  endfacet
  facet normal 0 0 -1
    outer loop
      vertex 2.6906182245980648 -20.326866070657005 0.20000000000000004
      vertex 2.598076211353316 -17.5 0.20000000000000004
      vertex 2.6906182245980648 -17.673133929342995 0.20000000000000004
    endloop
  endfacet
  facet normal 0 0 -1
    outer loop
      vertex 2.77163859753386 -20.14805029709527 0.20000000000000004
      vertex 2.6906182245980648 -17.673133929342995 0.20000000000000004
      vertex 2.77163859753386 -17.85194970290473 0.20000000000000004
    endloop
  endfacet
  facet normal -0.8819212643483546 -0.47139673682599825 0
    outer loop
      vertex 2.6906182245980648 -17.673133929342995 0.20000000000000004
      vertex 2.598076211353316 -17.5 0
      vertex 2.6906182245980648 -17.673133929342995 0
    endloop
  endfacet
  facet normal -0.8492021815265794 -0.5280678506503669 0
    outer loop
      vertex 2.598076211353316 -17.5 0.20000000000000004
      vertex 2.4944088369076356 -17.333289300941193 0
      vertex 2.598076211353316 -17.5 0
    endloop
  endfacet
  facet normal -0.8819212643483546 -0.47139673682599825 0
    outer loop
      vertex 2.6906182245980648 -17.673133929342995 0.20000000000000004
      vertex 2.598076211353316 -17.5 0.20000000000000004
      vertex 2.598076211353316 -17.5 0
    endloop
  endfacet
  facet normal -0.9108638249211756 -0.41270702980439533 0
    outer loop
      vertex 2.6906182245980648 -17.673133929342995 0.20000000000000004
      vertex 2.6906182245980648 -17.673133929342995 0
      vertex 2.77163859753386 -17.85194970290473 0.20000000000000004
    endloop
  endfacet
  facet normal -0.9108638249211756 -0.41270702980439533 0
    outer loop
      vertex 2.77163859753386 -17.85194970290473 0.20000000000000004
      vertex 2.6906182245980648 -17.673133929342995 0
      vertex 2.77163859753386 -17.85194970290473 0
    endloop
  endfacet
  facet normal -0.935905926757327 -0.35225004792123016 0
    outer loop
      vertex 2.77163859753386 -17.85194970290473 0.20000000000000004
      vertex 2.77163859753386 -17.85194970290473 0
      vertex 2.840790388485317 -18.035681604090517 0.20000000000000004
    endloop
  endfacet
  facet normal -0.7730104533627347 -0.6343932841636483 0
    outer loop
      vertex 2.255519422436932 -17.021962554699794 0.20000000000000004
      vertex 2.255519422436932 -17.021962554699794 0
      vertex 2.3800600208737057 -17.173715712973838 0.20000000000000004
    endloop
  endfacet
  facet normal -0.7730104533627347 -0.6343932841636483 0
    outer loop
      vertex 2.3800600208737057 -17.173715712973838 0.20000000000000004
      vertex 2.255519422436932 -17.021962554699794 0
      vertex 2.3800600208737057 -17.173715712973838 0
    endloop
  endfacet
  facet normal 0 0 -1
    outer loop
      vertex 2.77163859753386 -17.85194970290473 0.20000000000000004
      vertex 2.840790388485317 -18.035681604090517 0.20000000000000004
      vertex 2.840790388485317 -19.964318395909483 0.20000000000000004
    endloop
  endfacet
  facet normal 0 0 -1
    outer loop
      vertex 2.897777478867205 -19.776457135307563 0.20000000000000004
      vertex 2.840790388485317 -18.035681604090517 0.20000000000000004
      vertex 2.897777478867205 -18.223542864692437 0.20000000000000004
    endloop
  endfacet
  facet normal 0 0 -1
    outer loop
      vertex 2.9423558412096913 -19.585270966048384 0.20000000000000004
      vertex 2.897777478867205 -18.223542864692437 0.20000000000000004
      vertex 2.9423558412096913 -18.414729033951616 0.20000000000000004
    endloop
  endfacet
  facet normal -0.986643332084879 -0.1628954733945891 0
    outer loop
      vertex 2.9423558412096913 -18.414729033951616 0.20000000000000004
      vertex 2.9423558412096913 -18.414729033951616 0
      vertex 2.974334584121431 -18.608421423339845 0.20000000000000004
    endloop
  endfacet
  facet normal -0.935905926757327 -0.35225004792123016 0
    outer loop
      vertex 2.840790388485317 -18.035681604090517 0.20000000000000004
      vertex 2.77163859753386 -17.85194970290473 0
      vertex 2.840790388485317 -18.035681604090517 0
    endloop
  endfacet
  facet normal -0.9569403357322076 -0.29028467725446644 0
    outer loop
      vertex 2.897777478867205 -18.223542864692437 0.20000000000000004
      vertex 2.840790388485317 -18.035681604090517 0
      vertex 2.897777478867205 -18.223542864692437 0
    endloop
  endfacet
  facet normal -0.9569403357322076 -0.29028467725446644 0
    outer loop
      vertex 2.840790388485317 -18.035681604090517 0.20000000000000004
      vertex 2.840790388485317 -18.035681604090517 0
      vertex 2.897777478867205 -18.223542864692437 0.20000000000000004
    endloop
  endfacet
  facet normal -0.9738769792773342 -0.2270762630343701 0
    outer loop
      vertex 2.9423558412096913 -18.414729033951616 0.20000000000000004
      vertex 2.897777478867205 -18.223542864692437 0
      vertex 2.9423558412096913 -18.414729033951616 0
    endloop
  endfacet
  facet normal -0.9738769792773342 -0.2270762630343701 0
    outer loop
      vertex 2.9423558412096913 -18.414729033951616 0.20000000000000004
      vertex 2.897777478867205 -18.223542864692437 0.20000000000000004
      vertex 2.897777478867205 -18.223542864692437 0
    endloop
  endfacet
  facet normal -0.9951847266721968 -0.09801714032956052 0
    outer loop
      vertex 2.99357676971581 -18.80379061230957 0.20000000000000004
      vertex 2.974334584121431 -18.608421423339845 0
      vertex 2.99357676971581 -18.80379061230957 0
    endloop
  endfacet
  facet normal -0.9951847266721968 -0.09801714032956052 0
    outer loop
      vertex 2.99357676971581 -18.80379061230957 0.20000000000000004
      vertex 2.974334584121431 -18.608421423339845 0.20000000000000004
      vertex 2.974334584121431 -18.608421423339845 0
    endloop
  endfacet
  facet normal -0.986643332084879 -0.1628954733945891 0
    outer loop
      vertex 2.974334584121431 -18.608421423339845 0.20000000000000004
      vertex 2.9423558412096913 -18.414729033951616 0
      vertex 2.974334584121431 -18.608421423339845 0
    endloop
  endfacet
  facet normal -0.6664870074674419 -0.4775978354355759 0.5724468328712691
    outer loop
      vertex 1.6858758481188747 -17.706381963356467 0.7999999999999998
      vertex 1.7668729261429086 -17.819413254833346 0.7999999999999998
      vertex 3.625452059525068 -16.577550381024825 4
    endloop
  endfacet
  facet normal -0.6962964005750035 -0.43298492592923826 0.5724468328712689
    outer loop
      vertex 1.7668729261429086 -17.819413254833346 0.7999999999999998
      vertex 1.840303983041932 -17.9375 0.7999999999999998
      vertex 3.7761254738542065 -16.81985294117647 4
    endloop
  endfacet
  facet normal -0.7985224838384878 -0.18618932928625537 0.5724468328712689
    outer loop
      vertex 2.05259238086427 -18.450009529157143 0.7999999999999998
      vertex 2.084168720856865 -18.585433065715726 0.7999999999999998
      vertex 4.276512288817027 -18.149348816503206 4
    endloop
  endfacet
  facet normal -0.7673884291093804 -0.28882455298102866 0.5724468328712689
    outer loop
      vertex 1.9632440065864842 -18.186797706224183 0.7999999999999998
      vertex 2.0122265251770997 -18.31694113623078 0.7999999999999998
      vertex 4.128893873460277 -17.59842939025901 4
    endloop
  endfacet
  facet normal -0.7846354211403064 -0.23801655284376214 0.5724468328712691
    outer loop
      vertex 2.05259238086427 -18.450009529157143 0.7999999999999998
      vertex 4.211720698451599 -17.87147284010445 4
      vertex 2.0122265251770997 -18.31694113623078 0.7999999999999998
    endloop
  endfacet
  facet normal -0.7231241455979458 -0.3865179084969989 0.5724468328712693
    outer loop
      vertex 1.840303983041932 -17.9375 0.7999999999999998
      vertex 1.9058545757569625 -18.060136533284624 0.7999999999999998
      vertex 3.9106289391829714 -17.071491225736267 4
    endloop
  endfacet
  facet normal -0.7468553620133913 -0.3383957620412817 0.5724468328712687
    outer loop
      vertex 1.9058545757569625 -18.060136533284624 0.7999999999999998
      vertex 1.9632440065864842 -18.186797706224183 0.7999999999999998
      vertex 4.028386491023478 -17.331387680937514 4
    endloop
  endfacet
  facet normal -0.5201655976884425 -0.633823614672946 0.5724468328712687
    outer loop
      vertex 1.2936180366435315 -17.314124151881124 0.7999999999999998
      vertex 2.8749416790760356 -15.721757310036518 4
      vertex 2.654378877957142 -15.540746097112482 4
    endloop
  endfacet
  facet normal -0.5605059309947253 -0.5984460918540534 0.5724468328712684
    outer loop
      vertex 1.4011098570876463 -17.402340409107172 0.7999999999999998
      vertex 3.0831935385560496 -15.91680646144395 4
      vertex 2.8749416790760356 -15.721757310036518 4
    endloop
  endfacet
  facet normal -0.5984460918540512 -0.5605059309947275 0.5724468328712687
    outer loop
      vertex 1.5026019100214136 -17.497398089978585 0.7999999999999998
      vertex 3.278242689963482 -16.125058320923962 4
      vertex 3.0831935385560496 -15.91680646144395 4
    endloop
  endfacet
  facet normal -0.6338236146729461 -0.5201655976884416 0.5724468328712693
    outer loop
      vertex 1.5976595908928268 -17.598890142912353 0.7999999999999998
      vertex 3.459253902887518 -16.345621122042857 4
      vertex 3.278242689963482 -16.125058320923962 4
    endloop
  endfacet
  facet normal -0.808990150669472 -0.1335648144364322 0.572446832871269
    outer loop
      vertex 2.084168720856865 -18.585433065715726 0.7999999999999998
      vertex 2.106820330419347 -18.72263184153239 0.7999999999999998
      vertex 4.322991197019629 -18.430867411864043 4
    endloop
  endfacet
  facet normal -0.7231241455979438 -0.3865179084970029 0.5724468328712687
    outer loop
      vertex 1.840303983041932 -17.9375 0.7999999999999998
      vertex 3.9106289391829714 -17.071491225736267 4
      vertex 3.7761254738542065 -16.81985294117647 4
    endloop
  endfacet
  facet normal -0.7673884291093805 -0.28882455298102855 0.5724468328712686
    outer loop
      vertex 1.9632440065864842 -18.186797706224183 0.7999999999999998
      vertex 4.128893873460277 -17.59842939025901 4
      vertex 4.028386491023478 -17.331387680937514 4
    endloop
  endfacet
  facet normal -0.7468553620133933 -0.33839576204127764 0.5724468328712687
    outer loop
      vertex 1.9058545757569625 -18.060136533284624 0.7999999999999998
      vertex 4.028386491023478 -17.331387680937514 4
      vertex 3.9106289391829714 -17.071491225736267 4
    endloop
  endfacet
  facet normal -0.6664870074674396 -0.47759783543557927 0.5724468328712689
    outer loop
      vertex 1.6858758481188747 -17.706381963356467 0.7999999999999998
      vertex 3.625452059525068 -16.577550381024825 4
      vertex 3.459253902887518 -16.345621122042857 4
    endloop
  endfacet
  facet normal -0.6962964005750044 -0.43298492592923665 0.5724468328712689
    outer loop
      vertex 1.7668729261429086 -17.819413254833346 0.7999999999999998
      vertex 3.7761254738542065 -16.81985294117647 4
      vertex 3.625452059525068 -16.577550381024825 4
    endloop
  endfacet
  facet normal -0.7985224838384886 -0.18618932928625143 0.572446832871269
    outer loop
      vertex 2.05259238086427 -18.450009529157143 0.7999999999999998
      vertex 4.276512288817027 -18.149348816503206 4
      vertex 4.211720698451599 -17.87147284010445 4
    endloop
  endfacet
  facet normal -0.8089901506694716 -0.1335648144364346 0.5724468328712687
    outer loop
      vertex 2.084168720856865 -18.585433065715726 0.7999999999999998
      vertex 4.322991197019629 -18.430867411864043 4
      vertex 4.276512288817027 -18.149348816503206 4
    endloop
  endfacet
  facet normal -0.8159935974768607 -0.0803683545459557 0.572446832871269
    outer loop
      vertex 2.106820330419347 -18.72263184153239 0.7999999999999998
      vertex 4.35095839323891 -18.7148231203421 4
      vertex 4.322991197019629 -18.430867411864043 4
    endloop
  endfacet
  facet normal -0.7846354211403058 -0.2380165528437642 0.5724468328712691
    outer loop
      vertex 2.0122265251770997 -18.31694113623078 0.7999999999999998
      vertex 4.211720698451599 -17.87147284010445 4
      vertex 4.128893873460277 -17.59842939025901 4
    endloop
  endfacet
  facet normal 0 0 1
    outer loop
      vertex 9 -10 4
      vertex -1.12852715989555 -14.788279301548402 4
      vertex -0.8506511834967945 -14.723487711182973 4
    endloop
  endfacet
  facet normal 0 0 1
    outer loop
      vertex 9 -10 4
      vertex -0.8506511834967945 -14.723487711182973 4
      vertex -0.5691325881359601 -14.677008802980371 4
    endloop
  endfacet
  facet normal 0 0 1
    outer loop
      vertex 9 -10 4
      vertex -0.5691325881359601 -14.677008802980371 4
      vertex -0.28517687965790317 -14.649041606761088 4
    endloop
  endfacet
  facet normal 0 0 1
    outer loop
      vertex 9 -10 4
      vertex -0.28517687965790317 -14.649041606761088 4
      vertex 0 -14.639705882352942 4
    endloop
  endfacet
  facet normal 0 0 1
    outer loop
      vertex 9 -10 4
      vertex 0 -14.639705882352942 4
      vertex 0.28517687965790317 -14.649041606761088 4
    endloop
  endfacet
  facet normal 0 0 1
    outer loop
      vertex 9 -10 4
      vertex 0.28517687965790317 -14.649041606761088 4
      vertex 0.5691325881359601 -14.677008802980371 4
    endloop
  endfacet
  facet normal 0 0 1
    outer loop
      vertex 9 -10 4
      vertex 0.5691325881359601 -14.677008802980371 4
      vertex 0.8506511834967945 -14.723487711182973 4
    endloop
  endfacet
  facet normal 0 0 1
    outer loop
      vertex 9 -10 4
      vertex 0.8506511834967945 -14.723487711182973 4
      vertex 1.12852715989555 -14.788279301548402 4
    endloop
  endfacet
  facet normal 0 0 1
    outer loop
      vertex 9 -10 4
      vertex 1.12852715989555 -14.788279301548402 4
      vertex 1.4015706097409912 -14.871106126539724 4
    endloop
  endfacet
  facet normal 0 0 1
    outer loop
      vertex 9 -10 4
      vertex 1.6686123190624869 -14.971613508976521 4
      vertex 1.9285087742637337 -15.08937106081703 4
    endloop
  endfacet
  facet normal 0 0 1
    outer loop
      vertex 9 -10 4
      vertex 1.4015706097409912 -14.871106126539724 4
      vertex 1.6686123190624869 -14.971613508976521 4
    endloop
  endfacet
  facet normal 0 0 1
    outer loop
      vertex 9 -10 4
      vertex 1.9285087742637337 -15.08937106081703 4
      vertex 2.1801470588235294 -15.223874526145794 4
    endloop
  endfacet
  facet normal 0 -0.8819212378683167 -0.47139678636666155
    outer loop
      vertex -9 -13.432646542787552 11.3274205327034
      vertex 9 -13.432646542787552 11.3274205327034
      vertex 9 -13.453091122210026 11.365669645369053
    endloop
  endfacet
  facet normal 0 -0.9108638216062535 -0.4127070371205842
    outer loop
      vertex -9 -13.453091122210026 11.365669645369053
      vertex 9 -13.453091122210026 11.365669645369053
      vertex 9 -13.527551844716072 11.53000795841217
    endloop
  endfacet
  facet normal 0 -0.9055577879084539 -0.42422292813843493
    outer loop
      vertex -9 -13.527551844716072 11.53000795841217
      vertex 9 -13.527551844716072 11.53000795841217
      vertex 9 -13.747727081179619 12
    endloop
  endfacet
  facet normal 0 0 1
    outer loop
      vertex -9 -13.747727081179619 12
      vertex 9 -13.747727081179619 12
      vertex 9 -13.740502461791039 12
    endloop
  endfacet
  facet normal 0 -0.9108638160275436 -0.41270704943305886
    outer loop
      vertex -9 -13.740502461791039 12
      vertex 9 -13.740502461791039 12
      vertex 9 -13.85819298774004 12.259748511016369
    endloop
  endfacet
  facet normal 0 -0.956940335767022 -0.29028467713969897
    outer loop
      vertex -9 -14.203951939940453 13.17840801924467
      vertex 9 -14.203951939940453 13.17840801924467
      vertex 9 -14.488887391984463 14.117714323103428
    endloop
  endfacet
  facet normal 0 -0.935905927906745 -0.35225004486730005
    outer loop
      vertex -9 -13.85819298774004 12.259748511016369
      vertex 9 -13.85819298774004 12.259748511016369
      vertex 9 -14.203951939940453 13.17840801924467
    endloop
  endfacet
  facet normal 0 0 -1
    outer loop
      vertex -9 25 0
      vertex 9 -25 0
      vertex 2.897777478867205 -18.223542864692437 0
    endloop
  endfacet
  facet normal 0 -0.9055577870762631 -0.42422292991485183
    outer loop
      vertex -9 -10 4
      vertex 9 -10 4
      vertex 9 -13.432646542787552 11.3274205327034
    endloop
  endfacet
  facet normal 0 0.634393280948584 0.7730104560012698
    outer loop
      vertex -9 -7.2528039664030075 9.729762114584446
      vertex 9 -7.2528039664030075 9.729762114584446
      vertex 9 -6.696375720202923 9.273113258183002
    endloop
  endfacet
  facet normal 0 0.5824776998921578 0.8128466824243925
    outer loop
      vertex -9 -6.696375720202923 9.273113258183002
      vertex 9 -6.696375720202923 9.273113258183002
      vertex 9 -6.111272566020489 8.853834263980389
    endloop
  endfacet
  facet normal 0 0.683592303138493 0.7298640716529419
    outer loop
      vertex -9 -7.778174594044685 10.221825405955315
      vertex 9 -7.778174594044685 10.221825405955315
      vertex 9 -7.2528039664030075 9.729762114584446
    endloop
  endfacet
  facet normal 0 0.8492021828051328 0.5280678485942861
    outer loop
      vertex -9 -9.52627944201231 12.5
      vertex 9 -9.52627944201231 12.5
      vertex 9 -9.146165736019611 11.888727433979511
    endloop
  endfacet
  facet normal 0 0.8819212671033585 0.47139673167174867
    outer loop
      vertex -9 -9.865600153803825 13.13482441008091
      vertex 9 -9.865600153803825 13.13482441008091
      vertex 9 -9.52627944201231 12.5
    endloop
  endfacet
  facet normal 0 0.9108638222625299 0.4127070356721513
    outer loop
      vertex -9 -10.162674859166145 13.790482245385647
      vertex 9 -10.162674859166145 13.790482245385647
      vertex 9 -9.865600153803825 13.13482441008091
    endloop
  endfacet
  facet normal 0 0.7298640716529419 0.683592303138493
    outer loop
      vertex -9 -8.270237885415554 10.747196033596992
      vertex 9 -8.270237885415554 10.747196033596992
      vertex 9 -7.778174594044685 10.221825405955315
    endloop
  endfacet
  facet normal 0 0.7730104560012698 0.634393280948584
    outer loop
      vertex -9 -8.726886741816998 11.303624279797077
      vertex 9 -8.726886741816998 11.303624279797077
      vertex 9 -8.270237885415554 10.747196033596992
    endloop
  endfacet
  facet normal 0 0.8128466824243925 0.5824776998921578
    outer loop
      vertex -9 -9.146165736019611 11.888727433979511
      vertex 9 -9.146165736019611 11.888727433979511
      vertex 9 -8.726886741816998 11.303624279797077
    endloop
  endfacet
  facet normal 0 0.5280678485942861 0.8492021828051328
    outer loop
      vertex -9 -6.111272566020489 8.853834263980389
      vertex 9 -6.111272566020489 8.853834263980389
      vertex 9 -5.5 8.47372055798769
    endloop
  endfacet
  facet normal 0 0.47139673167174867 0.8819212671033585
    outer loop
      vertex -9 -5.5 8.47372055798769
      vertex 9 -5.5 8.47372055798769
      vertex 9 -4.86517558991909 8.134399846196175
    endloop
  endfacet
  facet normal 0 0.3522500458552945 0.9359059275348901
    outer loop
      vertex -9 -4.209517754614353 7.837325140833855
      vertex 9 -4.209517754614353 7.837325140833855
      vertex 9 -3.5358341187238693 7.583768576383591
    endloop
  endfacet
  facet normal 0 0.2902846773882274 0.9569403356916317
    outer loop
      vertex -9 -3.5358341187238693 7.583768576383591
      vertex 9 -3.5358341187238693 7.583768576383591
      vertex 9 -2.8470094949007034 7.374815911054611
    endloop
  endfacet
  facet normal 0 0.4127070356721513 0.9108638222625299
    outer loop
      vertex -9 -4.86517558991909 8.134399846196175
      vertex 9 -4.86517558991909 8.134399846196175
      vertex 9 -4.209517754614353 7.837325140833855
    endloop
  endfacet
  facet normal 0 0.22707626569834846 0.9738769786561818
    outer loop
      vertex -9 -2.8470094949007034 7.374815911054611
      vertex 9 -2.8470094949007034 7.374815911054611
      vertex 9 -2.145993545651436 7.211361914873123
    endloop
  endfacet
  facet normal 0 0.1628954719393896 0.9866433323251335
    outer loop
      vertex -9 -2.145993545651436 7.211361914873123
      vertex 9 -2.145993545651436 7.211361914873123
      vertex 9 -1.4357881173491478 7.094106525182724
    endloop
  endfacet
  facet normal 0 0.09801714127324808 0.9951847265792517
    outer loop
      vertex -9 -1.4357881173491478 7.094106525182724
      vertex 9 -1.4357881173491478 7.094106525182724
      vertex 9 -0.7194344252347946 7.023551844060421
    endloop
  endfacet
  facet normal 0 0.03271908221647967 0.999464587496181
    outer loop
      vertex -9 -0.7194344252347946 7.023551844060421
      vertex 9 -0.7194344252347946 7.023551844060421
      vertex 9 0 7
    endloop
  endfacet
  facet normal 0 0 -1
    outer loop
      vertex 9 -25 0
      vertex 2.255519422436932 -20.978037445300206 0
      vertex 2.3800600208737057 -20.826284287026162 0
    endloop
  endfacet
  facet normal 0 0 -1
    outer loop
      vertex 9 -25 0
      vertex 2.3800600208737057 -20.826284287026162 0
      vertex 2.4944088369076356 -20.666710699058807 0
    endloop
  endfacet
  facet normal 0 0 -1
    outer loop
      vertex 9 -25 0
      vertex 2.4944088369076356 -20.666710699058807 0
      vertex 2.598076211353316 -20.5 0
    endloop
  endfacet
  facet normal 0 0 -1
    outer loop
      vertex 9 -25 0
      vertex 2.598076211353316 -20.5 0
      vertex 2.6906182245980648 -20.326866070657005 0
    endloop
  endfacet
  facet normal 0 0 -1
    outer loop
      vertex 9 -25 0
      vertex 2.6906182245980648 -20.326866070657005 0
      vertex 2.77163859753386 -20.14805029709527 0
    endloop
  endfacet
  facet normal 0 0 -1
    outer loop
      vertex 9 -25 0
      vertex 2.77163859753386 -20.14805029709527 0
      vertex 2.840790388485317 -19.964318395909483 0
    endloop
  endfacet
  facet normal 0 0 -1
    outer loop
      vertex 9 -25 0
      vertex 2.840790388485317 -19.964318395909483 0
      vertex 2.897777478867205 -19.776457135307563 0
    endloop
  endfacet
  facet normal 0 0 -1
    outer loop
      vertex 9 -25 0
      vertex 2.897777478867205 -19.776457135307563 0
      vertex 2.9423558412096913 -19.585270966048384 0
    endloop
  endfacet
  facet normal 0 0 -1
    outer loop
      vertex 9 -25 0
      vertex 2.9423558412096913 -19.585270966048384 0
      vertex 2.974334584121431 -19.391578576660155 0
    endloop
  endfacet
  facet normal 0 0 -1
    outer loop
      vertex 9 -25 0
      vertex 2.974334584121431 -19.391578576660155 0
      vertex 2.99357676971581 -19.19620938769043 0
    endloop
  endfacet
  facet normal 0 0 -1
    outer loop
      vertex 9 -25 0
      vertex 2.99357676971581 -18.80379061230957 0
      vertex 2.974334584121431 -18.608421423339845 0
    endloop
  endfacet
  facet normal 0 0 -1
    outer loop
      vertex 9 -25 0
      vertex 2.99357676971581 -19.19620938769043 0
      vertex 3 -19 0
    endloop
  endfacet
  facet normal 0 0 -1
    outer loop
      vertex 9 -25 0
      vertex 3 -19 0
      vertex 2.99357676971581 -18.80379061230957 0
    endloop
  endfacet
  facet normal 0 0 -1
    outer loop
      vertex 9 -25 0
      vertex 2.9423558412096913 -18.414729033951616 0
      vertex 2.897777478867205 -18.223542864692437 0
    endloop
  endfacet
  facet normal 0 0 -1
    outer loop
      vertex 9 -25 0
      vertex 2.974334584121431 -18.608421423339845 0
      vertex 2.9423558412096913 -18.414729033951616 0
    endloop
  endfacet
  facet normal 0 0 1
    outer loop
      vertex 9 -25 4
      vertex 2.422449618975177 -22.62545205952507 4
      vertex 2.1801470588235294 -22.776125473854208 4
    endloop
  endfacet
  facet normal 0 0 1
    outer loop
      vertex 9 -25 4
      vertex 2.654378877957142 -22.459253902887518 4
      vertex 2.422449618975177 -22.62545205952507 4
    endloop
  endfacet
  facet normal 0 0 1
    outer loop
      vertex 9 -25 4
      vertex 2.8749416790760356 -22.278242689963484 4
      vertex 2.654378877957142 -22.459253902887518 4
    endloop
  endfacet
  facet normal 0 0 1
    outer loop
      vertex 9 -25 4
      vertex 3.0831935385560496 -22.08319353855605 4
      vertex 2.8749416790760356 -22.278242689963484 4
    endloop
  endfacet
  facet normal 0 0 1
    outer loop
      vertex 9 -25 4
      vertex 3.278242689963482 -21.874941679076038 4
      vertex 3.0831935385560496 -22.08319353855605 4
    endloop
  endfacet
  facet normal 0 0 1
    outer loop
      vertex 9 -25 4
      vertex 3.459253902887518 -21.654378877957143 4
      vertex 3.278242689963482 -21.874941679076038 4
    endloop
  endfacet
  facet normal 0 0 1
    outer loop
      vertex 9 -25 4
      vertex 3.625452059525068 -21.422449618975175 4
      vertex 3.459253902887518 -21.654378877957143 4
    endloop
  endfacet
  facet normal 0 0 1
    outer loop
      vertex 9 -25 4
      vertex 3.7761254738542065 -21.18014705882353 4
      vertex 3.625452059525068 -21.422449618975175 4
    endloop
  endfacet
  facet normal 0 0 1
    outer loop
      vertex 9 -25 4
      vertex 3.9106289391829714 -20.928508774263733 4
      vertex 3.7761254738542065 -21.18014705882353 4
    endloop
  endfacet
  facet normal 0 0 1
    outer loop
      vertex 9 -25 4
      vertex 4.028386491023478 -20.668612319062486 4
      vertex 3.9106289391829714 -20.928508774263733 4
    endloop
  endfacet
  facet normal 0 0 1
    outer loop
      vertex 9 -25 4
      vertex 4.128893873460277 -20.40157060974099 4
      vertex 4.028386491023478 -20.668612319062486 4
    endloop
  endfacet
  facet normal 0 0 1
    outer loop
      vertex 9 -25 4
      vertex 4.211720698451599 -20.12852715989555 4
      vertex 4.128893873460277 -20.40157060974099 4
    endloop
  endfacet
  facet normal 0 0 1
    outer loop
      vertex 9 -25 4
      vertex 4.276512288817027 -19.850651183496794 4
      vertex 4.211720698451599 -20.12852715989555 4
    endloop
  endfacet
  facet normal 0 0 1
    outer loop
      vertex 9 -25 4
      vertex 4.322991197019629 -19.569132588135957 4
      vertex 4.276512288817027 -19.850651183496794 4
    endloop
  endfacet
  facet normal 0 0 1
    outer loop
      vertex 9 -25 4
      vertex 4.35095839323891 -19.2851768796579 4
      vertex 4.322991197019629 -19.569132588135957 4
    endloop
  endfacet
  facet normal 0 0 1
    outer loop
      vertex 9 -25 4
      vertex 4.360294117647059 -19 4
      vertex 4.35095839323891 -19.2851768796579 4
    endloop
  endfacet
  facet normal 0 0 1
    outer loop
      vertex 9 -25 4
      vertex 4.35095839323891 -18.7148231203421 4
      vertex 4.360294117647059 -19 4
    endloop
  endfacet
  facet normal 0 0 1
    outer loop
      vertex 9 -25 4
      vertex 4.322991197019629 -18.430867411864043 4
      vertex 4.35095839323891 -18.7148231203421 4
    endloop
  endfacet
  facet normal 0 0 1
    outer loop
      vertex 9 -25 4
      vertex 4.211720698451599 -17.87147284010445 4
      vertex 4.276512288817027 -18.149348816503206 4
    endloop
  endfacet
  facet normal 0 0 1
    outer loop
      vertex 9 -25 4
      vertex 4.276512288817027 -18.149348816503206 4
      vertex 4.322991197019629 -18.430867411864043 4
    endloop
  endfacet
  facet normal 0 0 1
    outer loop
      vertex 9 -10 4
      vertex 2.1801470588235294 -15.223874526145794 4
      vertex 2.422449618975177 -15.374547940474931 4
    endloop
  endfacet
  facet normal 0 0 1
    outer loop
      vertex 9 -10 4
      vertex 2.422449618975177 -15.374547940474931 4
      vertex 2.654378877957142 -15.540746097112482 4
    endloop
  endfacet
  facet normal 0 0 1
    outer loop
      vertex 9 -10 4
      vertex 2.654378877957142 -15.540746097112482 4
      vertex 2.8749416790760356 -15.721757310036518 4
    endloop
  endfacet
  facet normal 0 0 1
    outer loop
      vertex 9 -10 4
      vertex 2.8749416790760356 -15.721757310036518 4
      vertex 3.0831935385560496 -15.91680646144395 4
    endloop
  endfacet
  facet normal 0 0 1
    outer loop
      vertex 9 -10 4
      vertex 3.278242689963482 -16.125058320923962 4
      vertex 3.459253902887518 -16.345621122042857 4
    endloop
  endfacet
  facet normal 0 0 1
    outer loop
      vertex 9 -10 4
      vertex 3.625452059525068 -16.577550381024825 4
      vertex 3.7761254738542065 -16.81985294117647 4
    endloop
  endfacet
  facet normal 0 0 1
    outer loop
      vertex 9 -10 4
      vertex 3.459253902887518 -16.345621122042857 4
      vertex 3.625452059525068 -16.577550381024825 4
    endloop
  endfacet
  facet normal 0 0 1
    outer loop
      vertex 9 -10 4
      vertex 3.7761254738542065 -16.81985294117647 4
      vertex 3.9106289391829714 -17.071491225736267 4
    endloop
  endfacet
  facet normal 0 0 1
    outer loop
      vertex 9 -10 4
      vertex 3.0831935385560496 -15.91680646144395 4
      vertex 3.278242689963482 -16.125058320923962 4
    endloop
  endfacet
  facet normal 0 0 1
    outer loop
      vertex 9 -10 4
      vertex 4.028386491023478 -17.331387680937514 4
      vertex 4.128893873460277 -17.59842939025901 4
    endloop
  endfacet
  facet normal 0 0 1
    outer loop
      vertex 9 -10 4
      vertex 4.128893873460277 -17.59842939025901 4
      vertex 4.211720698451599 -17.87147284010445 4
    endloop
  endfacet
  facet normal 0 0 1
    outer loop
      vertex 9 -10 4
      vertex 3.9106289391829714 -17.071491225736267 4
      vertex 4.028386491023478 -17.331387680937514 4
    endloop
  endfacet
  facet normal 1 0 0
    outer loop
      vertex 9 -25 0
      vertex 9 -10 4
      vertex 9 -25 4
    endloop
  endfacet
  facet normal 0 0 1
    outer loop
      vertex 9 -25 4
      vertex 9 -10 4
      vertex 4.211720698451599 -17.87147284010445 4
    endloop
  endfacet
  facet normal 1 0 0
    outer loop
      vertex 9 -13.527551844716072 11.53000795841217
      vertex 9 -13.740502461791039 12
      vertex 9 -13.747727081179619 12
    endloop
  endfacet
  facet normal 1 0 0
    outer loop
      vertex 9 -13.740502461791039 12
      vertex 9 -10.162674859166145 13.790482245385647
      vertex 9 -13.85819298774004 12.259748511016369
    endloop
  endfacet
  facet normal 1 0 0
    outer loop
      vertex 9 -14.203951939940453 13.17840801924467
      vertex 9 -13.85819298774004 12.259748511016369
      vertex 9 -10.41623142361641 14.46416588127613
    endloop
  endfacet
  facet normal 1 0 0
    outer loop
      vertex 9 -10 4
      vertex 9 -4.86517558991909 8.134399846196175
      vertex 9 -5.5 8.47372055798769
    endloop
  endfacet
  facet normal 1 0 0
    outer loop
      vertex 9 -10 4
      vertex 9 -4.209517754614353 7.837325140833855
      vertex 9 -4.86517558991909 8.134399846196175
    endloop
  endfacet
  facet normal 1 0 0
    outer loop
      vertex 9 -25 0
      vertex 9 25 0
      vertex 9 -10 4
    endloop
  endfacet
  facet normal 1 0 0
    outer loop
      vertex 9 -10 4
      vertex 9 -3.5358341187238693 7.583768576383591
      vertex 9 -4.209517754614353 7.837325140833855
    endloop
  endfacet
  facet normal 1 0 0
    outer loop
      vertex 9 -10 4
      vertex 9 -2.8470094949007034 7.374815911054611
      vertex 9 -3.5358341187238693 7.583768576383591
    endloop
  endfacet
  facet normal 1 0 0
    outer loop
      vertex 9 -10 4
      vertex 9 -2.145993545651436 7.211361914873123
      vertex 9 -2.8470094949007034 7.374815911054611
    endloop
  endfacet
  facet normal 1 0 0
    outer loop
      vertex 9 -10 4
      vertex 9 -1.4357881173491478 7.094106525182724
      vertex 9 -2.145993545651436 7.211361914873123
    endloop
  endfacet
  facet normal 1 0 0
    outer loop
      vertex 9 -10 4
      vertex 9 -0.7194344252347946 7.023551844060421
      vertex 9 -1.4357881173491478 7.094106525182724
    endloop
  endfacet
  facet normal 1 0 0
    outer loop
      vertex 9 -10 4
      vertex 9 0 7
      vertex 9 -0.7194344252347946 7.023551844060421
    endloop
  endfacet
  facet normal 1 0 0
    outer loop
      vertex 9 -13.432646542787552 11.3274205327034
      vertex 9 -10 4
      vertex 9 -9.146165736019611 11.888727433979511
    endloop
  endfacet
  facet normal 1 0 0
    outer loop
      vertex 9 -10 4
      vertex 9 -6.696375720202923 9.273113258183002
      vertex 9 -7.2528039664030075 9.729762114584446
    endloop
  endfacet
  facet normal 1 0 0
    outer loop
      vertex 9 -10 4
      vertex 9 -8.270237885415554 10.747196033596992
      vertex 9 -8.726886741816998 11.303624279797077
    endloop
  endfacet
  facet normal 1 0 0
    outer loop
      vertex 9 -10 4
      vertex 9 -7.778174594044685 10.221825405955315
      vertex 9 -8.270237885415554 10.747196033596992
    endloop
  endfacet
  facet normal 1 0 0
    outer loop
      vertex 9 -10 4
      vertex 9 -7.2528039664030075 9.729762114584446
      vertex 9 -7.778174594044685 10.221825405955315
    endloop
  endfacet
  facet normal 1 0 0
    outer loop
      vertex 9 -10 4
      vertex 9 -6.111272566020489 8.853834263980389
      vertex 9 -6.696375720202923 9.273113258183002
    endloop
  endfacet
  facet normal 1 0 0
    outer loop
      vertex 9 -10 4
      vertex 9 -5.5 8.47372055798769
      vertex 9 -6.111272566020489 8.853834263980389
    endloop
  endfacet
  facet normal 1 0 0
    outer loop
      vertex 9 -10 4
      vertex 9 -8.726886741816998 11.303624279797077
      vertex 9 -9.146165736019611 11.888727433979511
    endloop
  endfacet
  facet normal 1 0 0
    outer loop
      vertex 9 -13.432646542787552 11.3274205327034
      vertex 9 -9.865600153803825 13.13482441008091
      vertex 9 -13.453091122210026 11.365669645369053
    endloop
  endfacet
  facet normal 1 0 0
    outer loop
      vertex 9 -13.527551844716072 11.53000795841217
      vertex 9 -13.453091122210026 11.365669645369053
      vertex 9 -9.865600153803825 13.13482441008091
    endloop
  endfacet
  facet normal 1 0 0
    outer loop
      vertex 9 -13.527551844716072 11.53000795841217
      vertex 9 -9.865600153803825 13.13482441008091
      vertex 9 -13.740502461791039 12
    endloop
  endfacet
  facet normal 1 0 0
    outer loop
      vertex 9 -13.432646542787552 11.3274205327034
      vertex 9 -9.146165736019611 11.888727433979511
      vertex 9 -9.52627944201231 12.5
    endloop
  endfacet
  facet normal 1 0 0
    outer loop
      vertex 9 -13.432646542787552 11.3274205327034
      vertex 9 -9.52627944201231 12.5
      vertex 9 -9.865600153803825 13.13482441008091
    endloop
  endfacet
  facet normal 1 0 0
    outer loop
      vertex 9 -13.740502461791039 12
      vertex 9 -9.865600153803825 13.13482441008091
      vertex 9 -10.162674859166145 13.790482245385647
    endloop
  endfacet
  facet normal 1 0 0
    outer loop
      vertex 9 -13.85819298774004 12.259748511016369
      vertex 9 -10.162674859166145 13.790482245385647
      vertex 9 -10.41623142361641 14.46416588127613
    endloop
  endfacet
  facet normal 0 -0.9738769784118718 -0.2270762667461368
    outer loop
      vertex -9 -14.488887391984463 14.117714323103428
      vertex 9 -14.488887391984463 14.117714323103428
      vertex 9 -14.711779206991196 15.073645167052746
    endloop
  endfacet
  facet normal 0 -0.9866433323607117 -0.16289547172389468
    outer loop
      vertex -9 -14.711779206991196 15.073645167052746
      vertex 9 -14.711779206991196 15.073645167052746
      vertex 9 -14.871672920882702 16.042107120156288
    endloop
  endfacet
  facet normal 0 -0.9951847267679234 -0.0980171393576331
    outer loop
      vertex -9 -14.871672920882702 16.042107120156288
      vertex 9 -14.871672920882702 16.042107120156288
      vertex 9 -14.967883847653866 17.018953062593937
    endloop
  endfacet
  facet normal 0 -0.9994645874444018 -0.032719083798173614
    outer loop
      vertex -9 -14.967883847653866 17.018953062593937
      vertex 9 -14.967883847653866 17.018953062593937
      vertex 9 -15 18
    endloop
  endfacet
  facet normal 0 -0.9994645874444018 0.032719083798173614
    outer loop
      vertex -9 -15 18
      vertex 9 -15 18
      vertex 9 -14.967883847653866 18.981046937406063
    endloop
  endfacet
  facet normal 0 -0.9951847267679234 0.0980171393576331
    outer loop
      vertex -9 -14.967883847653866 18.981046937406063
      vertex 9 -14.967883847653866 18.981046937406063
      vertex 9 -14.871672920882702 19.957892879843712
    endloop
  endfacet
  facet normal 0 -0.9866433323607117 0.16289547172389468
    outer loop
      vertex -9 -14.871672920882702 19.957892879843712
      vertex 9 -14.871672920882702 19.957892879843712
      vertex 9 -14.711779206991196 20.926354832947254
    endloop
  endfacet
  facet normal 0 -0.9738769784118718 0.2270762667461368
    outer loop
      vertex -9 -14.711779206991196 20.926354832947254
      vertex 9 -14.711779206991196 20.926354832947254
      vertex 9 -14.488887391984463 21.882285676896572
    endloop
  endfacet
  facet normal 0 -0.956940335767022 0.29028467713969897
    outer loop
      vertex -9 -14.488887391984463 21.882285676896572
      vertex 9 -14.488887391984463 21.882285676896572
      vertex 9 -14.203951939940453 22.82159198075533
    endloop
  endfacet
  facet normal 0 -0.935905927906745 0.35225004486730005
    outer loop
      vertex -9 -14.203951939940453 22.82159198075533
      vertex 9 -14.203951939940453 22.82159198075533
      vertex 9 -13.85819298774004 23.74025148898363
    endloop
  endfacet
  facet normal 0 -0.9108638242201991 0.4127070313514833
    outer loop
      vertex -9 -13.85819298774004 23.74025148898363
      vertex 9 -13.85819298774004 23.74025148898363
      vertex 9 -13.453091122210026 24.634330354630947
    endloop
  endfacet
  facet normal 0 -0.8819212634481289 0.47139673851020214
    outer loop
      vertex -9 -13.453091122210026 24.634330354630947
      vertex 9 -13.453091122210026 24.634330354630947
      vertex 9 -12.990381054580212 25.5
    endloop
  endfacet
  facet normal 0 -0.8492021820016544 0.5280678498863844
    outer loop
      vertex -9 -12.990381054580212 25.5
      vertex 9 -12.990381054580212 25.5
      vertex 9 -12.472044184803963 26.33355349302292
    endloop
  endfacet
  facet normal 0 0.9359059275348901 0.3522500458552945
    outer loop
      vertex -9 -10.41623142361641 14.46416588127613
      vertex 9 -10.41623142361641 14.46416588127613
      vertex 9 -10.162674859166145 13.790482245385647
    endloop
  endfacet
  facet normal 0 0.9569403356916317 0.2902846773882274
    outer loop
      vertex -9 -10.625184088945389 15.152990505099297
      vertex 9 -10.625184088945389 15.152990505099297
      vertex 9 -10.41623142361641 14.46416588127613
    endloop
  endfacet
  facet normal 0 0.9738769786561818 0.22707626569834846
    outer loop
      vertex -9 -10.788638085126877 15.854006454348564
      vertex 9 -10.788638085126877 15.854006454348564
      vertex 9 -10.625184088945389 15.152990505099297
    endloop
  endfacet
  facet normal 0 0.9951847265792517 0.09801714127324808
    outer loop
      vertex -9 -10.976448155939579 17.280565574765205
      vertex 9 -10.976448155939579 17.280565574765205
      vertex 9 -10.905893474817276 16.564211882650852
    endloop
  endfacet
  facet normal 0 0.9866433323251335 0.1628954719393896
    outer loop
      vertex -9 -10.905893474817276 16.564211882650852
      vertex 9 -10.905893474817276 16.564211882650852
      vertex 9 -10.788638085126877 15.854006454348564
    endloop
  endfacet
  facet normal 0 0.999464587496181 0.03271908221647967
    outer loop
      vertex -9 -11 18
      vertex 9 -11 18
      vertex 9 -10.976448155939579 17.280565574765205
    endloop
  endfacet
  facet normal 0 0.999464587496181 -0.03271908221647967
    outer loop
      vertex -9 -10.976448155939579 18.719434425234795
      vertex 9 -10.976448155939579 18.719434425234795
      vertex 9 -11 18
    endloop
  endfacet
  facet normal 0 0.9951847265792517 -0.09801714127324808
    outer loop
      vertex -9 -10.905893474817276 19.435788117349148
      vertex 9 -10.905893474817276 19.435788117349148
      vertex 9 -10.976448155939579 18.719434425234795
    endloop
  endfacet
  facet normal 0 0.9866433323251335 -0.1628954719393896
    outer loop
      vertex -9 -10.788638085126877 20.145993545651436
      vertex 9 -10.788638085126877 20.145993545651436
      vertex 9 -10.905893474817276 19.435788117349148
    endloop
  endfacet
  facet normal 0 0.9738769786561818 -0.22707626569834846
    outer loop
      vertex -9 -10.625184088945389 20.847009494900703
      vertex 9 -10.625184088945389 20.847009494900703
      vertex 9 -10.788638085126877 20.145993545651436
    endloop
  endfacet
  facet normal 0 0.9569403356916317 -0.2902846773882274
    outer loop
      vertex -9 -10.41623142361641 21.53583411872387
      vertex 9 -10.41623142361641 21.53583411872387
      vertex 9 -10.625184088945389 20.847009494900703
    endloop
  endfacet
  facet normal 0 0.9359059275348901 -0.3522500458552945
    outer loop
      vertex -9 -10.162674859166145 22.209517754614353
      vertex 9 -10.162674859166145 22.209517754614353
      vertex 9 -10.41623142361641 21.53583411872387
    endloop
  endfacet
  facet normal 0 0.9108638222625299 -0.4127070356721513
    outer loop
      vertex -9 -9.865600153803825 22.86517558991909
      vertex 9 -9.865600153803825 22.86517558991909
      vertex 9 -10.162674859166145 22.209517754614353
    endloop
  endfacet
  facet normal 0 0.8819212671033585 -0.47139673167174867
    outer loop
      vertex -9 -9.52627944201231 23.5
      vertex 9 -9.52627944201231 23.5
      vertex 9 -9.865600153803825 22.86517558991909
    endloop
  endfacet
  facet normal 0 0.849202173618972 -0.5280678633668341
    outer loop
      vertex -9 -9.300991602241993 23.862292304635048
      vertex 9 -9.300991602241993 23.862292304635048
      vertex 9 -9.52627944201231 23.5
    endloop
  endfacet
  facet normal 0 -0.8128466858330211 0.582477695135422
    outer loop
      vertex -9 -12.472044184803963 26.33355349302292
      vertex 9 -12.472044184803963 26.33355349302292
      vertex 9 -11.900300107896328 27.13142143189907
    endloop
  endfacet
  facet normal 0 -0.7730104539452297 0.634393283453876
    outer loop
      vertex -9 -11.900300107896328 27.13142143189907
      vertex 9 -11.900300107896328 27.13142143189907
      vertex 9 -11.277597114443779 27.890187226235867
    endloop
  endfacet
  facet normal 0 -0.7298640114275604 0.6835923674404725
    outer loop
      vertex -9 -11.277597114443779 27.890187226235867
      vertex 9 -11.277597114443779 27.890187226235867
      vertex 9 -11.211925752460957 27.96030381321907
    endloop
  endfacet
  facet normal 0 0.9063077869893051 0.4226182618422307
    outer loop
      vertex -9 -11.211925752460957 27.96030381321907
      vertex 9 -11.211925752460957 27.96030381321907
      vertex 9 -9.300991602241993 23.862292304635048
    endloop
  endfacet
  facet normal 1 0 0
    outer loop
      vertex 9 -14.203951939940453 13.17840801924467
      vertex 9 -10.625184088945389 15.152990505099297
      vertex 9 -14.488887391984463 14.117714323103428
    endloop
  endfacet
  facet normal 1 0 0
    outer loop
      vertex 9 -14.488887391984463 14.117714323103428
      vertex 9 -10.788638085126877 15.854006454348564
      vertex 9 -14.711779206991196 15.073645167052746
    endloop
  endfacet
  facet normal 1 0 0
    outer loop
      vertex 9 -14.711779206991196 15.073645167052746
      vertex 9 -10.905893474817276 16.564211882650852
      vertex 9 -14.871672920882702 16.042107120156288
    endloop
  endfacet
  facet normal 1 0 0
    outer loop
      vertex 9 -14.871672920882702 16.042107120156288
      vertex 9 -10.976448155939579 17.280565574765205
      vertex 9 -14.967883847653866 17.018953062593937
    endloop
  endfacet
  facet normal 1 0 0
    outer loop
      vertex 9 -14.967883847653866 17.018953062593937
      vertex 9 -11 18
      vertex 9 -15 18
    endloop
  endfacet
  facet normal 1 0 0
    outer loop
      vertex 9 -15 18
      vertex 9 -10.976448155939579 18.719434425234795
      vertex 9 -14.967883847653866 18.981046937406063
    endloop
  endfacet
  facet normal 1 0 0
    outer loop
      vertex 9 -14.967883847653866 18.981046937406063
      vertex 9 -10.905893474817276 19.435788117349148
      vertex 9 -14.871672920882702 19.957892879843712
    endloop
  endfacet
  facet normal 1 0 0
    outer loop
      vertex 9 -14.871672920882702 19.957892879843712
      vertex 9 -10.788638085126877 20.145993545651436
      vertex 9 -14.711779206991196 20.926354832947254
    endloop
  endfacet
  facet normal 1 0 0
    outer loop
      vertex 9 -14.711779206991196 20.926354832947254
      vertex 9 -10.625184088945389 20.847009494900703
      vertex 9 -14.488887391984463 21.882285676896572
    endloop
  endfacet
  facet normal 1 0 0
    outer loop
      vertex 9 -14.488887391984463 21.882285676896572
      vertex 9 -10.41623142361641 21.53583411872387
      vertex 9 -14.203951939940453 22.82159198075533
    endloop
  endfacet
  facet normal 1 0 0
    outer loop
      vertex 9 -14.203951939940453 22.82159198075533
      vertex 9 -10.162674859166145 22.209517754614353
      vertex 9 -13.85819298774004 23.74025148898363
    endloop
  endfacet
  facet normal 1 0 0
    outer loop
      vertex 9 -14.203951939940453 13.17840801924467
      vertex 9 -10.41623142361641 14.46416588127613
      vertex 9 -10.625184088945389 15.152990505099297
    endloop
  endfacet
  facet normal 1 0 0
    outer loop
      vertex 9 -14.488887391984463 14.117714323103428
      vertex 9 -10.625184088945389 15.152990505099297
      vertex 9 -10.788638085126877 15.854006454348564
    endloop
  endfacet
  facet normal 1 0 0
    outer loop
      vertex 9 -14.711779206991196 15.073645167052746
      vertex 9 -10.788638085126877 15.854006454348564
      vertex 9 -10.905893474817276 16.564211882650852
    endloop
  endfacet
  facet normal 1 0 0
    outer loop
      vertex 9 -14.871672920882702 16.042107120156288
      vertex 9 -10.905893474817276 16.564211882650852
      vertex 9 -10.976448155939579 17.280565574765205
    endloop
  endfacet
  facet normal 1 0 0
    outer loop
      vertex 9 -14.967883847653866 17.018953062593937
      vertex 9 -10.976448155939579 17.280565574765205
      vertex 9 -11 18
    endloop
  endfacet
  facet normal 1 0 0
    outer loop
      vertex 9 -15 18
      vertex 9 -11 18
      vertex 9 -10.976448155939579 18.719434425234795
    endloop
  endfacet
  facet normal 1 0 0
    outer loop
      vertex 9 -14.967883847653866 18.981046937406063
      vertex 9 -10.976448155939579 18.719434425234795
      vertex 9 -10.905893474817276 19.435788117349148
    endloop
  endfacet
  facet normal 1 0 0
    outer loop
      vertex 9 -14.871672920882702 19.957892879843712
      vertex 9 -10.905893474817276 19.435788117349148
      vertex 9 -10.788638085126877 20.145993545651436
    endloop
  endfacet
  facet normal 1 0 0
    outer loop
      vertex 9 -14.711779206991196 20.926354832947254
      vertex 9 -10.788638085126877 20.145993545651436
      vertex 9 -10.625184088945389 20.847009494900703
    endloop
  endfacet
  facet normal 1 0 0
    outer loop
      vertex 9 -14.488887391984463 21.882285676896572
      vertex 9 -10.625184088945389 20.847009494900703
      vertex 9 -10.41623142361641 21.53583411872387
    endloop
  endfacet
  facet normal 1 0 0
    outer loop
      vertex 9 -14.203951939940453 22.82159198075533
      vertex 9 -10.41623142361641 21.53583411872387
      vertex 9 -10.162674859166145 22.209517754614353
    endloop
  endfacet
  facet normal 1 0 0
    outer loop
      vertex 9 -13.85819298774004 23.74025148898363
      vertex 9 -10.162674859166145 22.209517754614353
      vertex 9 -9.865600153803825 22.86517558991909
    endloop
  endfacet
  facet normal 1 0 0
    outer loop
      vertex 9 -13.85819298774004 23.74025148898363
      vertex 9 -9.865600153803825 22.86517558991909
      vertex 9 -13.453091122210026 24.634330354630947
    endloop
  endfacet
  facet normal 1 0 0
    outer loop
      vertex 9 -13.453091122210026 24.634330354630947
      vertex 9 -9.865600153803825 22.86517558991909
      vertex 9 -9.52627944201231 23.5
    endloop
  endfacet
  facet normal 1 0 0
    outer loop
      vertex 9 -12.990381054580212 25.5
      vertex 9 -9.52627944201231 23.5
      vertex 9 -9.300991602241993 23.862292304635048
    endloop
  endfacet
  facet normal 1 0 0
    outer loop
      vertex 9 -13.453091122210026 24.634330354630947
      vertex 9 -9.52627944201231 23.5
      vertex 9 -12.990381054580212 25.5
    endloop
  endfacet
  facet normal 1 0 0
    outer loop
      vertex 9 -12.990381054580212 25.5
      vertex 9 -9.300991602241993 23.862292304635048
      vertex 9 -12.472044184803963 26.33355349302292
    endloop
  endfacet
  facet normal 1 0 0
    outer loop
      vertex 9 -9.300991602241993 23.862292304635048
      vertex 9 -11.900300107896328 27.13142143189907
      vertex 9 -12.472044184803963 26.33355349302292
    endloop
  endfacet
  facet normal 1 0 0
    outer loop
      vertex 9 -9.300991602241993 23.862292304635048
      vertex 9 -11.277597114443779 27.890187226235867
      vertex 9 -11.900300107896328 27.13142143189907
    endloop
  endfacet
  facet normal 1 0 0
    outer loop
      vertex 9 -9.300991602241993 23.862292304635048
      vertex 9 -11.211925752460957 27.96030381321907
      vertex 9 -11.277597114443779 27.890187226235867
    endloop
  endfacet
  facet normal 0 0 -1
    outer loop
      vertex 9 -25 0
      vertex -2.897777478867205 18.223542864692437 0
      vertex -2.840790388485317 18.035681604090517 0
    endloop
  endfacet
  facet normal 0 0 -1
    outer loop
      vertex 9 -25 0
      vertex -2.3800600208737057 17.173715712973838 0
      vertex -2.255519422436932 17.021962554699794 0
    endloop
  endfacet
  facet normal 0 0 -1
    outer loop
      vertex 9 -25 0
      vertex -2.255519422436932 17.021962554699794 0
      vertex -2.121320343559643 16.878679656440358 0
    endloop
  endfacet
  facet normal 0 0 -1
    outer loop
      vertex 9 -25 0
      vertex -2.121320343559643 16.878679656440358 0
      vertex -1.9780374453002065 16.744480577563067 0
    endloop
  endfacet
  facet normal 0 0 -1
    outer loop
      vertex 9 -25 0
      vertex -1.9780374453002065 16.744480577563067 0
      vertex -1.826284287026162 16.619939979126293 0
    endloop
  endfacet
  facet normal 0 0 -1
    outer loop
      vertex 9 -25 0
      vertex -1.826284287026162 16.619939979126293 0
      vertex -1.6667106990588065 16.505591163092365 0
    endloop
  endfacet
  facet normal 0 0 -1
    outer loop
      vertex 9 -25 0
      vertex -1.6667106990588065 16.505591163092365 0
      vertex -1.5 16.401923788646684 0
    endloop
  endfacet
  facet normal 0 0 -1
    outer loop
      vertex 9 -25 0
      vertex -1.5 16.401923788646684 0
      vertex -1.326866070657004 16.309381775401935 0
    endloop
  endfacet
  facet normal 0 0 -1
    outer loop
      vertex 9 -25 0
      vertex -1.326866070657004 16.309381775401935 0
      vertex -1.1480502970952693 16.228361402466142 0
    endloop
  endfacet
  facet normal 0 0 -1
    outer loop
      vertex 9 -25 0
      vertex -2.77163859753386 17.85194970290473 0
      vertex -2.6906182245980648 17.673133929342995 0
    endloop
  endfacet
  facet normal 0 0 -1
    outer loop
      vertex 9 -25 0
      vertex -2.6906182245980648 17.673133929342995 0
      vertex -2.598076211353316 17.5 0
    endloop
  endfacet
  facet normal 0 0 -1
    outer loop
      vertex 9 -25 0
      vertex -2.840790388485317 18.035681604090517 0
      vertex -2.77163859753386 17.85194970290473 0
    endloop
  endfacet
  facet normal 0 0 -1
    outer loop
      vertex 9 -25 0
      vertex -2.598076211353316 17.5 0
      vertex -2.4944088369076356 17.333289300941193 0
    endloop
  endfacet
  facet normal 0 0 -1
    outer loop
      vertex 9 -25 0
      vertex -2.4944088369076356 17.333289300941193 0
      vertex -2.3800600208737057 17.173715712973838 0
    endloop
  endfacet
  facet normal 0 0 1
    outer loop
      vertex -9 10 4
      vertex 9 10 4
      vertex 1.4015706097409912 14.871106126539724 4
    endloop
  endfacet
  facet normal 0 0 -1
    outer loop
      vertex 9 -25 0
      vertex -1.1480502970952693 16.228361402466142 0
      vertex -0.9643183959094848 16.159209611514683 0
    endloop
  endfacet
  facet normal 0 0 -1
    outer loop
      vertex 9 -25 0
      vertex -0.9643183959094848 16.159209611514683 0
      vertex -0.7764571353075622 16.102222521132795 0
    endloop
  endfacet
  facet normal 0 0 -1
    outer loop
      vertex 9 -25 0
      vertex -0.7764571353075622 16.102222521132795 0
      vertex -0.5852709660483848 16.05764415879031 0
    endloop
  endfacet
  facet normal 0 0 -1
    outer loop
      vertex 9 -25 0
      vertex -0.5852709660483848 16.05764415879031 0
      vertex -0.3915785766601547 16.02566541587857 0
    endloop
  endfacet
  facet normal 0 0 -1
    outer loop
      vertex 9 -25 0
      vertex -0.3915785766601547 16.02566541587857 0
      vertex -0.19620938769042917 16.00642323028419 0
    endloop
  endfacet
  facet normal 0 0 -1
    outer loop
      vertex 9 -25 0
      vertex -0.19620938769042917 16.00642323028419 0
      vertex 0 16 0
    endloop
  endfacet
  facet normal 0 0 -1
    outer loop
      vertex 9 -25 0
      vertex 0 16 0
      vertex 0.19620938769042917 16.00642323028419 0
    endloop
  endfacet
  facet normal 0 0 -1
    outer loop
      vertex 9 -25 0
      vertex 0.19620938769042917 16.00642323028419 0
      vertex 0.3915785766601547 16.02566541587857 0
    endloop
  endfacet
  facet normal 0 0 -1
    outer loop
      vertex 9 -25 0
      vertex 0.3915785766601547 16.02566541587857 0
      vertex 0.5852709660483848 16.05764415879031 0
    endloop
  endfacet
  facet normal 0 0 -1
    outer loop
      vertex 9 -25 0
      vertex 0.5852709660483848 16.05764415879031 0
      vertex 0.7764571353075622 16.102222521132795 0
    endloop
  endfacet
  facet normal 0 0 -1
    outer loop
      vertex 9 -25 0
      vertex 0.7764571353075622 16.102222521132795 0
      vertex 0.9643183959094848 16.159209611514683 0
    endloop
  endfacet
  facet normal 0 0 -1
    outer loop
      vertex 9 -25 0
      vertex 0.9643183959094848 16.159209611514683 0
      vertex 1.1480502970952693 16.228361402466142 0
    endloop
  endfacet
  facet normal 0 0 -1
    outer loop
      vertex 9 -25 0
      vertex 1.1480502970952693 16.228361402466142 0
      vertex 1.326866070657004 16.309381775401935 0
    endloop
  endfacet
  facet normal 0 0 -1
    outer loop
      vertex 9 -25 0
      vertex 1.326866070657004 16.309381775401935 0
      vertex 1.5 16.401923788646684 0
    endloop
  endfacet
  facet normal 0 0 -1
    outer loop
      vertex 9 -25 0
      vertex 1.5 16.401923788646684 0
      vertex 1.6667106990588065 16.505591163092365 0
    endloop
  endfacet
  facet normal 0 0 -1
    outer loop
      vertex 9 -25 0
      vertex 1.6667106990588065 16.505591163092365 0
      vertex 1.826284287026162 16.619939979126293 0
    endloop
  endfacet
  facet normal 0 0 -1
    outer loop
      vertex 9 -25 0
      vertex 1.826284287026162 16.619939979126293 0
      vertex 1.9780374453002065 16.744480577563067 0
    endloop
  endfacet
  facet normal 0 0 -1
    outer loop
      vertex 9 -25 0
      vertex 1.9780374453002065 16.744480577563067 0
      vertex 2.121320343559643 16.878679656440358 0
    endloop
  endfacet
  facet normal 0 0 -1
    outer loop
      vertex 9 -25 0
      vertex 2.121320343559643 16.878679656440358 0
      vertex 2.255519422436932 17.021962554699794 0
    endloop
  endfacet
  facet normal 0 -0.03271908221647967 0.999464587496181
    outer loop
      vertex -9 0 7
      vertex 9 0 7
      vertex 9 0.7194344252347946 7.023551844060421
    endloop
  endfacet
  facet normal 0 -0.09801714127324808 0.9951847265792517
    outer loop
      vertex -9 0.7194344252347946 7.023551844060421
      vertex 9 0.7194344252347946 7.023551844060421
      vertex 9 1.4357881173491478 7.094106525182724
    endloop
  endfacet
  facet normal 0 -0.1628954719393896 0.9866433323251335
    outer loop
      vertex -9 1.4357881173491478 7.094106525182724
      vertex 9 1.4357881173491478 7.094106525182724
      vertex 9 2.145993545651436 7.211361914873123
    endloop
  endfacet
  facet normal 0 -0.22707626569834846 0.9738769786561818
    outer loop
      vertex -9 2.145993545651436 7.211361914873123
      vertex 9 2.145993545651436 7.211361914873123
      vertex 9 2.8470094949007034 7.374815911054611
    endloop
  endfacet
  facet normal 0 -0.2902846773882274 0.9569403356916317
    outer loop
      vertex -9 2.8470094949007034 7.374815911054611
      vertex 9 2.8470094949007034 7.374815911054611
      vertex 9 3.5358341187238693 7.583768576383591
    endloop
  endfacet
  facet normal 0 -0.3522500458552945 0.9359059275348901
    outer loop
      vertex -9 3.5358341187238693 7.583768576383591
      vertex 9 3.5358341187238693 7.583768576383591
      vertex 9 4.209517754614353 7.837325140833855
    endloop
  endfacet
  facet normal 0 -0.4127070356721513 0.9108638222625299
    outer loop
      vertex -9 4.209517754614353 7.837325140833855
      vertex 9 4.209517754614353 7.837325140833855
      vertex 9 4.86517558991909 8.134399846196175
    endloop
  endfacet
  facet normal 0 -0.47139673167174867 0.8819212671033585
    outer loop
      vertex -9 4.86517558991909 8.134399846196175
      vertex 9 4.86517558991909 8.134399846196175
      vertex 9 5.5 8.47372055798769
    endloop
  endfacet
  facet normal 0 -0.5280678485942861 0.8492021828051328
    outer loop
      vertex -9 5.5 8.47372055798769
      vertex 9 5.5 8.47372055798769
      vertex 9 6.111272566020489 8.853834263980389
    endloop
  endfacet
  facet normal 0 -0.5824776998921578 0.8128466824243925
    outer loop
      vertex -9 6.111272566020489 8.853834263980389
      vertex 9 6.111272566020489 8.853834263980389
      vertex 9 6.696375720202923 9.273113258183002
    endloop
  endfacet
  facet normal 0 -0.634393280948584 0.7730104560012698
    outer loop
      vertex -9 6.696375720202923 9.273113258183002
      vertex 9 6.696375720202923 9.273113258183002
      vertex 9 7.2528039664030075 9.729762114584446
    endloop
  endfacet
  facet normal 0 -0.683592303138493 0.7298640716529419
    outer loop
      vertex -9 7.2528039664030075 9.729762114584446
      vertex 9 7.2528039664030075 9.729762114584446
      vertex 9 7.778174594044685 10.221825405955315
    endloop
  endfacet
  facet normal 0 -0.7298640716529419 0.683592303138493
    outer loop
      vertex -9 7.778174594044685 10.221825405955315
      vertex 9 7.778174594044685 10.221825405955315
      vertex 9 8.270237885415554 10.747196033596992
    endloop
  endfacet
  facet normal 0 0.9055577870762631 -0.42422292991485183
    outer loop
      vertex -9 13.432646542787552 11.3274205327034
      vertex 9 13.432646542787552 11.3274205327034
      vertex 9 10 4
    endloop
  endfacet
  facet normal 0 -0.7730104560012698 0.634393280948584
    outer loop
      vertex -9 8.270237885415554 10.747196033596992
      vertex 9 8.270237885415554 10.747196033596992
      vertex 9 8.726886741816998 11.303624279797077
    endloop
  endfacet
  facet normal 0 -0.8128466824243925 0.5824776998921578
    outer loop
      vertex -9 8.726886741816998 11.303624279797077
      vertex 9 8.726886741816998 11.303624279797077
      vertex 9 9.146165736019611 11.888727433979511
    endloop
  endfacet
  facet normal 0 -0.8492021828051328 0.5280678485942861
    outer loop
      vertex -9 9.146165736019611 11.888727433979511
      vertex 9 9.146165736019611 11.888727433979511
      vertex 9 9.52627944201231 12.5
    endloop
  endfacet
  facet normal 0 -0.8819212671033585 0.47139673167174867
    outer loop
      vertex -9 9.52627944201231 12.5
      vertex 9 9.52627944201231 12.5
      vertex 9 9.865600153803825 13.13482441008091
    endloop
  endfacet
  facet normal 0 -0.9108638222625299 0.4127070356721513
    outer loop
      vertex -9 9.865600153803825 13.13482441008091
      vertex 9 9.865600153803825 13.13482441008091
      vertex 9 10.162674859166145 13.790482245385647
    endloop
  endfacet
  facet normal -0.026827745022932968 0.8195028344262381 0.572446832871269
    outer loop
      vertex 0.13898164961405401 16.879549788117966 0.7999999999999998
      vertex 0 14.639705882352942 4
      vertex 0.28517687965790317 14.649041606761088 4
    endloop
  endfacet
  facet normal -0.08036835454596053 0.8159935974768601 0.5724468328712692
    outer loop
      vertex 0.2773681584676096 16.893179669580654 0.7999999999999998
      vertex 0.28517687965790317 14.649041606761088 4
      vertex 0.5691325881359601 14.677008802980371 4
    endloop
  endfacet
  facet normal -0.1335648144364332 0.8089901506694719 0.572446832871269
    outer loop
      vertex 0.41456693428427255 16.915831279143134 0.7999999999999998
      vertex 0.5691325881359601 14.677008802980371 4
      vertex 0.8506511834967945 14.723487711182973 4
    endloop
  endfacet
  facet normal -0.1861893292862571 0.7985224838384871 0.5724468328712691
    outer loop
      vertex 0.5499904708428566 16.94740761913573 0.7999999999999998
      vertex 0.8506511834967945 14.723487711182973 4
      vertex 1.12852715989555 14.788279301548402 4
    endloop
  endfacet
  facet normal -0.238016552843762 0.7846354211403064 0.5724468328712691
    outer loop
      vertex 0.6830588637692183 16.9877734748229 0.7999999999999998
      vertex 1.12852715989555 14.788279301548402 4
      vertex 1.4015706097409912 14.871106126539724 4
    endloop
  endfacet
  facet normal -0.03271908282178673 0.9994645874763652 0
    outer loop
      vertex 0 16 0.20000000000000004
      vertex 0.19620938769042917 16.00642323028419 0
      vertex 0 16 0
    endloop
  endfacet
  facet normal -0.03271908282178673 0.9994645874763652 0
    outer loop
      vertex 0 16 0.20000000000000004
      vertex 0.19620938769042917 16.00642323028419 0.20000000000000004
      vertex 0.19620938769042917 16.00642323028419 0
    endloop
  endfacet
  facet normal 0 0 -1
    outer loop
      vertex 0 16 0.20000000000000004
      vertex 0 16.875 0.20000000000000004
      vertex 0.19620938769042917 16.00642323028419 0.20000000000000004
    endloop
  endfacet
  facet normal -0.09801714032956008 0.9951847266721969 0
    outer loop
      vertex 0.19620938769042917 16.00642323028419 0.20000000000000004
      vertex 0.3915785766601547 16.02566541587857 0
      vertex 0.19620938769042917 16.00642323028419 0
    endloop
  endfacet
  facet normal 0 0 -1
    outer loop
      vertex 0.19620938769042917 16.00642323028419 0.20000000000000004
      vertex 0.13898164961405401 16.879549788117966 0.20000000000000004
      vertex 0.3915785766601547 16.02566541587857 0.20000000000000004
    endloop
  endfacet
  facet normal 0 0 -1
    outer loop
      vertex 0.19620938769042917 16.00642323028419 0.20000000000000004
      vertex 0 16.875 0.20000000000000004
      vertex 0.13898164961405401 16.879549788117966 0.20000000000000004
    endloop
  endfacet
  facet normal -0.032719082821767595 0.9994645874763659 0
    outer loop
      vertex 0 16.875 0.20000000000000004
      vertex 0.13898164961405401 16.879549788117966 0.7999999999999998
      vertex 0.13898164961405401 16.879549788117966 0.20000000000000004
    endloop
  endfacet
  facet normal 0 0 -1
    outer loop
      vertex 0.13898164961405401 16.879549788117966 0.20000000000000004
      vertex 0.2773681584676096 16.893179669580654 0.20000000000000004
      vertex 0.3915785766601547 16.02566541587857 0.20000000000000004
    endloop
  endfacet
  facet normal -0.09801714032957695 0.9951847266721953 0
    outer loop
      vertex 0.13898164961405401 16.879549788117966 0.20000000000000004
      vertex 0.2773681584676096 16.893179669580654 0.7999999999999998
      vertex 0.2773681584676096 16.893179669580654 0.20000000000000004
    endloop
  endfacet
  facet normal -0.032719082821767595 0.9994645874763659 0
    outer loop
      vertex 0 16.875 0.20000000000000004
      vertex 0 16.875 0.7999999999999998
      vertex 0.13898164961405401 16.879549788117966 0.7999999999999998
    endloop
  endfacet
  facet normal -0.09801714032957695 0.9951847266721953 0
    outer loop
      vertex 0.13898164961405401 16.879549788117966 0.20000000000000004
      vertex 0.13898164961405401 16.879549788117966 0.7999999999999998
      vertex 0.2773681584676096 16.893179669580654 0.7999999999999998
    endloop
  endfacet
  facet normal -0.09801714032956008 0.9951847266721969 0
    outer loop
      vertex 0.19620938769042917 16.00642323028419 0.20000000000000004
      vertex 0.3915785766601547 16.02566541587857 0.20000000000000004
      vertex 0.3915785766601547 16.02566541587857 0
    endloop
  endfacet
  facet normal 0 0 -1
    outer loop
      vertex 0.2773681584676096 16.893179669580654 0.20000000000000004
      vertex 0.5852709660483848 16.05764415879031 0.20000000000000004
      vertex 0.3915785766601547 16.02566541587857 0.20000000000000004
    endloop
  endfacet
  facet normal -0.162895473394588 0.9866433320848791 0
    outer loop
      vertex 0.3915785766601547 16.02566541587857 0.20000000000000004
      vertex 0.5852709660483848 16.05764415879031 0
      vertex 0.3915785766601547 16.02566541587857 0
    endloop
  endfacet
  facet normal -0.162895473394588 0.9866433320848791 0
    outer loop
      vertex 0.3915785766601547 16.02566541587857 0.20000000000000004
      vertex 0.5852709660483848 16.05764415879031 0.20000000000000004
      vertex 0.5852709660483848 16.05764415879031 0
    endloop
  endfacet
  facet normal -0.1628954733945735 0.9866433320848814 0
    outer loop
      vertex 0.2773681584676096 16.893179669580654 0.20000000000000004
      vertex 0.41456693428427255 16.915831279143134 0.7999999999999998
      vertex 0.41456693428427255 16.915831279143134 0.20000000000000004
    endloop
  endfacet
  facet normal 0 0 -1
    outer loop
      vertex 0.2773681584676096 16.893179669580654 0.20000000000000004
      vertex 0.41456693428427255 16.915831279143134 0.20000000000000004
      vertex 0.5852709660483848 16.05764415879031 0.20000000000000004
    endloop
  endfacet
  facet normal 0 0 -1
    outer loop
      vertex 0.41456693428427255 16.915831279143134 0.20000000000000004
      vertex 0.5499904708428566 16.94740761913573 0.20000000000000004
      vertex 0.5852709660483848 16.05764415879031 0.20000000000000004
    endloop
  endfacet
  facet normal -0.2270762630343897 0.9738769792773299 0
    outer loop
      vertex 0.41456693428427255 16.915831279143134 0.20000000000000004
      vertex 0.5499904708428566 16.94740761913573 0.7999999999999998
      vertex 0.5499904708428566 16.94740761913573 0.20000000000000004
    endloop
  endfacet
  facet normal -0.1628954733945735 0.9866433320848814 0
    outer loop
      vertex 0.2773681584676096 16.893179669580654 0.20000000000000004
      vertex 0.2773681584676096 16.893179669580654 0.7999999999999998
      vertex 0.41456693428427255 16.915831279143134 0.7999999999999998
    endloop
  endfacet
  facet normal -0.2270762630343897 0.9738769792773299 0
    outer loop
      vertex 0.41456693428427255 16.915831279143134 0.20000000000000004
      vertex 0.41456693428427255 16.915831279143134 0.7999999999999998
      vertex 0.5499904708428566 16.94740761913573 0.7999999999999998
    endloop
  endfacet
  facet normal -0.2270762630343635 0.9738769792773359 0
    outer loop
      vertex 0.5852709660483848 16.05764415879031 0.20000000000000004
      vertex 0.7764571353075622 16.102222521132795 0
      vertex 0.5852709660483848 16.05764415879031 0
    endloop
  endfacet
  facet normal 0 0 -1
    outer loop
      vertex 0.5499904708428566 16.94740761913573 0.20000000000000004
      vertex 0.7764571353075622 16.102222521132795 0.20000000000000004
      vertex 0.5852709660483848 16.05764415879031 0.20000000000000004
    endloop
  endfacet
  facet normal -0.2270762630343635 0.9738769792773359 0
    outer loop
      vertex 0.5852709660483848 16.05764415879031 0.20000000000000004
      vertex 0.7764571353075622 16.102222521132795 0.20000000000000004
      vertex 0.7764571353075622 16.102222521132795 0
    endloop
  endfacet
  facet normal -0.2902846772544633 0.9569403357322086 0
    outer loop
      vertex 0.7764571353075622 16.102222521132795 0.20000000000000004
      vertex 0.9643183959094848 16.159209611514683 0
      vertex 0.7764571353075622 16.102222521132795 0
    endloop
  endfacet
  facet normal 0 0 -1
    outer loop
      vertex 0.5499904708428566 16.94740761913573 0.20000000000000004
      vertex 0.6830588637692183 16.9877734748229 0.20000000000000004
      vertex 0.7764571353075622 16.102222521132795 0.20000000000000004
    endloop
  endfacet
  facet normal -0.2902846772544615 0.9569403357322092 0
    outer loop
      vertex 0.5499904708428566 16.94740761913573 0.20000000000000004
      vertex 0.6830588637692183 16.9877734748229 0.7999999999999998
      vertex 0.6830588637692183 16.9877734748229 0.20000000000000004
    endloop
  endfacet
  facet normal 0 0 -1
    outer loop
      vertex 0.7764571353075622 16.102222521132795 0.20000000000000004
      vertex 0.6830588637692183 16.9877734748229 0.20000000000000004
      vertex 0.9643183959094848 16.159209611514683 0.20000000000000004
    endloop
  endfacet
  facet normal 0 0 -1
    outer loop
      vertex 0.6830588637692183 16.9877734748229 0.20000000000000004
      vertex 0.8132022937758158 17.036755993413514 0.20000000000000004
      vertex 0.9643183959094848 16.159209611514683 0.20000000000000004
    endloop
  endfacet
  facet normal -0.3522500479212181 0.9359059267573315 0
    outer loop
      vertex 0.6830588637692183 16.9877734748229 0.20000000000000004
      vertex 0.8132022937758158 17.036755993413514 0.7999999999999998
      vertex 0.8132022937758158 17.036755993413514 0.20000000000000004
    endloop
  endfacet
  facet normal -0.2902846772544615 0.9569403357322092 0
    outer loop
      vertex 0.5499904708428566 16.94740761913573 0.20000000000000004
      vertex 0.5499904708428566 16.94740761913573 0.7999999999999998
      vertex 0.6830588637692183 16.9877734748229 0.7999999999999998
    endloop
  endfacet
  facet normal -0.3522500479212181 0.9359059267573315 0
    outer loop
      vertex 0.6830588637692183 16.9877734748229 0.20000000000000004
      vertex 0.6830588637692183 16.9877734748229 0.7999999999999998
      vertex 0.8132022937758158 17.036755993413514 0.7999999999999998
    endloop
  endfacet
  facet normal -0.2902846772544633 0.9569403357322086 0
    outer loop
      vertex 0.7764571353075622 16.102222521132795 0.20000000000000004
      vertex 0.9643183959094848 16.159209611514683 0.20000000000000004
      vertex 0.9643183959094848 16.159209611514683 0
    endloop
  endfacet
  facet normal -0.35225004792124254 0.9359059267573223 0
    outer loop
      vertex 0.9643183959094848 16.159209611514683 0.20000000000000004
      vertex 1.1480502970952693 16.228361402466142 0
      vertex 0.9643183959094848 16.159209611514683 0
    endloop
  endfacet
  facet normal -0.35225004792124254 0.9359059267573223 0
    outer loop
      vertex 0.9643183959094848 16.159209611514683 0.20000000000000004
      vertex 1.1480502970952693 16.228361402466142 0.20000000000000004
      vertex 1.1480502970952693 16.228361402466142 0
    endloop
  endfacet
  facet normal 0 0 -1
    outer loop
      vertex 0.8132022937758158 17.036755993413514 0.20000000000000004
      vertex 0.9398634667153778 17.094145424243038 0.20000000000000004
      vertex 0.9643183959094848 16.159209611514683 0.20000000000000004
    endloop
  endfacet
  facet normal -0.41270702980440677 0.9108638249211704 0
    outer loop
      vertex 0.8132022937758158 17.036755993413514 0.20000000000000004
      vertex 0.9398634667153778 17.094145424243038 0.7999999999999998
      vertex 0.9398634667153778 17.094145424243038 0.20000000000000004
    endloop
  endfacet
  facet normal 0 0 -1
    outer loop
      vertex 0.9643183959094848 16.159209611514683 0.20000000000000004
      vertex 0.9398634667153778 17.094145424243038 0.20000000000000004
      vertex 1.1480502970952693 16.228361402466142 0.20000000000000004
    endloop
  endfacet
  facet normal 0 0 -1
    outer loop
      vertex 0.9398634667153778 17.094145424243038 0.20000000000000004
      vertex 1.0625 17.15969601695807 0.20000000000000004
      vertex 1.1480502970952693 16.228361402466142 0.20000000000000004
    endloop
  endfacet
  facet normal -0.47139673682599953 0.8819212643483539 0
    outer loop
      vertex 0.9398634667153778 17.094145424243038 0.20000000000000004
      vertex 1.0625 17.15969601695807 0.7999999999999998
      vertex 1.0625 17.15969601695807 0.20000000000000004
    endloop
  endfacet
  facet normal -0.41270702980440677 0.9108638249211704 0
    outer loop
      vertex 0.8132022937758158 17.036755993413514 0.20000000000000004
      vertex 0.8132022937758158 17.036755993413514 0.7999999999999998
      vertex 0.9398634667153778 17.094145424243038 0.7999999999999998
    endloop
  endfacet
  facet normal -0.47139673682599953 0.8819212643483539 0
    outer loop
      vertex 0.9398634667153778 17.094145424243038 0.20000000000000004
      vertex 0.9398634667153778 17.094145424243038 0.7999999999999998
      vertex 1.0625 17.15969601695807 0.7999999999999998
    endloop
  endfacet
  facet normal -0.5280678506503595 0.849202181526584 0
    outer loop
      vertex 1.0625 17.15969601695807 0.20000000000000004
      vertex 1.0625 17.15969601695807 0.7999999999999998
      vertex 1.1805867451666545 17.23312707385709 0.7999999999999998
    endloop
  endfacet
  facet normal -0.02682774502293151 0.819502834426238 0.5724468328712689
    outer loop
      vertex 0 16.875 0.7999999999999998
      vertex 0 14.639705882352942 4
      vertex 0.13898164961405401 16.879549788117966 0.7999999999999998
    endloop
  endfacet
  facet normal -0.08036835454597042 0.8159935974768595 0.5724468328712687
    outer loop
      vertex 0.13898164961405401 16.879549788117966 0.7999999999999998
      vertex 0.28517687965790317 14.649041606761088 4
      vertex 0.2773681584676096 16.893179669580654 0.7999999999999998
    endloop
  endfacet
  facet normal -0.13356481443642287 0.8089901506694731 0.5724468328712693
    outer loop
      vertex 0.2773681584676096 16.893179669580654 0.7999999999999998
      vertex 0.5691325881359601 14.677008802980371 4
      vertex 0.41456693428427255 16.915831279143134 0.7999999999999998
    endloop
  endfacet
  facet normal -0.18618932928626727 0.798522483838485 0.5724468328712687
    outer loop
      vertex 0.41456693428427255 16.915831279143134 0.7999999999999998
      vertex 0.8506511834967945 14.723487711182973 4
      vertex 0.5499904708428566 16.94740761913573 0.7999999999999998
    endloop
  endfacet
  facet normal -0.2380165528437616 0.7846354211403066 0.5724468328712691
    outer loop
      vertex 0.5499904708428566 16.94740761913573 0.7999999999999998
      vertex 1.12852715989555 14.788279301548402 4
      vertex 0.6830588637692183 16.9877734748229 0.7999999999999998
    endloop
  endfacet
  facet normal -0.28882455298101545 0.7673884291093851 0.5724468328712693
    outer loop
      vertex 0.6830588637692183 16.9877734748229 0.7999999999999998
      vertex 1.4015706097409912 14.871106126539724 4
      vertex 0.8132022937758158 17.036755993413514 0.7999999999999998
    endloop
  endfacet
  facet normal -0.4127070298043847 0.9108638249211803 0
    outer loop
      vertex 1.1480502970952693 16.228361402466142 0.20000000000000004
      vertex 1.326866070657004 16.309381775401935 0
      vertex 1.1480502970952693 16.228361402466142 0
    endloop
  endfacet
  facet normal -0.4127070298043847 0.9108638249211803 0
    outer loop
      vertex 1.1480502970952693 16.228361402466142 0.20000000000000004
      vertex 1.326866070657004 16.309381775401935 0.20000000000000004
      vertex 1.326866070657004 16.309381775401935 0
    endloop
  endfacet
  facet normal -0.4713967368259986 0.8819212643483544 0
    outer loop
      vertex 1.326866070657004 16.309381775401935 0.20000000000000004
      vertex 1.5 16.401923788646684 0
      vertex 1.326866070657004 16.309381775401935 0
    endloop
  endfacet
  facet normal 0 0 -1
    outer loop
      vertex 1.0625 17.15969601695807 0.20000000000000004
      vertex 1.326866070657004 16.309381775401935 0.20000000000000004
      vertex 1.1480502970952693 16.228361402466142 0.20000000000000004
    endloop
  endfacet
  facet normal 0 0 -1
    outer loop
      vertex 1.0625 17.15969601695807 0.20000000000000004
      vertex 1.1805867451666545 17.23312707385709 0.20000000000000004
      vertex 1.326866070657004 16.309381775401935 0.20000000000000004
    endloop
  endfacet
  facet normal 0 0 -1
    outer loop
      vertex 1.326866070657004 16.309381775401935 0.20000000000000004
      vertex 1.2936180366435315 17.314124151881124 0.20000000000000004
      vertex 1.5 16.401923788646684 0.20000000000000004
    endloop
  endfacet
  facet normal 0 0 -1
    outer loop
      vertex 1.1805867451666545 17.23312707385709 0.20000000000000004
      vertex 1.2936180366435315 17.314124151881124 0.20000000000000004
      vertex 1.326866070657004 16.309381775401935 0.20000000000000004
    endloop
  endfacet
  facet normal 0 0 -1
    outer loop
      vertex 1.2936180366435315 17.314124151881124 0.20000000000000004
      vertex 1.4011098570876463 17.402340409107172 0.20000000000000004
      vertex 1.5 16.401923788646684 0.20000000000000004
    endloop
  endfacet
  facet normal -0.4713967368259986 0.8819212643483544 0
    outer loop
      vertex 1.326866070657004 16.309381775401935 0.20000000000000004
      vertex 1.5 16.401923788646684 0.20000000000000004
      vertex 1.5 16.401923788646684 0
    endloop
  endfacet
  facet normal 0 0 -1
    outer loop
      vertex 1.4011098570876463 17.402340409107172 0.20000000000000004
      vertex 1.6667106990588065 16.505591163092365 0.20000000000000004
      vertex 1.5 16.401923788646684 0.20000000000000004
    endloop
  endfacet
  facet normal 0 0 -1
    outer loop
      vertex 1.4011098570876463 17.402340409107172 0.20000000000000004
      vertex 1.5026019100214136 17.497398089978585 0.20000000000000004
      vertex 1.6667106990588065 16.505591163092365 0.20000000000000004
    endloop
  endfacet
  facet normal -0.5280678506503723 0.8492021815265762 0
    outer loop
      vertex 1.5 16.401923788646684 0.20000000000000004
      vertex 1.6667106990588065 16.505591163092365 0
      vertex 1.5 16.401923788646684 0
    endloop
  endfacet
  facet normal -0.5280678506503723 0.8492021815265762 0
    outer loop
      vertex 1.5 16.401923788646684 0.20000000000000004
      vertex 1.6667106990588065 16.505591163092365 0.20000000000000004
      vertex 1.6667106990588065 16.505591163092365 0
    endloop
  endfacet
  facet normal -0.5280678506503595 0.849202181526584 0
    outer loop
      vertex 1.0625 17.15969601695807 0.20000000000000004
      vertex 1.1805867451666545 17.23312707385709 0.7999999999999998
      vertex 1.1805867451666545 17.23312707385709 0.20000000000000004
    endloop
  endfacet
  facet normal -0.5824776968677988 0.8128466845916176 0
    outer loop
      vertex 1.1805867451666545 17.23312707385709 0.20000000000000004
      vertex 1.2936180366435315 17.314124151881124 0.7999999999999998
      vertex 1.2936180366435315 17.314124151881124 0.20000000000000004
    endloop
  endfacet
  facet normal -0.6343932841636454 0.773010453362737 0
    outer loop
      vertex 1.2936180366435315 17.314124151881124 0.20000000000000004
      vertex 1.4011098570876463 17.402340409107172 0.7999999999999998
      vertex 1.4011098570876463 17.402340409107172 0.20000000000000004
    endloop
  endfacet
  facet normal -0.5824776968677988 0.8128466845916176 0
    outer loop
      vertex 1.1805867451666545 17.23312707385709 0.20000000000000004
      vertex 1.1805867451666545 17.23312707385709 0.7999999999999998
      vertex 1.2936180366435315 17.314124151881124 0.7999999999999998
    endloop
  endfacet
  facet normal -0.6343932841636454 0.773010453362737 0
    outer loop
      vertex 1.2936180366435315 17.314124151881124 0.20000000000000004
      vertex 1.2936180366435315 17.314124151881124 0.7999999999999998
      vertex 1.4011098570876463 17.402340409107172 0.7999999999999998
    endloop
  endfacet
  facet normal -0.6835923020228697 0.729864072697837 0
    outer loop
      vertex 1.4011098570876463 17.402340409107172 0.20000000000000004
      vertex 1.5026019100214136 17.497398089978585 0.7999999999999998
      vertex 1.5026019100214136 17.497398089978585 0.20000000000000004
    endloop
  endfacet
  facet normal 0 0 -1
    outer loop
      vertex 1.5026019100214136 17.497398089978585 0.20000000000000004
      vertex 1.5976595908928268 17.598890142912353 0.20000000000000004
      vertex 1.6667106990588065 16.505591163092365 0.20000000000000004
    endloop
  endfacet
  facet normal -0.7298640726978394 0.6835923020228674 0
    outer loop
      vertex 1.5026019100214136 17.497398089978585 0.20000000000000004
      vertex 1.5976595908928268 17.598890142912353 0.7999999999999998
      vertex 1.5976595908928268 17.598890142912353 0.20000000000000004
    endloop
  endfacet
  facet normal -0.7730104533627337 0.6343932841636495 0
    outer loop
      vertex 1.5976595908928268 17.598890142912353 0.20000000000000004
      vertex 1.6858758481188747 17.706381963356467 0.7999999999999998
      vertex 1.6858758481188747 17.706381963356467 0.20000000000000004
    endloop
  endfacet
  facet normal -0.6835923020228697 0.729864072697837 0
    outer loop
      vertex 1.4011098570876463 17.402340409107172 0.20000000000000004
      vertex 1.4011098570876463 17.402340409107172 0.7999999999999998
      vertex 1.5026019100214136 17.497398089978585 0.7999999999999998
    endloop
  endfacet
  facet normal -0.7298640726978394 0.6835923020228674 0
    outer loop
      vertex 1.5026019100214136 17.497398089978585 0.20000000000000004
      vertex 1.5026019100214136 17.497398089978585 0.7999999999999998
      vertex 1.5976595908928268 17.598890142912353 0.7999999999999998
    endloop
  endfacet
  facet normal -0.7730104533627337 0.6343932841636495 0
    outer loop
      vertex 1.5976595908928268 17.598890142912353 0.20000000000000004
      vertex 1.5976595908928268 17.598890142912353 0.7999999999999998
      vertex 1.6858758481188747 17.706381963356467 0.7999999999999998
    endloop
  endfacet
  facet normal -0.5824776968677945 0.8128466845916206 0
    outer loop
      vertex 1.6667106990588065 16.505591163092365 0.20000000000000004
      vertex 1.826284287026162 16.619939979126293 0
      vertex 1.6667106990588065 16.505591163092365 0
    endloop
  endfacet
  facet normal -0.5824776968677945 0.8128466845916206 0
    outer loop
      vertex 1.6667106990588065 16.505591163092365 0.20000000000000004
      vertex 1.826284287026162 16.619939979126293 0.20000000000000004
      vertex 1.826284287026162 16.619939979126293 0
    endloop
  endfacet
  facet normal 0 0 -1
    outer loop
      vertex 1.6667106990588065 16.505591163092365 0.20000000000000004
      vertex 1.5976595908928268 17.598890142912353 0.20000000000000004
      vertex 1.826284287026162 16.619939979126293 0.20000000000000004
    endloop
  endfacet
  facet normal -0.6343932841636466 0.773010453362736 0
    outer loop
      vertex 1.826284287026162 16.619939979126293 0.20000000000000004
      vertex 1.9780374453002065 16.744480577563067 0
      vertex 1.826284287026162 16.619939979126293 0
    endloop
  endfacet
  facet normal -0.6343932841636466 0.773010453362736 0
    outer loop
      vertex 1.826284287026162 16.619939979126293 0.20000000000000004
      vertex 1.9780374453002065 16.744480577563067 0.20000000000000004
      vertex 1.9780374453002065 16.744480577563067 0
    endloop
  endfacet
  facet normal 0 0 -1
    outer loop
      vertex 1.826284287026162 16.619939979126293 0.20000000000000004
      vertex 1.7668729261429086 17.819413254833346 0.20000000000000004
      vertex 1.9780374453002065 16.744480577563067 0.20000000000000004
    endloop
  endfacet
  facet normal -0.6835923020228745 0.7298640726978326 0
    outer loop
      vertex 1.9780374453002065 16.744480577563067 0.20000000000000004
      vertex 2.121320343559643 16.878679656440358 0
      vertex 1.9780374453002065 16.744480577563067 0
    endloop
  endfacet
  facet normal -0.6835923020228745 0.7298640726978326 0
    outer loop
      vertex 1.9780374453002065 16.744480577563067 0.20000000000000004
      vertex 2.121320343559643 16.878679656440358 0.20000000000000004
      vertex 2.121320343559643 16.878679656440358 0
    endloop
  endfacet
  facet normal -0.729864072697836 0.6835923020228707 0
    outer loop
      vertex 2.121320343559643 16.878679656440358 0.20000000000000004
      vertex 2.255519422436932 17.021962554699794 0
      vertex 2.121320343559643 16.878679656440358 0
    endloop
  endfacet
  facet normal -0.729864072697836 0.6835923020228707 0
    outer loop
      vertex 2.121320343559643 16.878679656440358 0.20000000000000004
      vertex 2.255519422436932 17.021962554699794 0.20000000000000004
      vertex 2.255519422436932 17.021962554699794 0
    endloop
  endfacet
  facet normal 0 0 -1
    outer loop
      vertex 1.5976595908928268 17.598890142912353 0.20000000000000004
      vertex 1.6858758481188747 17.706381963356467 0.20000000000000004
      vertex 1.826284287026162 16.619939979126293 0.20000000000000004
    endloop
  endfacet
  facet normal 0 0 -1
    outer loop
      vertex 1.826284287026162 16.619939979126293 0.20000000000000004
      vertex 1.6858758481188747 17.706381963356467 0.20000000000000004
      vertex 1.7668729261429086 17.819413254833346 0.20000000000000004
    endloop
  endfacet
  facet normal -0.812846684591622 0.5824776968677926 0
    outer loop
      vertex 1.6858758481188747 17.706381963356467 0.20000000000000004
      vertex 1.7668729261429086 17.819413254833346 0.7999999999999998
      vertex 1.7668729261429086 17.819413254833346 0.20000000000000004
    endloop
  endfacet
  facet normal -0.8492021815265766 0.5280678506503715 0
    outer loop
      vertex 1.7668729261429086 17.819413254833346 0.20000000000000004
      vertex 1.840303983041932 17.9375 0.7999999999999998
      vertex 1.840303983041932 17.9375 0.20000000000000004
    endloop
  endfacet
  facet normal 0 0 -1
    outer loop
      vertex 1.9780374453002065 16.744480577563067 0.20000000000000004
      vertex 1.7668729261429086 17.819413254833346 0.20000000000000004
      vertex 1.840303983041932 17.9375 0.20000000000000004
    endloop
  endfacet
  facet normal 0 0 -1
    outer loop
      vertex 1.9780374453002065 16.744480577563067 0.20000000000000004
      vertex 1.840303983041932 17.9375 0.20000000000000004
      vertex 1.9058545757569625 18.060136533284624 0.20000000000000004
    endloop
  endfacet
  facet normal 0 0 -1
    outer loop
      vertex 1.9780374453002065 16.744480577563067 0.20000000000000004
      vertex 1.9058545757569625 18.060136533284624 0.20000000000000004
      vertex 1.9632440065864842 18.186797706224183 0.20000000000000004
    endloop
  endfacet
  facet normal -0.812846684591622 0.5824776968677926 0
    outer loop
      vertex 1.6858758481188747 17.706381963356467 0.20000000000000004
      vertex 1.6858758481188747 17.706381963356467 0.7999999999999998
      vertex 1.7668729261429086 17.819413254833346 0.7999999999999998
    endloop
  endfacet
  facet normal -0.8492021815265766 0.5280678506503715 0
    outer loop
      vertex 1.7668729261429086 17.819413254833346 0.20000000000000004
      vertex 1.7668729261429086 17.819413254833346 0.7999999999999998
      vertex 1.840303983041932 17.9375 0.7999999999999998
    endloop
  endfacet
  facet normal -0.8819212643483576 0.47139673682599315 0
    outer loop
      vertex 1.840303983041932 17.9375 0.20000000000000004
      vertex 1.9058545757569625 18.060136533284624 0.7999999999999998
      vertex 1.9058545757569625 18.060136533284624 0.20000000000000004
    endloop
  endfacet
  facet normal -0.9108638249211732 0.4127070298044005 0
    outer loop
      vertex 1.9058545757569625 18.060136533284624 0.20000000000000004
      vertex 1.9632440065864842 18.186797706224183 0.7999999999999998
      vertex 1.9632440065864842 18.186797706224183 0.20000000000000004
    endloop
  endfacet
  facet normal -0.8819212643483576 0.47139673682599315 0
    outer loop
      vertex 1.840303983041932 17.9375 0.20000000000000004
      vertex 1.840303983041932 17.9375 0.7999999999999998
      vertex 1.9058545757569625 18.060136533284624 0.7999999999999998
    endloop
  endfacet
  facet normal -0.9108638249211732 0.4127070298044005 0
    outer loop
      vertex 1.9058545757569625 18.060136533284624 0.20000000000000004
      vertex 1.9058545757569625 18.060136533284624 0.7999999999999998
      vertex 1.9632440065864842 18.186797706224183 0.7999999999999998
    endloop
  endfacet
  facet normal 0 0 -1
    outer loop
      vertex 1.9780374453002065 16.744480577563067 0.20000000000000004
      vertex 1.9632440065864842 18.186797706224183 0.20000000000000004
      vertex 2.121320343559643 16.878679656440358 0.20000000000000004
    endloop
  endfacet
  facet normal 0 0 -1
    outer loop
      vertex 2.121320343559643 16.878679656440358 0.20000000000000004
      vertex 1.9632440065864842 18.186797706224183 0.20000000000000004
      vertex 2.0122265251770997 18.31694113623078 0.20000000000000004
    endloop
  endfacet
  facet normal 0 0 -1
    outer loop
      vertex 2.121320343559643 16.878679656440358 0.20000000000000004
      vertex 2.0122265251770997 18.31694113623078 0.20000000000000004
      vertex 2.05259238086427 18.450009529157143 0.20000000000000004
    endloop
  endfacet
  facet normal 0 0 -1
    outer loop
      vertex 2.121320343559643 16.878679656440358 0.20000000000000004
      vertex 2.1204502118820323 18.861018350385947 0.20000000000000004
      vertex 2.255519422436932 17.021962554699794 0.20000000000000004
    endloop
  endfacet
  facet normal 0 0 -1
    outer loop
      vertex 2.121320343559643 16.878679656440358 0.20000000000000004
      vertex 2.05259238086427 18.450009529157143 0.20000000000000004
      vertex 2.084168720856865 18.585433065715726 0.20000000000000004
    endloop
  endfacet
  facet normal 0 0 -1
    outer loop
      vertex 2.121320343559643 16.878679656440358 0.20000000000000004
      vertex 2.084168720856865 18.585433065715726 0.20000000000000004
      vertex 2.106820330419347 18.72263184153239 0.20000000000000004
    endloop
  endfacet
  facet normal -0.9359059267573255 0.3522500479212341 0
    outer loop
      vertex 1.9632440065864842 18.186797706224183 0.20000000000000004
      vertex 2.0122265251770997 18.31694113623078 0.7999999999999998
      vertex 2.0122265251770997 18.31694113623078 0.20000000000000004
    endloop
  endfacet
  facet normal -0.9569403357322089 0.2902846772544621 0
    outer loop
      vertex 2.0122265251770997 18.31694113623078 0.20000000000000004
      vertex 2.05259238086427 18.450009529157143 0.7999999999999998
      vertex 2.05259238086427 18.450009529157143 0.20000000000000004
    endloop
  endfacet
  facet normal -0.9738769792773332 0.2270762630343752 0
    outer loop
      vertex 2.05259238086427 18.450009529157143 0.20000000000000004
      vertex 2.084168720856865 18.585433065715726 0.7999999999999998
      vertex 2.084168720856865 18.585433065715726 0.20000000000000004
    endloop
  endfacet
  facet normal -0.9866433320848798 0.16289547339458482 0
    outer loop
      vertex 2.084168720856865 18.585433065715726 0.20000000000000004
      vertex 2.106820330419347 18.72263184153239 0.7999999999999998
      vertex 2.106820330419347 18.72263184153239 0.20000000000000004
    endloop
  endfacet
  facet normal 0 0 -1
    outer loop
      vertex 2.121320343559643 16.878679656440358 0.20000000000000004
      vertex 2.106820330419347 18.72263184153239 0.20000000000000004
      vertex 2.1204502118820323 18.861018350385947 0.20000000000000004
    endloop
  endfacet
  facet normal 0 0 -1
    outer loop
      vertex 2.1204502118820323 18.861018350385947 0.20000000000000004
      vertex 2.125 19 0.20000000000000004
      vertex 2.255519422436932 17.021962554699794 0.20000000000000004
    endloop
  endfacet
  facet normal -0.9359059267573255 0.3522500479212341 0
    outer loop
      vertex 1.9632440065864842 18.186797706224183 0.20000000000000004
      vertex 1.9632440065864842 18.186797706224183 0.7999999999999998
      vertex 2.0122265251770997 18.31694113623078 0.7999999999999998
    endloop
  endfacet
  facet normal -0.9569403357322089 0.2902846772544621 0
    outer loop
      vertex 2.0122265251770997 18.31694113623078 0.20000000000000004
      vertex 2.0122265251770997 18.31694113623078 0.7999999999999998
      vertex 2.05259238086427 18.450009529157143 0.7999999999999998
    endloop
  endfacet
  facet normal -0.9738769792773332 0.2270762630343752 0
    outer loop
      vertex 2.05259238086427 18.450009529157143 0.20000000000000004
      vertex 2.05259238086427 18.450009529157143 0.7999999999999998
      vertex 2.084168720856865 18.585433065715726 0.7999999999999998
    endloop
  endfacet
  facet normal -0.9866433320848798 0.16289547339458482 0
    outer loop
      vertex 2.084168720856865 18.585433065715726 0.20000000000000004
      vertex 2.084168720856865 18.585433065715726 0.7999999999999998
      vertex 2.106820330419347 18.72263184153239 0.7999999999999998
    endloop
  endfacet
  facet normal -0.33839576204128685 0.7468553620133892 0.5724468328712687
    outer loop
      vertex 0.8132022937758158 17.036755993413514 0.7999999999999998
      vertex 1.6686123190624869 14.971613508976521 4
      vertex 0.9398634667153778 17.094145424243038 0.7999999999999998
    endloop
  endfacet
  facet normal -0.3865179084970042 0.723124145597943 0.572446832871269
    outer loop
      vertex 0.9398634667153778 17.094145424243038 0.7999999999999998
      vertex 1.9285087742637337 15.08937106081703 4
      vertex 1.0625 17.15969601695807 0.7999999999999998
    endloop
  endfacet
  facet normal -0.4329849259292282 0.6962964005750094 0.5724468328712692
    outer loop
      vertex 1.0625 17.15969601695807 0.7999999999999998
      vertex 2.1801470588235294 15.223874526145794 4
      vertex 1.1805867451666545 17.23312707385709 0.7999999999999998
    endloop
  endfacet
  facet normal -0.47759783543558093 0.6664870074674384 0.572446832871269
    outer loop
      vertex 1.1805867451666545 17.23312707385709 0.7999999999999998
      vertex 2.422449618975177 15.374547940474931 4
      vertex 1.2936180366435315 17.314124151881124 0.7999999999999998
    endloop
  endfacet
  facet normal -0.28882455298102455 0.767388429109382 0.5724468328712689
    outer loop
      vertex 0.8132022937758158 17.036755993413514 0.7999999999999998
      vertex 1.4015706097409912 14.871106126539724 4
      vertex 1.6686123190624869 14.971613508976521 4
    endloop
  endfacet
  facet normal -0.3383957620412816 0.7468553620133913 0.5724468328712689
    outer loop
      vertex 0.9398634667153778 17.094145424243038 0.7999999999999998
      vertex 1.6686123190624869 14.971613508976521 4
      vertex 1.9285087742637337 15.08937106081703 4
    endloop
  endfacet
  facet normal -0.5201655976884434 0.6338236146729452 0.5724468328712687
    outer loop
      vertex 1.2936180366435315 17.314124151881124 0.7999999999999998
      vertex 2.654378877957142 15.540746097112482 4
      vertex 1.4011098570876463 17.402340409107172 0.7999999999999998
    endloop
  endfacet
  facet normal -0.5605059309947245 0.5984460918540538 0.5724468328712689
    outer loop
      vertex 1.4011098570876463 17.402340409107172 0.7999999999999998
      vertex 2.8749416790760356 15.721757310036518 4
      vertex 1.5026019100214136 17.497398089978585 0.7999999999999998
    endloop
  endfacet
  facet normal -0.5984460918540558 0.5605059309947225 0.5724468328712686
    outer loop
      vertex 1.5026019100214136 17.497398089978585 0.7999999999999998
      vertex 3.0831935385560496 15.91680646144395 4
      vertex 1.5976595908928268 17.598890142912353 0.7999999999999998
    endloop
  endfacet
  facet normal -0.6338236146729423 0.5201655976884465 0.5724468328712692
    outer loop
      vertex 1.5976595908928268 17.598890142912353 0.7999999999999998
      vertex 3.278242689963482 16.125058320923962 4
      vertex 1.6858758481188747 17.706381963356467 0.7999999999999998
    endloop
  endfacet
  facet normal -0.3865179084970019 0.7231241455979441 0.5724468328712691
    outer loop
      vertex 1.0625 17.15969601695807 0.7999999999999998
      vertex 1.9285087742637337 15.08937106081703 4
      vertex 2.1801470588235294 15.223874526145794 4
    endloop
  endfacet
  facet normal -0.4329849259292338 0.696296400575006 0.5724468328712691
    outer loop
      vertex 1.1805867451666545 17.23312707385709 0.7999999999999998
      vertex 2.1801470588235294 15.223874526145794 4
      vertex 2.422449618975177 15.374547940474931 4
    endloop
  endfacet
  facet normal -0.47759783543558404 0.666487007467436 0.5724468328712691
    outer loop
      vertex 1.2936180366435315 17.314124151881124 0.7999999999999998
      vertex 2.422449618975177 15.374547940474931 4
      vertex 2.654378877957142 15.540746097112482 4
    endloop
  endfacet
  facet normal 0 0 -1
    outer loop
      vertex 0 21.125 0.20000000000000004
      vertex 0 22 0.20000000000000004
      vertex 0.13898164961405401 21.120450211882034 0.20000000000000004
    endloop
  endfacet
  facet normal -0.032719082821767595 -0.9994645874763659 0
    outer loop
      vertex 0 21.125 0.20000000000000004
      vertex 0.13898164961405401 21.120450211882034 0.20000000000000004
      vertex 0 21.125 0.7999999999999998
    endloop
  endfacet
  facet normal 0 0 -1
    outer loop
      vertex 0.13898164961405401 21.120450211882034 0.20000000000000004
      vertex 0 22 0.20000000000000004
      vertex 0.19620938769042917 21.99357676971581 0.20000000000000004
    endloop
  endfacet
  facet normal 0 0 -1
    outer loop
      vertex 0.13898164961405401 21.120450211882034 0.20000000000000004
      vertex 0.19620938769042917 21.99357676971581 0.20000000000000004
      vertex 0.2773681584676096 21.106820330419346 0.20000000000000004
    endloop
  endfacet
  facet normal -0.09801714032957695 -0.9951847266721953 0
    outer loop
      vertex 0.13898164961405401 21.120450211882034 0.20000000000000004
      vertex 0.2773681584676096 21.106820330419346 0.20000000000000004
      vertex 0.13898164961405401 21.120450211882034 0.7999999999999998
    endloop
  endfacet
  facet normal -0.032719082821767595 -0.9994645874763659 0
    outer loop
      vertex 0.13898164961405401 21.120450211882034 0.20000000000000004
      vertex 0.13898164961405401 21.120450211882034 0.7999999999999998
      vertex 0 21.125 0.7999999999999998
    endloop
  endfacet
  facet normal -0.09801714032957695 -0.9951847266721953 0
    outer loop
      vertex 0.2773681584676096 21.106820330419346 0.20000000000000004
      vertex 0.2773681584676096 21.106820330419346 0.7999999999999998
      vertex 0.13898164961405401 21.120450211882034 0.7999999999999998
    endloop
  endfacet
  facet normal -0.2270762630343897 -0.9738769792773299 0
    outer loop
      vertex 0.41456693428427255 21.084168720856866 0.20000000000000004
      vertex 0.5499904708428566 21.05259238086427 0.20000000000000004
      vertex 0.41456693428427255 21.084168720856866 0.7999999999999998
    endloop
  endfacet
  facet normal -0.1628954733945735 -0.9866433320848814 0
    outer loop
      vertex 0.41456693428427255 21.084168720856866 0.20000000000000004
      vertex 0.41456693428427255 21.084168720856866 0.7999999999999998
      vertex 0.2773681584676096 21.106820330419346 0.7999999999999998
    endloop
  endfacet
  facet normal -0.2270762630343897 -0.9738769792773299 0
    outer loop
      vertex 0.5499904708428566 21.05259238086427 0.20000000000000004
      vertex 0.5499904708428566 21.05259238086427 0.7999999999999998
      vertex 0.41456693428427255 21.084168720856866 0.7999999999999998
    endloop
  endfacet
  facet normal 0 0 -1
    outer loop
      vertex 0.2773681584676096 21.106820330419346 0.20000000000000004
      vertex 0.3915785766601547 21.97433458412143 0.20000000000000004
      vertex 0.41456693428427255 21.084168720856866 0.20000000000000004
    endloop
  endfacet
  facet normal -0.1628954733945735 -0.9866433320848814 0
    outer loop
      vertex 0.2773681584676096 21.106820330419346 0.20000000000000004
      vertex 0.41456693428427255 21.084168720856866 0.20000000000000004
      vertex 0.2773681584676096 21.106820330419346 0.7999999999999998
    endloop
  endfacet
  facet normal 0 0 -1
    outer loop
      vertex 0.2773681584676096 21.106820330419346 0.20000000000000004
      vertex 0.19620938769042917 21.99357676971581 0.20000000000000004
      vertex 0.3915785766601547 21.97433458412143 0.20000000000000004
    endloop
  endfacet
  facet normal 0 0 -1
    outer loop
      vertex 0.41456693428427255 21.084168720856866 0.20000000000000004
      vertex 0.3915785766601547 21.97433458412143 0.20000000000000004
      vertex 0.5499904708428566 21.05259238086427 0.20000000000000004
    endloop
  endfacet
  facet normal 0 0 -1
    outer loop
      vertex 0.3915785766601547 21.97433458412143 0.20000000000000004
      vertex 0.5852709660483848 21.94235584120969 0.20000000000000004
      vertex 0.5499904708428566 21.05259238086427 0.20000000000000004
    endloop
  endfacet
  facet normal -0.2902846772544615 -0.9569403357322092 0
    outer loop
      vertex 0.5499904708428566 21.05259238086427 0.20000000000000004
      vertex 0.6830588637692183 21.0122265251771 0.20000000000000004
      vertex 0.5499904708428566 21.05259238086427 0.7999999999999998
    endloop
  endfacet
  facet normal -0.3522500479212181 -0.9359059267573315 0
    outer loop
      vertex 0.6830588637692183 21.0122265251771 0.20000000000000004
      vertex 0.8132022937758158 20.963244006586486 0.20000000000000004
      vertex 0.6830588637692183 21.0122265251771 0.7999999999999998
    endloop
  endfacet
  facet normal -0.2902846772544615 -0.9569403357322092 0
    outer loop
      vertex 0.6830588637692183 21.0122265251771 0.20000000000000004
      vertex 0.6830588637692183 21.0122265251771 0.7999999999999998
      vertex 0.5499904708428566 21.05259238086427 0.7999999999999998
    endloop
  endfacet
  facet normal -0.3522500479212181 -0.9359059267573315 0
    outer loop
      vertex 0.8132022937758158 20.963244006586486 0.20000000000000004
      vertex 0.8132022937758158 20.963244006586486 0.7999999999999998
      vertex 0.6830588637692183 21.0122265251771 0.7999999999999998
    endloop
  endfacet
  facet normal 0 0 -1
    outer loop
      vertex 0.5499904708428566 21.05259238086427 0.20000000000000004
      vertex 0.5852709660483848 21.94235584120969 0.20000000000000004
      vertex 0.6830588637692183 21.0122265251771 0.20000000000000004
    endloop
  endfacet
  facet normal 0 0 -1
    outer loop
      vertex 0.6830588637692183 21.0122265251771 0.20000000000000004
      vertex 0.5852709660483848 21.94235584120969 0.20000000000000004
      vertex 0.7764571353075622 21.897777478867205 0.20000000000000004
    endloop
  endfacet
  facet normal 0 0 -1
    outer loop
      vertex 0.6830588637692183 21.0122265251771 0.20000000000000004
      vertex 0.7764571353075622 21.897777478867205 0.20000000000000004
      vertex 0.8132022937758158 20.963244006586486 0.20000000000000004
    endloop
  endfacet
  facet normal -0.41270702980440677 -0.9108638249211704 0
    outer loop
      vertex 0.8132022937758158 20.963244006586486 0.20000000000000004
      vertex 0.9398634667153778 20.905854575756962 0.20000000000000004
      vertex 0.8132022937758158 20.963244006586486 0.7999999999999998
    endloop
  endfacet
  facet normal -0.47139673682599953 -0.8819212643483539 0
    outer loop
      vertex 0.9398634667153778 20.905854575756962 0.20000000000000004
      vertex 1.0625 20.84030398304193 0.20000000000000004
      vertex 0.9398634667153778 20.905854575756962 0.7999999999999998
    endloop
  endfacet
  facet normal -0.5280678506503595 -0.849202181526584 0
    outer loop
      vertex 1.0625 20.84030398304193 0.20000000000000004
      vertex 1.1805867451666545 20.76687292614291 0.20000000000000004
      vertex 1.0625 20.84030398304193 0.7999999999999998
    endloop
  endfacet
  facet normal -0.41270702980440677 -0.9108638249211704 0
    outer loop
      vertex 0.9398634667153778 20.905854575756962 0.20000000000000004
      vertex 0.9398634667153778 20.905854575756962 0.7999999999999998
      vertex 0.8132022937758158 20.963244006586486 0.7999999999999998
    endloop
  endfacet
  facet normal -0.47139673682599953 -0.8819212643483539 0
    outer loop
      vertex 1.0625 20.84030398304193 0.20000000000000004
      vertex 1.0625 20.84030398304193 0.7999999999999998
      vertex 0.9398634667153778 20.905854575756962 0.7999999999999998
    endloop
  endfacet
  facet normal 0 0 -1
    outer loop
      vertex 0.8132022937758158 20.963244006586486 0.20000000000000004
      vertex 0.9643183959094848 21.840790388485317 0.20000000000000004
      vertex 0.9398634667153778 20.905854575756962 0.20000000000000004
    endloop
  endfacet
  facet normal 0 0 -1
    outer loop
      vertex 0.8132022937758158 20.963244006586486 0.20000000000000004
      vertex 0.7764571353075622 21.897777478867205 0.20000000000000004
      vertex 0.9643183959094848 21.840790388485317 0.20000000000000004
    endloop
  endfacet
  facet normal -0.2902846772544633 -0.9569403357322086 0
    outer loop
      vertex 0.9643183959094848 21.840790388485317 0.20000000000000004
      vertex 0.7764571353075622 21.897777478867205 0
      vertex 0.9643183959094848 21.840790388485317 0
    endloop
  endfacet
  facet normal 0 0 -1
    outer loop
      vertex 0.9398634667153778 20.905854575756962 0.20000000000000004
      vertex 0.9643183959094848 21.840790388485317 0.20000000000000004
      vertex 1.0625 20.84030398304193 0.20000000000000004
    endloop
  endfacet
  facet normal 0 0 -1
    outer loop
      vertex 0.9643183959094848 21.840790388485317 0.20000000000000004
      vertex 1.1480502970952693 21.771638597533858 0.20000000000000004
      vertex 1.0625 20.84030398304193 0.20000000000000004
    endloop
  endfacet
  facet normal -0.35225004792124254 -0.9359059267573223 0
    outer loop
      vertex 0.9643183959094848 21.840790388485317 0.20000000000000004
      vertex 0.9643183959094848 21.840790388485317 0
      vertex 1.1480502970952693 21.771638597533858 0.20000000000000004
    endloop
  endfacet
  facet normal -0.35225004792124254 -0.9359059267573223 0
    outer loop
      vertex 1.1480502970952693 21.771638597533858 0.20000000000000004
      vertex 0.9643183959094848 21.840790388485317 0
      vertex 1.1480502970952693 21.771638597533858 0
    endloop
  endfacet
  facet normal -0.026827745022931518 -0.8195028344262382 0.5724468328712689
    outer loop
      vertex 0 21.125 0.7999999999999998
      vertex 0.13898164961405401 21.120450211882034 0.7999999999999998
      vertex 0.28517687965790317 23.350958393238912 4
    endloop
  endfacet
  facet normal -0.08036835454597038 -0.815993597476859 0.5724468328712694
    outer loop
      vertex 0.13898164961405401 21.120450211882034 0.7999999999999998
      vertex 0.2773681584676096 21.106820330419346 0.7999999999999998
      vertex 0.5691325881359601 23.32299119701963 4
    endloop
  endfacet
  facet normal -0.13356481443642296 -0.8089901506694736 0.5724468328712686
    outer loop
      vertex 0.2773681584676096 21.106820330419346 0.7999999999999998
      vertex 0.41456693428427255 21.084168720856866 0.7999999999999998
      vertex 0.8506511834967945 23.276512288817027 4
    endloop
  endfacet
  facet normal -0.18618932928626716 -0.7985224838384845 0.5724468328712697
    outer loop
      vertex 0.41456693428427255 21.084168720856866 0.7999999999999998
      vertex 0.5499904708428566 21.05259238086427 0.7999999999999998
      vertex 1.12852715989555 23.2117206984516 4
    endloop
  endfacet
  facet normal -0.23801655284376153 -0.7846354211403063 0.5724468328712694
    outer loop
      vertex 0.5499904708428566 21.05259238086427 0.7999999999999998
      vertex 0.6830588637692183 21.0122265251771 0.7999999999999998
      vertex 1.4015706097409912 23.128893873460278 4
    endloop
  endfacet
  facet normal -0.28882455298101556 -0.7673884291093854 0.5724468328712687
    outer loop
      vertex 0.6830588637692183 21.0122265251771 0.7999999999999998
      vertex 0.8132022937758158 20.963244006586486 0.7999999999999998
      vertex 1.6686123190624869 23.02838649102348 4
    endloop
  endfacet
  facet normal -0.03271908282178673 -0.9994645874763652 0
    outer loop
      vertex 0 22 0.20000000000000004
      vertex 0 22 0
      vertex 0.19620938769042917 21.99357676971581 0.20000000000000004
    endloop
  endfacet
  facet normal -0.03271908282178673 -0.9994645874763652 0
    outer loop
      vertex 0.19620938769042917 21.99357676971581 0.20000000000000004
      vertex 0 22 0
      vertex 0.19620938769042917 21.99357676971581 0
    endloop
  endfacet
  facet normal -0.09801714032956008 -0.9951847266721969 0
    outer loop
      vertex 0.19620938769042917 21.99357676971581 0.20000000000000004
      vertex 0.19620938769042917 21.99357676971581 0
      vertex 0.3915785766601547 21.97433458412143 0.20000000000000004
    endloop
  endfacet
  facet normal -0.09801714032956008 -0.9951847266721969 0
    outer loop
      vertex 0.3915785766601547 21.97433458412143 0.20000000000000004
      vertex 0.19620938769042917 21.99357676971581 0
      vertex 0.3915785766601547 21.97433458412143 0
    endloop
  endfacet
  facet normal -0.162895473394588 -0.9866433320848791 0
    outer loop
      vertex 0.3915785766601547 21.97433458412143 0.20000000000000004
      vertex 0.3915785766601547 21.97433458412143 0
      vertex 0.5852709660483848 21.94235584120969 0.20000000000000004
    endloop
  endfacet
  facet normal -0.162895473394588 -0.9866433320848791 0
    outer loop
      vertex 0.5852709660483848 21.94235584120969 0.20000000000000004
      vertex 0.3915785766601547 21.97433458412143 0
      vertex 0.5852709660483848 21.94235584120969 0
    endloop
  endfacet
  facet normal -0.2270762630343635 -0.9738769792773359 0
    outer loop
      vertex 0.5852709660483848 21.94235584120969 0.20000000000000004
      vertex 0.5852709660483848 21.94235584120969 0
      vertex 0.7764571353075622 21.897777478867205 0.20000000000000004
    endloop
  endfacet
  facet normal -0.2270762630343635 -0.9738769792773359 0
    outer loop
      vertex 0.7764571353075622 21.897777478867205 0.20000000000000004
      vertex 0.5852709660483848 21.94235584120969 0
      vertex 0.7764571353075622 21.897777478867205 0
    endloop
  endfacet
  facet normal -0.2902846772544633 -0.9569403357322086 0
    outer loop
      vertex 0.7764571353075622 21.897777478867205 0.20000000000000004
      vertex 0.7764571353075622 21.897777478867205 0
      vertex 0.9643183959094848 21.840790388485317 0.20000000000000004
    endloop
  endfacet
  facet normal -0.026827745022932965 -0.819502834426238 0.572446832871269
    outer loop
      vertex 0 21.125 0.7999999999999998
      vertex 0.28517687965790317 23.350958393238912 4
      vertex 0 23.360294117647058 4
    endloop
  endfacet
  facet normal -0.08036835454596054 -0.8159935974768602 0.5724468328712689
    outer loop
      vertex 0.13898164961405401 21.120450211882034 0.7999999999999998
      vertex 0.5691325881359601 23.32299119701963 4
      vertex 0.28517687965790317 23.350958393238912 4
    endloop
  endfacet
  facet normal -0.1335648144364339 -0.8089901506694714 0.5724468328712692
    outer loop
      vertex 0.2773681584676096 21.106820330419346 0.7999999999999998
      vertex 0.8506511834967945 23.276512288817027 4
      vertex 0.5691325881359601 23.32299119701963 4
    endloop
  endfacet
  facet normal -0.1861893292862526 -0.7985224838384883 0.5724468328712689
    outer loop
      vertex 0.41456693428427255 21.084168720856866 0.7999999999999998
      vertex 1.12852715989555 23.2117206984516 4
      vertex 0.8506511834967945 23.276512288817027 4
    endloop
  endfacet
  facet normal -0.2380165528437619 -0.7846354211403063 0.5724468328712693
    outer loop
      vertex 0.5499904708428566 21.05259238086427 0.7999999999999998
      vertex 1.4015706097409912 23.128893873460278 4
      vertex 1.12852715989555 23.2117206984516 4
    endloop
  endfacet
  facet normal 0 0 -1
    outer loop
      vertex 1.1805867451666545 20.76687292614291 0.20000000000000004
      vertex 1.1480502970952693 21.771638597533858 0.20000000000000004
      vertex 1.2936180366435315 20.685875848118876 0.20000000000000004
    endloop
  endfacet
  facet normal -0.5824776968677988 -0.8128466845916176 0
    outer loop
      vertex 1.1805867451666545 20.76687292614291 0.20000000000000004
      vertex 1.2936180366435315 20.685875848118876 0.20000000000000004
      vertex 1.1805867451666545 20.76687292614291 0.7999999999999998
    endloop
  endfacet
  facet normal -0.6343932841636454 -0.773010453362737 0
    outer loop
      vertex 1.2936180366435315 20.685875848118876 0.20000000000000004
      vertex 1.4011098570876463 20.597659590892828 0.20000000000000004
      vertex 1.2936180366435315 20.685875848118876 0.7999999999999998
    endloop
  endfacet
  facet normal 0 0 -1
    outer loop
      vertex 1.2936180366435315 20.685875848118876 0.20000000000000004
      vertex 1.326866070657004 21.690618224598065 0.20000000000000004
      vertex 1.4011098570876463 20.597659590892828 0.20000000000000004
    endloop
  endfacet
  facet normal -0.5280678506503595 -0.849202181526584 0
    outer loop
      vertex 1.0625 20.84030398304193 0.7999999999999998
      vertex 1.1805867451666545 20.76687292614291 0.20000000000000004
      vertex 1.1805867451666545 20.76687292614291 0.7999999999999998
    endloop
  endfacet
  facet normal -0.5824776968677988 -0.8128466845916176 0
    outer loop
      vertex 1.2936180366435315 20.685875848118876 0.20000000000000004
      vertex 1.2936180366435315 20.685875848118876 0.7999999999999998
      vertex 1.1805867451666545 20.76687292614291 0.7999999999999998
    endloop
  endfacet
  facet normal -0.6343932841636454 -0.773010453362737 0
    outer loop
      vertex 1.4011098570876463 20.597659590892828 0.20000000000000004
      vertex 1.4011098570876463 20.597659590892828 0.7999999999999998
      vertex 1.2936180366435315 20.685875848118876 0.7999999999999998
    endloop
  endfacet
  facet normal 0 0 -1
    outer loop
      vertex 1.0625 20.84030398304193 0.20000000000000004
      vertex 1.1480502970952693 21.771638597533858 0.20000000000000004
      vertex 1.1805867451666545 20.76687292614291 0.20000000000000004
    endloop
  endfacet
  facet normal 0 0 -1
    outer loop
      vertex 1.1480502970952693 21.771638597533858 0.20000000000000004
      vertex 1.326866070657004 21.690618224598065 0.20000000000000004
      vertex 1.2936180366435315 20.685875848118876 0.20000000000000004
    endloop
  endfacet
  facet normal -0.4127070298043847 -0.9108638249211803 0
    outer loop
      vertex 1.1480502970952693 21.771638597533858 0.20000000000000004
      vertex 1.1480502970952693 21.771638597533858 0
      vertex 1.326866070657004 21.690618224598065 0.20000000000000004
    endloop
  endfacet
  facet normal -0.4127070298043847 -0.9108638249211803 0
    outer loop
      vertex 1.326866070657004 21.690618224598065 0.20000000000000004
      vertex 1.1480502970952693 21.771638597533858 0
      vertex 1.326866070657004 21.690618224598065 0
    endloop
  endfacet
  facet normal -0.4713967368259986 -0.8819212643483544 0
    outer loop
      vertex 1.326866070657004 21.690618224598065 0.20000000000000004
      vertex 1.326866070657004 21.690618224598065 0
      vertex 1.5 21.598076211353316 0.20000000000000004
    endloop
  endfacet
  facet normal -0.6835923020228697 -0.729864072697837 0
    outer loop
      vertex 1.5026019100214136 20.502601910021415 0.20000000000000004
      vertex 1.4011098570876463 20.597659590892828 0.7999999999999998
      vertex 1.4011098570876463 20.597659590892828 0.20000000000000004
    endloop
  endfacet
  facet normal -0.7298640726978394 -0.6835923020228674 0
    outer loop
      vertex 1.5026019100214136 20.502601910021415 0.20000000000000004
      vertex 1.5976595908928268 20.401109857087647 0.20000000000000004
      vertex 1.5026019100214136 20.502601910021415 0.7999999999999998
    endloop
  endfacet
  facet normal 0 0 -1
    outer loop
      vertex 1.5026019100214136 20.502601910021415 0.20000000000000004
      vertex 1.4011098570876463 20.597659590892828 0.20000000000000004
      vertex 1.5 21.598076211353316 0.20000000000000004
    endloop
  endfacet
  facet normal 0 0 -1
    outer loop
      vertex 1.5026019100214136 20.502601910021415 0.20000000000000004
      vertex 1.5 21.598076211353316 0.20000000000000004
      vertex 1.5976595908928268 20.401109857087647 0.20000000000000004
    endloop
  endfacet
  facet normal -0.7730104533627337 -0.6343932841636495 0
    outer loop
      vertex 1.5976595908928268 20.401109857087647 0.20000000000000004
      vertex 1.6858758481188747 20.293618036643533 0.20000000000000004
      vertex 1.5976595908928268 20.401109857087647 0.7999999999999998
    endloop
  endfacet
  facet normal 0 0 -1
    outer loop
      vertex 1.5976595908928268 20.401109857087647 0.20000000000000004
      vertex 1.6667106990588065 21.494408836907635 0.20000000000000004
      vertex 1.6858758481188747 20.293618036643533 0.20000000000000004
    endloop
  endfacet
  facet normal -0.6835923020228697 -0.729864072697837 0
    outer loop
      vertex 1.5026019100214136 20.502601910021415 0.20000000000000004
      vertex 1.5026019100214136 20.502601910021415 0.7999999999999998
      vertex 1.4011098570876463 20.597659590892828 0.7999999999999998
    endloop
  endfacet
  facet normal -0.7298640726978394 -0.6835923020228674 0
    outer loop
      vertex 1.5976595908928268 20.401109857087647 0.20000000000000004
      vertex 1.5976595908928268 20.401109857087647 0.7999999999999998
      vertex 1.5026019100214136 20.502601910021415 0.7999999999999998
    endloop
  endfacet
  facet normal -0.7730104533627337 -0.6343932841636495 0
    outer loop
      vertex 1.6858758481188747 20.293618036643533 0.20000000000000004
      vertex 1.6858758481188747 20.293618036643533 0.7999999999999998
      vertex 1.5976595908928268 20.401109857087647 0.7999999999999998
    endloop
  endfacet
  facet normal 0 0 -1
    outer loop
      vertex 1.4011098570876463 20.597659590892828 0.20000000000000004
      vertex 1.326866070657004 21.690618224598065 0.20000000000000004
      vertex 1.5 21.598076211353316 0.20000000000000004
    endloop
  endfacet
  facet normal -0.4713967368259986 -0.8819212643483544 0
    outer loop
      vertex 1.5 21.598076211353316 0.20000000000000004
      vertex 1.326866070657004 21.690618224598065 0
      vertex 1.5 21.598076211353316 0
    endloop
  endfacet
  facet normal 0 0 -1
    outer loop
      vertex 1.5976595908928268 20.401109857087647 0.20000000000000004
      vertex 1.5 21.598076211353316 0.20000000000000004
      vertex 1.6667106990588065 21.494408836907635 0.20000000000000004
    endloop
  endfacet
  facet normal -0.5280678506503723 -0.8492021815265762 0
    outer loop
      vertex 1.6667106990588065 21.494408836907635 0.20000000000000004
      vertex 1.5 21.598076211353316 0
      vertex 1.6667106990588065 21.494408836907635 0
    endloop
  endfacet
  facet normal -0.5280678506503723 -0.8492021815265762 0
    outer loop
      vertex 1.5 21.598076211353316 0.20000000000000004
      vertex 1.5 21.598076211353316 0
      vertex 1.6667106990588065 21.494408836907635 0.20000000000000004
    endloop
  endfacet
  facet normal -0.812846684591622 -0.5824776968677926 0
    outer loop
      vertex 1.6858758481188747 20.293618036643533 0.20000000000000004
      vertex 1.7668729261429086 20.180586745166654 0.20000000000000004
      vertex 1.6858758481188747 20.293618036643533 0.7999999999999998
    endloop
  endfacet
  facet normal -0.8492021815265766 -0.5280678506503715 0
    outer loop
      vertex 1.7668729261429086 20.180586745166654 0.20000000000000004
      vertex 1.840303983041932 20.0625 0.20000000000000004
      vertex 1.7668729261429086 20.180586745166654 0.7999999999999998
    endloop
  endfacet
  facet normal -0.9108638249211732 -0.4127070298044005 0
    outer loop
      vertex 1.9632440065864842 19.813202293775817 0.20000000000000004
      vertex 1.9058545757569625 19.939863466715376 0.7999999999999998
      vertex 1.9058545757569625 19.939863466715376 0.20000000000000004
    endloop
  endfacet
  facet normal -0.8819212643483576 -0.47139673682599315 0
    outer loop
      vertex 1.840303983041932 20.0625 0.20000000000000004
      vertex 1.9058545757569625 19.939863466715376 0.20000000000000004
      vertex 1.840303983041932 20.0625 0.7999999999999998
    endloop
  endfacet
  facet normal -0.812846684591622 -0.5824776968677926 0
    outer loop
      vertex 1.7668729261429086 20.180586745166654 0.20000000000000004
      vertex 1.7668729261429086 20.180586745166654 0.7999999999999998
      vertex 1.6858758481188747 20.293618036643533 0.7999999999999998
    endloop
  endfacet
  facet normal -0.8492021815265766 -0.5280678506503715 0
    outer loop
      vertex 1.840303983041932 20.0625 0.20000000000000004
      vertex 1.840303983041932 20.0625 0.7999999999999998
      vertex 1.7668729261429086 20.180586745166654 0.7999999999999998
    endloop
  endfacet
  facet normal -0.9108638249211732 -0.4127070298044005 0
    outer loop
      vertex 1.9632440065864842 19.813202293775817 0.20000000000000004
      vertex 1.9632440065864842 19.813202293775817 0.7999999999999998
      vertex 1.9058545757569625 19.939863466715376 0.7999999999999998
    endloop
  endfacet
  facet normal -0.8819212643483576 -0.47139673682599315 0
    outer loop
      vertex 1.9058545757569625 19.939863466715376 0.20000000000000004
      vertex 1.9058545757569625 19.939863466715376 0.7999999999999998
      vertex 1.840303983041932 20.0625 0.7999999999999998
    endloop
  endfacet
  facet normal -0.9738769792773332 -0.2270762630343752 0
    outer loop
      vertex 2.084168720856865 19.414566934284274 0.20000000000000004
      vertex 2.05259238086427 19.549990470842857 0.7999999999999998
      vertex 2.05259238086427 19.549990470842857 0.20000000000000004
    endloop
  endfacet
  facet normal -0.9866433320848798 -0.16289547339458482 0
    outer loop
      vertex 2.084168720856865 19.414566934284274 0.20000000000000004
      vertex 2.106820330419347 19.27736815846761 0.20000000000000004
      vertex 2.084168720856865 19.414566934284274 0.7999999999999998
    endloop
  endfacet
  facet normal 0 0 -1
    outer loop
      vertex 2.125 19 0.20000000000000004
      vertex 2.121320343559643 21.121320343559642 0.20000000000000004
      vertex 2.255519422436932 17.021962554699794 0.20000000000000004
    endloop
  endfacet
  facet normal -0.9951847266721969 0.09801714032956 0
    outer loop
      vertex 2.106820330419347 18.72263184153239 0.20000000000000004
      vertex 2.1204502118820323 18.861018350385947 0.7999999999999998
      vertex 2.1204502118820323 18.861018350385947 0.20000000000000004
    endloop
  endfacet
  facet normal -0.9994645874763656 0.032719082821777504 0
    outer loop
      vertex 2.1204502118820323 18.861018350385947 0.20000000000000004
      vertex 2.125 19 0.7999999999999998
      vertex 2.125 19 0.20000000000000004
    endloop
  endfacet
  facet normal -0.9994645874763656 -0.032719082821777504 0
    outer loop
      vertex 2.125 19 0.20000000000000004
      vertex 2.1204502118820323 19.138981649614053 0.7999999999999998
      vertex 2.1204502118820323 19.138981649614053 0.20000000000000004
    endloop
  endfacet
  facet normal -0.9951847266721969 -0.09801714032956 0
    outer loop
      vertex 2.106820330419347 19.27736815846761 0.20000000000000004
      vertex 2.1204502118820323 19.138981649614053 0.20000000000000004
      vertex 2.106820330419347 19.27736815846761 0.7999999999999998
    endloop
  endfacet
  facet normal -0.9866433320848798 -0.16289547339458482 0
    outer loop
      vertex 2.106820330419347 19.27736815846761 0.20000000000000004
      vertex 2.106820330419347 19.27736815846761 0.7999999999999998
      vertex 2.084168720856865 19.414566934284274 0.7999999999999998
    endloop
  endfacet
  facet normal -0.9738769792773332 -0.2270762630343752 0
    outer loop
      vertex 2.084168720856865 19.414566934284274 0.20000000000000004
      vertex 2.084168720856865 19.414566934284274 0.7999999999999998
      vertex 2.05259238086427 19.549990470842857 0.7999999999999998
    endloop
  endfacet
  facet normal -0.9951847266721969 0.09801714032956 0
    outer loop
      vertex 2.106820330419347 18.72263184153239 0.20000000000000004
      vertex 2.106820330419347 18.72263184153239 0.7999999999999998
      vertex 2.1204502118820323 18.861018350385947 0.7999999999999998
    endloop
  endfacet
  facet normal -0.9994645874763656 0.032719082821777504 0
    outer loop
      vertex 2.1204502118820323 18.861018350385947 0.20000000000000004
      vertex 2.1204502118820323 18.861018350385947 0.7999999999999998
      vertex 2.125 19 0.7999999999999998
    endloop
  endfacet
  facet normal -0.9994645874763656 -0.032719082821777504 0
    outer loop
      vertex 2.125 19 0.20000000000000004
      vertex 2.125 19 0.7999999999999998
      vertex 2.1204502118820323 19.138981649614053 0.7999999999999998
    endloop
  endfacet
  facet normal -0.9951847266721969 -0.09801714032956 0
    outer loop
      vertex 2.1204502118820323 19.138981649614053 0.20000000000000004
      vertex 2.1204502118820323 19.138981649614053 0.7999999999999998
      vertex 2.106820330419347 19.27736815846761 0.7999999999999998
    endloop
  endfacet
  facet normal -0.9569403357322089 -0.2902846772544621 0
    outer loop
      vertex 2.0122265251770997 19.68305886376922 0.20000000000000004
      vertex 2.05259238086427 19.549990470842857 0.20000000000000004
      vertex 2.0122265251770997 19.68305886376922 0.7999999999999998
    endloop
  endfacet
  facet normal -0.9359059267573255 -0.3522500479212341 0
    outer loop
      vertex 1.9632440065864842 19.813202293775817 0.20000000000000004
      vertex 2.0122265251770997 19.68305886376922 0.20000000000000004
      vertex 1.9632440065864842 19.813202293775817 0.7999999999999998
    endloop
  endfacet
  facet normal 0 0 -1
    outer loop
      vertex 1.9632440065864842 19.813202293775817 0.20000000000000004
      vertex 1.9780374453002065 21.255519422436933 0.20000000000000004
      vertex 2.0122265251770997 19.68305886376922 0.20000000000000004
    endloop
  endfacet
  facet normal 0 0 -1
    outer loop
      vertex 2.0122265251770997 19.68305886376922 0.20000000000000004
      vertex 1.9780374453002065 21.255519422436933 0.20000000000000004
      vertex 2.05259238086427 19.549990470842857 0.20000000000000004
    endloop
  endfacet
  facet normal 0 0 -1
    outer loop
      vertex 2.084168720856865 19.414566934284274 0.20000000000000004
      vertex 2.121320343559643 21.121320343559642 0.20000000000000004
      vertex 2.106820330419347 19.27736815846761 0.20000000000000004
    endloop
  endfacet
  facet normal 0 0 -1
    outer loop
      vertex 2.084168720856865 19.414566934284274 0.20000000000000004
      vertex 2.05259238086427 19.549990470842857 0.20000000000000004
      vertex 2.121320343559643 21.121320343559642 0.20000000000000004
    endloop
  endfacet
  facet normal 0 0 -1
    outer loop
      vertex 2.125 19 0.20000000000000004
      vertex 2.1204502118820323 19.138981649614053 0.20000000000000004
      vertex 2.121320343559643 21.121320343559642 0.20000000000000004
    endloop
  endfacet
  facet normal 0 0 -1
    outer loop
      vertex 2.106820330419347 19.27736815846761 0.20000000000000004
      vertex 2.121320343559643 21.121320343559642 0.20000000000000004
      vertex 2.1204502118820323 19.138981649614053 0.20000000000000004
    endloop
  endfacet
  facet normal 0 0 -1
    outer loop
      vertex 2.121320343559643 21.121320343559642 0.20000000000000004
      vertex 2.255519422436932 20.978037445300206 0.20000000000000004
      vertex 2.255519422436932 17.021962554699794 0.20000000000000004
    endloop
  endfacet
  facet normal -0.9359059267573255 -0.3522500479212341 0
    outer loop
      vertex 2.0122265251770997 19.68305886376922 0.20000000000000004
      vertex 2.0122265251770997 19.68305886376922 0.7999999999999998
      vertex 1.9632440065864842 19.813202293775817 0.7999999999999998
    endloop
  endfacet
  facet normal -0.9569403357322089 -0.2902846772544621 0
    outer loop
      vertex 2.05259238086427 19.549990470842857 0.20000000000000004
      vertex 2.05259238086427 19.549990470842857 0.7999999999999998
      vertex 2.0122265251770997 19.68305886376922 0.7999999999999998
    endloop
  endfacet
  facet normal 0 0 -1
    outer loop
      vertex 1.6858758481188747 20.293618036643533 0.20000000000000004
      vertex 1.6667106990588065 21.494408836907635 0.20000000000000004
      vertex 1.7668729261429086 20.180586745166654 0.20000000000000004
    endloop
  endfacet
  facet normal 0 0 -1
    outer loop
      vertex 1.7668729261429086 20.180586745166654 0.20000000000000004
      vertex 1.826284287026162 21.380060020873707 0.20000000000000004
      vertex 1.840303983041932 20.0625 0.20000000000000004
    endloop
  endfacet
  facet normal 0 0 -1
    outer loop
      vertex 1.6667106990588065 21.494408836907635 0.20000000000000004
      vertex 1.826284287026162 21.380060020873707 0.20000000000000004
      vertex 1.7668729261429086 20.180586745166654 0.20000000000000004
    endloop
  endfacet
  facet normal 0 0 -1
    outer loop
      vertex 1.840303983041932 20.0625 0.20000000000000004
      vertex 1.826284287026162 21.380060020873707 0.20000000000000004
      vertex 1.9058545757569625 19.939863466715376 0.20000000000000004
    endloop
  endfacet
  facet normal 0 0 -1
    outer loop
      vertex 1.9632440065864842 19.813202293775817 0.20000000000000004
      vertex 1.9058545757569625 19.939863466715376 0.20000000000000004
      vertex 1.9780374453002065 21.255519422436933 0.20000000000000004
    endloop
  endfacet
  facet normal 0 0 -1
    outer loop
      vertex 1.9058545757569625 19.939863466715376 0.20000000000000004
      vertex 1.826284287026162 21.380060020873707 0.20000000000000004
      vertex 1.9780374453002065 21.255519422436933 0.20000000000000004
    endloop
  endfacet
  facet normal -0.5824776968677945 -0.8128466845916206 0
    outer loop
      vertex 1.6667106990588065 21.494408836907635 0.20000000000000004
      vertex 1.6667106990588065 21.494408836907635 0
      vertex 1.826284287026162 21.380060020873707 0.20000000000000004
    endloop
  endfacet
  facet normal -0.5824776968677945 -0.8128466845916206 0
    outer loop
      vertex 1.826284287026162 21.380060020873707 0.20000000000000004
      vertex 1.6667106990588065 21.494408836907635 0
      vertex 1.826284287026162 21.380060020873707 0
    endloop
  endfacet
  facet normal -0.6343932841636466 -0.773010453362736 0
    outer loop
      vertex 1.826284287026162 21.380060020873707 0.20000000000000004
      vertex 1.826284287026162 21.380060020873707 0
      vertex 1.9780374453002065 21.255519422436933 0.20000000000000004
    endloop
  endfacet
  facet normal -0.6343932841636466 -0.773010453362736 0
    outer loop
      vertex 1.9780374453002065 21.255519422436933 0.20000000000000004
      vertex 1.826284287026162 21.380060020873707 0
      vertex 1.9780374453002065 21.255519422436933 0
    endloop
  endfacet
  facet normal 0 0 -1
    outer loop
      vertex 2.05259238086427 19.549990470842857 0.20000000000000004
      vertex 1.9780374453002065 21.255519422436933 0.20000000000000004
      vertex 2.121320343559643 21.121320343559642 0.20000000000000004
    endloop
  endfacet
  facet normal -0.729864072697836 -0.6835923020228707 0
    outer loop
      vertex 2.121320343559643 21.121320343559642 0.20000000000000004
      vertex 2.121320343559643 21.121320343559642 0
      vertex 2.255519422436932 20.978037445300206 0.20000000000000004
    endloop
  endfacet
  facet normal -0.729864072697836 -0.6835923020228707 0
    outer loop
      vertex 2.255519422436932 20.978037445300206 0.20000000000000004
      vertex 2.121320343559643 21.121320343559642 0
      vertex 2.255519422436932 20.978037445300206 0
    endloop
  endfacet
  facet normal -0.6835923020228745 -0.7298640726978326 0
    outer loop
      vertex 1.9780374453002065 21.255519422436933 0.20000000000000004
      vertex 1.9780374453002065 21.255519422436933 0
      vertex 2.121320343559643 21.121320343559642 0.20000000000000004
    endloop
  endfacet
  facet normal -0.6835923020228745 -0.7298640726978326 0
    outer loop
      vertex 2.121320343559643 21.121320343559642 0.20000000000000004
      vertex 1.9780374453002065 21.255519422436933 0
      vertex 2.121320343559643 21.121320343559642 0
    endloop
  endfacet
  facet normal -0.3383957620412867 -0.7468553620133889 0.572446832871269
    outer loop
      vertex 0.8132022937758158 20.963244006586486 0.7999999999999998
      vertex 0.9398634667153778 20.905854575756962 0.7999999999999998
      vertex 1.9285087742637337 22.91062893918297 4
    endloop
  endfacet
  facet normal -0.386517908497004 -0.7231241455979427 0.5724468328712693
    outer loop
      vertex 0.9398634667153778 20.905854575756962 0.7999999999999998
      vertex 1.0625 20.84030398304193 0.7999999999999998
      vertex 2.1801470588235294 22.776125473854208 4
    endloop
  endfacet
  facet normal -0.4329849259292282 -0.6962964005750094 0.5724468328712691
    outer loop
      vertex 1.0625 20.84030398304193 0.7999999999999998
      vertex 1.1805867451666545 20.76687292614291 0.7999999999999998
      vertex 2.422449618975177 22.62545205952507 4
    endloop
  endfacet
  facet normal -0.47759783543558104 -0.6664870074674386 0.5724468328712687
    outer loop
      vertex 1.1805867451666545 20.76687292614291 0.7999999999999998
      vertex 1.2936180366435315 20.685875848118876 0.7999999999999998
      vertex 2.654378877957142 22.459253902887518 4
    endloop
  endfacet
  facet normal -0.5201655976884433 -0.6338236146729451 0.5724468328712691
    outer loop
      vertex 1.2936180366435315 20.685875848118876 0.7999999999999998
      vertex 1.4011098570876463 20.597659590892828 0.7999999999999998
      vertex 2.8749416790760356 22.278242689963484 4
    endloop
  endfacet
  facet normal -0.5605059309947245 -0.5984460918540538 0.5724468328712689
    outer loop
      vertex 1.5026019100214136 20.502601910021415 0.7999999999999998
      vertex 3.0831935385560496 22.08319353855605 4
      vertex 1.4011098570876463 20.597659590892828 0.7999999999999998
    endloop
  endfacet
  facet normal -0.5984460918540557 -0.5605059309947223 0.5724468328712693
    outer loop
      vertex 1.5026019100214136 20.502601910021415 0.7999999999999998
      vertex 1.5976595908928268 20.401109857087647 0.7999999999999998
      vertex 3.278242689963482 21.874941679076038 4
    endloop
  endfacet
  facet normal -0.6338236146729427 -0.5201655976884467 0.5724468328712689
    outer loop
      vertex 1.5976595908928268 20.401109857087647 0.7999999999999998
      vertex 1.6858758481188747 20.293618036643533 0.7999999999999998
      vertex 3.459253902887518 21.654378877957143 4
    endloop
  endfacet
  facet normal -0.28882455298102927 -0.7673884291093797 0.5724468328712693
    outer loop
      vertex 0.6830588637692183 21.0122265251771 0.7999999999999998
      vertex 1.6686123190624869 23.02838649102348 4
      vertex 1.4015706097409912 23.128893873460278 4
    endloop
  endfacet
  facet normal -0.3383957620412818 -0.7468553620133914 0.5724468328712686
    outer loop
      vertex 0.8132022937758158 20.963244006586486 0.7999999999999998
      vertex 1.9285087742637337 22.91062893918297 4
      vertex 1.6686123190624869 23.02838649102348 4
    endloop
  endfacet
  facet normal -0.3865179084969974 -0.7231241455979466 0.5724468328712689
    outer loop
      vertex 0.9398634667153778 20.905854575756962 0.7999999999999998
      vertex 2.1801470588235294 22.776125473854208 4
      vertex 1.9285087742637337 22.91062893918297 4
    endloop
  endfacet
  facet normal -0.43298492592923365 -0.6962964005750057 0.5724468328712694
    outer loop
      vertex 1.0625 20.84030398304193 0.7999999999999998
      vertex 2.422449618975177 22.62545205952507 4
      vertex 2.1801470588235294 22.776125473854208 4
    endloop
  endfacet
  facet normal -0.4775978354355868 -0.6664870074674341 0.572446832871269
    outer loop
      vertex 1.1805867451666545 20.76687292614291 0.7999999999999998
      vertex 2.654378877957142 22.459253902887518 4
      vertex 2.422449618975177 22.62545205952507 4
    endloop
  endfacet
  facet normal 0 0 1
    outer loop
      vertex -9 25 4
      vertex 0.8506511834967945 23.276512288817027 4
      vertex 9 25 4
    endloop
  endfacet
  facet normal -0.7730104533627347 0.6343932841636483 0
    outer loop
      vertex 2.255519422436932 17.021962554699794 0.20000000000000004
      vertex 2.3800600208737057 17.173715712973838 0
      vertex 2.255519422436932 17.021962554699794 0
    endloop
  endfacet
  facet normal -0.7730104533627347 0.6343932841636483 0
    outer loop
      vertex 2.255519422436932 17.021962554699794 0.20000000000000004
      vertex 2.3800600208737057 17.173715712973838 0.20000000000000004
      vertex 2.3800600208737057 17.173715712973838 0
    endloop
  endfacet
  facet normal -0.8128466845916152 0.582477696867802 0
    outer loop
      vertex 2.3800600208737057 17.173715712973838 0.20000000000000004
      vertex 2.4944088369076356 17.333289300941193 0
      vertex 2.3800600208737057 17.173715712973838 0
    endloop
  endfacet
  facet normal -0.8128466845916152 0.582477696867802 0
    outer loop
      vertex 2.3800600208737057 17.173715712973838 0.20000000000000004
      vertex 2.4944088369076356 17.333289300941193 0.20000000000000004
      vertex 2.4944088369076356 17.333289300941193 0
    endloop
  endfacet
  facet normal -0.8492021815265794 0.5280678506503669 0
    outer loop
      vertex 2.4944088369076356 17.333289300941193 0.20000000000000004
      vertex 2.598076211353316 17.5 0
      vertex 2.4944088369076356 17.333289300941193 0
    endloop
  endfacet
  facet normal 0 0 -1
    outer loop
      vertex 2.255519422436932 17.021962554699794 0.20000000000000004
      vertex 2.255519422436932 20.978037445300206 0.20000000000000004
      vertex 2.3800600208737057 17.173715712973838 0.20000000000000004
    endloop
  endfacet
  facet normal 0 0 -1
    outer loop
      vertex 2.3800600208737057 17.173715712973838 0.20000000000000004
      vertex 2.3800600208737057 20.826284287026162 0.20000000000000004
      vertex 2.4944088369076356 17.333289300941193 0.20000000000000004
    endloop
  endfacet
  facet normal 0 0 -1
    outer loop
      vertex 2.4944088369076356 17.333289300941193 0.20000000000000004
      vertex 2.4944088369076356 20.666710699058807 0.20000000000000004
      vertex 2.598076211353316 17.5 0.20000000000000004
    endloop
  endfacet
  facet normal -0.8492021815265794 0.5280678506503669 0
    outer loop
      vertex 2.4944088369076356 17.333289300941193 0.20000000000000004
      vertex 2.598076211353316 17.5 0.20000000000000004
      vertex 2.598076211353316 17.5 0
    endloop
  endfacet
  facet normal -0.8819212643483546 0.47139673682599825 0
    outer loop
      vertex 2.598076211353316 17.5 0.20000000000000004
      vertex 2.6906182245980648 17.673133929342995 0
      vertex 2.598076211353316 17.5 0
    endloop
  endfacet
  facet normal -0.8819212643483546 0.47139673682599825 0
    outer loop
      vertex 2.598076211353316 17.5 0.20000000000000004
      vertex 2.6906182245980648 17.673133929342995 0.20000000000000004
      vertex 2.6906182245980648 17.673133929342995 0
    endloop
  endfacet
  facet normal -0.9108638249211756 0.41270702980439533 0
    outer loop
      vertex 2.6906182245980648 17.673133929342995 0.20000000000000004
      vertex 2.77163859753386 17.85194970290473 0
      vertex 2.6906182245980648 17.673133929342995 0
    endloop
  endfacet
  facet normal -0.935905926757327 0.35225004792123016 0
    outer loop
      vertex 2.77163859753386 17.85194970290473 0.20000000000000004
      vertex 2.840790388485317 18.035681604090517 0
      vertex 2.77163859753386 17.85194970290473 0
    endloop
  endfacet
  facet normal -0.9108638249211756 0.41270702980439533 0
    outer loop
      vertex 2.6906182245980648 17.673133929342995 0.20000000000000004
      vertex 2.77163859753386 17.85194970290473 0.20000000000000004
      vertex 2.77163859753386 17.85194970290473 0
    endloop
  endfacet
  facet normal 0 0 -1
    outer loop
      vertex 2.598076211353316 17.5 0.20000000000000004
      vertex 2.598076211353316 20.5 0.20000000000000004
      vertex 2.6906182245980648 17.673133929342995 0.20000000000000004
    endloop
  endfacet
  facet normal 0 0 -1
    outer loop
      vertex 2.6906182245980648 17.673133929342995 0.20000000000000004
      vertex 2.6906182245980648 20.326866070657005 0.20000000000000004
      vertex 2.77163859753386 17.85194970290473 0.20000000000000004
    endloop
  endfacet
  facet normal 0 0 -1
    outer loop
      vertex 2.77163859753386 17.85194970290473 0.20000000000000004
      vertex 2.77163859753386 20.14805029709527 0.20000000000000004
      vertex 2.840790388485317 18.035681604090517 0.20000000000000004
    endloop
  endfacet
  facet normal -0.9569403357322076 0.29028467725446644 0
    outer loop
      vertex 2.840790388485317 18.035681604090517 0.20000000000000004
      vertex 2.897777478867205 18.223542864692437 0
      vertex 2.840790388485317 18.035681604090517 0
    endloop
  endfacet
  facet normal -0.935905926757327 0.35225004792123016 0
    outer loop
      vertex 2.77163859753386 17.85194970290473 0.20000000000000004
      vertex 2.840790388485317 18.035681604090517 0.20000000000000004
      vertex 2.840790388485317 18.035681604090517 0
    endloop
  endfacet
  facet normal -0.9569403357322076 0.29028467725446644 0
    outer loop
      vertex 2.840790388485317 18.035681604090517 0.20000000000000004
      vertex 2.897777478867205 18.223542864692437 0.20000000000000004
      vertex 2.897777478867205 18.223542864692437 0
    endloop
  endfacet
  facet normal -0.9738769792773342 0.2270762630343701 0
    outer loop
      vertex 2.897777478867205 18.223542864692437 0.20000000000000004
      vertex 2.9423558412096913 18.414729033951616 0
      vertex 2.897777478867205 18.223542864692437 0
    endloop
  endfacet
  facet normal -0.9738769792773342 0.2270762630343701 0
    outer loop
      vertex 2.897777478867205 18.223542864692437 0.20000000000000004
      vertex 2.9423558412096913 18.414729033951616 0.20000000000000004
      vertex 2.9423558412096913 18.414729033951616 0
    endloop
  endfacet
  facet normal 0 0 -1
    outer loop
      vertex 2.840790388485317 18.035681604090517 0.20000000000000004
      vertex 2.840790388485317 19.964318395909483 0.20000000000000004
      vertex 2.897777478867205 18.223542864692437 0.20000000000000004
    endloop
  endfacet
  facet normal -0.986643332084879 0.1628954733945891 0
    outer loop
      vertex 2.9423558412096913 18.414729033951616 0.20000000000000004
      vertex 2.974334584121431 18.608421423339845 0
      vertex 2.9423558412096913 18.414729033951616 0
    endloop
  endfacet
  facet normal -0.986643332084879 0.1628954733945891 0
    outer loop
      vertex 2.9423558412096913 18.414729033951616 0.20000000000000004
      vertex 2.974334584121431 18.608421423339845 0.20000000000000004
      vertex 2.974334584121431 18.608421423339845 0
    endloop
  endfacet
  facet normal -0.9951847266721968 0.09801714032956052 0
    outer loop
      vertex 2.974334584121431 18.608421423339845 0.20000000000000004
      vertex 2.99357676971581 18.80379061230957 0
      vertex 2.974334584121431 18.608421423339845 0
    endloop
  endfacet
  facet normal -0.9951847266721968 0.09801714032956052 0
    outer loop
      vertex 2.974334584121431 18.608421423339845 0.20000000000000004
      vertex 2.99357676971581 18.80379061230957 0.20000000000000004
      vertex 2.99357676971581 18.80379061230957 0
    endloop
  endfacet
  facet normal -0.5201655976884428 0.6338236146729456 0.5724468328712692
    outer loop
      vertex 1.4011098570876463 17.402340409107172 0.7999999999999998
      vertex 2.654378877957142 15.540746097112482 4
      vertex 2.8749416790760356 15.721757310036518 4
    endloop
  endfacet
  facet normal -0.560505930994725 0.5984460918540532 0.5724468328712691
    outer loop
      vertex 1.5026019100214136 17.497398089978585 0.7999999999999998
      vertex 2.8749416790760356 15.721757310036518 4
      vertex 3.0831935385560496 15.91680646144395 4
    endloop
  endfacet
  facet normal -0.5984460918540511 0.5605059309947273 0.5724468328712691
    outer loop
      vertex 1.5976595908928268 17.598890142912353 0.7999999999999998
      vertex 3.0831935385560496 15.91680646144395 4
      vertex 3.278242689963482 16.125058320923962 4
    endloop
  endfacet
  facet normal -0.6338236146729468 0.5201655976884415 0.5724468328712687
    outer loop
      vertex 1.6858758481188747 17.706381963356467 0.7999999999999998
      vertex 3.278242689963482 16.125058320923962 4
      vertex 3.459253902887518 16.345621122042857 4
    endloop
  endfacet
  facet normal -0.6664870074674422 0.477597835435576 0.5724468328712687
    outer loop
      vertex 1.6858758481188747 17.706381963356467 0.7999999999999998
      vertex 3.459253902887518 16.345621122042857 4
      vertex 1.7668729261429086 17.819413254833346 0.7999999999999998
    endloop
  endfacet
  facet normal -0.6962964005750035 0.43298492592923826 0.572446832871269
    outer loop
      vertex 1.7668729261429086 17.819413254833346 0.7999999999999998
      vertex 3.625452059525068 16.577550381024825 4
      vertex 1.840303983041932 17.9375 0.7999999999999998
    endloop
  endfacet
  facet normal -0.7231241455979458 0.3865179084969989 0.5724468328712689
    outer loop
      vertex 1.840303983041932 17.9375 0.7999999999999998
      vertex 3.7761254738542065 16.81985294117647 4
      vertex 1.9058545757569625 18.060136533284624 0.7999999999999998
    endloop
  endfacet
  facet normal -0.7468553620133912 0.33839576204128163 0.572446832871269
    outer loop
      vertex 1.9058545757569625 18.060136533284624 0.7999999999999998
      vertex 3.9106289391829714 17.071491225736267 4
      vertex 1.9632440065864842 18.186797706224183 0.7999999999999998
    endloop
  endfacet
  facet normal -0.7673884291093804 0.28882455298102866 0.5724468328712689
    outer loop
      vertex 1.9632440065864842 18.186797706224183 0.7999999999999998
      vertex 4.028386491023478 17.331387680937514 4
      vertex 2.0122265251770997 18.31694113623078 0.7999999999999998
    endloop
  endfacet
  facet normal -0.7846354211403064 0.23801655284376214 0.5724468328712689
    outer loop
      vertex 2.0122265251770997 18.31694113623078 0.7999999999999998
      vertex 4.128893873460277 17.59842939025901 4
      vertex 2.05259238086427 18.450009529157143 0.7999999999999998
    endloop
  endfacet
  facet normal -0.7985224838384877 0.18618932928625534 0.5724468328712691
    outer loop
      vertex 2.05259238086427 18.450009529157143 0.7999999999999998
      vertex 4.211720698451599 17.87147284010445 4
      vertex 2.084168720856865 18.585433065715726 0.7999999999999998
    endloop
  endfacet
  facet normal -0.6664870074674395 0.47759783543557915 0.5724468328712691
    outer loop
      vertex 1.7668729261429086 17.819413254833346 0.7999999999999998
      vertex 3.459253902887518 16.345621122042857 4
      vertex 3.625452059525068 16.577550381024825 4
    endloop
  endfacet
  facet normal -0.6962964005750042 0.4329849259292373 0.5724468328712687
    outer loop
      vertex 1.840303983041932 17.9375 0.7999999999999998
      vertex 3.625452059525068 16.577550381024825 4
      vertex 3.7761254738542065 16.81985294117647 4
    endloop
  endfacet
  facet normal -0.8089901506694721 0.13356481443643223 0.572446832871269
    outer loop
      vertex 2.084168720856865 18.585433065715726 0.7999999999999998
      vertex 4.276512288817027 18.149348816503206 4
      vertex 2.106820330419347 18.72263184153239 0.7999999999999998
    endloop
  endfacet
  facet normal -0.8159935974768606 0.08036835454595652 0.5724468328712689
    outer loop
      vertex 2.106820330419347 18.72263184153239 0.7999999999999998
      vertex 4.322991197019629 18.430867411864043 4
      vertex 2.1204502118820323 18.861018350385947 0.7999999999999998
    endloop
  endfacet
  facet normal -0.7231241455979444 0.3865179084970016 0.5724468328712691
    outer loop
      vertex 1.9058545757569625 18.060136533284624 0.7999999999999998
      vertex 3.7761254738542065 16.81985294117647 4
      vertex 3.9106289391829714 17.071491225736267 4
    endloop
  endfacet
  facet normal -0.7468553620133933 0.3383957620412771 0.572446832871269
    outer loop
      vertex 1.9632440065864842 18.186797706224183 0.7999999999999998
      vertex 3.9106289391829714 17.071491225736267 4
      vertex 4.028386491023478 17.331387680937514 4
    endloop
  endfacet
  facet normal -0.7673884291093807 0.2888245529810286 0.5724468328712685
    outer loop
      vertex 2.0122265251770997 18.31694113623078 0.7999999999999998
      vertex 4.028386491023478 17.331387680937514 4
      vertex 4.128893873460277 17.59842939025901 4
    endloop
  endfacet
  facet normal -0.7846354211403058 0.23801655284376413 0.5724468328712691
    outer loop
      vertex 2.05259238086427 18.450009529157143 0.7999999999999998
      vertex 4.128893873460277 17.59842939025901 4
      vertex 4.211720698451599 17.87147284010445 4
    endloop
  endfacet
  facet normal -0.7985224838384888 0.18618932928625148 0.5724468328712689
    outer loop
      vertex 2.084168720856865 18.585433065715726 0.7999999999999998
      vertex 4.211720698451599 17.87147284010445 4
      vertex 4.276512288817027 18.149348816503206 4
    endloop
  endfacet
  facet normal -0.8089901506694714 0.1335648144364346 0.5724468328712689
    outer loop
      vertex 2.106820330419347 18.72263184153239 0.7999999999999998
      vertex 4.276512288817027 18.149348816503206 4
      vertex 4.322991197019629 18.430867411864043 4
    endloop
  endfacet
  facet normal -0.8159935974768607 0.0803683545459557 0.572446832871269
    outer loop
      vertex 2.1204502118820323 18.861018350385947 0.7999999999999998
      vertex 4.322991197019629 18.430867411864043 4
      vertex 4.35095839323891 18.7148231203421 4
    endloop
  endfacet
  facet normal 0 0 1
    outer loop
      vertex 9 10 4
      vertex 1.6686123190624869 14.971613508976521 4
      vertex 1.4015706097409912 14.871106126539724 4
    endloop
  endfacet
  facet normal 0 0 1
    outer loop
      vertex 9 10 4
      vertex 1.9285087742637337 15.08937106081703 4
      vertex 1.6686123190624869 14.971613508976521 4
    endloop
  endfacet
  facet normal 0 0 1
    outer loop
      vertex 9 10 4
      vertex 2.1801470588235294 15.223874526145794 4
      vertex 1.9285087742637337 15.08937106081703 4
    endloop
  endfacet
  facet normal 0 0 -1
    outer loop
      vertex 2.3800600208737057 17.173715712973838 0.20000000000000004
      vertex 2.255519422436932 20.978037445300206 0.20000000000000004
      vertex 2.3800600208737057 20.826284287026162 0.20000000000000004
    endloop
  endfacet
  facet normal 0 0 -1
    outer loop
      vertex 2.4944088369076356 17.333289300941193 0.20000000000000004
      vertex 2.3800600208737057 20.826284287026162 0.20000000000000004
      vertex 2.4944088369076356 20.666710699058807 0.20000000000000004
    endloop
  endfacet
  facet normal 0 0 -1
    outer loop
      vertex 2.6906182245980648 17.673133929342995 0.20000000000000004
      vertex 2.598076211353316 20.5 0.20000000000000004
      vertex 2.6906182245980648 20.326866070657005 0.20000000000000004
    endloop
  endfacet
  facet normal 0 0 -1
    outer loop
      vertex 2.77163859753386 17.85194970290473 0.20000000000000004
      vertex 2.6906182245980648 20.326866070657005 0.20000000000000004
      vertex 2.77163859753386 20.14805029709527 0.20000000000000004
    endloop
  endfacet
  facet normal 0 0 -1
    outer loop
      vertex 2.598076211353316 17.5 0.20000000000000004
      vertex 2.4944088369076356 20.666710699058807 0.20000000000000004
      vertex 2.598076211353316 20.5 0.20000000000000004
    endloop
  endfacet
  facet normal -0.9108638249211756 -0.41270702980439533 0
    outer loop
      vertex 2.6906182245980648 20.326866070657005 0.20000000000000004
      vertex 2.6906182245980648 20.326866070657005 0
      vertex 2.77163859753386 20.14805029709527 0.20000000000000004
    endloop
  endfacet
  facet normal -0.935905926757327 -0.35225004792123016 0
    outer loop
      vertex 2.77163859753386 20.14805029709527 0.20000000000000004
      vertex 2.77163859753386 20.14805029709527 0
      vertex 2.840790388485317 19.964318395909483 0.20000000000000004
    endloop
  endfacet
  facet normal -0.9108638249211756 -0.41270702980439533 0
    outer loop
      vertex 2.77163859753386 20.14805029709527 0.20000000000000004
      vertex 2.6906182245980648 20.326866070657005 0
      vertex 2.77163859753386 20.14805029709527 0
    endloop
  endfacet
  facet normal -0.7730104533627347 -0.6343932841636483 0
    outer loop
      vertex 2.255519422436932 20.978037445300206 0.20000000000000004
      vertex 2.255519422436932 20.978037445300206 0
      vertex 2.3800600208737057 20.826284287026162 0.20000000000000004
    endloop
  endfacet
  facet normal -0.7730104533627347 -0.6343932841636483 0
    outer loop
      vertex 2.3800600208737057 20.826284287026162 0.20000000000000004
      vertex 2.255519422436932 20.978037445300206 0
      vertex 2.3800600208737057 20.826284287026162 0
    endloop
  endfacet
  facet normal -0.8492021815265794 -0.5280678506503669 0
    outer loop
      vertex 2.598076211353316 20.5 0.20000000000000004
      vertex 2.4944088369076356 20.666710699058807 0.20000000000000004
      vertex 2.4944088369076356 20.666710699058807 0
    endloop
  endfacet
  facet normal -0.8128466845916152 -0.582477696867802 0
    outer loop
      vertex 2.4944088369076356 20.666710699058807 0.20000000000000004
      vertex 2.3800600208737057 20.826284287026162 0
      vertex 2.4944088369076356 20.666710699058807 0
    endloop
  endfacet
  facet normal -0.8128466845916152 -0.582477696867802 0
    outer loop
      vertex 2.3800600208737057 20.826284287026162 0.20000000000000004
      vertex 2.3800600208737057 20.826284287026162 0
      vertex 2.4944088369076356 20.666710699058807 0.20000000000000004
    endloop
  endfacet
  facet normal -0.8492021815265794 -0.5280678506503669 0
    outer loop
      vertex 2.598076211353316 20.5 0.20000000000000004
      vertex 2.4944088369076356 20.666710699058807 0
      vertex 2.598076211353316 20.5 0
    endloop
  endfacet
  facet normal -0.8819212643483546 -0.47139673682599825 0
    outer loop
      vertex 2.6906182245980648 20.326866070657005 0.20000000000000004
      vertex 2.598076211353316 20.5 0
      vertex 2.6906182245980648 20.326866070657005 0
    endloop
  endfacet
  facet normal -0.8819212643483546 -0.47139673682599825 0
    outer loop
      vertex 2.598076211353316 20.5 0.20000000000000004
      vertex 2.598076211353316 20.5 0
      vertex 2.6906182245980648 20.326866070657005 0.20000000000000004
    endloop
  endfacet
  facet normal 0 0 -1
    outer loop
      vertex 2.897777478867205 18.223542864692437 0.20000000000000004
      vertex 2.897777478867205 19.776457135307563 0.20000000000000004
      vertex 2.9423558412096913 18.414729033951616 0.20000000000000004
    endloop
  endfacet
  facet normal 0 0 -1
    outer loop
      vertex 2.9423558412096913 18.414729033951616 0.20000000000000004
      vertex 2.9423558412096913 19.585270966048384 0.20000000000000004
      vertex 2.974334584121431 18.608421423339845 0.20000000000000004
    endloop
  endfacet
  facet normal 0 0 -1
    outer loop
      vertex 2.897777478867205 18.223542864692437 0.20000000000000004
      vertex 2.840790388485317 19.964318395909483 0.20000000000000004
      vertex 2.897777478867205 19.776457135307563 0.20000000000000004
    endloop
  endfacet
  facet normal 0 0 -1
    outer loop
      vertex 2.77163859753386 20.14805029709527 0.20000000000000004
      vertex 2.840790388485317 19.964318395909483 0.20000000000000004
      vertex 2.840790388485317 18.035681604090517 0.20000000000000004
    endloop
  endfacet
  facet normal 0 0 -1
    outer loop
      vertex 2.9423558412096913 18.414729033951616 0.20000000000000004
      vertex 2.897777478867205 19.776457135307563 0.20000000000000004
      vertex 2.9423558412096913 19.585270966048384 0.20000000000000004
    endloop
  endfacet
  facet normal -0.986643332084879 -0.1628954733945891 0
    outer loop
      vertex 2.9423558412096913 19.585270966048384 0.20000000000000004
      vertex 2.9423558412096913 19.585270966048384 0
      vertex 2.974334584121431 19.391578576660155 0.20000000000000004
    endloop
  endfacet
  facet normal -0.9994645874763656 0.03271908282177748 0
    outer loop
      vertex 2.99357676971581 18.80379061230957 0.20000000000000004
      vertex 3 19 0
      vertex 2.99357676971581 18.80379061230957 0
    endloop
  endfacet
  facet normal 0 0 -1
    outer loop
      vertex 2.974334584121431 18.608421423339845 0.20000000000000004
      vertex 2.974334584121431 19.391578576660155 0.20000000000000004
      vertex 2.99357676971581 18.80379061230957 0.20000000000000004
    endloop
  endfacet
  facet normal -0.9994645874763656 0.03271908282177748 0
    outer loop
      vertex 2.99357676971581 18.80379061230957 0.20000000000000004
      vertex 3 19 0.20000000000000004
      vertex 3 19 0
    endloop
  endfacet
  facet normal -0.9994645874763656 -0.03271908282177748 0
    outer loop
      vertex 3 19 0.20000000000000004
      vertex 2.99357676971581 19.19620938769043 0
      vertex 3 19 0
    endloop
  endfacet
  facet normal 0 0 -1
    outer loop
      vertex 2.99357676971581 18.80379061230957 0.20000000000000004
      vertex 2.974334584121431 19.391578576660155 0.20000000000000004
      vertex 2.99357676971581 19.19620938769043 0.20000000000000004
    endloop
  endfacet
  facet normal 0 0 -1
    outer loop
      vertex 2.99357676971581 18.80379061230957 0.20000000000000004
      vertex 2.99357676971581 19.19620938769043 0.20000000000000004
      vertex 3 19 0.20000000000000004
    endloop
  endfacet
  facet normal -0.9994645874763656 -0.03271908282177748 0
    outer loop
      vertex 3 19 0.20000000000000004
      vertex 2.99357676971581 19.19620938769043 0.20000000000000004
      vertex 2.99357676971581 19.19620938769043 0
    endloop
  endfacet
  facet normal -0.9951847266721968 -0.09801714032956052 0
    outer loop
      vertex 2.99357676971581 19.19620938769043 0.20000000000000004
      vertex 2.974334584121431 19.391578576660155 0
      vertex 2.99357676971581 19.19620938769043 0
    endloop
  endfacet
  facet normal 0 0 -1
    outer loop
      vertex 2.974334584121431 18.608421423339845 0.20000000000000004
      vertex 2.9423558412096913 19.585270966048384 0.20000000000000004
      vertex 2.974334584121431 19.391578576660155 0.20000000000000004
    endloop
  endfacet
  facet normal -0.9951847266721968 -0.09801714032956052 0
    outer loop
      vertex 2.974334584121431 19.391578576660155 0.20000000000000004
      vertex 2.974334584121431 19.391578576660155 0
      vertex 2.99357676971581 19.19620938769043 0.20000000000000004
    endloop
  endfacet
  facet normal -0.986643332084879 -0.1628954733945891 0
    outer loop
      vertex 2.974334584121431 19.391578576660155 0.20000000000000004
      vertex 2.9423558412096913 19.585270966048384 0
      vertex 2.974334584121431 19.391578576660155 0
    endloop
  endfacet
  facet normal -0.9569403357322076 -0.29028467725446644 0
    outer loop
      vertex 2.897777478867205 19.776457135307563 0.20000000000000004
      vertex 2.840790388485317 19.964318395909483 0
      vertex 2.897777478867205 19.776457135307563 0
    endloop
  endfacet
  facet normal -0.9569403357322076 -0.29028467725446644 0
    outer loop
      vertex 2.897777478867205 19.776457135307563 0.20000000000000004
      vertex 2.840790388485317 19.964318395909483 0.20000000000000004
      vertex 2.840790388485317 19.964318395909483 0
    endloop
  endfacet
  facet normal -0.9738769792773342 -0.2270762630343701 0
    outer loop
      vertex 2.9423558412096913 19.585270966048384 0.20000000000000004
      vertex 2.897777478867205 19.776457135307563 0
      vertex 2.9423558412096913 19.585270966048384 0
    endloop
  endfacet
  facet normal -0.9738769792773342 -0.2270762630343701 0
    outer loop
      vertex 2.897777478867205 19.776457135307563 0.20000000000000004
      vertex 2.897777478867205 19.776457135307563 0
      vertex 2.9423558412096913 19.585270966048384 0.20000000000000004
    endloop
  endfacet
  facet normal -0.935905926757327 -0.35225004792123016 0
    outer loop
      vertex 2.840790388485317 19.964318395909483 0.20000000000000004
      vertex 2.77163859753386 20.14805029709527 0
      vertex 2.840790388485317 19.964318395909483 0
    endloop
  endfacet
  facet normal -0.7231241455979458 -0.3865179084969989 0.5724468328712693
    outer loop
      vertex 1.840303983041932 20.0625 0.7999999999999998
      vertex 1.9058545757569625 19.939863466715376 0.7999999999999998
      vertex 3.9106289391829714 20.928508774263733 4
    endloop
  endfacet
  facet normal -0.7468553620133913 -0.3383957620412817 0.5724468328712689
    outer loop
      vertex 1.9632440065864842 19.813202293775817 0.7999999999999998
      vertex 4.028386491023478 20.668612319062486 4
      vertex 1.9058545757569625 19.939863466715376 0.7999999999999998
    endloop
  endfacet
  facet normal -0.7985224838384878 -0.18618932928625537 0.5724468328712687
    outer loop
      vertex 2.084168720856865 19.414566934284274 0.7999999999999998
      vertex 4.276512288817027 19.850651183496794 4
      vertex 2.05259238086427 19.549990470842857 0.7999999999999998
    endloop
  endfacet
  facet normal -0.7846354211403064 -0.23801655284376214 0.5724468328712691
    outer loop
      vertex 2.0122265251770997 19.68305886376922 0.7999999999999998
      vertex 2.05259238086427 19.549990470842857 0.7999999999999998
      vertex 4.211720698451599 20.12852715989555 4
    endloop
  endfacet
  facet normal -0.7673884291093804 -0.28882455298102866 0.5724468328712689
    outer loop
      vertex 1.9632440065864842 19.813202293775817 0.7999999999999998
      vertex 2.0122265251770997 19.68305886376922 0.7999999999999998
      vertex 4.128893873460277 20.40157060974099 4
    endloop
  endfacet
  facet normal -0.6664870074674419 -0.4775978354355759 0.5724468328712691
    outer loop
      vertex 1.6858758481188747 20.293618036643533 0.7999999999999998
      vertex 1.7668729261429086 20.180586745166654 0.7999999999999998
      vertex 3.625452059525068 21.422449618975175 4
    endloop
  endfacet
  facet normal -0.6962964005750035 -0.43298492592923826 0.5724468328712689
    outer loop
      vertex 1.7668729261429086 20.180586745166654 0.7999999999999998
      vertex 1.840303983041932 20.0625 0.7999999999999998
      vertex 3.7761254738542065 21.18014705882353 4
    endloop
  endfacet
  facet normal -0.5201655976884397 -0.6338236146729483 0.5724468328712685
    outer loop
      vertex 1.2936180366435315 20.685875848118876 0.7999999999999998
      vertex 2.8749416790760356 22.278242689963484 4
      vertex 2.654378877957142 22.459253902887518 4
    endloop
  endfacet
  facet normal -0.5605059309947278 -0.5984460918540508 0.5724468328712689
    outer loop
      vertex 1.4011098570876463 20.597659590892828 0.7999999999999998
      vertex 3.0831935385560496 22.08319353855605 4
      vertex 2.8749416790760356 22.278242689963484 4
    endloop
  endfacet
  facet normal -0.5984460918540512 -0.5605059309947275 0.5724468328712687
    outer loop
      vertex 1.5026019100214136 20.502601910021415 0.7999999999999998
      vertex 3.278242689963482 21.874941679076038 4
      vertex 3.0831935385560496 22.08319353855605 4
    endloop
  endfacet
  facet normal -0.6338236146729461 -0.5201655976884416 0.5724468328712693
    outer loop
      vertex 1.5976595908928268 20.401109857087647 0.7999999999999998
      vertex 3.459253902887518 21.654378877957143 4
      vertex 3.278242689963482 21.874941679076038 4
    endloop
  endfacet
  facet normal -0.8195028344262377 0.02682774502293964 0.5724468328712689
    outer loop
      vertex 2.1204502118820323 18.861018350385947 0.7999999999999998
      vertex 4.35095839323891 18.7148231203421 4
      vertex 2.125 19 0.7999999999999998
    endloop
  endfacet
  facet normal -0.8195028344262377 -0.02682774502293964 0.5724468328712689
    outer loop
      vertex 2.125 19 0.7999999999999998
      vertex 4.360294117647059 19 4
      vertex 2.1204502118820323 19.138981649614053 0.7999999999999998
    endloop
  endfacet
  facet normal -0.8159935974768608 -0.08036835454595653 0.5724468328712689
    outer loop
      vertex 2.106820330419347 19.27736815846761 0.7999999999999998
      vertex 2.1204502118820323 19.138981649614053 0.7999999999999998
      vertex 4.35095839323891 19.2851768796579 4
    endloop
  endfacet
  facet normal -0.808990150669472 -0.1335648144364322 0.572446832871269
    outer loop
      vertex 2.084168720856865 19.414566934284274 0.7999999999999998
      vertex 2.106820330419347 19.27736815846761 0.7999999999999998
      vertex 4.322991197019629 19.569132588135957 4
    endloop
  endfacet
  facet normal -0.7673884291093805 -0.28882455298102855 0.5724468328712686
    outer loop
      vertex 1.9632440065864842 19.813202293775817 0.7999999999999998
      vertex 4.128893873460277 20.40157060974099 4
      vertex 4.028386491023478 20.668612319062486 4
    endloop
  endfacet
  facet normal -0.6962964005750044 -0.43298492592923665 0.5724468328712689
    outer loop
      vertex 1.7668729261429086 20.180586745166654 0.7999999999999998
      vertex 3.7761254738542065 21.18014705882353 4
      vertex 3.625452059525068 21.422449618975175 4
    endloop
  endfacet
  facet normal -0.6664870074674396 -0.47759783543557927 0.5724468328712689
    outer loop
      vertex 1.6858758481188747 20.293618036643533 0.7999999999999998
      vertex 3.625452059525068 21.422449618975175 4
      vertex 3.459253902887518 21.654378877957143 4
    endloop
  endfacet
  facet normal -0.7231241455979438 -0.3865179084970029 0.5724468328712687
    outer loop
      vertex 1.840303983041932 20.0625 0.7999999999999998
      vertex 3.9106289391829714 20.928508774263733 4
      vertex 3.7761254738542065 21.18014705882353 4
    endloop
  endfacet
  facet normal -0.7468553620133933 -0.33839576204127764 0.5724468328712687
    outer loop
      vertex 1.9058545757569625 19.939863466715376 0.7999999999999998
      vertex 4.028386491023478 20.668612319062486 4
      vertex 3.9106289391829714 20.928508774263733 4
    endloop
  endfacet
  facet normal 0 0 -1
    outer loop
      vertex 9 25 0
      vertex -0.7764571353075622 21.897777478867205 0
      vertex -0.9643183959094848 21.840790388485317 0
    endloop
  endfacet
  facet normal 0 0 -1
    outer loop
      vertex 9 25 0
      vertex -0.5852709660483848 21.94235584120969 0
      vertex -0.7764571353075622 21.897777478867205 0
    endloop
  endfacet
  facet normal 0 0 -1
    outer loop
      vertex 9 25 0
      vertex -0.3915785766601547 21.97433458412143 0
      vertex -0.5852709660483848 21.94235584120969 0
    endloop
  endfacet
  facet normal 0 0 -1
    outer loop
      vertex 9 25 0
      vertex -0.19620938769042917 21.99357676971581 0
      vertex -0.3915785766601547 21.97433458412143 0
    endloop
  endfacet
  facet normal 0 0 -1
    outer loop
      vertex 9 25 0
      vertex 0 22 0
      vertex -0.19620938769042917 21.99357676971581 0
    endloop
  endfacet
  facet normal 0 0 -1
    outer loop
      vertex 9 25 0
      vertex 0.19620938769042917 21.99357676971581 0
      vertex 0 22 0
    endloop
  endfacet
  facet normal 0 0 -1
    outer loop
      vertex 9 25 0
      vertex 0.3915785766601547 21.97433458412143 0
      vertex 0.19620938769042917 21.99357676971581 0
    endloop
  endfacet
  facet normal 0 0 -1
    outer loop
      vertex 9 25 0
      vertex 0.5852709660483848 21.94235584120969 0
      vertex 0.3915785766601547 21.97433458412143 0
    endloop
  endfacet
  facet normal 0 1 0
    outer loop
      vertex -9 25 4
      vertex 9 25 4
      vertex 9 25 0
    endloop
  endfacet
  facet normal -0.8195028344262377 0.02682774502294042 0.5724468328712691
    outer loop
      vertex 2.125 19 0.7999999999999998
      vertex 4.35095839323891 18.7148231203421 4
      vertex 4.360294117647059 19 4
    endloop
  endfacet
  facet normal -0.8195028344262377 -0.02682774502294042 0.572446832871269
    outer loop
      vertex 2.1204502118820323 19.138981649614053 0.7999999999999998
      vertex 4.360294117647059 19 4
      vertex 4.35095839323891 19.2851768796579 4
    endloop
  endfacet
  facet normal -0.8159935974768607 -0.0803683545459557 0.572446832871269
    outer loop
      vertex 2.106820330419347 19.27736815846761 0.7999999999999998
      vertex 4.35095839323891 19.2851768796579 4
      vertex 4.322991197019629 19.569132588135957 4
    endloop
  endfacet
  facet normal -0.7985224838384886 -0.18618932928625143 0.572446832871269
    outer loop
      vertex 2.05259238086427 19.549990470842857 0.7999999999999998
      vertex 4.276512288817027 19.850651183496794 4
      vertex 4.211720698451599 20.12852715989555 4
    endloop
  endfacet
  facet normal -0.7846354211403058 -0.2380165528437642 0.5724468328712691
    outer loop
      vertex 2.0122265251770997 19.68305886376922 0.7999999999999998
      vertex 4.211720698451599 20.12852715989555 4
      vertex 4.128893873460277 20.40157060974099 4
    endloop
  endfacet
  facet normal -0.8089901506694716 -0.1335648144364346 0.5724468328712687
    outer loop
      vertex 2.084168720856865 19.414566934284274 0.7999999999999998
      vertex 4.322991197019629 19.569132588135957 4
      vertex 4.276512288817027 19.850651183496794 4
    endloop
  endfacet
  facet normal 0 0 -1
    outer loop
      vertex 9 25 0
      vertex 0.7764571353075622 21.897777478867205 0
      vertex 0.5852709660483848 21.94235584120969 0
    endloop
  endfacet
  facet normal 0 0 -1
    outer loop
      vertex 9 25 0
      vertex 0.9643183959094848 21.840790388485317 0
      vertex 0.7764571353075622 21.897777478867205 0
    endloop
  endfacet
  facet normal 0 0 -1
    outer loop
      vertex 9 25 0
      vertex 1.1480502970952693 21.771638597533858 0
      vertex 0.9643183959094848 21.840790388485317 0
    endloop
  endfacet
  facet normal 0 0 -1
    outer loop
      vertex 9 25 0
      vertex 1.326866070657004 21.690618224598065 0
      vertex 1.1480502970952693 21.771638597533858 0
    endloop
  endfacet
  facet normal 0 0 -1
    outer loop
      vertex 9 25 0
      vertex 1.826284287026162 21.380060020873707 0
      vertex 1.6667106990588065 21.494408836907635 0
    endloop
  endfacet
  facet normal 0 0 -1
    outer loop
      vertex 9 25 0
      vertex 1.5 21.598076211353316 0
      vertex 1.326866070657004 21.690618224598065 0
    endloop
  endfacet
  facet normal 0 0 -1
    outer loop
      vertex 9 25 0
      vertex 1.6667106990588065 21.494408836907635 0
      vertex 1.5 21.598076211353316 0
    endloop
  endfacet
  facet normal 0 0 -1
    outer loop
      vertex 9 25 0
      vertex 1.9780374453002065 21.255519422436933 0
      vertex 1.826284287026162 21.380060020873707 0
    endloop
  endfacet
  facet normal 0 0 -1
    outer loop
      vertex 9 25 0
      vertex 2.121320343559643 21.121320343559642 0
      vertex 1.9780374453002065 21.255519422436933 0
    endloop
  endfacet
  facet normal 0 0 -1
    outer loop
      vertex 9 25 0
      vertex 2.255519422436932 20.978037445300206 0
      vertex 2.121320343559643 21.121320343559642 0
    endloop
  endfacet
  facet normal 0 0 1
    outer loop
      vertex 9 25 4
      vertex 0.8506511834967945 23.276512288817027 4
      vertex 1.12852715989555 23.2117206984516 4
    endloop
  endfacet
  facet normal 0 0 1
    outer loop
      vertex 9 25 4
      vertex 1.12852715989555 23.2117206984516 4
      vertex 1.4015706097409912 23.128893873460278 4
    endloop
  endfacet
  facet normal 0 0 1
    outer loop
      vertex 9 25 4
      vertex 1.4015706097409912 23.128893873460278 4
      vertex 1.6686123190624869 23.02838649102348 4
    endloop
  endfacet
  facet normal 0 0 1
    outer loop
      vertex 9 25 4
      vertex 1.6686123190624869 23.02838649102348 4
      vertex 1.9285087742637337 22.91062893918297 4
    endloop
  endfacet
  facet normal 0 0 1
    outer loop
      vertex 9 25 4
      vertex 1.9285087742637337 22.91062893918297 4
      vertex 2.1801470588235294 22.776125473854208 4
    endloop
  endfacet
  facet normal 0 0.8819212378683167 -0.47139678636666155
    outer loop
      vertex -9 13.453091122210026 11.365669645369053
      vertex 9 13.453091122210026 11.365669645369053
      vertex 9 13.432646542787552 11.3274205327034
    endloop
  endfacet
  facet normal 0 0.9108638216062535 -0.4127070371205842
    outer loop
      vertex -9 13.527551844716072 11.53000795841217
      vertex 9 13.527551844716072 11.53000795841217
      vertex 9 13.453091122210026 11.365669645369053
    endloop
  endfacet
  facet normal 0 0.9055577879084539 -0.42422292813843493
    outer loop
      vertex -9 13.747727081179619 12
      vertex 9 13.747727081179619 12
      vertex 9 13.527551844716072 11.53000795841217
    endloop
  endfacet
  facet normal 0 0 1
    outer loop
      vertex -9 13.740502461791039 12
      vertex 9 13.740502461791039 12
      vertex 9 13.747727081179619 12
    endloop
  endfacet
  facet normal 0 0.9108638160275436 -0.41270704943305886
    outer loop
      vertex -9 13.85819298774004 12.259748511016369
      vertex 9 13.85819298774004 12.259748511016369
      vertex 9 13.740502461791039 12
    endloop
  endfacet
  facet normal 0 0.935905927906745 -0.35225004486730005
    outer loop
      vertex -9 14.203951939940453 13.17840801924467
      vertex 9 14.203951939940453 13.17840801924467
      vertex 9 13.85819298774004 12.259748511016369
    endloop
  endfacet
  facet normal 0 0.956940335767022 -0.29028467713969897
    outer loop
      vertex -9 14.488887391984463 14.117714323103428
      vertex 9 14.488887391984463 14.117714323103428
      vertex 9 14.203951939940453 13.17840801924467
    endloop
  endfacet
  facet normal 0 0 -1
    outer loop
      vertex 9 -25 0
      vertex 2.255519422436932 17.021962554699794 0
      vertex 2.3800600208737057 17.173715712973838 0
    endloop
  endfacet
  facet normal 0 0 -1
    outer loop
      vertex 9 -25 0
      vertex 2.3800600208737057 17.173715712973838 0
      vertex 2.4944088369076356 17.333289300941193 0
    endloop
  endfacet
  facet normal 0 0 -1
    outer loop
      vertex 9 -25 0
      vertex 2.4944088369076356 17.333289300941193 0
      vertex 2.598076211353316 17.5 0
    endloop
  endfacet
  facet normal 0 0 -1
    outer loop
      vertex 9 -25 0
      vertex 2.598076211353316 17.5 0
      vertex 2.6906182245980648 17.673133929342995 0
    endloop
  endfacet
  facet normal 0 0 -1
    outer loop
      vertex 9 -25 0
      vertex 2.6906182245980648 17.673133929342995 0
      vertex 2.77163859753386 17.85194970290473 0
    endloop
  endfacet
  facet normal 0 0 -1
    outer loop
      vertex 9 -25 0
      vertex 2.77163859753386 17.85194970290473 0
      vertex 2.840790388485317 18.035681604090517 0
    endloop
  endfacet
  facet normal 0 0 -1
    outer loop
      vertex 9 -25 0
      vertex 2.840790388485317 18.035681604090517 0
      vertex 2.897777478867205 18.223542864692437 0
    endloop
  endfacet
  facet normal 0 0 -1
    outer loop
      vertex 9 -25 0
      vertex 2.897777478867205 18.223542864692437 0
      vertex 2.9423558412096913 18.414729033951616 0
    endloop
  endfacet
  facet normal 0 0 -1
    outer loop
      vertex 9 -25 0
      vertex 2.9423558412096913 18.414729033951616 0
      vertex 2.974334584121431 18.608421423339845 0
    endloop
  endfacet
  facet normal 0 0 -1
    outer loop
      vertex 9 -25 0
      vertex 2.974334584121431 18.608421423339845 0
      vertex 2.99357676971581 18.80379061230957 0
    endloop
  endfacet
  facet normal 0 0 -1
    outer loop
      vertex 9 -25 0
      vertex 2.99357676971581 18.80379061230957 0
      vertex 3 19 0
    endloop
  endfacet
  facet normal 0 0 -1
    outer loop
      vertex 9 -25 0
      vertex 2.99357676971581 19.19620938769043 0
      vertex 2.974334584121431 19.391578576660155 0
    endloop
  endfacet
  facet normal 0 0 -1
    outer loop
      vertex 9 -25 0
      vertex 3 19 0
      vertex 2.99357676971581 19.19620938769043 0
    endloop
  endfacet
  facet normal 1 0 0
    outer loop
      vertex 9 -10 4
      vertex 9 10 4
      vertex 9 0 7
    endloop
  endfacet
  facet normal 1 0 0
    outer loop
      vertex 9 10 4
      vertex 9 0.7194344252347946 7.023551844060421
      vertex 9 0 7
    endloop
  endfacet
  facet normal 1 0 0
    outer loop
      vertex 9 10 4
      vertex 9 1.4357881173491478 7.094106525182724
      vertex 9 0.7194344252347946 7.023551844060421
    endloop
  endfacet
  facet normal 1 0 0
    outer loop
      vertex 9 10 4
      vertex 9 2.145993545651436 7.211361914873123
      vertex 9 1.4357881173491478 7.094106525182724
    endloop
  endfacet
  facet normal 1 0 0
    outer loop
      vertex 9 10 4
      vertex 9 2.8470094949007034 7.374815911054611
      vertex 9 2.145993545651436 7.211361914873123
    endloop
  endfacet
  facet normal 1 0 0
    outer loop
      vertex 9 10 4
      vertex 9 3.5358341187238693 7.583768576383591
      vertex 9 2.8470094949007034 7.374815911054611
    endloop
  endfacet
  facet normal 1 0 0
    outer loop
      vertex 9 10 4
      vertex 9 4.209517754614353 7.837325140833855
      vertex 9 3.5358341187238693 7.583768576383591
    endloop
  endfacet
  facet normal 0 0 -1
    outer loop
      vertex 9 -25 0
      vertex 2.974334584121431 19.391578576660155 0
      vertex 9 25 0
    endloop
  endfacet
  facet normal 1 0 0
    outer loop
      vertex 9 -10 4
      vertex 9 25 0
      vertex 9 10 4
    endloop
  endfacet
  facet normal 1 0 0
    outer loop
      vertex 9 10 4
      vertex 9 4.86517558991909 8.134399846196175
      vertex 9 4.209517754614353 7.837325140833855
    endloop
  endfacet
  facet normal 1 0 0
    outer loop
      vertex 9 10 4
      vertex 9 5.5 8.47372055798769
      vertex 9 4.86517558991909 8.134399846196175
    endloop
  endfacet
  facet normal 1 0 0
    outer loop
      vertex 9 10 4
      vertex 9 6.111272566020489 8.853834263980389
      vertex 9 5.5 8.47372055798769
    endloop
  endfacet
  facet normal 1 0 0
    outer loop
      vertex 9 10 4
      vertex 9 6.696375720202923 9.273113258183002
      vertex 9 6.111272566020489 8.853834263980389
    endloop
  endfacet
  facet normal 1 0 0
    outer loop
      vertex 9 10 4
      vertex 9 7.2528039664030075 9.729762114584446
      vertex 9 6.696375720202923 9.273113258183002
    endloop
  endfacet
  facet normal 1 0 0
    outer loop
      vertex 9 10 4
      vertex 9 7.778174594044685 10.221825405955315
      vertex 9 7.2528039664030075 9.729762114584446
    endloop
  endfacet
  facet normal 1 0 0
    outer loop
      vertex 9 10 4
      vertex 9 8.270237885415554 10.747196033596992
      vertex 9 7.778174594044685 10.221825405955315
    endloop
  endfacet
  facet normal 1 0 0
    outer loop
      vertex 9 10 4
      vertex 9 8.726886741816998 11.303624279797077
      vertex 9 8.270237885415554 10.747196033596992
    endloop
  endfacet
  facet normal 1 0 0
    outer loop
      vertex 9 10 4
      vertex 9 9.146165736019611 11.888727433979511
      vertex 9 8.726886741816998 11.303624279797077
    endloop
  endfacet
  facet normal 1 0 0
    outer loop
      vertex 9 10 4
      vertex 9 13.432646542787552 11.3274205327034
      vertex 9 9.146165736019611 11.888727433979511
    endloop
  endfacet
  facet normal 1 0 0
    outer loop
      vertex 9 9.146165736019611 11.888727433979511
      vertex 9 13.432646542787552 11.3274205327034
      vertex 9 9.52627944201231 12.5
    endloop
  endfacet
  facet normal 1 0 0
    outer loop
      vertex 9 9.865600153803825 13.13482441008091
      vertex 9 13.432646542787552 11.3274205327034
      vertex 9 13.453091122210026 11.365669645369053
    endloop
  endfacet
  facet normal 1 0 0
    outer loop
      vertex 9 9.865600153803825 13.13482441008091
      vertex 9 13.453091122210026 11.365669645369053
      vertex 9 13.527551844716072 11.53000795841217
    endloop
  endfacet
  facet normal 1 0 0
    outer loop
      vertex 9 9.865600153803825 13.13482441008091
      vertex 9 13.527551844716072 11.53000795841217
      vertex 9 13.740502461791039 12
    endloop
  endfacet
  facet normal 1 0 0
    outer loop
      vertex 9 9.52627944201231 12.5
      vertex 9 13.432646542787552 11.3274205327034
      vertex 9 9.865600153803825 13.13482441008091
    endloop
  endfacet
  facet normal 1 0 0
    outer loop
      vertex 9 9.865600153803825 13.13482441008091
      vertex 9 13.740502461791039 12
      vertex 9 10.162674859166145 13.790482245385647
    endloop
  endfacet
  facet normal 1 0 0
    outer loop
      vertex 9 10.162674859166145 13.790482245385647
      vertex 9 13.85819298774004 12.259748511016369
      vertex 9 10.41623142361641 14.46416588127613
    endloop
  endfacet
  facet normal 0 0 1
    outer loop
      vertex 9 10 4
      vertex 2.422449618975177 15.374547940474931 4
      vertex 2.1801470588235294 15.223874526145794 4
    endloop
  endfacet
  facet normal 0 0 1
    outer loop
      vertex 9 10 4
      vertex 2.654378877957142 15.540746097112482 4
      vertex 2.422449618975177 15.374547940474931 4
    endloop
  endfacet
  facet normal 0 0 1
    outer loop
      vertex 9 10 4
      vertex 2.8749416790760356 15.721757310036518 4
      vertex 2.654378877957142 15.540746097112482 4
    endloop
  endfacet
  facet normal 0 0 1
    outer loop
      vertex 9 10 4
      vertex 3.0831935385560496 15.91680646144395 4
      vertex 2.8749416790760356 15.721757310036518 4
    endloop
  endfacet
  facet normal 0 0 1
    outer loop
      vertex 9 10 4
      vertex 3.278242689963482 16.125058320923962 4
      vertex 3.0831935385560496 15.91680646144395 4
    endloop
  endfacet
  facet normal 0 0 1
    outer loop
      vertex 9 10 4
      vertex 3.459253902887518 16.345621122042857 4
      vertex 3.278242689963482 16.125058320923962 4
    endloop
  endfacet
  facet normal 0 0 1
    outer loop
      vertex 9 10 4
      vertex 3.625452059525068 16.577550381024825 4
      vertex 3.459253902887518 16.345621122042857 4
    endloop
  endfacet
  facet normal 0 0 1
    outer loop
      vertex 9 10 4
      vertex 3.7761254738542065 16.81985294117647 4
      vertex 3.625452059525068 16.577550381024825 4
    endloop
  endfacet
  facet normal 0 0 1
    outer loop
      vertex 9 10 4
      vertex 3.9106289391829714 17.071491225736267 4
      vertex 3.7761254738542065 16.81985294117647 4
    endloop
  endfacet
  facet normal 0 0 1
    outer loop
      vertex 9 10 4
      vertex 4.028386491023478 17.331387680937514 4
      vertex 3.9106289391829714 17.071491225736267 4
    endloop
  endfacet
  facet normal 0 0 1
    outer loop
      vertex 9 10 4
      vertex 4.128893873460277 17.59842939025901 4
      vertex 4.028386491023478 17.331387680937514 4
    endloop
  endfacet
  facet normal 0 0 1
    outer loop
      vertex 9 10 4
      vertex 4.211720698451599 17.87147284010445 4
      vertex 4.128893873460277 17.59842939025901 4
    endloop
  endfacet
  facet normal 0 0 1
    outer loop
      vertex 9 10 4
      vertex 4.276512288817027 18.149348816503206 4
      vertex 4.211720698451599 17.87147284010445 4
    endloop
  endfacet
  facet normal 0 0 1
    outer loop
      vertex 9 10 4
      vertex 4.322991197019629 18.430867411864043 4
      vertex 4.276512288817027 18.149348816503206 4
    endloop
  endfacet
  facet normal 0 0 1
    outer loop
      vertex 9 10 4
      vertex 4.35095839323891 18.7148231203421 4
      vertex 4.322991197019629 18.430867411864043 4
    endloop
  endfacet
  facet normal 0 0 1
    outer loop
      vertex 9 10 4
      vertex 4.360294117647059 19 4
      vertex 4.35095839323891 18.7148231203421 4
    endloop
  endfacet
  facet normal 0 0 1
    outer loop
      vertex 9 10 4
      vertex 4.35095839323891 19.2851768796579 4
      vertex 4.360294117647059 19 4
    endloop
  endfacet
  facet normal 0 0 1
    outer loop
      vertex 9 10 4
      vertex 4.322991197019629 19.569132588135957 4
      vertex 4.35095839323891 19.2851768796579 4
    endloop
  endfacet
  facet normal 0 0 1
    outer loop
      vertex 9 10 4
      vertex 4.276512288817027 19.850651183496794 4
      vertex 4.322991197019629 19.569132588135957 4
    endloop
  endfacet
  facet normal 0 0 -1
    outer loop
      vertex 9 25 0
      vertex 2.77163859753386 20.14805029709527 0
      vertex 2.6906182245980648 20.326866070657005 0
    endloop
  endfacet
  facet normal 0 0 -1
    outer loop
      vertex 9 25 0
      vertex 2.897777478867205 19.776457135307563 0
      vertex 2.840790388485317 19.964318395909483 0
    endloop
  endfacet
  facet normal 0 0 -1
    outer loop
      vertex 9 25 0
      vertex 2.840790388485317 19.964318395909483 0
      vertex 2.77163859753386 20.14805029709527 0
    endloop
  endfacet
  facet normal 0 0 -1
    outer loop
      vertex 9 25 0
      vertex 2.9423558412096913 19.585270966048384 0
      vertex 2.897777478867205 19.776457135307563 0
    endloop
  endfacet
  facet normal 0 0 -1
    outer loop
      vertex 9 25 0
      vertex 2.974334584121431 19.391578576660155 0
      vertex 2.9423558412096913 19.585270966048384 0
    endloop
  endfacet
  facet normal 0 0 -1
    outer loop
      vertex 9 25 0
      vertex 2.4944088369076356 20.666710699058807 0
      vertex 2.3800600208737057 20.826284287026162 0
    endloop
  endfacet
  facet normal 0 0 -1
    outer loop
      vertex 9 25 0
      vertex 2.3800600208737057 20.826284287026162 0
      vertex 2.255519422436932 20.978037445300206 0
    endloop
  endfacet
  facet normal 0 0 -1
    outer loop
      vertex 9 25 0
      vertex 2.598076211353316 20.5 0
      vertex 2.4944088369076356 20.666710699058807 0
    endloop
  endfacet
  facet normal 0 0 -1
    outer loop
      vertex 9 25 0
      vertex 2.6906182245980648 20.326866070657005 0
      vertex 2.598076211353316 20.5 0
    endloop
  endfacet
  facet normal 0 0 1
    outer loop
      vertex 9 25 4
      vertex 2.422449618975177 22.62545205952507 4
      vertex 2.654378877957142 22.459253902887518 4
    endloop
  endfacet
  facet normal 0 0 1
    outer loop
      vertex 9 25 4
      vertex 2.654378877957142 22.459253902887518 4
      vertex 2.8749416790760356 22.278242689963484 4
    endloop
  endfacet
  facet normal 0 0 1
    outer loop
      vertex 9 25 4
      vertex 2.8749416790760356 22.278242689963484 4
      vertex 3.0831935385560496 22.08319353855605 4
    endloop
  endfacet
  facet normal 0 0 1
    outer loop
      vertex 9 25 4
      vertex 2.1801470588235294 22.776125473854208 4
      vertex 2.422449618975177 22.62545205952507 4
    endloop
  endfacet
  facet normal 0 0 1
    outer loop
      vertex 9 25 4
      vertex 3.0831935385560496 22.08319353855605 4
      vertex 3.278242689963482 21.874941679076038 4
    endloop
  endfacet
  facet normal 0 0 1
    outer loop
      vertex 9 25 4
      vertex 3.278242689963482 21.874941679076038 4
      vertex 3.459253902887518 21.654378877957143 4
    endloop
  endfacet
  facet normal 0 0 1
    outer loop
      vertex 9 25 4
      vertex 3.625452059525068 21.422449618975175 4
      vertex 3.7761254738542065 21.18014705882353 4
    endloop
  endfacet
  facet normal 0 0 1
    outer loop
      vertex 9 25 4
      vertex 3.7761254738542065 21.18014705882353 4
      vertex 3.9106289391829714 20.928508774263733 4
    endloop
  endfacet
  facet normal 0 0 1
    outer loop
      vertex 9 25 4
      vertex 3.459253902887518 21.654378877957143 4
      vertex 3.625452059525068 21.422449618975175 4
    endloop
  endfacet
  facet normal 0 0 1
    outer loop
      vertex 9 25 4
      vertex 4.211720698451599 20.12852715989555 4
      vertex 4.276512288817027 19.850651183496794 4
    endloop
  endfacet
  facet normal 0 0 1
    outer loop
      vertex 9 25 4
      vertex 4.128893873460277 20.40157060974099 4
      vertex 4.211720698451599 20.12852715989555 4
    endloop
  endfacet
  facet normal 0 0 1
    outer loop
      vertex 9 25 4
      vertex 3.9106289391829714 20.928508774263733 4
      vertex 4.028386491023478 20.668612319062486 4
    endloop
  endfacet
  facet normal 0 0 1
    outer loop
      vertex 9 25 4
      vertex 4.028386491023478 20.668612319062486 4
      vertex 4.128893873460277 20.40157060974099 4
    endloop
  endfacet
  facet normal 0 0 1
    outer loop
      vertex 9 10 4
      vertex 9 25 4
      vertex 4.276512288817027 19.850651183496794 4
    endloop
  endfacet
  facet normal 1 0 0
    outer loop
      vertex 9 10 4
      vertex 9 25 0
      vertex 9 25 4
    endloop
  endfacet
  facet normal 1 0 0
    outer loop
      vertex 9 13.527551844716072 11.53000795841217
      vertex 9 13.747727081179619 12
      vertex 9 13.740502461791039 12
    endloop
  endfacet
  facet normal 1 0 0
    outer loop
      vertex 9 10.162674859166145 13.790482245385647
      vertex 9 13.740502461791039 12
      vertex 9 13.85819298774004 12.259748511016369
    endloop
  endfacet
  facet normal 1 0 0
    outer loop
      vertex 9 13.85819298774004 12.259748511016369
      vertex 9 14.203951939940453 13.17840801924467
      vertex 9 10.41623142361641 14.46416588127613
    endloop
  endfacet
  facet normal 0 -0.9359059275348901 0.3522500458552945
    outer loop
      vertex -9 10.162674859166145 13.790482245385647
      vertex 9 10.162674859166145 13.790482245385647
      vertex 9 10.41623142361641 14.46416588127613
    endloop
  endfacet
  facet normal 0 -0.9569403356916317 0.2902846773882274
    outer loop
      vertex -9 10.41623142361641 14.46416588127613
      vertex 9 10.41623142361641 14.46416588127613
      vertex 9 10.625184088945389 15.152990505099297
    endloop
  endfacet
  facet normal 0 -0.9738769786561818 0.22707626569834846
    outer loop
      vertex -9 10.625184088945389 15.152990505099297
      vertex 9 10.625184088945389 15.152990505099297
      vertex 9 10.788638085126877 15.854006454348564
    endloop
  endfacet
  facet normal 0 -0.9866433323251335 0.1628954719393896
    outer loop
      vertex -9 10.788638085126877 15.854006454348564
      vertex 9 10.788638085126877 15.854006454348564
      vertex 9 10.905893474817276 16.564211882650852
    endloop
  endfacet
  facet normal 0 -0.9951847265792517 0.09801714127324808
    outer loop
      vertex -9 10.905893474817276 16.564211882650852
      vertex 9 10.905893474817276 16.564211882650852
      vertex 9 10.976448155939579 17.280565574765205
    endloop
  endfacet
  facet normal 0 -0.999464587496181 0.03271908221647967
    outer loop
      vertex -9 10.976448155939579 17.280565574765205
      vertex 9 10.976448155939579 17.280565574765205
      vertex 9 11 18
    endloop
  endfacet
  facet normal 0 -0.999464587496181 -0.03271908221647967
    outer loop
      vertex -9 11 18
      vertex 9 11 18
      vertex 9 10.976448155939579 18.719434425234795
    endloop
  endfacet
  facet normal 0 -0.9951847265792517 -0.09801714127324808
    outer loop
      vertex -9 10.976448155939579 18.719434425234795
      vertex 9 10.976448155939579 18.719434425234795
      vertex 9 10.905893474817276 19.435788117349148
    endloop
  endfacet
  facet normal 0 -0.9866433323251335 -0.1628954719393896
    outer loop
      vertex -9 10.905893474817276 19.435788117349148
      vertex 9 10.905893474817276 19.435788117349148
      vertex 9 10.788638085126877 20.145993545651436
    endloop
  endfacet
  facet normal 0 -0.9738769786561818 -0.22707626569834846
    outer loop
      vertex -9 10.788638085126877 20.145993545651436
      vertex 9 10.788638085126877 20.145993545651436
      vertex 9 10.625184088945389 20.847009494900703
    endloop
  endfacet
  facet normal 0 -0.9569403356916317 -0.2902846773882274
    outer loop
      vertex -9 10.625184088945389 20.847009494900703
      vertex 9 10.625184088945389 20.847009494900703
      vertex 9 10.41623142361641 21.53583411872387
    endloop
  endfacet
  facet normal 0 -0.9359059275348901 -0.3522500458552945
    outer loop
      vertex -9 10.41623142361641 21.53583411872387
      vertex 9 10.41623142361641 21.53583411872387
      vertex 9 10.162674859166145 22.209517754614353
    endloop
  endfacet
  facet normal 0 -0.9108638222625299 -0.4127070356721513
    outer loop
      vertex -9 10.162674859166145 22.209517754614353
      vertex 9 10.162674859166145 22.209517754614353
      vertex 9 9.865600153803825 22.86517558991909
    endloop
  endfacet
  facet normal 0 -0.8819212671033585 -0.47139673167174867
    outer loop
      vertex -9 9.865600153803825 22.86517558991909
      vertex 9 9.865600153803825 22.86517558991909
      vertex 9 9.52627944201231 23.5
    endloop
  endfacet
  facet normal 0 -0.849202173618972 -0.5280678633668341
    outer loop
      vertex -9 9.52627944201231 23.5
      vertex 9 9.52627944201231 23.5
      vertex 9 9.300991602241993 23.862292304635048
    endloop
  endfacet
  facet normal 0 -0.9063077869893051 0.4226182618422307
    outer loop
      vertex -9 9.300991602241993 23.862292304635048
      vertex 9 9.300991602241993 23.862292304635048
      vertex 9 11.211925752460957 27.96030381321907
    endloop
  endfacet
  facet normal 0 0.8128466858330211 0.582477695135422
    outer loop
      vertex -9 11.900300107896328 27.13142143189907
      vertex 9 11.900300107896328 27.13142143189907
      vertex 9 12.472044184803963 26.33355349302292
    endloop
  endfacet
  facet normal 0 0.7298640114275604 0.6835923674404725
    outer loop
      vertex -9 11.211925752460957 27.96030381321907
      vertex 9 11.211925752460957 27.96030381321907
      vertex 9 11.277597114443779 27.890187226235867
    endloop
  endfacet
  facet normal 0 0.7730104539452297 0.634393283453876
    outer loop
      vertex -9 11.277597114443779 27.890187226235867
      vertex 9 11.277597114443779 27.890187226235867
      vertex 9 11.900300107896328 27.13142143189907
    endloop
  endfacet
  facet normal 0 0.9738769784118718 -0.2270762667461368
    outer loop
      vertex -9 14.711779206991196 15.073645167052746
      vertex 9 14.711779206991196 15.073645167052746
      vertex 9 14.488887391984463 14.117714323103428
    endloop
  endfacet
  facet normal 0 0.9866433323607117 -0.16289547172389468
    outer loop
      vertex -9 14.871672920882702 16.042107120156288
      vertex 9 14.871672920882702 16.042107120156288
      vertex 9 14.711779206991196 15.073645167052746
    endloop
  endfacet
  facet normal 0 0.9951847267679234 -0.0980171393576331
    outer loop
      vertex -9 14.967883847653866 17.018953062593937
      vertex 9 14.967883847653866 17.018953062593937
      vertex 9 14.871672920882702 16.042107120156288
    endloop
  endfacet
  facet normal 0 0.9994645874444018 -0.032719083798173614
    outer loop
      vertex -9 15 18
      vertex 9 15 18
      vertex 9 14.967883847653866 17.018953062593937
    endloop
  endfacet
  facet normal 0 0.9994645874444018 0.032719083798173614
    outer loop
      vertex -9 14.967883847653866 18.981046937406063
      vertex 9 14.967883847653866 18.981046937406063
      vertex 9 15 18
    endloop
  endfacet
  facet normal 0 0.9951847267679234 0.0980171393576331
    outer loop
      vertex -9 14.871672920882702 19.957892879843712
      vertex 9 14.871672920882702 19.957892879843712
      vertex 9 14.967883847653866 18.981046937406063
    endloop
  endfacet
  facet normal 0 0.9866433323607117 0.16289547172389468
    outer loop
      vertex -9 14.711779206991196 20.926354832947254
      vertex 9 14.711779206991196 20.926354832947254
      vertex 9 14.871672920882702 19.957892879843712
    endloop
  endfacet
  facet normal 0 0.9738769784118718 0.2270762667461368
    outer loop
      vertex -9 14.488887391984463 21.882285676896572
      vertex 9 14.488887391984463 21.882285676896572
      vertex 9 14.711779206991196 20.926354832947254
    endloop
  endfacet
  facet normal 0 0.956940335767022 0.29028467713969897
    outer loop
      vertex -9 14.203951939940453 22.82159198075533
      vertex 9 14.203951939940453 22.82159198075533
      vertex 9 14.488887391984463 21.882285676896572
    endloop
  endfacet
  facet normal 0 0.935905927906745 0.35225004486730005
    outer loop
      vertex -9 13.85819298774004 23.74025148898363
      vertex 9 13.85819298774004 23.74025148898363
      vertex 9 14.203951939940453 22.82159198075533
    endloop
  endfacet
  facet normal 0 0.9108638242201991 0.4127070313514833
    outer loop
      vertex -9 13.453091122210026 24.634330354630947
      vertex 9 13.453091122210026 24.634330354630947
      vertex 9 13.85819298774004 23.74025148898363
    endloop
  endfacet
  facet normal 0 0.8819212634481289 0.47139673851020214
    outer loop
      vertex -9 12.990381054580212 25.5
      vertex 9 12.990381054580212 25.5
      vertex 9 13.453091122210026 24.634330354630947
    endloop
  endfacet
  facet normal 0 0.8492021820016544 0.5280678498863844
    outer loop
      vertex -9 12.472044184803963 26.33355349302292
      vertex 9 12.472044184803963 26.33355349302292
      vertex 9 12.990381054580212 25.5
    endloop
  endfacet
  facet normal 1 0 0
    outer loop
      vertex 9 14.203951939940453 13.17840801924467
      vertex 9 10.625184088945389 15.152990505099297
      vertex 9 10.41623142361641 14.46416588127613
    endloop
  endfacet
  facet normal 1 0 0
    outer loop
      vertex 9 10.625184088945389 15.152990505099297
      vertex 9 14.488887391984463 14.117714323103428
      vertex 9 10.788638085126877 15.854006454348564
    endloop
  endfacet
  facet normal 1 0 0
    outer loop
      vertex 9 10.788638085126877 15.854006454348564
      vertex 9 14.711779206991196 15.073645167052746
      vertex 9 10.905893474817276 16.564211882650852
    endloop
  endfacet
  facet normal 1 0 0
    outer loop
      vertex 9 10.905893474817276 16.564211882650852
      vertex 9 14.871672920882702 16.042107120156288
      vertex 9 10.976448155939579 17.280565574765205
    endloop
  endfacet
  facet normal 1 0 0
    outer loop
      vertex 9 10.976448155939579 17.280565574765205
      vertex 9 14.967883847653866 17.018953062593937
      vertex 9 11 18
    endloop
  endfacet
  facet normal 1 0 0
    outer loop
      vertex 9 11 18
      vertex 9 15 18
      vertex 9 10.976448155939579 18.719434425234795
    endloop
  endfacet
  facet normal 1 0 0
    outer loop
      vertex 9 10.976448155939579 18.719434425234795
      vertex 9 14.967883847653866 18.981046937406063
      vertex 9 10.905893474817276 19.435788117349148
    endloop
  endfacet
  facet normal 1 0 0
    outer loop
      vertex 9 10.905893474817276 19.435788117349148
      vertex 9 14.871672920882702 19.957892879843712
      vertex 9 10.788638085126877 20.145993545651436
    endloop
  endfacet
  facet normal 1 0 0
    outer loop
      vertex 9 10.788638085126877 20.145993545651436
      vertex 9 14.711779206991196 20.926354832947254
      vertex 9 10.625184088945389 20.847009494900703
    endloop
  endfacet
  facet normal 1 0 0
    outer loop
      vertex 9 10.625184088945389 20.847009494900703
      vertex 9 14.488887391984463 21.882285676896572
      vertex 9 10.41623142361641 21.53583411872387
    endloop
  endfacet
  facet normal 1 0 0
    outer loop
      vertex 9 10.41623142361641 21.53583411872387
      vertex 9 14.203951939940453 22.82159198075533
      vertex 9 10.162674859166145 22.209517754614353
    endloop
  endfacet
  facet normal 1 0 0
    outer loop
      vertex 9 9.300991602241993 23.862292304635048
      vertex 9 9.52627944201231 23.5
      vertex 9 12.990381054580212 25.5
    endloop
  endfacet
  facet normal 1 0 0
    outer loop
      vertex 9 10.162674859166145 22.209517754614353
      vertex 9 13.85819298774004 23.74025148898363
      vertex 9 9.865600153803825 22.86517558991909
    endloop
  endfacet
  facet normal 1 0 0
    outer loop
      vertex 9 9.865600153803825 22.86517558991909
      vertex 9 13.453091122210026 24.634330354630947
      vertex 9 9.52627944201231 23.5
    endloop
  endfacet
  facet normal 1 0 0
    outer loop
      vertex 9 9.865600153803825 22.86517558991909
      vertex 9 13.85819298774004 23.74025148898363
      vertex 9 13.453091122210026 24.634330354630947
    endloop
  endfacet
  facet normal 1 0 0
    outer loop
      vertex 9 9.300991602241993 23.862292304635048
      vertex 9 12.990381054580212 25.5
      vertex 9 12.472044184803963 26.33355349302292
    endloop
  endfacet
  facet normal 1 0 0
    outer loop
      vertex 9 9.52627944201231 23.5
      vertex 9 13.453091122210026 24.634330354630947
      vertex 9 12.990381054580212 25.5
    endloop
  endfacet
  facet normal 1 0 0
    outer loop
      vertex 9 9.300991602241993 23.862292304635048
      vertex 9 12.472044184803963 26.33355349302292
      vertex 9 11.900300107896328 27.13142143189907
    endloop
  endfacet
  facet normal 1 0 0
    outer loop
      vertex 9 9.300991602241993 23.862292304635048
      vertex 9 11.900300107896328 27.13142143189907
      vertex 9 11.277597114443779 27.890187226235867
    endloop
  endfacet
  facet normal 1 0 0
    outer loop
      vertex 9 9.300991602241993 23.862292304635048
      vertex 9 11.277597114443779 27.890187226235867
      vertex 9 11.211925752460957 27.96030381321907
    endloop
  endfacet
  facet normal 1 0 0
    outer loop
      vertex 9 14.203951939940453 13.17840801924467
      vertex 9 14.488887391984463 14.117714323103428
      vertex 9 10.625184088945389 15.152990505099297
    endloop
  endfacet
  facet normal 1 0 0
    outer loop
      vertex 9 10.788638085126877 15.854006454348564
      vertex 9 14.488887391984463 14.117714323103428
      vertex 9 14.711779206991196 15.073645167052746
    endloop
  endfacet
  facet normal 1 0 0
    outer loop
      vertex 9 10.905893474817276 16.564211882650852
      vertex 9 14.711779206991196 15.073645167052746
      vertex 9 14.871672920882702 16.042107120156288
    endloop
  endfacet
  facet normal 1 0 0
    outer loop
      vertex 9 10.976448155939579 17.280565574765205
      vertex 9 14.871672920882702 16.042107120156288
      vertex 9 14.967883847653866 17.018953062593937
    endloop
  endfacet
  facet normal 1 0 0
    outer loop
      vertex 9 11 18
      vertex 9 14.967883847653866 17.018953062593937
      vertex 9 15 18
    endloop
  endfacet
  facet normal 1 0 0
    outer loop
      vertex 9 10.976448155939579 18.719434425234795
      vertex 9 15 18
      vertex 9 14.967883847653866 18.981046937406063
    endloop
  endfacet
  facet normal 1 0 0
    outer loop
      vertex 9 10.905893474817276 19.435788117349148
      vertex 9 14.967883847653866 18.981046937406063
      vertex 9 14.871672920882702 19.957892879843712
    endloop
  endfacet
  facet normal 1 0 0
    outer loop
      vertex 9 10.788638085126877 20.145993545651436
      vertex 9 14.871672920882702 19.957892879843712
      vertex 9 14.711779206991196 20.926354832947254
    endloop
  endfacet
  facet normal 1 0 0
    outer loop
      vertex 9 10.625184088945389 20.847009494900703
      vertex 9 14.711779206991196 20.926354832947254
      vertex 9 14.488887391984463 21.882285676896572
    endloop
  endfacet
  facet normal 1 0 0
    outer loop
      vertex 9 10.41623142361641 21.53583411872387
      vertex 9 14.488887391984463 21.882285676896572
      vertex 9 14.203951939940453 22.82159198075533
    endloop
  endfacet
  facet normal 1 0 0
    outer loop
      vertex 9 10.162674859166145 22.209517754614353
      vertex 9 14.203951939940453 22.82159198075533
      vertex 9 13.85819298774004 23.74025148898363
    endloop
  endfacet
endsolid OpenSCAD_Model
